panel,neuron,time_s,activation_normalized
Locomotion_1,X3,0.067,1.0
Locomotion_1,X3,0.207,0.0549
Locomotion_1,X3,0.347,0.0
Locomotion_1,X3,0.487,0.0
Locomotion_1,X3,0.627,0.0
Locomotion_1,X3,0.767,0.0
Locomotion_1,X3,0.907,0.0
Locomotion_1,X3,1.047,0.0
Locomotion_1,X3,1.187,0.0
Locomotion_1,X3,1.327,0.0
Locomotion_1,X3,1.467,0.0
Locomotion_1,X3,1.607,0.0
Locomotion_1,X3,1.747,0.0
Locomotion_1,X3,1.887,0.0
Locomotion_1,X3,2.027,0.0
Locomotion_1,X3,2.167,0.0
Locomotion_1,X3,2.307,0.0
Locomotion_1,X3,2.447,0.0
Locomotion_1,X3,2.587,0.0
Locomotion_1,X3,2.727,0.0
Locomotion_1,X3,2.867,0.0
Locomotion_1,X3,3.007,0.0
Locomotion_1,X3,3.147,0.0
Locomotion_1,X3,3.287,0.0
Locomotion_1,X3,3.427,0.0
Locomotion_1,X3,3.567,0.0
Locomotion_1,X3,3.707,0.0
Locomotion_1,X3,3.847,0.0
Locomotion_1,X3,3.987,0.0
Locomotion_1,X3,4.127,0.0
Locomotion_1,X3,4.267,0.0
Locomotion_1,X3,4.407,0.0
Locomotion_1,X3,4.547,0.0
Locomotion_1,X3,4.687,0.0
Locomotion_1,X3,4.827,0.0
Locomotion_1,X3,4.967,0.0
Locomotion_1,X3,5.107,0.0
Locomotion_1,X3,5.247,0.0
Locomotion_1,X3,5.387,0.0
Locomotion_1,X3,5.527,0.0
Locomotion_1,X3,5.667,0.0
Locomotion_1,X3,5.807,0.0
Locomotion_1,X3,5.947,0.0
Locomotion_1,X3,6.087,0.0
Locomotion_1,X3,6.227,0.0
Locomotion_1,X3,6.367,0.0
Locomotion_1,X3,6.507,0.0
Locomotion_1,X3,6.647,0.0
Locomotion_1,X3,6.787,0.0
Locomotion_1,X3,6.927,0.0
Locomotion_1,X3,7.067,0.0
Locomotion_1,X3,7.207,0.0
Locomotion_1,X3,7.347,0.0
Locomotion_1,X3,7.487,0.0
Locomotion_1,X3,7.627,0.0
Locomotion_1,X3,7.767,0.0
Locomotion_1,X3,7.907,0.0
Locomotion_1,X3,8.047,0.0
Locomotion_1,X3,8.187,0.0
Locomotion_1,X3,8.327,0.0
Locomotion_1,X3,8.467,0.0
Locomotion_1,X3,8.607,0.0
Locomotion_1,X3,8.747,0.0
Locomotion_1,X3,8.887,0.0
Locomotion_1,X3,9.027,0.0
Locomotion_1,X3,9.167,0.0
Locomotion_1,X3,9.307,0.0
Locomotion_1,X3,9.447,0.0
Locomotion_1,X3,9.587,0.0
Locomotion_1,X3,9.727,0.0
Locomotion_1,X3,9.867,0.0
Locomotion_1,X3,10.007,0.0
Locomotion_1,X3,10.147,0.0
Locomotion_1,X3,10.287,0.0
Locomotion_1,X3,10.427,0.0
Locomotion_1,X3,10.567,0.0
Locomotion_1,X3,10.707,0.0
Locomotion_1,X3,10.847,0.0
Locomotion_1,X3,10.987,0.0
Locomotion_1,X3,11.127,0.0
Locomotion_1,X3,11.267,0.0
Locomotion_1,X3,11.407,0.0
Locomotion_1,X3,11.547,0.0
Locomotion_1,X3,11.687,0.0
Locomotion_1,X3,11.827,0.0
Locomotion_1,X3,11.967,0.0
Locomotion_1,X3,12.107,0.0
Locomotion_1,X3,12.247,0.0
Locomotion_1,X3,12.387,0.0
Locomotion_1,X3,12.527,0.0
Locomotion_1,X3,12.667,0.0
Locomotion_1,X3,12.807,0.0
Locomotion_1,X3,12.947,0.0
Locomotion_1,X3,13.087,0.0
Locomotion_1,X3,13.227,0.0
Locomotion_1,X3,13.367,0.0
Locomotion_1,X3,13.507,0.0
Locomotion_1,X3,13.647,0.0
Locomotion_1,X3,13.787,0.0
Locomotion_1,X3,13.927,0.0
Locomotion_1,X3,14.067,0.0
Locomotion_1,X3,14.207,0.0
Locomotion_1,X3,14.347,0.0
Locomotion_1,X3,14.487,0.0
Locomotion_1,X3,14.627,0.0
Locomotion_1,X3,14.767,0.0
Locomotion_1,X3,14.907,0.0
Locomotion_1,X3,15.047,0.0
Locomotion_1,X3,15.187,0.0
Locomotion_1,X3,15.327,0.0
Locomotion_1,X3,15.467,0.0
Locomotion_1,X3,15.607,0.0
Locomotion_1,X3,15.747,0.0
Locomotion_1,X3,15.887,0.0
Locomotion_1,X3,16.027,0.0
Locomotion_1,X3,16.167,0.0
Locomotion_1,X3,16.307,0.0
Locomotion_1,X3,16.447,0.0
Locomotion_1,X3,16.587,0.0
Locomotion_1,X3,16.727,0.0
Locomotion_1,X3,16.867,0.0
Locomotion_1,X3,17.007,0.0
Locomotion_1,X3,17.147,0.0
Locomotion_1,X3,17.287,0.0
Locomotion_1,X3,17.427,0.0
Locomotion_1,X3,17.567,0.0
Locomotion_1,X3,17.707,0.0
Locomotion_1,X3,17.847,0.0
Locomotion_1,X3,17.987,0.0
Locomotion_1,X3,18.127,0.0
Locomotion_1,X3,18.267,0.0
Locomotion_1,X3,18.407,0.0
Locomotion_1,X3,18.547,0.0
Locomotion_1,X3,18.687,0.0
Locomotion_1,X3,18.827,0.0
Locomotion_1,X3,18.967,0.0
Locomotion_1,X3,19.107,0.0
Locomotion_1,X3,19.247,0.0
Locomotion_1,X3,19.387,0.0
Locomotion_1,X3,19.527,0.0
Locomotion_1,X3,19.667,0.0
Locomotion_1,X3,19.807,0.0
Locomotion_1,X3,19.947,0.0
Locomotion_1,X3,20.087,0.0
Locomotion_1,X3,20.227,0.0
Locomotion_1,X3,20.367,0.0
Locomotion_1,X3,20.507,0.0
Locomotion_1,X3,20.647,0.0
Locomotion_1,X3,20.787,0.0
Locomotion_1,X3,20.927,0.0
Locomotion_1,X3,21.067,0.0
Locomotion_1,X3,21.207,0.0
Locomotion_1,X3,21.347,0.0
Locomotion_1,X3,21.487,0.0
Locomotion_1,X3,21.627,0.0
Locomotion_1,X3,21.767,0.0
Locomotion_1,X3,21.907,0.0
Locomotion_1,X3,22.047,0.0
Locomotion_1,X3,22.187,0.0
Locomotion_1,X3,22.327,0.0
Locomotion_1,X3,22.467,0.0
Locomotion_1,X3,22.607,0.0
Locomotion_1,X3,22.747,0.0
Locomotion_1,X3,22.887,0.0
Locomotion_1,X3,23.027,0.0
Locomotion_1,X3,23.167,0.0
Locomotion_1,X3,23.307,0.0
Locomotion_1,X3,23.447,0.0
Locomotion_1,X3,23.587,0.0
Locomotion_1,X3,23.727,0.0
Locomotion_1,X3,23.867,0.0
Locomotion_1,X3,24.007,0.0
Locomotion_1,X3,24.147,0.0
Locomotion_1,X3,24.287,0.0
Locomotion_1,X3,24.427,0.0
Locomotion_1,X3,24.567,0.0
Locomotion_1,X3,24.707,0.0
Locomotion_1,X3,24.847,0.0
Locomotion_1,X3,24.987,0.0
Locomotion_1,X3,25.127,0.0
Locomotion_1,X3,25.267,0.0
Locomotion_1,X3,25.407,0.0
Locomotion_1,X3,25.547,0.0
Locomotion_1,X3,25.687,0.0
Locomotion_1,X3,25.827,0.0
Locomotion_1,X3,25.967,0.0
Locomotion_1,X3,26.107,0.0
Locomotion_1,X3,26.247,0.0
Locomotion_1,X3,26.387,0.0
Locomotion_1,X3,26.527,0.0
Locomotion_1,X3,26.667,0.0
Locomotion_1,X3,26.807,0.0
Locomotion_1,X3,26.947,0.0
Locomotion_1,X3,27.087,0.0
Locomotion_1,X3,27.227,0.0
Locomotion_1,X3,27.367,0.0
Locomotion_1,X3,27.507,0.0
Locomotion_1,X3,27.647,0.0
Locomotion_1,X3,27.787,0.0
Locomotion_1,X3,27.927,0.0
Locomotion_1,X3,28.067,0.0
Locomotion_1,X3,28.207,0.0
Locomotion_1,X3,28.347,0.0
Locomotion_1,X3,28.487,0.0
Locomotion_1,X3,28.627,0.0
Locomotion_1,X3,28.767,0.0
Locomotion_1,X3,28.907,0.0
Locomotion_1,X3,29.047,0.0
Locomotion_1,X3,29.187,0.0
Locomotion_1,X3,29.327,0.0
Locomotion_1,X3,29.467,0.0
Locomotion_1,X3,29.607,0.0
Locomotion_1,X3,29.747,0.0
Locomotion_1,X3,29.887,0.0
Locomotion_1,X3,30.027,0.0
Locomotion_1,X3,30.167,0.0
Locomotion_1,X3,30.307,0.0
Locomotion_1,X3,30.447,0.0
Locomotion_1,X3,30.587,0.0
Locomotion_1,X3,30.727,0.0
Locomotion_1,X3,30.867,0.0
Locomotion_1,X3,31.007,0.0
Locomotion_1,X3,31.147,0.0
Locomotion_1,X3,31.287,0.0
Locomotion_1,X3,31.427,0.0
Locomotion_1,X3,31.567,0.0
Locomotion_1,X3,31.707,0.0
Locomotion_1,X3,31.847,0.0
Locomotion_1,X3,31.987,0.0
Locomotion_1,X3,32.127,0.0
Locomotion_1,X3,32.267,0.0
Locomotion_1,X3,32.407,0.0
Locomotion_1,X3,32.547,0.0
Locomotion_1,X3,32.687,0.0
Locomotion_1,X3,32.827,0.0
Locomotion_1,X3,32.967,0.0
Locomotion_1,X3,33.107,0.0
Locomotion_1,X3,33.247,0.0
Locomotion_1,X3,33.387,0.0
Locomotion_1,X3,33.527,0.0
Locomotion_1,X3,33.667,0.0
Locomotion_1,X3,33.807,0.0
Locomotion_1,X3,33.947,0.0
Locomotion_1,X3,34.087,0.0
Locomotion_1,X3,34.227,0.0
Locomotion_1,X3,34.367,0.0
Locomotion_1,X3,34.507,0.0
Locomotion_1,X3,34.647,0.0
Locomotion_1,X3,34.787,0.0
Locomotion_1,X3,34.927,0.0
Locomotion_1,X3,35.067,0.0
Locomotion_1,X3,35.207,0.0
Locomotion_1,X3,35.347,0.0
Locomotion_1,X3,35.487,0.0
Locomotion_1,X3,35.627,0.0
Locomotion_1,X3,35.767,0.0
Locomotion_1,X3,35.907,0.0
Locomotion_1,X3,36.047,0.0
Locomotion_1,X3,36.187,0.0
Locomotion_1,X3,36.327,0.0
Locomotion_1,X3,36.467,0.0
Locomotion_1,X3,36.607,0.0
Locomotion_1,X3,36.747,0.0
Locomotion_1,X3,36.887,0.0
Locomotion_1,X3,37.027,0.0
Locomotion_1,X3,37.167,0.0
Locomotion_1,X3,37.307,0.0
Locomotion_1,X3,37.447,0.0
Locomotion_1,X3,37.587,0.0
Locomotion_1,X3,37.727,0.0
Locomotion_1,X3,37.867,0.0
Locomotion_1,X3,38.007,0.0
Locomotion_1,X3,38.147,0.0
Locomotion_1,X3,38.287,0.0
Locomotion_1,X3,38.427,0.0
Locomotion_1,X3,38.567,0.0
Locomotion_1,X3,38.707,0.0
Locomotion_1,X3,38.847,0.0
Locomotion_1,X3,38.987,0.0
Locomotion_1,X3,39.127,0.0
Locomotion_1,X3,39.267,0.0
Locomotion_1,X3,39.407,0.0
Locomotion_1,X3,39.547,0.0
Locomotion_1,X3,39.687,0.0
Locomotion_1,X3,39.827,0.0
Locomotion_1,X3,39.967,0.0
Locomotion_1,X3,40.107,0.0
Locomotion_1,X3,40.247,0.0
Locomotion_1,X3,40.387,0.0
Locomotion_1,X3,40.527,0.0
Locomotion_1,X3,40.667,0.0
Locomotion_1,X3,40.807,0.0
Locomotion_1,X3,40.947,0.0
Locomotion_1,X3,41.087,0.0
Locomotion_1,X3,41.227,0.0
Locomotion_1,X3,41.367,0.0
Locomotion_1,X3,41.507,0.0
Locomotion_1,X3,41.647,0.0
Locomotion_1,X3,41.787,0.0
Locomotion_1,X3,41.927,0.0
Locomotion_1,X3,42.067,0.0
Locomotion_1,X3,42.207,0.0
Locomotion_1,X3,42.347,0.0
Locomotion_1,X3,42.487,0.0
Locomotion_1,X3,42.627,0.0
Locomotion_1,X3,42.767,0.0
Locomotion_1,X3,42.907,0.0
Locomotion_1,X3,43.047,0.0
Locomotion_1,X3,43.187,0.0
Locomotion_1,X3,43.327,0.0
Locomotion_1,X3,43.467,0.0
Locomotion_1,X3,43.607,0.0
Locomotion_1,X3,43.747,0.0
Locomotion_1,X3,43.887,0.0
Locomotion_1,X3,44.027,0.0
Locomotion_1,X3,44.167,0.0
Locomotion_1,X3,44.307,0.0
Locomotion_1,X3,44.447,0.0
Locomotion_1,X3,44.587,0.0
Locomotion_1,X3,44.727,0.0
Locomotion_1,X3,44.867,0.0
Locomotion_1,X3,45.007,0.0
Locomotion_1,X3,45.147,0.0
Locomotion_1,X3,45.287,0.0
Locomotion_1,X3,45.427,0.0
Locomotion_1,X3,45.567,0.0
Locomotion_1,X3,45.707,0.0
Locomotion_1,X3,45.847,0.0
Locomotion_1,X3,45.987,0.0
Locomotion_1,X3,46.127,0.0
Locomotion_1,X3,46.267,0.0
Locomotion_1,X3,46.407,0.0
Locomotion_1,X3,46.547,0.0
Locomotion_1,X3,46.687,0.0
Locomotion_1,X3,46.827,0.0
Locomotion_1,X3,46.967,0.0
Locomotion_1,X3,47.107,0.0
Locomotion_1,X3,47.247,0.0
Locomotion_1,X3,47.387,0.0
Locomotion_1,X3,47.527,0.0
Locomotion_1,X3,47.667,0.0
Locomotion_1,X3,47.807,0.0
Locomotion_1,X3,47.947,0.0
Locomotion_1,X3,48.087,0.0
Locomotion_1,X3,48.227,0.0
Locomotion_1,X3,48.367,0.0
Locomotion_1,X3,48.507,0.0
Locomotion_1,X3,48.647,0.0
Locomotion_1,X3,48.787,0.0
Locomotion_1,X3,48.927,0.0
Locomotion_1,X3,49.067,0.0
Locomotion_1,X3,49.207,0.0
Locomotion_1,X3,49.347,0.0
Locomotion_1,X3,49.487,0.0
Locomotion_1,X3,49.627,0.0
Locomotion_1,X3,49.767,0.0
Locomotion_1,X3,49.907,0.0
Locomotion_1,X3,50.047,0.0
Locomotion_1,X3,50.187,0.0
Locomotion_1,X3,50.327,0.0
Locomotion_1,X3,50.467,0.0
Locomotion_1,X3,50.607,0.0
Locomotion_1,X3,50.747,0.0
Locomotion_1,X3,50.887,0.0
Locomotion_1,X3,51.027,0.0
Locomotion_1,X3,51.167,0.0
Locomotion_1,X3,51.307,0.0
Locomotion_1,X3,51.447,0.0
Locomotion_1,X3,51.587,0.0
Locomotion_1,X3,51.727,0.0
Locomotion_1,X3,51.867,0.0
Locomotion_1,X3,52.007,0.0
Locomotion_1,X3,52.147,0.0
Locomotion_1,X3,52.287,0.0
Locomotion_1,X3,52.427,0.0
Locomotion_1,X3,52.567,0.0
Locomotion_1,X3,52.707,0.0
Locomotion_1,X3,52.847,0.0
Locomotion_1,X3,52.987,0.0
Locomotion_1,X3,53.127,0.0
Locomotion_1,X3,53.267,0.0
Locomotion_1,X3,53.407,0.0
Locomotion_1,X3,53.547,0.0
Locomotion_1,X3,53.687,0.0
Locomotion_1,X3,53.827,0.0
Locomotion_1,X3,53.967,0.0
Locomotion_1,X3,54.107,0.0
Locomotion_1,X3,54.247,0.0
Locomotion_1,X3,54.387,0.0
Locomotion_1,X3,54.527,0.0
Locomotion_1,X3,54.667,0.0
Locomotion_1,X3,54.807,0.0
Locomotion_1,X3,54.947,0.0
Locomotion_1,X3,55.087,0.0
Locomotion_1,X3,55.227,0.0
Locomotion_1,X3,55.367,0.0
Locomotion_1,X3,55.507,0.0
Locomotion_1,X3,55.647,0.0
Locomotion_1,X3,55.787,0.0
Locomotion_1,X3,55.927,0.0
Locomotion_1,X3,56.067,0.0
Locomotion_1,X3,56.207,0.0
Locomotion_1,X3,56.347,0.0
Locomotion_1,X3,56.487,0.0
Locomotion_1,X3,56.627,0.0
Locomotion_1,X3,56.767,0.0
Locomotion_1,X3,56.907,0.0
Locomotion_1,X3,57.047,0.0
Locomotion_1,X3,57.187,0.0
Locomotion_1,X3,57.327,0.0
Locomotion_1,X3,57.467,0.0
Locomotion_1,X3,57.607,0.0
Locomotion_1,X3,57.747,0.0
Locomotion_1,X3,57.887,0.0
Locomotion_1,X3,58.027,0.0
Locomotion_1,X3,58.167,0.0
Locomotion_1,X3,58.307,0.0
Locomotion_1,X3,58.447,0.0
Locomotion_1,X3,58.587,0.0
Locomotion_1,X3,58.727,0.0
Locomotion_1,X3,58.867,0.0
Locomotion_1,X3,59.007,0.0
Locomotion_1,X3,59.147,0.0
Locomotion_1,X3,59.287,0.0
Locomotion_1,X3,59.427,0.0
Locomotion_1,X3,59.567,0.0
Locomotion_1,X3,59.707,0.0
Locomotion_1,X3,59.847,0.0
Locomotion_1,X3,59.987,0.0
Locomotion_1,X3,60.127,0.0
Locomotion_1,X3,60.267,0.0
Locomotion_1,X3,60.407,0.0
Locomotion_1,X3,60.547,0.0
Locomotion_1,X3,60.687,0.0
Locomotion_1,X3,60.827,0.0
Locomotion_1,X3,60.967,0.0
Locomotion_1,X3,61.107,0.0
Locomotion_1,X3,61.247,0.0
Locomotion_1,X3,61.387,0.0
Locomotion_1,X3,61.527,0.0
Locomotion_1,X3,61.667,0.0
Locomotion_1,X3,61.807,0.0
Locomotion_1,X3,61.947,0.0
Locomotion_1,X3,62.087,0.0
Locomotion_1,X3,62.227,0.0
Locomotion_1,X3,62.367,0.0
Locomotion_1,X3,62.507,0.0
Locomotion_1,X3,62.647,0.0
Locomotion_1,X3,62.787,0.0
Locomotion_1,X3,62.927,0.0
Locomotion_1,X3,63.067,0.0
Locomotion_1,X3,63.207,0.0
Locomotion_1,X3,63.347,0.0
Locomotion_1,X3,63.487,0.0
Locomotion_1,X3,63.627,0.0
Locomotion_1,X3,63.767,0.0
Locomotion_1,X3,63.907,0.0
Locomotion_1,X3,64.047,0.0
Locomotion_1,X3,64.187,0.0
Locomotion_1,X3,64.327,0.0
Locomotion_1,X3,64.467,0.0
Locomotion_1,X3,64.607,0.0
Locomotion_1,X3,64.747,0.0
Locomotion_1,X3,64.887,0.0
Locomotion_1,X3,65.027,0.0
Locomotion_1,X3,65.167,0.0
Locomotion_1,X3,65.307,0.0
Locomotion_1,X3,65.447,0.0
Locomotion_1,X3,65.587,0.0
Locomotion_1,X3,65.727,0.0
Locomotion_1,X3,65.867,0.0
Locomotion_1,X3,66.007,0.0
Locomotion_1,X3,66.147,0.0
Locomotion_1,X3,66.287,0.0
Locomotion_1,X3,66.427,0.0
Locomotion_1,X3,66.567,0.0
Locomotion_1,X3,66.707,0.0
Locomotion_1,X3,66.847,0.0
Locomotion_1,X3,66.987,0.0
Locomotion_1,X3,67.127,0.0
Locomotion_1,X3,67.267,0.0
Locomotion_1,X3,67.407,0.0
Locomotion_1,X3,67.547,0.0
Locomotion_1,X3,67.687,0.0
Locomotion_1,X3,67.827,0.0
Locomotion_1,X3,67.967,0.0
Locomotion_1,X3,68.107,0.0
Locomotion_1,X3,68.247,0.0
Locomotion_1,X3,68.387,0.0
Locomotion_1,X3,68.527,0.0
Locomotion_1,X3,68.667,0.0
Locomotion_1,X3,68.807,0.0
Locomotion_1,X3,68.947,0.0
Locomotion_1,X3,69.087,0.0
Locomotion_1,X3,69.227,0.0
Locomotion_1,X3,69.367,0.0
Locomotion_1,X3,69.507,0.0
Locomotion_1,X3,69.647,0.0
Locomotion_1,X3,69.787,0.0
Locomotion_1,X3,69.927,0.0
Locomotion_1,X3,70.067,0.0
Locomotion_1,X3,70.207,0.0
Locomotion_1,X3,70.347,0.0
Locomotion_1,X3,70.487,0.0
Locomotion_1,X3,70.627,0.0
Locomotion_1,X3,70.767,0.0
Locomotion_1,X3,70.907,0.0
Locomotion_1,X3,71.047,0.0
Locomotion_1,X3,71.187,0.0
Locomotion_1,X3,71.327,0.0
Locomotion_1,X3,71.467,0.0
Locomotion_1,X3,71.607,0.0
Locomotion_1,X3,71.747,0.0
Locomotion_1,X3,71.887,0.0
Locomotion_1,X3,72.027,0.0
Locomotion_1,X3,72.167,0.0
Locomotion_1,X3,72.307,0.0
Locomotion_1,X3,72.447,0.0
Locomotion_1,X3,72.587,0.0
Locomotion_1,X3,72.727,0.0
Locomotion_1,X3,72.867,0.0
Locomotion_1,X3,73.007,0.0
Locomotion_1,X3,73.147,0.0
Locomotion_1,X3,73.287,0.0
Locomotion_1,X3,73.427,0.0
Locomotion_1,X3,73.567,0.0
Locomotion_1,X3,73.707,0.0
Locomotion_1,X3,73.847,0.0
Locomotion_1,X3,73.987,0.0
Locomotion_1,X3,74.127,0.0
Locomotion_1,X3,74.267,0.0
Locomotion_1,X3,74.407,0.0
Locomotion_1,X3,74.547,0.0
Locomotion_1,X3,74.687,0.0
Locomotion_1,X3,74.827,0.0
Locomotion_1,X3,74.967,0.0
Locomotion_1,X3,75.107,0.0
Locomotion_1,X3,75.247,0.0
Locomotion_1,X3,75.387,0.0
Locomotion_1,X3,75.527,0.0
Locomotion_1,X3,75.667,0.0
Locomotion_1,X3,75.807,0.0
Locomotion_1,X3,75.947,0.0
Locomotion_1,X3,76.087,0.0
Locomotion_1,X3,76.227,0.0
Locomotion_1,X3,76.367,0.0
Locomotion_1,X3,76.507,0.0
Locomotion_1,X3,76.647,0.0
Locomotion_1,X3,76.787,0.0
Locomotion_1,X3,76.927,0.0
Locomotion_1,X3,77.067,0.0
Locomotion_1,X3,77.207,0.0
Locomotion_1,X3,77.347,0.0
Locomotion_1,X3,77.487,0.0
Locomotion_1,X3,77.627,0.0
Locomotion_1,X3,77.767,0.0
Locomotion_1,X3,77.907,0.0
Locomotion_1,X3,78.047,0.0
Locomotion_1,X3,78.187,0.0
Locomotion_1,X3,78.327,0.0
Locomotion_1,X3,78.467,0.0
Locomotion_1,X3,78.607,0.0
Locomotion_1,X3,78.747,0.0
Locomotion_1,X3,78.887,0.0
Locomotion_1,X3,79.027,0.0
Locomotion_1,X3,79.167,0.0
Locomotion_1,X3,79.307,0.0
Locomotion_1,X3,79.447,0.0
Locomotion_1,X3,79.587,0.0
Locomotion_1,X3,79.727,0.0
Locomotion_1,X3,79.867,0.0
Locomotion_1,X3,80.007,0.0
Locomotion_1,X3,80.147,0.0
Locomotion_1,X3,80.287,0.0
Locomotion_1,X3,80.427,0.0
Locomotion_1,X3,80.567,0.0
Locomotion_1,X3,80.707,0.0
Locomotion_1,X3,80.847,0.0
Locomotion_1,X3,80.987,0.0
Locomotion_1,X3,81.127,0.0
Locomotion_1,X3,81.267,0.0
Locomotion_1,X3,81.407,0.0
Locomotion_1,X3,81.547,0.0
Locomotion_1,X3,81.687,0.0
Locomotion_1,X3,81.827,0.0
Locomotion_1,X3,81.967,0.0
Locomotion_1,X3,82.107,0.0
Locomotion_1,X3,82.247,0.0
Locomotion_1,X3,82.387,0.0
Locomotion_1,X3,82.527,0.0
Locomotion_1,X3,82.667,0.0
Locomotion_1,X3,82.807,0.0
Locomotion_1,X3,82.947,0.0
Locomotion_1,X3,83.087,0.0
Locomotion_1,X3,83.227,0.0
Locomotion_1,X3,83.367,0.0
Locomotion_1,X3,83.507,0.0
Locomotion_1,X3,83.647,0.0
Locomotion_1,X3,83.787,0.0
Locomotion_1,X3,83.927,0.0
Locomotion_1,X3,84.067,0.0
Locomotion_1,X3,84.207,0.0
Locomotion_1,X3,84.347,0.0
Locomotion_1,X3,84.487,0.0
Locomotion_1,X3,84.627,0.0
Locomotion_1,X3,84.767,0.0
Locomotion_1,X3,84.907,0.0
Locomotion_1,X3,85.047,0.0
Locomotion_1,X3,85.187,0.0
Locomotion_1,X3,85.327,0.0
Locomotion_1,X3,85.467,0.0
Locomotion_1,X3,85.607,0.0
Locomotion_1,X3,85.747,0.0
Locomotion_1,X3,85.887,0.0
Locomotion_1,X3,86.027,0.0
Locomotion_1,X3,86.167,0.0
Locomotion_1,X3,86.307,0.0
Locomotion_1,X3,86.447,0.0
Locomotion_1,X3,86.587,0.0
Locomotion_1,X3,86.727,0.0
Locomotion_1,X3,86.867,0.0
Locomotion_1,X3,87.007,0.0
Locomotion_1,X3,87.147,0.0
Locomotion_1,X3,87.287,0.0
Locomotion_1,X3,87.427,0.0
Locomotion_1,X3,87.567,0.0
Locomotion_1,X3,87.707,0.0
Locomotion_1,X3,87.847,0.0
Locomotion_1,X3,87.987,0.0
Locomotion_1,X3,88.127,0.0
Locomotion_1,X3,88.267,0.0
Locomotion_1,X3,88.407,0.0
Locomotion_1,X3,88.547,0.0
Locomotion_1,X3,88.687,0.0
Locomotion_1,X3,88.827,0.0
Locomotion_1,X3,88.967,0.0
Locomotion_1,X3,89.107,0.0
Locomotion_1,X3,89.247,0.0
Locomotion_1,X3,89.387,0.0
Locomotion_1,X3,89.527,0.0
Locomotion_1,X3,89.667,0.0
Locomotion_1,X3,89.807,0.0
Locomotion_1,X3,89.947,0.0
Locomotion_1,X3,90.087,0.0
Locomotion_1,X3,90.227,0.0
Locomotion_1,X3,90.367,0.0
Locomotion_1,X3,90.507,0.0
Locomotion_1,X3,90.647,0.0
Locomotion_1,X3,90.787,0.0
Locomotion_1,X3,90.927,0.0
Locomotion_1,X3,91.067,0.0
Locomotion_1,X3,91.207,0.0
Locomotion_1,X3,91.347,0.0
Locomotion_1,X3,91.487,0.0
Locomotion_1,X3,91.627,0.0
Locomotion_1,X3,91.767,0.0
Locomotion_1,X3,91.907,0.0
Locomotion_1,X3,92.047,0.0
Locomotion_1,X3,92.187,0.0
Locomotion_1,X3,92.327,0.0
Locomotion_1,X3,92.467,0.0
Locomotion_1,X3,92.607,0.0
Locomotion_1,X3,92.747,0.0
Locomotion_1,X3,92.887,0.0
Locomotion_1,X3,93.027,0.0
Locomotion_1,X3,93.167,0.0
Locomotion_1,X3,93.307,0.0
Locomotion_1,X3,93.447,0.0
Locomotion_1,X3,93.587,0.0
Locomotion_1,X3,93.727,0.0
Locomotion_1,X3,93.867,0.0
Locomotion_1,X3,94.007,0.0
Locomotion_1,X3,94.147,0.0
Locomotion_1,X3,94.287,0.0
Locomotion_1,X3,94.427,0.0
Locomotion_1,X3,94.567,0.0
Locomotion_1,X3,94.707,0.0
Locomotion_1,X3,94.847,0.0
Locomotion_1,X3,94.987,0.0
Locomotion_1,X3,95.127,0.0
Locomotion_1,X3,95.267,0.0
Locomotion_1,X3,95.407,0.0
Locomotion_1,X3,95.547,0.0
Locomotion_1,X3,95.687,0.0
Locomotion_1,X3,95.827,0.0
Locomotion_1,X3,95.967,0.0
Locomotion_1,X3,96.107,0.0
Locomotion_1,X3,96.247,0.0
Locomotion_1,X3,96.387,0.0
Locomotion_1,X3,96.527,0.0
Locomotion_1,X3,96.667,0.0
Locomotion_1,X3,96.807,0.0
Locomotion_1,X3,96.947,0.0
Locomotion_1,X3,97.087,0.0
Locomotion_1,X3,97.227,0.0
Locomotion_1,X3,97.367,0.0
Locomotion_1,X3,97.507,0.0
Locomotion_1,X3,97.647,0.0
Locomotion_1,X3,97.787,0.0
Locomotion_1,X3,97.927,0.0
Locomotion_1,X3,98.067,0.0
Locomotion_1,X3,98.207,0.0
Locomotion_1,X3,98.347,0.0
Locomotion_1,X3,98.487,0.0
Locomotion_1,X3,98.627,0.0
Locomotion_1,X3,98.767,0.0
Locomotion_1,X3,98.907,0.0
Locomotion_1,X3,99.047,0.0
Locomotion_1,X3,99.187,0.0
Locomotion_1,X3,99.327,0.0
Locomotion_1,X3,99.467,0.0
Locomotion_1,X3,99.607,0.0
Locomotion_1,X3,99.747,0.0
Locomotion_1,X3,99.887,0.0
Locomotion_1,X3,100.027,0.0
Locomotion_1,X3,100.167,0.0
Locomotion_1,X3,100.307,0.0
Locomotion_1,X3,100.447,0.0
Locomotion_1,X3,100.587,0.0
Locomotion_1,X3,100.727,0.0
Locomotion_1,X3,100.867,0.0
Locomotion_1,X3,101.007,0.0
Locomotion_1,X3,101.147,0.0
Locomotion_1,X3,101.287,0.0
Locomotion_1,X3,101.427,0.0
Locomotion_1,X3,101.567,0.0
Locomotion_1,X3,101.707,0.0
Locomotion_1,X3,101.847,0.0
Locomotion_1,X3,101.987,0.0
Locomotion_1,X3,102.127,0.0549
Locomotion_1,X3,102.267,1.0
Locomotion_1,X4,0.067,1.0
Locomotion_1,X4,0.207,1.0
Locomotion_1,X4,0.347,1.0
Locomotion_1,X4,0.487,1.0
Locomotion_1,X4,0.627,1.0
Locomotion_1,X4,0.767,1.0
Locomotion_1,X4,0.907,1.0
Locomotion_1,X4,1.047,1.0
Locomotion_1,X4,1.187,1.0
Locomotion_1,X4,1.327,1.0
Locomotion_1,X4,1.467,1.0
Locomotion_1,X4,1.607,1.0
Locomotion_1,X4,1.747,1.0
Locomotion_1,X4,1.887,1.0
Locomotion_1,X4,2.027,1.0
Locomotion_1,X4,2.167,1.0
Locomotion_1,X4,2.307,1.0
Locomotion_1,X4,2.447,1.0
Locomotion_1,X4,2.587,1.0
Locomotion_1,X4,2.727,1.0
Locomotion_1,X4,2.867,1.0
Locomotion_1,X4,3.007,1.0
Locomotion_1,X4,3.147,1.0
Locomotion_1,X4,3.287,1.0
Locomotion_1,X4,3.427,1.0
Locomotion_1,X4,3.567,1.0
Locomotion_1,X4,3.707,1.0
Locomotion_1,X4,3.847,1.0
Locomotion_1,X4,3.987,1.0
Locomotion_1,X4,4.127,1.0
Locomotion_1,X4,4.267,1.0
Locomotion_1,X4,4.407,1.0
Locomotion_1,X4,4.547,1.0
Locomotion_1,X4,4.687,1.0
Locomotion_1,X4,4.827,1.0
Locomotion_1,X4,4.967,1.0
Locomotion_1,X4,5.107,1.0
Locomotion_1,X4,5.247,1.0
Locomotion_1,X4,5.387,1.0
Locomotion_1,X4,5.527,1.0
Locomotion_1,X4,5.667,1.0
Locomotion_1,X4,5.807,1.0
Locomotion_1,X4,5.947,1.0
Locomotion_1,X4,6.087,1.0
Locomotion_1,X4,6.227,1.0
Locomotion_1,X4,6.367,1.0
Locomotion_1,X4,6.507,1.0
Locomotion_1,X4,6.647,1.0
Locomotion_1,X4,6.787,1.0
Locomotion_1,X4,6.927,1.0
Locomotion_1,X4,7.067,1.0
Locomotion_1,X4,7.207,1.0
Locomotion_1,X4,7.347,1.0
Locomotion_1,X4,7.487,1.0
Locomotion_1,X4,7.627,1.0
Locomotion_1,X4,7.767,1.0
Locomotion_1,X4,7.907,1.0
Locomotion_1,X4,8.047,1.0
Locomotion_1,X4,8.187,1.0
Locomotion_1,X4,8.327,1.0
Locomotion_1,X4,8.467,1.0
Locomotion_1,X4,8.607,1.0
Locomotion_1,X4,8.747,1.0
Locomotion_1,X4,8.887,1.0
Locomotion_1,X4,9.027,1.0
Locomotion_1,X4,9.167,1.0
Locomotion_1,X4,9.307,1.0
Locomotion_1,X4,9.447,1.0
Locomotion_1,X4,9.587,1.0
Locomotion_1,X4,9.727,1.0
Locomotion_1,X4,9.867,1.0
Locomotion_1,X4,10.007,1.0
Locomotion_1,X4,10.147,1.0
Locomotion_1,X4,10.287,1.0
Locomotion_1,X4,10.427,1.0
Locomotion_1,X4,10.567,1.0
Locomotion_1,X4,10.707,1.0
Locomotion_1,X4,10.847,1.0
Locomotion_1,X4,10.987,1.0
Locomotion_1,X4,11.127,1.0
Locomotion_1,X4,11.267,1.0
Locomotion_1,X4,11.407,1.0
Locomotion_1,X4,11.547,1.0
Locomotion_1,X4,11.687,1.0
Locomotion_1,X4,11.827,1.0
Locomotion_1,X4,11.967,1.0
Locomotion_1,X4,12.107,1.0
Locomotion_1,X4,12.247,1.0
Locomotion_1,X4,12.387,1.0
Locomotion_1,X4,12.527,1.0
Locomotion_1,X4,12.667,1.0
Locomotion_1,X4,12.807,1.0
Locomotion_1,X4,12.947,1.0
Locomotion_1,X4,13.087,1.0
Locomotion_1,X4,13.227,1.0
Locomotion_1,X4,13.367,1.0
Locomotion_1,X4,13.507,1.0
Locomotion_1,X4,13.647,1.0
Locomotion_1,X4,13.787,1.0
Locomotion_1,X4,13.927,1.0
Locomotion_1,X4,14.067,1.0
Locomotion_1,X4,14.207,1.0
Locomotion_1,X4,14.347,1.0
Locomotion_1,X4,14.487,1.0
Locomotion_1,X4,14.627,1.0
Locomotion_1,X4,14.767,1.0
Locomotion_1,X4,14.907,1.0
Locomotion_1,X4,15.047,1.0
Locomotion_1,X4,15.187,1.0
Locomotion_1,X4,15.327,1.0
Locomotion_1,X4,15.467,1.0
Locomotion_1,X4,15.607,1.0
Locomotion_1,X4,15.747,1.0
Locomotion_1,X4,15.887,1.0
Locomotion_1,X4,16.027,1.0
Locomotion_1,X4,16.167,1.0
Locomotion_1,X4,16.307,1.0
Locomotion_1,X4,16.447,1.0
Locomotion_1,X4,16.587,1.0
Locomotion_1,X4,16.727,1.0
Locomotion_1,X4,16.867,1.0
Locomotion_1,X4,17.007,1.0
Locomotion_1,X4,17.147,1.0
Locomotion_1,X4,17.287,1.0
Locomotion_1,X4,17.427,1.0
Locomotion_1,X4,17.567,1.0
Locomotion_1,X4,17.707,1.0
Locomotion_1,X4,17.847,1.0
Locomotion_1,X4,17.987,1.0
Locomotion_1,X4,18.127,1.0
Locomotion_1,X4,18.267,1.0
Locomotion_1,X4,18.407,1.0
Locomotion_1,X4,18.547,1.0
Locomotion_1,X4,18.687,1.0
Locomotion_1,X4,18.827,1.0
Locomotion_1,X4,18.967,1.0
Locomotion_1,X4,19.107,1.0
Locomotion_1,X4,19.247,1.0
Locomotion_1,X4,19.387,1.0
Locomotion_1,X4,19.527,1.0
Locomotion_1,X4,19.667,1.0
Locomotion_1,X4,19.807,1.0
Locomotion_1,X4,19.947,1.0
Locomotion_1,X4,20.087,1.0
Locomotion_1,X4,20.227,1.0
Locomotion_1,X4,20.367,1.0
Locomotion_1,X4,20.507,1.0
Locomotion_1,X4,20.647,1.0
Locomotion_1,X4,20.787,1.0
Locomotion_1,X4,20.927,1.0
Locomotion_1,X4,21.067,1.0
Locomotion_1,X4,21.207,1.0
Locomotion_1,X4,21.347,1.0
Locomotion_1,X4,21.487,1.0
Locomotion_1,X4,21.627,1.0
Locomotion_1,X4,21.767,1.0
Locomotion_1,X4,21.907,1.0
Locomotion_1,X4,22.047,1.0
Locomotion_1,X4,22.187,1.0
Locomotion_1,X4,22.327,1.0
Locomotion_1,X4,22.467,1.0
Locomotion_1,X4,22.607,1.0
Locomotion_1,X4,22.747,1.0
Locomotion_1,X4,22.887,1.0
Locomotion_1,X4,23.027,1.0
Locomotion_1,X4,23.167,1.0
Locomotion_1,X4,23.307,1.0
Locomotion_1,X4,23.447,1.0
Locomotion_1,X4,23.587,1.0
Locomotion_1,X4,23.727,1.0
Locomotion_1,X4,23.867,1.0
Locomotion_1,X4,24.007,1.0
Locomotion_1,X4,24.147,1.0
Locomotion_1,X4,24.287,1.0
Locomotion_1,X4,24.427,1.0
Locomotion_1,X4,24.567,1.0
Locomotion_1,X4,24.707,1.0
Locomotion_1,X4,24.847,1.0
Locomotion_1,X4,24.987,1.0
Locomotion_1,X4,25.127,1.0
Locomotion_1,X4,25.267,1.0
Locomotion_1,X4,25.407,1.0
Locomotion_1,X4,25.547,1.0
Locomotion_1,X4,25.687,1.0
Locomotion_1,X4,25.827,1.0
Locomotion_1,X4,25.967,1.0
Locomotion_1,X4,26.107,1.0
Locomotion_1,X4,26.247,1.0
Locomotion_1,X4,26.387,1.0
Locomotion_1,X4,26.527,1.0
Locomotion_1,X4,26.667,1.0
Locomotion_1,X4,26.807,1.0
Locomotion_1,X4,26.947,1.0
Locomotion_1,X4,27.087,1.0
Locomotion_1,X4,27.227,1.0
Locomotion_1,X4,27.367,1.0
Locomotion_1,X4,27.507,1.0
Locomotion_1,X4,27.647,1.0
Locomotion_1,X4,27.787,1.0
Locomotion_1,X4,27.927,1.0
Locomotion_1,X4,28.067,1.0
Locomotion_1,X4,28.207,1.0
Locomotion_1,X4,28.347,1.0
Locomotion_1,X4,28.487,1.0
Locomotion_1,X4,28.627,1.0
Locomotion_1,X4,28.767,1.0
Locomotion_1,X4,28.907,1.0
Locomotion_1,X4,29.047,1.0
Locomotion_1,X4,29.187,1.0
Locomotion_1,X4,29.327,1.0
Locomotion_1,X4,29.467,1.0
Locomotion_1,X4,29.607,1.0
Locomotion_1,X4,29.747,1.0
Locomotion_1,X4,29.887,1.0
Locomotion_1,X4,30.027,1.0
Locomotion_1,X4,30.167,1.0
Locomotion_1,X4,30.307,1.0
Locomotion_1,X4,30.447,1.0
Locomotion_1,X4,30.587,1.0
Locomotion_1,X4,30.727,1.0
Locomotion_1,X4,30.867,1.0
Locomotion_1,X4,31.007,1.0
Locomotion_1,X4,31.147,1.0
Locomotion_1,X4,31.287,1.0
Locomotion_1,X4,31.427,1.0
Locomotion_1,X4,31.567,1.0
Locomotion_1,X4,31.707,1.0
Locomotion_1,X4,31.847,1.0
Locomotion_1,X4,31.987,1.0
Locomotion_1,X4,32.127,1.0
Locomotion_1,X4,32.267,1.0
Locomotion_1,X4,32.407,1.0
Locomotion_1,X4,32.547,1.0
Locomotion_1,X4,32.687,1.0
Locomotion_1,X4,32.827,1.0
Locomotion_1,X4,32.967,1.0
Locomotion_1,X4,33.107,1.0
Locomotion_1,X4,33.247,1.0
Locomotion_1,X4,33.387,1.0
Locomotion_1,X4,33.527,1.0
Locomotion_1,X4,33.667,1.0
Locomotion_1,X4,33.807,1.0
Locomotion_1,X4,33.947,1.0
Locomotion_1,X4,34.087,1.0
Locomotion_1,X4,34.227,1.0
Locomotion_1,X4,34.367,1.0
Locomotion_1,X4,34.507,1.0
Locomotion_1,X4,34.647,1.0
Locomotion_1,X4,34.787,1.0
Locomotion_1,X4,34.927,1.0
Locomotion_1,X4,35.067,1.0
Locomotion_1,X4,35.207,1.0
Locomotion_1,X4,35.347,1.0
Locomotion_1,X4,35.487,1.0
Locomotion_1,X4,35.627,1.0
Locomotion_1,X4,35.767,1.0
Locomotion_1,X4,35.907,1.0
Locomotion_1,X4,36.047,1.0
Locomotion_1,X4,36.187,1.0
Locomotion_1,X4,36.327,1.0
Locomotion_1,X4,36.467,1.0
Locomotion_1,X4,36.607,1.0
Locomotion_1,X4,36.747,1.0
Locomotion_1,X4,36.887,1.0
Locomotion_1,X4,37.027,1.0
Locomotion_1,X4,37.167,1.0
Locomotion_1,X4,37.307,1.0
Locomotion_1,X4,37.447,1.0
Locomotion_1,X4,37.587,1.0
Locomotion_1,X4,37.727,1.0
Locomotion_1,X4,37.867,1.0
Locomotion_1,X4,38.007,1.0
Locomotion_1,X4,38.147,1.0
Locomotion_1,X4,38.287,1.0
Locomotion_1,X4,38.427,1.0
Locomotion_1,X4,38.567,1.0
Locomotion_1,X4,38.707,1.0
Locomotion_1,X4,38.847,1.0
Locomotion_1,X4,38.987,1.0
Locomotion_1,X4,39.127,1.0
Locomotion_1,X4,39.267,1.0
Locomotion_1,X4,39.407,1.0
Locomotion_1,X4,39.547,1.0
Locomotion_1,X4,39.687,1.0
Locomotion_1,X4,39.827,1.0
Locomotion_1,X4,39.967,1.0
Locomotion_1,X4,40.107,1.0
Locomotion_1,X4,40.247,1.0
Locomotion_1,X4,40.387,1.0
Locomotion_1,X4,40.527,1.0
Locomotion_1,X4,40.667,1.0
Locomotion_1,X4,40.807,1.0
Locomotion_1,X4,40.947,1.0
Locomotion_1,X4,41.087,1.0
Locomotion_1,X4,41.227,1.0
Locomotion_1,X4,41.367,1.0
Locomotion_1,X4,41.507,1.0
Locomotion_1,X4,41.647,1.0
Locomotion_1,X4,41.787,1.0
Locomotion_1,X4,41.927,1.0
Locomotion_1,X4,42.067,1.0
Locomotion_1,X4,42.207,1.0
Locomotion_1,X4,42.347,1.0
Locomotion_1,X4,42.487,1.0
Locomotion_1,X4,42.627,1.0
Locomotion_1,X4,42.767,1.0
Locomotion_1,X4,42.907,1.0
Locomotion_1,X4,43.047,1.0
Locomotion_1,X4,43.187,1.0
Locomotion_1,X4,43.327,1.0
Locomotion_1,X4,43.467,1.0
Locomotion_1,X4,43.607,1.0
Locomotion_1,X4,43.747,1.0
Locomotion_1,X4,43.887,1.0
Locomotion_1,X4,44.027,1.0
Locomotion_1,X4,44.167,1.0
Locomotion_1,X4,44.307,1.0
Locomotion_1,X4,44.447,1.0
Locomotion_1,X4,44.587,1.0
Locomotion_1,X4,44.727,1.0
Locomotion_1,X4,44.867,1.0
Locomotion_1,X4,45.007,1.0
Locomotion_1,X4,45.147,1.0
Locomotion_1,X4,45.287,1.0
Locomotion_1,X4,45.427,1.0
Locomotion_1,X4,45.567,1.0
Locomotion_1,X4,45.707,1.0
Locomotion_1,X4,45.847,1.0
Locomotion_1,X4,45.987,1.0
Locomotion_1,X4,46.127,1.0
Locomotion_1,X4,46.267,1.0
Locomotion_1,X4,46.407,1.0
Locomotion_1,X4,46.547,1.0
Locomotion_1,X4,46.687,1.0
Locomotion_1,X4,46.827,1.0
Locomotion_1,X4,46.967,1.0
Locomotion_1,X4,47.107,1.0
Locomotion_1,X4,47.247,1.0
Locomotion_1,X4,47.387,1.0
Locomotion_1,X4,47.527,1.0
Locomotion_1,X4,47.667,1.0
Locomotion_1,X4,47.807,1.0
Locomotion_1,X4,47.947,1.0
Locomotion_1,X4,48.087,1.0
Locomotion_1,X4,48.227,1.0
Locomotion_1,X4,48.367,1.0
Locomotion_1,X4,48.507,1.0
Locomotion_1,X4,48.647,1.0
Locomotion_1,X4,48.787,1.0
Locomotion_1,X4,48.927,1.0
Locomotion_1,X4,49.067,1.0
Locomotion_1,X4,49.207,1.0
Locomotion_1,X4,49.347,1.0
Locomotion_1,X4,49.487,1.0
Locomotion_1,X4,49.627,1.0
Locomotion_1,X4,49.767,1.0
Locomotion_1,X4,49.907,1.0
Locomotion_1,X4,50.047,1.0
Locomotion_1,X4,50.187,1.0
Locomotion_1,X4,50.327,1.0
Locomotion_1,X4,50.467,1.0
Locomotion_1,X4,50.607,1.0
Locomotion_1,X4,50.747,1.0
Locomotion_1,X4,50.887,1.0
Locomotion_1,X4,51.027,1.0
Locomotion_1,X4,51.167,1.0
Locomotion_1,X4,51.307,1.0
Locomotion_1,X4,51.447,1.0
Locomotion_1,X4,51.587,1.0
Locomotion_1,X4,51.727,1.0
Locomotion_1,X4,51.867,1.0
Locomotion_1,X4,52.007,1.0
Locomotion_1,X4,52.147,1.0
Locomotion_1,X4,52.287,1.0
Locomotion_1,X4,52.427,1.0
Locomotion_1,X4,52.567,1.0
Locomotion_1,X4,52.707,1.0
Locomotion_1,X4,52.847,1.0
Locomotion_1,X4,52.987,1.0
Locomotion_1,X4,53.127,1.0
Locomotion_1,X4,53.267,1.0
Locomotion_1,X4,53.407,1.0
Locomotion_1,X4,53.547,1.0
Locomotion_1,X4,53.687,1.0
Locomotion_1,X4,53.827,1.0
Locomotion_1,X4,53.967,1.0
Locomotion_1,X4,54.107,1.0
Locomotion_1,X4,54.247,1.0
Locomotion_1,X4,54.387,1.0
Locomotion_1,X4,54.527,1.0
Locomotion_1,X4,54.667,1.0
Locomotion_1,X4,54.807,1.0
Locomotion_1,X4,54.947,1.0
Locomotion_1,X4,55.087,1.0
Locomotion_1,X4,55.227,1.0
Locomotion_1,X4,55.367,1.0
Locomotion_1,X4,55.507,1.0
Locomotion_1,X4,55.647,1.0
Locomotion_1,X4,55.787,1.0
Locomotion_1,X4,55.927,1.0
Locomotion_1,X4,56.067,1.0
Locomotion_1,X4,56.207,1.0
Locomotion_1,X4,56.347,1.0
Locomotion_1,X4,56.487,1.0
Locomotion_1,X4,56.627,1.0
Locomotion_1,X4,56.767,1.0
Locomotion_1,X4,56.907,1.0
Locomotion_1,X4,57.047,1.0
Locomotion_1,X4,57.187,1.0
Locomotion_1,X4,57.327,1.0
Locomotion_1,X4,57.467,1.0
Locomotion_1,X4,57.607,1.0
Locomotion_1,X4,57.747,1.0
Locomotion_1,X4,57.887,1.0
Locomotion_1,X4,58.027,1.0
Locomotion_1,X4,58.167,1.0
Locomotion_1,X4,58.307,1.0
Locomotion_1,X4,58.447,1.0
Locomotion_1,X4,58.587,1.0
Locomotion_1,X4,58.727,1.0
Locomotion_1,X4,58.867,1.0
Locomotion_1,X4,59.007,1.0
Locomotion_1,X4,59.147,1.0
Locomotion_1,X4,59.287,1.0
Locomotion_1,X4,59.427,1.0
Locomotion_1,X4,59.567,1.0
Locomotion_1,X4,59.707,1.0
Locomotion_1,X4,59.847,1.0
Locomotion_1,X4,59.987,1.0
Locomotion_1,X4,60.127,1.0
Locomotion_1,X4,60.267,1.0
Locomotion_1,X4,60.407,1.0
Locomotion_1,X4,60.547,1.0
Locomotion_1,X4,60.687,1.0
Locomotion_1,X4,60.827,1.0
Locomotion_1,X4,60.967,1.0
Locomotion_1,X4,61.107,1.0
Locomotion_1,X4,61.247,1.0
Locomotion_1,X4,61.387,1.0
Locomotion_1,X4,61.527,1.0
Locomotion_1,X4,61.667,1.0
Locomotion_1,X4,61.807,1.0
Locomotion_1,X4,61.947,1.0
Locomotion_1,X4,62.087,1.0
Locomotion_1,X4,62.227,1.0
Locomotion_1,X4,62.367,1.0
Locomotion_1,X4,62.507,1.0
Locomotion_1,X4,62.647,1.0
Locomotion_1,X4,62.787,1.0
Locomotion_1,X4,62.927,1.0
Locomotion_1,X4,63.067,1.0
Locomotion_1,X4,63.207,1.0
Locomotion_1,X4,63.347,1.0
Locomotion_1,X4,63.487,1.0
Locomotion_1,X4,63.627,1.0
Locomotion_1,X4,63.767,1.0
Locomotion_1,X4,63.907,1.0
Locomotion_1,X4,64.047,1.0
Locomotion_1,X4,64.187,1.0
Locomotion_1,X4,64.327,1.0
Locomotion_1,X4,64.467,1.0
Locomotion_1,X4,64.607,1.0
Locomotion_1,X4,64.747,1.0
Locomotion_1,X4,64.887,1.0
Locomotion_1,X4,65.027,1.0
Locomotion_1,X4,65.167,1.0
Locomotion_1,X4,65.307,1.0
Locomotion_1,X4,65.447,1.0
Locomotion_1,X4,65.587,1.0
Locomotion_1,X4,65.727,1.0
Locomotion_1,X4,65.867,1.0
Locomotion_1,X4,66.007,1.0
Locomotion_1,X4,66.147,1.0
Locomotion_1,X4,66.287,1.0
Locomotion_1,X4,66.427,1.0
Locomotion_1,X4,66.567,1.0
Locomotion_1,X4,66.707,1.0
Locomotion_1,X4,66.847,1.0
Locomotion_1,X4,66.987,1.0
Locomotion_1,X4,67.127,1.0
Locomotion_1,X4,67.267,1.0
Locomotion_1,X4,67.407,1.0
Locomotion_1,X4,67.547,1.0
Locomotion_1,X4,67.687,1.0
Locomotion_1,X4,67.827,1.0
Locomotion_1,X4,67.967,1.0
Locomotion_1,X4,68.107,1.0
Locomotion_1,X4,68.247,1.0
Locomotion_1,X4,68.387,1.0
Locomotion_1,X4,68.527,1.0
Locomotion_1,X4,68.667,1.0
Locomotion_1,X4,68.807,1.0
Locomotion_1,X4,68.947,1.0
Locomotion_1,X4,69.087,1.0
Locomotion_1,X4,69.227,1.0
Locomotion_1,X4,69.367,1.0
Locomotion_1,X4,69.507,1.0
Locomotion_1,X4,69.647,1.0
Locomotion_1,X4,69.787,1.0
Locomotion_1,X4,69.927,1.0
Locomotion_1,X4,70.067,1.0
Locomotion_1,X4,70.207,1.0
Locomotion_1,X4,70.347,1.0
Locomotion_1,X4,70.487,1.0
Locomotion_1,X4,70.627,1.0
Locomotion_1,X4,70.767,1.0
Locomotion_1,X4,70.907,1.0
Locomotion_1,X4,71.047,1.0
Locomotion_1,X4,71.187,1.0
Locomotion_1,X4,71.327,1.0
Locomotion_1,X4,71.467,1.0
Locomotion_1,X4,71.607,1.0
Locomotion_1,X4,71.747,1.0
Locomotion_1,X4,71.887,1.0
Locomotion_1,X4,72.027,1.0
Locomotion_1,X4,72.167,1.0
Locomotion_1,X4,72.307,1.0
Locomotion_1,X4,72.447,1.0
Locomotion_1,X4,72.587,1.0
Locomotion_1,X4,72.727,1.0
Locomotion_1,X4,72.867,1.0
Locomotion_1,X4,73.007,1.0
Locomotion_1,X4,73.147,1.0
Locomotion_1,X4,73.287,1.0
Locomotion_1,X4,73.427,1.0
Locomotion_1,X4,73.567,1.0
Locomotion_1,X4,73.707,1.0
Locomotion_1,X4,73.847,1.0
Locomotion_1,X4,73.987,1.0
Locomotion_1,X4,74.127,1.0
Locomotion_1,X4,74.267,1.0
Locomotion_1,X4,74.407,1.0
Locomotion_1,X4,74.547,1.0
Locomotion_1,X4,74.687,1.0
Locomotion_1,X4,74.827,1.0
Locomotion_1,X4,74.967,1.0
Locomotion_1,X4,75.107,1.0
Locomotion_1,X4,75.247,1.0
Locomotion_1,X4,75.387,1.0
Locomotion_1,X4,75.527,1.0
Locomotion_1,X4,75.667,1.0
Locomotion_1,X4,75.807,1.0
Locomotion_1,X4,75.947,1.0
Locomotion_1,X4,76.087,1.0
Locomotion_1,X4,76.227,1.0
Locomotion_1,X4,76.367,1.0
Locomotion_1,X4,76.507,1.0
Locomotion_1,X4,76.647,1.0
Locomotion_1,X4,76.787,1.0
Locomotion_1,X4,76.927,1.0
Locomotion_1,X4,77.067,1.0
Locomotion_1,X4,77.207,1.0
Locomotion_1,X4,77.347,1.0
Locomotion_1,X4,77.487,1.0
Locomotion_1,X4,77.627,1.0
Locomotion_1,X4,77.767,1.0
Locomotion_1,X4,77.907,1.0
Locomotion_1,X4,78.047,1.0
Locomotion_1,X4,78.187,1.0
Locomotion_1,X4,78.327,1.0
Locomotion_1,X4,78.467,1.0
Locomotion_1,X4,78.607,1.0
Locomotion_1,X4,78.747,1.0
Locomotion_1,X4,78.887,1.0
Locomotion_1,X4,79.027,1.0
Locomotion_1,X4,79.167,1.0
Locomotion_1,X4,79.307,1.0
Locomotion_1,X4,79.447,1.0
Locomotion_1,X4,79.587,1.0
Locomotion_1,X4,79.727,1.0
Locomotion_1,X4,79.867,1.0
Locomotion_1,X4,80.007,1.0
Locomotion_1,X4,80.147,1.0
Locomotion_1,X4,80.287,1.0
Locomotion_1,X4,80.427,1.0
Locomotion_1,X4,80.567,1.0
Locomotion_1,X4,80.707,1.0
Locomotion_1,X4,80.847,1.0
Locomotion_1,X4,80.987,1.0
Locomotion_1,X4,81.127,1.0
Locomotion_1,X4,81.267,1.0
Locomotion_1,X4,81.407,1.0
Locomotion_1,X4,81.547,1.0
Locomotion_1,X4,81.687,1.0
Locomotion_1,X4,81.827,1.0
Locomotion_1,X4,81.967,1.0
Locomotion_1,X4,82.107,1.0
Locomotion_1,X4,82.247,1.0
Locomotion_1,X4,82.387,1.0
Locomotion_1,X4,82.527,1.0
Locomotion_1,X4,82.667,1.0
Locomotion_1,X4,82.807,1.0
Locomotion_1,X4,82.947,1.0
Locomotion_1,X4,83.087,1.0
Locomotion_1,X4,83.227,1.0
Locomotion_1,X4,83.367,1.0
Locomotion_1,X4,83.507,1.0
Locomotion_1,X4,83.647,1.0
Locomotion_1,X4,83.787,1.0
Locomotion_1,X4,83.927,1.0
Locomotion_1,X4,84.067,1.0
Locomotion_1,X4,84.207,1.0
Locomotion_1,X4,84.347,1.0
Locomotion_1,X4,84.487,1.0
Locomotion_1,X4,84.627,1.0
Locomotion_1,X4,84.767,1.0
Locomotion_1,X4,84.907,1.0
Locomotion_1,X4,85.047,1.0
Locomotion_1,X4,85.187,1.0
Locomotion_1,X4,85.327,1.0
Locomotion_1,X4,85.467,1.0
Locomotion_1,X4,85.607,1.0
Locomotion_1,X4,85.747,1.0
Locomotion_1,X4,85.887,1.0
Locomotion_1,X4,86.027,1.0
Locomotion_1,X4,86.167,1.0
Locomotion_1,X4,86.307,1.0
Locomotion_1,X4,86.447,1.0
Locomotion_1,X4,86.587,1.0
Locomotion_1,X4,86.727,1.0
Locomotion_1,X4,86.867,1.0
Locomotion_1,X4,87.007,1.0
Locomotion_1,X4,87.147,1.0
Locomotion_1,X4,87.287,1.0
Locomotion_1,X4,87.427,1.0
Locomotion_1,X4,87.567,1.0
Locomotion_1,X4,87.707,1.0
Locomotion_1,X4,87.847,1.0
Locomotion_1,X4,87.987,1.0
Locomotion_1,X4,88.127,1.0
Locomotion_1,X4,88.267,1.0
Locomotion_1,X4,88.407,1.0
Locomotion_1,X4,88.547,1.0
Locomotion_1,X4,88.687,1.0
Locomotion_1,X4,88.827,1.0
Locomotion_1,X4,88.967,1.0
Locomotion_1,X4,89.107,1.0
Locomotion_1,X4,89.247,1.0
Locomotion_1,X4,89.387,1.0
Locomotion_1,X4,89.527,1.0
Locomotion_1,X4,89.667,1.0
Locomotion_1,X4,89.807,1.0
Locomotion_1,X4,89.947,1.0
Locomotion_1,X4,90.087,1.0
Locomotion_1,X4,90.227,1.0
Locomotion_1,X4,90.367,1.0
Locomotion_1,X4,90.507,1.0
Locomotion_1,X4,90.647,1.0
Locomotion_1,X4,90.787,1.0
Locomotion_1,X4,90.927,1.0
Locomotion_1,X4,91.067,1.0
Locomotion_1,X4,91.207,1.0
Locomotion_1,X4,91.347,1.0
Locomotion_1,X4,91.487,1.0
Locomotion_1,X4,91.627,1.0
Locomotion_1,X4,91.767,1.0
Locomotion_1,X4,91.907,1.0
Locomotion_1,X4,92.047,1.0
Locomotion_1,X4,92.187,1.0
Locomotion_1,X4,92.327,1.0
Locomotion_1,X4,92.467,1.0
Locomotion_1,X4,92.607,1.0
Locomotion_1,X4,92.747,1.0
Locomotion_1,X4,92.887,1.0
Locomotion_1,X4,93.027,1.0
Locomotion_1,X4,93.167,1.0
Locomotion_1,X4,93.307,1.0
Locomotion_1,X4,93.447,1.0
Locomotion_1,X4,93.587,1.0
Locomotion_1,X4,93.727,1.0
Locomotion_1,X4,93.867,1.0
Locomotion_1,X4,94.007,1.0
Locomotion_1,X4,94.147,1.0
Locomotion_1,X4,94.287,1.0
Locomotion_1,X4,94.427,1.0
Locomotion_1,X4,94.567,1.0
Locomotion_1,X4,94.707,1.0
Locomotion_1,X4,94.847,1.0
Locomotion_1,X4,94.987,1.0
Locomotion_1,X4,95.127,1.0
Locomotion_1,X4,95.267,1.0
Locomotion_1,X4,95.407,1.0
Locomotion_1,X4,95.547,1.0
Locomotion_1,X4,95.687,1.0
Locomotion_1,X4,95.827,1.0
Locomotion_1,X4,95.967,1.0
Locomotion_1,X4,96.107,1.0
Locomotion_1,X4,96.247,1.0
Locomotion_1,X4,96.387,1.0
Locomotion_1,X4,96.527,1.0
Locomotion_1,X4,96.667,1.0
Locomotion_1,X4,96.807,1.0
Locomotion_1,X4,96.947,1.0
Locomotion_1,X4,97.087,1.0
Locomotion_1,X4,97.227,1.0
Locomotion_1,X4,97.367,1.0
Locomotion_1,X4,97.507,1.0
Locomotion_1,X4,97.647,1.0
Locomotion_1,X4,97.787,1.0
Locomotion_1,X4,97.927,1.0
Locomotion_1,X4,98.067,1.0
Locomotion_1,X4,98.207,1.0
Locomotion_1,X4,98.347,1.0
Locomotion_1,X4,98.487,1.0
Locomotion_1,X4,98.627,1.0
Locomotion_1,X4,98.767,1.0
Locomotion_1,X4,98.907,1.0
Locomotion_1,X4,99.047,1.0
Locomotion_1,X4,99.187,1.0
Locomotion_1,X4,99.327,1.0
Locomotion_1,X4,99.467,1.0
Locomotion_1,X4,99.607,1.0
Locomotion_1,X4,99.747,1.0
Locomotion_1,X4,99.887,1.0
Locomotion_1,X4,100.027,1.0
Locomotion_1,X4,100.167,1.0
Locomotion_1,X4,100.307,1.0
Locomotion_1,X4,100.447,1.0
Locomotion_1,X4,100.587,1.0
Locomotion_1,X4,100.727,1.0
Locomotion_1,X4,100.867,1.0
Locomotion_1,X4,101.007,1.0
Locomotion_1,X4,101.147,1.0
Locomotion_1,X4,101.287,1.0
Locomotion_1,X4,101.427,1.0
Locomotion_1,X4,101.567,1.0
Locomotion_1,X4,101.707,1.0
Locomotion_1,X4,101.847,1.0
Locomotion_1,X4,101.987,1.0
Locomotion_1,X4,102.127,1.0
Locomotion_1,X4,102.267,1.0
Locomotion_1,X5,0.067,1.0
Locomotion_1,X5,0.207,0.0549
Locomotion_1,X5,0.347,0.0
Locomotion_1,X5,0.487,0.0
Locomotion_1,X5,0.627,0.0
Locomotion_1,X5,0.767,0.0
Locomotion_1,X5,0.907,0.0
Locomotion_1,X5,1.047,0.0
Locomotion_1,X5,1.187,0.0
Locomotion_1,X5,1.327,0.0
Locomotion_1,X5,1.467,0.0
Locomotion_1,X5,1.607,0.0
Locomotion_1,X5,1.747,0.0
Locomotion_1,X5,1.887,0.0
Locomotion_1,X5,2.027,0.0
Locomotion_1,X5,2.167,0.0
Locomotion_1,X5,2.307,0.0
Locomotion_1,X5,2.447,0.0
Locomotion_1,X5,2.587,0.0
Locomotion_1,X5,2.727,0.0
Locomotion_1,X5,2.867,0.0
Locomotion_1,X5,3.007,0.0
Locomotion_1,X5,3.147,0.0
Locomotion_1,X5,3.287,0.0
Locomotion_1,X5,3.427,0.0
Locomotion_1,X5,3.567,0.0
Locomotion_1,X5,3.707,0.0
Locomotion_1,X5,3.847,0.0
Locomotion_1,X5,3.987,0.0
Locomotion_1,X5,4.127,0.0
Locomotion_1,X5,4.267,0.0
Locomotion_1,X5,4.407,0.0
Locomotion_1,X5,4.547,0.0
Locomotion_1,X5,4.687,0.0
Locomotion_1,X5,4.827,0.0
Locomotion_1,X5,4.967,0.0
Locomotion_1,X5,5.107,0.0
Locomotion_1,X5,5.247,0.0
Locomotion_1,X5,5.387,0.0
Locomotion_1,X5,5.527,0.0
Locomotion_1,X5,5.667,0.0
Locomotion_1,X5,5.807,0.0
Locomotion_1,X5,5.947,0.0
Locomotion_1,X5,6.087,0.0
Locomotion_1,X5,6.227,0.0
Locomotion_1,X5,6.367,0.0
Locomotion_1,X5,6.507,0.0
Locomotion_1,X5,6.647,0.0
Locomotion_1,X5,6.787,0.0
Locomotion_1,X5,6.927,0.0
Locomotion_1,X5,7.067,0.0
Locomotion_1,X5,7.207,0.0
Locomotion_1,X5,7.347,0.0
Locomotion_1,X5,7.487,0.0
Locomotion_1,X5,7.627,0.0
Locomotion_1,X5,7.767,0.0
Locomotion_1,X5,7.907,0.0
Locomotion_1,X5,8.047,0.0
Locomotion_1,X5,8.187,0.0
Locomotion_1,X5,8.327,0.0
Locomotion_1,X5,8.467,0.0
Locomotion_1,X5,8.607,0.0
Locomotion_1,X5,8.747,0.0
Locomotion_1,X5,8.887,0.0
Locomotion_1,X5,9.027,0.0
Locomotion_1,X5,9.167,0.0
Locomotion_1,X5,9.307,0.0
Locomotion_1,X5,9.447,0.0
Locomotion_1,X5,9.587,0.0
Locomotion_1,X5,9.727,0.0
Locomotion_1,X5,9.867,0.0
Locomotion_1,X5,10.007,0.0
Locomotion_1,X5,10.147,0.0
Locomotion_1,X5,10.287,0.0
Locomotion_1,X5,10.427,0.0
Locomotion_1,X5,10.567,0.0
Locomotion_1,X5,10.707,0.0
Locomotion_1,X5,10.847,0.0
Locomotion_1,X5,10.987,0.0
Locomotion_1,X5,11.127,0.0
Locomotion_1,X5,11.267,0.0
Locomotion_1,X5,11.407,0.0
Locomotion_1,X5,11.547,0.0
Locomotion_1,X5,11.687,0.0
Locomotion_1,X5,11.827,0.0
Locomotion_1,X5,11.967,0.0
Locomotion_1,X5,12.107,0.0
Locomotion_1,X5,12.247,0.0
Locomotion_1,X5,12.387,0.0
Locomotion_1,X5,12.527,0.0
Locomotion_1,X5,12.667,0.0
Locomotion_1,X5,12.807,0.0
Locomotion_1,X5,12.947,0.0
Locomotion_1,X5,13.087,0.0
Locomotion_1,X5,13.227,0.0
Locomotion_1,X5,13.367,0.0
Locomotion_1,X5,13.507,0.0
Locomotion_1,X5,13.647,0.0
Locomotion_1,X5,13.787,0.0
Locomotion_1,X5,13.927,0.0
Locomotion_1,X5,14.067,0.0
Locomotion_1,X5,14.207,0.0
Locomotion_1,X5,14.347,0.0
Locomotion_1,X5,14.487,0.0
Locomotion_1,X5,14.627,0.0
Locomotion_1,X5,14.767,0.0
Locomotion_1,X5,14.907,0.0
Locomotion_1,X5,15.047,0.0
Locomotion_1,X5,15.187,0.0
Locomotion_1,X5,15.327,0.0
Locomotion_1,X5,15.467,0.0
Locomotion_1,X5,15.607,0.0
Locomotion_1,X5,15.747,0.0
Locomotion_1,X5,15.887,0.0
Locomotion_1,X5,16.027,0.0
Locomotion_1,X5,16.167,0.0
Locomotion_1,X5,16.307,0.0
Locomotion_1,X5,16.447,0.0
Locomotion_1,X5,16.587,0.0
Locomotion_1,X5,16.727,0.0
Locomotion_1,X5,16.867,0.0
Locomotion_1,X5,17.007,0.0
Locomotion_1,X5,17.147,0.0
Locomotion_1,X5,17.287,0.0
Locomotion_1,X5,17.427,0.0
Locomotion_1,X5,17.567,0.0
Locomotion_1,X5,17.707,0.0
Locomotion_1,X5,17.847,0.0
Locomotion_1,X5,17.987,0.0
Locomotion_1,X5,18.127,0.0
Locomotion_1,X5,18.267,0.0
Locomotion_1,X5,18.407,0.0
Locomotion_1,X5,18.547,0.0
Locomotion_1,X5,18.687,0.0
Locomotion_1,X5,18.827,0.0
Locomotion_1,X5,18.967,0.0
Locomotion_1,X5,19.107,0.0
Locomotion_1,X5,19.247,0.0
Locomotion_1,X5,19.387,0.0
Locomotion_1,X5,19.527,0.0
Locomotion_1,X5,19.667,0.0
Locomotion_1,X5,19.807,0.0
Locomotion_1,X5,19.947,0.0
Locomotion_1,X5,20.087,0.0
Locomotion_1,X5,20.227,0.0
Locomotion_1,X5,20.367,0.0
Locomotion_1,X5,20.507,0.0
Locomotion_1,X5,20.647,0.0
Locomotion_1,X5,20.787,0.0
Locomotion_1,X5,20.927,0.0
Locomotion_1,X5,21.067,0.0
Locomotion_1,X5,21.207,0.0
Locomotion_1,X5,21.347,0.0
Locomotion_1,X5,21.487,0.0
Locomotion_1,X5,21.627,0.0
Locomotion_1,X5,21.767,0.0
Locomotion_1,X5,21.907,0.0
Locomotion_1,X5,22.047,0.0
Locomotion_1,X5,22.187,0.0
Locomotion_1,X5,22.327,0.0
Locomotion_1,X5,22.467,0.0
Locomotion_1,X5,22.607,0.0
Locomotion_1,X5,22.747,0.0
Locomotion_1,X5,22.887,0.0
Locomotion_1,X5,23.027,0.0
Locomotion_1,X5,23.167,0.0
Locomotion_1,X5,23.307,0.0
Locomotion_1,X5,23.447,0.0
Locomotion_1,X5,23.587,0.0
Locomotion_1,X5,23.727,0.0
Locomotion_1,X5,23.867,0.0
Locomotion_1,X5,24.007,0.0
Locomotion_1,X5,24.147,0.0
Locomotion_1,X5,24.287,0.0
Locomotion_1,X5,24.427,0.0
Locomotion_1,X5,24.567,0.0
Locomotion_1,X5,24.707,0.0
Locomotion_1,X5,24.847,0.0
Locomotion_1,X5,24.987,0.0
Locomotion_1,X5,25.127,0.0
Locomotion_1,X5,25.267,0.0
Locomotion_1,X5,25.407,0.0
Locomotion_1,X5,25.547,0.0
Locomotion_1,X5,25.687,0.0
Locomotion_1,X5,25.827,0.0
Locomotion_1,X5,25.967,0.0
Locomotion_1,X5,26.107,0.0
Locomotion_1,X5,26.247,0.0
Locomotion_1,X5,26.387,0.0
Locomotion_1,X5,26.527,0.0
Locomotion_1,X5,26.667,0.0
Locomotion_1,X5,26.807,0.0
Locomotion_1,X5,26.947,0.0
Locomotion_1,X5,27.087,0.0
Locomotion_1,X5,27.227,0.0
Locomotion_1,X5,27.367,0.0
Locomotion_1,X5,27.507,0.0
Locomotion_1,X5,27.647,0.0
Locomotion_1,X5,27.787,0.0
Locomotion_1,X5,27.927,0.0
Locomotion_1,X5,28.067,0.0
Locomotion_1,X5,28.207,0.0
Locomotion_1,X5,28.347,0.0
Locomotion_1,X5,28.487,0.0
Locomotion_1,X5,28.627,0.0
Locomotion_1,X5,28.767,0.0
Locomotion_1,X5,28.907,0.0
Locomotion_1,X5,29.047,0.0
Locomotion_1,X5,29.187,0.0
Locomotion_1,X5,29.327,0.0
Locomotion_1,X5,29.467,0.0
Locomotion_1,X5,29.607,0.0
Locomotion_1,X5,29.747,0.0
Locomotion_1,X5,29.887,0.0
Locomotion_1,X5,30.027,0.0
Locomotion_1,X5,30.167,0.0
Locomotion_1,X5,30.307,0.0
Locomotion_1,X5,30.447,0.0
Locomotion_1,X5,30.587,0.0
Locomotion_1,X5,30.727,0.0
Locomotion_1,X5,30.867,0.0
Locomotion_1,X5,31.007,0.0
Locomotion_1,X5,31.147,0.0
Locomotion_1,X5,31.287,0.0
Locomotion_1,X5,31.427,0.0
Locomotion_1,X5,31.567,0.0
Locomotion_1,X5,31.707,0.0
Locomotion_1,X5,31.847,0.0
Locomotion_1,X5,31.987,0.0
Locomotion_1,X5,32.127,0.0
Locomotion_1,X5,32.267,0.0
Locomotion_1,X5,32.407,0.0
Locomotion_1,X5,32.547,0.0
Locomotion_1,X5,32.687,0.0
Locomotion_1,X5,32.827,0.0
Locomotion_1,X5,32.967,0.0
Locomotion_1,X5,33.107,0.0
Locomotion_1,X5,33.247,0.0
Locomotion_1,X5,33.387,0.0
Locomotion_1,X5,33.527,0.0
Locomotion_1,X5,33.667,0.0
Locomotion_1,X5,33.807,0.0
Locomotion_1,X5,33.947,0.0
Locomotion_1,X5,34.087,0.0
Locomotion_1,X5,34.227,0.0
Locomotion_1,X5,34.367,0.0
Locomotion_1,X5,34.507,0.0
Locomotion_1,X5,34.647,0.0
Locomotion_1,X5,34.787,0.0
Locomotion_1,X5,34.927,0.0
Locomotion_1,X5,35.067,0.0
Locomotion_1,X5,35.207,0.0
Locomotion_1,X5,35.347,0.0
Locomotion_1,X5,35.487,0.0
Locomotion_1,X5,35.627,0.0
Locomotion_1,X5,35.767,0.0
Locomotion_1,X5,35.907,0.0
Locomotion_1,X5,36.047,0.0
Locomotion_1,X5,36.187,0.0
Locomotion_1,X5,36.327,0.0
Locomotion_1,X5,36.467,0.0
Locomotion_1,X5,36.607,0.0
Locomotion_1,X5,36.747,0.0
Locomotion_1,X5,36.887,0.0
Locomotion_1,X5,37.027,0.0
Locomotion_1,X5,37.167,0.0
Locomotion_1,X5,37.307,0.0
Locomotion_1,X5,37.447,0.0
Locomotion_1,X5,37.587,0.0
Locomotion_1,X5,37.727,0.0
Locomotion_1,X5,37.867,0.0
Locomotion_1,X5,38.007,0.0
Locomotion_1,X5,38.147,0.0
Locomotion_1,X5,38.287,0.0
Locomotion_1,X5,38.427,0.0
Locomotion_1,X5,38.567,0.0
Locomotion_1,X5,38.707,0.0
Locomotion_1,X5,38.847,0.0
Locomotion_1,X5,38.987,0.0
Locomotion_1,X5,39.127,0.0
Locomotion_1,X5,39.267,0.0
Locomotion_1,X5,39.407,0.0
Locomotion_1,X5,39.547,0.0
Locomotion_1,X5,39.687,0.0
Locomotion_1,X5,39.827,0.0
Locomotion_1,X5,39.967,0.0
Locomotion_1,X5,40.107,0.0
Locomotion_1,X5,40.247,0.0
Locomotion_1,X5,40.387,0.0
Locomotion_1,X5,40.527,0.0
Locomotion_1,X5,40.667,0.0
Locomotion_1,X5,40.807,0.0
Locomotion_1,X5,40.947,0.0
Locomotion_1,X5,41.087,0.0
Locomotion_1,X5,41.227,0.0
Locomotion_1,X5,41.367,0.0
Locomotion_1,X5,41.507,0.0
Locomotion_1,X5,41.647,0.0
Locomotion_1,X5,41.787,0.0
Locomotion_1,X5,41.927,0.0
Locomotion_1,X5,42.067,0.0
Locomotion_1,X5,42.207,0.0
Locomotion_1,X5,42.347,0.0
Locomotion_1,X5,42.487,0.0
Locomotion_1,X5,42.627,0.0
Locomotion_1,X5,42.767,0.0
Locomotion_1,X5,42.907,0.0
Locomotion_1,X5,43.047,0.0
Locomotion_1,X5,43.187,0.0
Locomotion_1,X5,43.327,0.0
Locomotion_1,X5,43.467,0.0
Locomotion_1,X5,43.607,0.0
Locomotion_1,X5,43.747,0.0
Locomotion_1,X5,43.887,0.0
Locomotion_1,X5,44.027,0.0
Locomotion_1,X5,44.167,0.0
Locomotion_1,X5,44.307,0.0
Locomotion_1,X5,44.447,0.0
Locomotion_1,X5,44.587,0.0
Locomotion_1,X5,44.727,0.0
Locomotion_1,X5,44.867,0.0
Locomotion_1,X5,45.007,0.0
Locomotion_1,X5,45.147,0.0
Locomotion_1,X5,45.287,0.0
Locomotion_1,X5,45.427,0.0
Locomotion_1,X5,45.567,0.0
Locomotion_1,X5,45.707,0.0
Locomotion_1,X5,45.847,0.0
Locomotion_1,X5,45.987,0.0
Locomotion_1,X5,46.127,0.0
Locomotion_1,X5,46.267,0.0
Locomotion_1,X5,46.407,0.0
Locomotion_1,X5,46.547,0.0
Locomotion_1,X5,46.687,0.0
Locomotion_1,X5,46.827,0.0
Locomotion_1,X5,46.967,0.0
Locomotion_1,X5,47.107,0.0
Locomotion_1,X5,47.247,0.0
Locomotion_1,X5,47.387,0.0
Locomotion_1,X5,47.527,0.0
Locomotion_1,X5,47.667,0.0
Locomotion_1,X5,47.807,0.0
Locomotion_1,X5,47.947,0.0
Locomotion_1,X5,48.087,0.0
Locomotion_1,X5,48.227,0.0
Locomotion_1,X5,48.367,0.0
Locomotion_1,X5,48.507,0.0
Locomotion_1,X5,48.647,0.0
Locomotion_1,X5,48.787,0.0
Locomotion_1,X5,48.927,0.0
Locomotion_1,X5,49.067,0.0
Locomotion_1,X5,49.207,0.0
Locomotion_1,X5,49.347,0.0
Locomotion_1,X5,49.487,0.0
Locomotion_1,X5,49.627,0.0
Locomotion_1,X5,49.767,0.0
Locomotion_1,X5,49.907,0.0
Locomotion_1,X5,50.047,0.0
Locomotion_1,X5,50.187,0.0
Locomotion_1,X5,50.327,0.0
Locomotion_1,X5,50.467,0.0
Locomotion_1,X5,50.607,0.0
Locomotion_1,X5,50.747,0.0
Locomotion_1,X5,50.887,0.0
Locomotion_1,X5,51.027,0.0
Locomotion_1,X5,51.167,0.0
Locomotion_1,X5,51.307,0.0
Locomotion_1,X5,51.447,0.0
Locomotion_1,X5,51.587,0.0
Locomotion_1,X5,51.727,0.0
Locomotion_1,X5,51.867,0.0
Locomotion_1,X5,52.007,0.0
Locomotion_1,X5,52.147,0.0
Locomotion_1,X5,52.287,0.0
Locomotion_1,X5,52.427,0.0
Locomotion_1,X5,52.567,0.0
Locomotion_1,X5,52.707,0.0
Locomotion_1,X5,52.847,0.0
Locomotion_1,X5,52.987,0.0
Locomotion_1,X5,53.127,0.0
Locomotion_1,X5,53.267,0.0
Locomotion_1,X5,53.407,0.0
Locomotion_1,X5,53.547,0.0
Locomotion_1,X5,53.687,0.0
Locomotion_1,X5,53.827,0.0
Locomotion_1,X5,53.967,0.0
Locomotion_1,X5,54.107,0.0
Locomotion_1,X5,54.247,0.0
Locomotion_1,X5,54.387,0.0
Locomotion_1,X5,54.527,0.0
Locomotion_1,X5,54.667,0.0
Locomotion_1,X5,54.807,0.0
Locomotion_1,X5,54.947,0.0
Locomotion_1,X5,55.087,0.0
Locomotion_1,X5,55.227,0.0
Locomotion_1,X5,55.367,0.0
Locomotion_1,X5,55.507,0.0
Locomotion_1,X5,55.647,0.0
Locomotion_1,X5,55.787,0.0
Locomotion_1,X5,55.927,0.0
Locomotion_1,X5,56.067,0.0
Locomotion_1,X5,56.207,0.0
Locomotion_1,X5,56.347,0.0
Locomotion_1,X5,56.487,0.0
Locomotion_1,X5,56.627,0.0
Locomotion_1,X5,56.767,0.0
Locomotion_1,X5,56.907,0.0
Locomotion_1,X5,57.047,0.0
Locomotion_1,X5,57.187,0.0
Locomotion_1,X5,57.327,0.0
Locomotion_1,X5,57.467,0.0
Locomotion_1,X5,57.607,0.0
Locomotion_1,X5,57.747,0.0
Locomotion_1,X5,57.887,0.0
Locomotion_1,X5,58.027,0.0
Locomotion_1,X5,58.167,0.0
Locomotion_1,X5,58.307,0.0
Locomotion_1,X5,58.447,0.0
Locomotion_1,X5,58.587,0.0
Locomotion_1,X5,58.727,0.0
Locomotion_1,X5,58.867,0.0
Locomotion_1,X5,59.007,0.0
Locomotion_1,X5,59.147,0.0
Locomotion_1,X5,59.287,0.0
Locomotion_1,X5,59.427,0.0
Locomotion_1,X5,59.567,0.0
Locomotion_1,X5,59.707,0.0
Locomotion_1,X5,59.847,0.0
Locomotion_1,X5,59.987,0.0
Locomotion_1,X5,60.127,0.0
Locomotion_1,X5,60.267,0.0
Locomotion_1,X5,60.407,0.0
Locomotion_1,X5,60.547,0.0
Locomotion_1,X5,60.687,0.0
Locomotion_1,X5,60.827,0.0
Locomotion_1,X5,60.967,0.0
Locomotion_1,X5,61.107,0.0
Locomotion_1,X5,61.247,0.0
Locomotion_1,X5,61.387,0.0
Locomotion_1,X5,61.527,0.0
Locomotion_1,X5,61.667,0.0
Locomotion_1,X5,61.807,0.0
Locomotion_1,X5,61.947,0.0
Locomotion_1,X5,62.087,0.0
Locomotion_1,X5,62.227,0.0
Locomotion_1,X5,62.367,0.0
Locomotion_1,X5,62.507,0.0
Locomotion_1,X5,62.647,0.0
Locomotion_1,X5,62.787,0.0
Locomotion_1,X5,62.927,0.0
Locomotion_1,X5,63.067,0.0
Locomotion_1,X5,63.207,0.0
Locomotion_1,X5,63.347,0.0
Locomotion_1,X5,63.487,0.0
Locomotion_1,X5,63.627,0.0
Locomotion_1,X5,63.767,0.0
Locomotion_1,X5,63.907,0.0
Locomotion_1,X5,64.047,0.0
Locomotion_1,X5,64.187,0.0
Locomotion_1,X5,64.327,0.0
Locomotion_1,X5,64.467,0.0
Locomotion_1,X5,64.607,0.0
Locomotion_1,X5,64.747,0.0
Locomotion_1,X5,64.887,0.0
Locomotion_1,X5,65.027,0.0
Locomotion_1,X5,65.167,0.0
Locomotion_1,X5,65.307,0.0
Locomotion_1,X5,65.447,0.0
Locomotion_1,X5,65.587,0.0
Locomotion_1,X5,65.727,0.0
Locomotion_1,X5,65.867,0.0
Locomotion_1,X5,66.007,0.0
Locomotion_1,X5,66.147,0.0
Locomotion_1,X5,66.287,0.0
Locomotion_1,X5,66.427,0.0
Locomotion_1,X5,66.567,0.0
Locomotion_1,X5,66.707,0.0
Locomotion_1,X5,66.847,0.0
Locomotion_1,X5,66.987,0.0
Locomotion_1,X5,67.127,0.0
Locomotion_1,X5,67.267,0.0
Locomotion_1,X5,67.407,0.0
Locomotion_1,X5,67.547,0.0
Locomotion_1,X5,67.687,0.0
Locomotion_1,X5,67.827,0.0
Locomotion_1,X5,67.967,0.0
Locomotion_1,X5,68.107,0.0
Locomotion_1,X5,68.247,0.0
Locomotion_1,X5,68.387,0.0
Locomotion_1,X5,68.527,0.0
Locomotion_1,X5,68.667,0.0
Locomotion_1,X5,68.807,0.0
Locomotion_1,X5,68.947,0.0
Locomotion_1,X5,69.087,0.0
Locomotion_1,X5,69.227,0.0
Locomotion_1,X5,69.367,0.0
Locomotion_1,X5,69.507,0.0
Locomotion_1,X5,69.647,0.0
Locomotion_1,X5,69.787,0.0
Locomotion_1,X5,69.927,0.0
Locomotion_1,X5,70.067,0.0
Locomotion_1,X5,70.207,0.0
Locomotion_1,X5,70.347,0.0
Locomotion_1,X5,70.487,0.0
Locomotion_1,X5,70.627,0.0
Locomotion_1,X5,70.767,0.0
Locomotion_1,X5,70.907,0.0
Locomotion_1,X5,71.047,0.0
Locomotion_1,X5,71.187,0.0
Locomotion_1,X5,71.327,0.0
Locomotion_1,X5,71.467,0.0
Locomotion_1,X5,71.607,0.0
Locomotion_1,X5,71.747,0.0
Locomotion_1,X5,71.887,0.0
Locomotion_1,X5,72.027,0.0
Locomotion_1,X5,72.167,0.0
Locomotion_1,X5,72.307,0.0
Locomotion_1,X5,72.447,0.0
Locomotion_1,X5,72.587,0.0
Locomotion_1,X5,72.727,0.0
Locomotion_1,X5,72.867,0.0
Locomotion_1,X5,73.007,0.0
Locomotion_1,X5,73.147,0.0
Locomotion_1,X5,73.287,0.0
Locomotion_1,X5,73.427,0.0
Locomotion_1,X5,73.567,0.0
Locomotion_1,X5,73.707,0.0
Locomotion_1,X5,73.847,0.0
Locomotion_1,X5,73.987,0.0
Locomotion_1,X5,74.127,0.0
Locomotion_1,X5,74.267,0.0
Locomotion_1,X5,74.407,0.0
Locomotion_1,X5,74.547,0.0
Locomotion_1,X5,74.687,0.0
Locomotion_1,X5,74.827,0.0
Locomotion_1,X5,74.967,0.0
Locomotion_1,X5,75.107,0.0
Locomotion_1,X5,75.247,0.0
Locomotion_1,X5,75.387,0.0
Locomotion_1,X5,75.527,0.0
Locomotion_1,X5,75.667,0.0
Locomotion_1,X5,75.807,0.0
Locomotion_1,X5,75.947,0.0
Locomotion_1,X5,76.087,0.0
Locomotion_1,X5,76.227,0.0
Locomotion_1,X5,76.367,0.0
Locomotion_1,X5,76.507,0.0
Locomotion_1,X5,76.647,0.0
Locomotion_1,X5,76.787,0.0
Locomotion_1,X5,76.927,0.0
Locomotion_1,X5,77.067,0.0
Locomotion_1,X5,77.207,0.0
Locomotion_1,X5,77.347,0.0
Locomotion_1,X5,77.487,0.0
Locomotion_1,X5,77.627,0.0
Locomotion_1,X5,77.767,0.0
Locomotion_1,X5,77.907,0.0
Locomotion_1,X5,78.047,0.0
Locomotion_1,X5,78.187,0.0
Locomotion_1,X5,78.327,0.0
Locomotion_1,X5,78.467,0.0
Locomotion_1,X5,78.607,0.0
Locomotion_1,X5,78.747,0.0
Locomotion_1,X5,78.887,0.0
Locomotion_1,X5,79.027,0.0
Locomotion_1,X5,79.167,0.0
Locomotion_1,X5,79.307,0.0
Locomotion_1,X5,79.447,0.0
Locomotion_1,X5,79.587,0.0
Locomotion_1,X5,79.727,0.0
Locomotion_1,X5,79.867,0.0
Locomotion_1,X5,80.007,0.0
Locomotion_1,X5,80.147,0.0
Locomotion_1,X5,80.287,0.0
Locomotion_1,X5,80.427,0.0
Locomotion_1,X5,80.567,0.0
Locomotion_1,X5,80.707,0.0
Locomotion_1,X5,80.847,0.0
Locomotion_1,X5,80.987,0.0
Locomotion_1,X5,81.127,0.0
Locomotion_1,X5,81.267,0.0
Locomotion_1,X5,81.407,0.0
Locomotion_1,X5,81.547,0.0
Locomotion_1,X5,81.687,0.0
Locomotion_1,X5,81.827,0.0
Locomotion_1,X5,81.967,0.0
Locomotion_1,X5,82.107,0.0
Locomotion_1,X5,82.247,0.0
Locomotion_1,X5,82.387,0.0
Locomotion_1,X5,82.527,0.0
Locomotion_1,X5,82.667,0.0
Locomotion_1,X5,82.807,0.0
Locomotion_1,X5,82.947,0.0
Locomotion_1,X5,83.087,0.0
Locomotion_1,X5,83.227,0.0
Locomotion_1,X5,83.367,0.0
Locomotion_1,X5,83.507,0.0
Locomotion_1,X5,83.647,0.0
Locomotion_1,X5,83.787,0.0
Locomotion_1,X5,83.927,0.0
Locomotion_1,X5,84.067,0.0
Locomotion_1,X5,84.207,0.0
Locomotion_1,X5,84.347,0.0
Locomotion_1,X5,84.487,0.0
Locomotion_1,X5,84.627,0.0
Locomotion_1,X5,84.767,0.0
Locomotion_1,X5,84.907,0.0
Locomotion_1,X5,85.047,0.0
Locomotion_1,X5,85.187,0.0
Locomotion_1,X5,85.327,0.0
Locomotion_1,X5,85.467,0.0
Locomotion_1,X5,85.607,0.0
Locomotion_1,X5,85.747,0.0
Locomotion_1,X5,85.887,0.0
Locomotion_1,X5,86.027,0.0
Locomotion_1,X5,86.167,0.0
Locomotion_1,X5,86.307,0.0
Locomotion_1,X5,86.447,0.0
Locomotion_1,X5,86.587,0.0
Locomotion_1,X5,86.727,0.0
Locomotion_1,X5,86.867,0.0
Locomotion_1,X5,87.007,0.0
Locomotion_1,X5,87.147,0.0
Locomotion_1,X5,87.287,0.0
Locomotion_1,X5,87.427,0.0
Locomotion_1,X5,87.567,0.0
Locomotion_1,X5,87.707,0.0
Locomotion_1,X5,87.847,0.0
Locomotion_1,X5,87.987,0.0
Locomotion_1,X5,88.127,0.0
Locomotion_1,X5,88.267,0.0
Locomotion_1,X5,88.407,0.0
Locomotion_1,X5,88.547,0.0
Locomotion_1,X5,88.687,0.0
Locomotion_1,X5,88.827,0.0
Locomotion_1,X5,88.967,0.0
Locomotion_1,X5,89.107,0.0
Locomotion_1,X5,89.247,0.0
Locomotion_1,X5,89.387,0.0
Locomotion_1,X5,89.527,0.0
Locomotion_1,X5,89.667,0.0
Locomotion_1,X5,89.807,0.0
Locomotion_1,X5,89.947,0.0
Locomotion_1,X5,90.087,0.0
Locomotion_1,X5,90.227,0.0
Locomotion_1,X5,90.367,0.0
Locomotion_1,X5,90.507,0.0
Locomotion_1,X5,90.647,0.0
Locomotion_1,X5,90.787,0.0
Locomotion_1,X5,90.927,0.0
Locomotion_1,X5,91.067,0.0
Locomotion_1,X5,91.207,0.0
Locomotion_1,X5,91.347,0.0
Locomotion_1,X5,91.487,0.0
Locomotion_1,X5,91.627,0.0
Locomotion_1,X5,91.767,0.0
Locomotion_1,X5,91.907,0.0
Locomotion_1,X5,92.047,0.0
Locomotion_1,X5,92.187,0.0
Locomotion_1,X5,92.327,0.0
Locomotion_1,X5,92.467,0.0
Locomotion_1,X5,92.607,0.0
Locomotion_1,X5,92.747,0.0
Locomotion_1,X5,92.887,0.0
Locomotion_1,X5,93.027,0.0
Locomotion_1,X5,93.167,0.0
Locomotion_1,X5,93.307,0.0
Locomotion_1,X5,93.447,0.0
Locomotion_1,X5,93.587,0.0
Locomotion_1,X5,93.727,0.0
Locomotion_1,X5,93.867,0.0
Locomotion_1,X5,94.007,0.0
Locomotion_1,X5,94.147,0.0
Locomotion_1,X5,94.287,0.0
Locomotion_1,X5,94.427,0.0
Locomotion_1,X5,94.567,0.0
Locomotion_1,X5,94.707,0.0
Locomotion_1,X5,94.847,0.0
Locomotion_1,X5,94.987,0.0
Locomotion_1,X5,95.127,0.0
Locomotion_1,X5,95.267,0.0
Locomotion_1,X5,95.407,0.0
Locomotion_1,X5,95.547,0.0
Locomotion_1,X5,95.687,0.0
Locomotion_1,X5,95.827,0.0
Locomotion_1,X5,95.967,0.0
Locomotion_1,X5,96.107,0.0
Locomotion_1,X5,96.247,0.0
Locomotion_1,X5,96.387,0.0
Locomotion_1,X5,96.527,0.0
Locomotion_1,X5,96.667,0.0
Locomotion_1,X5,96.807,0.0
Locomotion_1,X5,96.947,0.0
Locomotion_1,X5,97.087,0.0
Locomotion_1,X5,97.227,0.0
Locomotion_1,X5,97.367,0.0
Locomotion_1,X5,97.507,0.0
Locomotion_1,X5,97.647,0.0
Locomotion_1,X5,97.787,0.0
Locomotion_1,X5,97.927,0.0
Locomotion_1,X5,98.067,0.0
Locomotion_1,X5,98.207,0.0
Locomotion_1,X5,98.347,0.0
Locomotion_1,X5,98.487,0.0
Locomotion_1,X5,98.627,0.0
Locomotion_1,X5,98.767,0.0
Locomotion_1,X5,98.907,0.0
Locomotion_1,X5,99.047,0.0
Locomotion_1,X5,99.187,0.0
Locomotion_1,X5,99.327,0.0
Locomotion_1,X5,99.467,0.0
Locomotion_1,X5,99.607,0.0
Locomotion_1,X5,99.747,0.0
Locomotion_1,X5,99.887,0.0
Locomotion_1,X5,100.027,0.0
Locomotion_1,X5,100.167,0.0
Locomotion_1,X5,100.307,0.0
Locomotion_1,X5,100.447,0.0
Locomotion_1,X5,100.587,0.0
Locomotion_1,X5,100.727,0.0
Locomotion_1,X5,100.867,0.0
Locomotion_1,X5,101.007,0.0
Locomotion_1,X5,101.147,0.0
Locomotion_1,X5,101.287,0.0
Locomotion_1,X5,101.427,0.0
Locomotion_1,X5,101.567,0.0
Locomotion_1,X5,101.707,0.0
Locomotion_1,X5,101.847,0.0
Locomotion_1,X5,101.987,0.0
Locomotion_1,X5,102.127,0.0549
Locomotion_1,X5,102.267,1.0
Locomotion_1,X6,0.067,1.0
Locomotion_1,X6,0.207,0.0549
Locomotion_1,X6,0.347,0.0
Locomotion_1,X6,0.487,0.0
Locomotion_1,X6,0.627,0.0
Locomotion_1,X6,0.767,0.0
Locomotion_1,X6,0.907,0.0
Locomotion_1,X6,1.047,0.0
Locomotion_1,X6,1.187,0.0
Locomotion_1,X6,1.327,0.0
Locomotion_1,X6,1.467,0.0
Locomotion_1,X6,1.607,0.0
Locomotion_1,X6,1.747,0.0
Locomotion_1,X6,1.887,0.0
Locomotion_1,X6,2.027,0.0
Locomotion_1,X6,2.167,0.0
Locomotion_1,X6,2.307,0.0
Locomotion_1,X6,2.447,0.0
Locomotion_1,X6,2.587,0.0
Locomotion_1,X6,2.727,0.0
Locomotion_1,X6,2.867,0.0
Locomotion_1,X6,3.007,0.0
Locomotion_1,X6,3.147,0.0
Locomotion_1,X6,3.287,0.0
Locomotion_1,X6,3.427,0.0
Locomotion_1,X6,3.567,0.0
Locomotion_1,X6,3.707,0.0
Locomotion_1,X6,3.847,0.0
Locomotion_1,X6,3.987,0.0
Locomotion_1,X6,4.127,0.0
Locomotion_1,X6,4.267,0.0
Locomotion_1,X6,4.407,0.0
Locomotion_1,X6,4.547,0.0
Locomotion_1,X6,4.687,0.0
Locomotion_1,X6,4.827,0.0
Locomotion_1,X6,4.967,0.0
Locomotion_1,X6,5.107,0.0
Locomotion_1,X6,5.247,0.0
Locomotion_1,X6,5.387,0.0
Locomotion_1,X6,5.527,0.0
Locomotion_1,X6,5.667,0.0
Locomotion_1,X6,5.807,0.0
Locomotion_1,X6,5.947,0.0
Locomotion_1,X6,6.087,0.0
Locomotion_1,X6,6.227,0.0
Locomotion_1,X6,6.367,0.0
Locomotion_1,X6,6.507,0.0
Locomotion_1,X6,6.647,0.0
Locomotion_1,X6,6.787,0.0
Locomotion_1,X6,6.927,0.0
Locomotion_1,X6,7.067,0.0
Locomotion_1,X6,7.207,0.0
Locomotion_1,X6,7.347,0.0
Locomotion_1,X6,7.487,0.0
Locomotion_1,X6,7.627,0.0
Locomotion_1,X6,7.767,0.0
Locomotion_1,X6,7.907,0.0
Locomotion_1,X6,8.047,0.0
Locomotion_1,X6,8.187,0.0
Locomotion_1,X6,8.327,0.0
Locomotion_1,X6,8.467,0.0
Locomotion_1,X6,8.607,0.0
Locomotion_1,X6,8.747,0.0
Locomotion_1,X6,8.887,0.0
Locomotion_1,X6,9.027,0.0
Locomotion_1,X6,9.167,0.0
Locomotion_1,X6,9.307,0.0
Locomotion_1,X6,9.447,0.0
Locomotion_1,X6,9.587,0.0
Locomotion_1,X6,9.727,0.0
Locomotion_1,X6,9.867,0.0
Locomotion_1,X6,10.007,0.0
Locomotion_1,X6,10.147,0.0
Locomotion_1,X6,10.287,0.0
Locomotion_1,X6,10.427,0.0
Locomotion_1,X6,10.567,0.0
Locomotion_1,X6,10.707,0.0
Locomotion_1,X6,10.847,0.0
Locomotion_1,X6,10.987,0.0
Locomotion_1,X6,11.127,0.0
Locomotion_1,X6,11.267,0.0
Locomotion_1,X6,11.407,0.0
Locomotion_1,X6,11.547,0.0
Locomotion_1,X6,11.687,0.0
Locomotion_1,X6,11.827,0.0
Locomotion_1,X6,11.967,0.0
Locomotion_1,X6,12.107,0.0
Locomotion_1,X6,12.247,0.0
Locomotion_1,X6,12.387,0.0
Locomotion_1,X6,12.527,0.0
Locomotion_1,X6,12.667,0.0
Locomotion_1,X6,12.807,0.0
Locomotion_1,X6,12.947,0.0
Locomotion_1,X6,13.087,0.0
Locomotion_1,X6,13.227,0.0
Locomotion_1,X6,13.367,0.0
Locomotion_1,X6,13.507,0.0
Locomotion_1,X6,13.647,0.0
Locomotion_1,X6,13.787,0.0
Locomotion_1,X6,13.927,0.0
Locomotion_1,X6,14.067,0.0
Locomotion_1,X6,14.207,0.0
Locomotion_1,X6,14.347,0.0
Locomotion_1,X6,14.487,0.0
Locomotion_1,X6,14.627,0.0
Locomotion_1,X6,14.767,0.0
Locomotion_1,X6,14.907,0.0
Locomotion_1,X6,15.047,0.0
Locomotion_1,X6,15.187,0.0
Locomotion_1,X6,15.327,0.0
Locomotion_1,X6,15.467,0.0
Locomotion_1,X6,15.607,0.0
Locomotion_1,X6,15.747,0.0
Locomotion_1,X6,15.887,0.0
Locomotion_1,X6,16.027,0.0
Locomotion_1,X6,16.167,0.0
Locomotion_1,X6,16.307,0.0
Locomotion_1,X6,16.447,0.0
Locomotion_1,X6,16.587,0.0
Locomotion_1,X6,16.727,0.0
Locomotion_1,X6,16.867,0.0
Locomotion_1,X6,17.007,0.0
Locomotion_1,X6,17.147,0.0
Locomotion_1,X6,17.287,0.0
Locomotion_1,X6,17.427,0.0
Locomotion_1,X6,17.567,0.0
Locomotion_1,X6,17.707,0.0
Locomotion_1,X6,17.847,0.0
Locomotion_1,X6,17.987,0.0
Locomotion_1,X6,18.127,0.0
Locomotion_1,X6,18.267,0.0
Locomotion_1,X6,18.407,0.0
Locomotion_1,X6,18.547,0.0
Locomotion_1,X6,18.687,0.0
Locomotion_1,X6,18.827,0.0
Locomotion_1,X6,18.967,0.0
Locomotion_1,X6,19.107,0.0
Locomotion_1,X6,19.247,0.0
Locomotion_1,X6,19.387,0.0
Locomotion_1,X6,19.527,0.0
Locomotion_1,X6,19.667,0.0
Locomotion_1,X6,19.807,0.0
Locomotion_1,X6,19.947,0.0
Locomotion_1,X6,20.087,0.0
Locomotion_1,X6,20.227,0.0
Locomotion_1,X6,20.367,0.0
Locomotion_1,X6,20.507,0.0
Locomotion_1,X6,20.647,0.0
Locomotion_1,X6,20.787,0.0
Locomotion_1,X6,20.927,0.0
Locomotion_1,X6,21.067,0.0
Locomotion_1,X6,21.207,0.0
Locomotion_1,X6,21.347,0.0
Locomotion_1,X6,21.487,0.0
Locomotion_1,X6,21.627,0.0
Locomotion_1,X6,21.767,0.0
Locomotion_1,X6,21.907,0.0
Locomotion_1,X6,22.047,0.0
Locomotion_1,X6,22.187,0.0
Locomotion_1,X6,22.327,0.0
Locomotion_1,X6,22.467,0.0
Locomotion_1,X6,22.607,0.0
Locomotion_1,X6,22.747,0.0
Locomotion_1,X6,22.887,0.0
Locomotion_1,X6,23.027,0.0
Locomotion_1,X6,23.167,0.0
Locomotion_1,X6,23.307,0.0
Locomotion_1,X6,23.447,0.0
Locomotion_1,X6,23.587,0.0
Locomotion_1,X6,23.727,0.0
Locomotion_1,X6,23.867,0.0
Locomotion_1,X6,24.007,0.0
Locomotion_1,X6,24.147,0.0
Locomotion_1,X6,24.287,0.0
Locomotion_1,X6,24.427,0.0
Locomotion_1,X6,24.567,0.0
Locomotion_1,X6,24.707,0.0
Locomotion_1,X6,24.847,0.0
Locomotion_1,X6,24.987,0.0
Locomotion_1,X6,25.127,0.0
Locomotion_1,X6,25.267,0.0
Locomotion_1,X6,25.407,0.0
Locomotion_1,X6,25.547,0.0
Locomotion_1,X6,25.687,0.0
Locomotion_1,X6,25.827,0.0
Locomotion_1,X6,25.967,0.0
Locomotion_1,X6,26.107,0.0
Locomotion_1,X6,26.247,0.0
Locomotion_1,X6,26.387,0.0
Locomotion_1,X6,26.527,0.0
Locomotion_1,X6,26.667,0.0
Locomotion_1,X6,26.807,0.0
Locomotion_1,X6,26.947,0.0
Locomotion_1,X6,27.087,0.0
Locomotion_1,X6,27.227,0.0
Locomotion_1,X6,27.367,0.0
Locomotion_1,X6,27.507,0.0
Locomotion_1,X6,27.647,0.0
Locomotion_1,X6,27.787,0.0
Locomotion_1,X6,27.927,0.0
Locomotion_1,X6,28.067,0.0
Locomotion_1,X6,28.207,0.0
Locomotion_1,X6,28.347,0.0
Locomotion_1,X6,28.487,0.0
Locomotion_1,X6,28.627,0.0
Locomotion_1,X6,28.767,0.0
Locomotion_1,X6,28.907,0.0
Locomotion_1,X6,29.047,0.0
Locomotion_1,X6,29.187,0.0
Locomotion_1,X6,29.327,0.0
Locomotion_1,X6,29.467,0.0
Locomotion_1,X6,29.607,0.0
Locomotion_1,X6,29.747,0.0
Locomotion_1,X6,29.887,0.0
Locomotion_1,X6,30.027,0.0
Locomotion_1,X6,30.167,0.0
Locomotion_1,X6,30.307,0.0
Locomotion_1,X6,30.447,0.0
Locomotion_1,X6,30.587,0.0
Locomotion_1,X6,30.727,0.0
Locomotion_1,X6,30.867,0.0
Locomotion_1,X6,31.007,0.0
Locomotion_1,X6,31.147,0.0
Locomotion_1,X6,31.287,0.0
Locomotion_1,X6,31.427,0.0
Locomotion_1,X6,31.567,0.0
Locomotion_1,X6,31.707,0.0
Locomotion_1,X6,31.847,0.0
Locomotion_1,X6,31.987,0.0
Locomotion_1,X6,32.127,0.0
Locomotion_1,X6,32.267,0.0
Locomotion_1,X6,32.407,0.0
Locomotion_1,X6,32.547,0.0
Locomotion_1,X6,32.687,0.0
Locomotion_1,X6,32.827,0.0
Locomotion_1,X6,32.967,0.0
Locomotion_1,X6,33.107,0.0
Locomotion_1,X6,33.247,0.0
Locomotion_1,X6,33.387,0.0
Locomotion_1,X6,33.527,0.0
Locomotion_1,X6,33.667,0.0
Locomotion_1,X6,33.807,0.0
Locomotion_1,X6,33.947,0.0
Locomotion_1,X6,34.087,0.0
Locomotion_1,X6,34.227,0.0
Locomotion_1,X6,34.367,0.0
Locomotion_1,X6,34.507,0.0
Locomotion_1,X6,34.647,0.0
Locomotion_1,X6,34.787,0.0
Locomotion_1,X6,34.927,0.0
Locomotion_1,X6,35.067,0.0
Locomotion_1,X6,35.207,0.0
Locomotion_1,X6,35.347,0.0
Locomotion_1,X6,35.487,0.0
Locomotion_1,X6,35.627,0.0
Locomotion_1,X6,35.767,0.0
Locomotion_1,X6,35.907,0.0
Locomotion_1,X6,36.047,0.0
Locomotion_1,X6,36.187,0.0
Locomotion_1,X6,36.327,0.0
Locomotion_1,X6,36.467,0.0
Locomotion_1,X6,36.607,0.0
Locomotion_1,X6,36.747,0.0
Locomotion_1,X6,36.887,0.0
Locomotion_1,X6,37.027,0.0
Locomotion_1,X6,37.167,0.0
Locomotion_1,X6,37.307,0.0
Locomotion_1,X6,37.447,0.0
Locomotion_1,X6,37.587,0.0
Locomotion_1,X6,37.727,0.0
Locomotion_1,X6,37.867,0.0
Locomotion_1,X6,38.007,0.0
Locomotion_1,X6,38.147,0.0
Locomotion_1,X6,38.287,0.0
Locomotion_1,X6,38.427,0.0
Locomotion_1,X6,38.567,0.0
Locomotion_1,X6,38.707,0.0
Locomotion_1,X6,38.847,0.0
Locomotion_1,X6,38.987,0.0
Locomotion_1,X6,39.127,0.0
Locomotion_1,X6,39.267,0.0
Locomotion_1,X6,39.407,0.0
Locomotion_1,X6,39.547,0.0
Locomotion_1,X6,39.687,0.0
Locomotion_1,X6,39.827,0.0
Locomotion_1,X6,39.967,0.0
Locomotion_1,X6,40.107,0.0
Locomotion_1,X6,40.247,0.0
Locomotion_1,X6,40.387,0.0
Locomotion_1,X6,40.527,0.0
Locomotion_1,X6,40.667,0.0
Locomotion_1,X6,40.807,0.0
Locomotion_1,X6,40.947,0.0
Locomotion_1,X6,41.087,0.0
Locomotion_1,X6,41.227,0.0
Locomotion_1,X6,41.367,0.0
Locomotion_1,X6,41.507,0.0
Locomotion_1,X6,41.647,0.0
Locomotion_1,X6,41.787,0.0
Locomotion_1,X6,41.927,0.0
Locomotion_1,X6,42.067,0.0
Locomotion_1,X6,42.207,0.0
Locomotion_1,X6,42.347,0.0
Locomotion_1,X6,42.487,0.0
Locomotion_1,X6,42.627,0.0
Locomotion_1,X6,42.767,0.0
Locomotion_1,X6,42.907,0.0
Locomotion_1,X6,43.047,0.0
Locomotion_1,X6,43.187,0.0
Locomotion_1,X6,43.327,0.0
Locomotion_1,X6,43.467,0.0
Locomotion_1,X6,43.607,0.0
Locomotion_1,X6,43.747,0.0
Locomotion_1,X6,43.887,0.0
Locomotion_1,X6,44.027,0.0
Locomotion_1,X6,44.167,0.0
Locomotion_1,X6,44.307,0.0
Locomotion_1,X6,44.447,0.0
Locomotion_1,X6,44.587,0.0
Locomotion_1,X6,44.727,0.0
Locomotion_1,X6,44.867,0.0
Locomotion_1,X6,45.007,0.0
Locomotion_1,X6,45.147,0.0
Locomotion_1,X6,45.287,0.0
Locomotion_1,X6,45.427,0.0
Locomotion_1,X6,45.567,0.0
Locomotion_1,X6,45.707,0.0
Locomotion_1,X6,45.847,0.0
Locomotion_1,X6,45.987,0.0
Locomotion_1,X6,46.127,0.0
Locomotion_1,X6,46.267,0.0
Locomotion_1,X6,46.407,0.0
Locomotion_1,X6,46.547,0.0
Locomotion_1,X6,46.687,0.0
Locomotion_1,X6,46.827,0.0
Locomotion_1,X6,46.967,0.0
Locomotion_1,X6,47.107,0.0
Locomotion_1,X6,47.247,0.0
Locomotion_1,X6,47.387,0.0
Locomotion_1,X6,47.527,0.0
Locomotion_1,X6,47.667,0.0
Locomotion_1,X6,47.807,0.0
Locomotion_1,X6,47.947,0.0
Locomotion_1,X6,48.087,0.0
Locomotion_1,X6,48.227,0.0
Locomotion_1,X6,48.367,0.0
Locomotion_1,X6,48.507,0.0
Locomotion_1,X6,48.647,0.0
Locomotion_1,X6,48.787,0.0
Locomotion_1,X6,48.927,0.0
Locomotion_1,X6,49.067,0.0
Locomotion_1,X6,49.207,0.0
Locomotion_1,X6,49.347,0.0
Locomotion_1,X6,49.487,0.0
Locomotion_1,X6,49.627,0.0
Locomotion_1,X6,49.767,0.0
Locomotion_1,X6,49.907,0.0
Locomotion_1,X6,50.047,0.0
Locomotion_1,X6,50.187,0.0
Locomotion_1,X6,50.327,0.0
Locomotion_1,X6,50.467,0.0
Locomotion_1,X6,50.607,0.0
Locomotion_1,X6,50.747,0.0
Locomotion_1,X6,50.887,0.0
Locomotion_1,X6,51.027,0.0
Locomotion_1,X6,51.167,0.0
Locomotion_1,X6,51.307,0.0
Locomotion_1,X6,51.447,0.0
Locomotion_1,X6,51.587,0.0
Locomotion_1,X6,51.727,0.0
Locomotion_1,X6,51.867,0.0
Locomotion_1,X6,52.007,0.0
Locomotion_1,X6,52.147,0.0
Locomotion_1,X6,52.287,0.0
Locomotion_1,X6,52.427,0.0
Locomotion_1,X6,52.567,0.0
Locomotion_1,X6,52.707,0.0
Locomotion_1,X6,52.847,0.0
Locomotion_1,X6,52.987,0.0
Locomotion_1,X6,53.127,0.0
Locomotion_1,X6,53.267,0.0
Locomotion_1,X6,53.407,0.0
Locomotion_1,X6,53.547,0.0
Locomotion_1,X6,53.687,0.0
Locomotion_1,X6,53.827,0.0
Locomotion_1,X6,53.967,0.0
Locomotion_1,X6,54.107,0.0
Locomotion_1,X6,54.247,0.0
Locomotion_1,X6,54.387,0.0
Locomotion_1,X6,54.527,0.0
Locomotion_1,X6,54.667,0.0
Locomotion_1,X6,54.807,0.0
Locomotion_1,X6,54.947,0.0
Locomotion_1,X6,55.087,0.0
Locomotion_1,X6,55.227,0.0
Locomotion_1,X6,55.367,0.0
Locomotion_1,X6,55.507,0.0
Locomotion_1,X6,55.647,0.0
Locomotion_1,X6,55.787,0.0
Locomotion_1,X6,55.927,0.0
Locomotion_1,X6,56.067,0.0
Locomotion_1,X6,56.207,0.0
Locomotion_1,X6,56.347,0.0
Locomotion_1,X6,56.487,0.0
Locomotion_1,X6,56.627,0.0
Locomotion_1,X6,56.767,0.0
Locomotion_1,X6,56.907,0.0
Locomotion_1,X6,57.047,0.0
Locomotion_1,X6,57.187,0.0
Locomotion_1,X6,57.327,0.0
Locomotion_1,X6,57.467,0.0
Locomotion_1,X6,57.607,0.0
Locomotion_1,X6,57.747,0.0
Locomotion_1,X6,57.887,0.0
Locomotion_1,X6,58.027,0.0
Locomotion_1,X6,58.167,0.0
Locomotion_1,X6,58.307,0.0
Locomotion_1,X6,58.447,0.0
Locomotion_1,X6,58.587,0.0
Locomotion_1,X6,58.727,0.0
Locomotion_1,X6,58.867,0.0
Locomotion_1,X6,59.007,0.0
Locomotion_1,X6,59.147,0.0
Locomotion_1,X6,59.287,0.0
Locomotion_1,X6,59.427,0.0
Locomotion_1,X6,59.567,0.0
Locomotion_1,X6,59.707,0.0
Locomotion_1,X6,59.847,0.0
Locomotion_1,X6,59.987,0.0
Locomotion_1,X6,60.127,0.0
Locomotion_1,X6,60.267,0.0
Locomotion_1,X6,60.407,0.0
Locomotion_1,X6,60.547,0.0
Locomotion_1,X6,60.687,0.0
Locomotion_1,X6,60.827,0.0
Locomotion_1,X6,60.967,0.0
Locomotion_1,X6,61.107,0.0
Locomotion_1,X6,61.247,0.0
Locomotion_1,X6,61.387,0.0
Locomotion_1,X6,61.527,0.0
Locomotion_1,X6,61.667,0.0
Locomotion_1,X6,61.807,0.0
Locomotion_1,X6,61.947,0.0
Locomotion_1,X6,62.087,0.0
Locomotion_1,X6,62.227,0.0
Locomotion_1,X6,62.367,0.0
Locomotion_1,X6,62.507,0.0
Locomotion_1,X6,62.647,0.0
Locomotion_1,X6,62.787,0.0
Locomotion_1,X6,62.927,0.0
Locomotion_1,X6,63.067,0.0
Locomotion_1,X6,63.207,0.0
Locomotion_1,X6,63.347,0.0
Locomotion_1,X6,63.487,0.0
Locomotion_1,X6,63.627,0.0
Locomotion_1,X6,63.767,0.0
Locomotion_1,X6,63.907,0.0
Locomotion_1,X6,64.047,0.0
Locomotion_1,X6,64.187,0.0
Locomotion_1,X6,64.327,0.0
Locomotion_1,X6,64.467,0.0
Locomotion_1,X6,64.607,0.0
Locomotion_1,X6,64.747,0.0
Locomotion_1,X6,64.887,0.0
Locomotion_1,X6,65.027,0.0
Locomotion_1,X6,65.167,0.0
Locomotion_1,X6,65.307,0.0
Locomotion_1,X6,65.447,0.0
Locomotion_1,X6,65.587,0.0
Locomotion_1,X6,65.727,0.0
Locomotion_1,X6,65.867,0.0
Locomotion_1,X6,66.007,0.0
Locomotion_1,X6,66.147,0.0
Locomotion_1,X6,66.287,0.0
Locomotion_1,X6,66.427,0.0
Locomotion_1,X6,66.567,0.0
Locomotion_1,X6,66.707,0.0
Locomotion_1,X6,66.847,0.0
Locomotion_1,X6,66.987,0.0
Locomotion_1,X6,67.127,0.0
Locomotion_1,X6,67.267,0.0
Locomotion_1,X6,67.407,0.0
Locomotion_1,X6,67.547,0.0
Locomotion_1,X6,67.687,0.0
Locomotion_1,X6,67.827,0.0
Locomotion_1,X6,67.967,0.0
Locomotion_1,X6,68.107,0.0
Locomotion_1,X6,68.247,0.0
Locomotion_1,X6,68.387,0.0
Locomotion_1,X6,68.527,0.0
Locomotion_1,X6,68.667,0.0
Locomotion_1,X6,68.807,0.0
Locomotion_1,X6,68.947,0.0
Locomotion_1,X6,69.087,0.0
Locomotion_1,X6,69.227,0.0
Locomotion_1,X6,69.367,0.0
Locomotion_1,X6,69.507,0.0
Locomotion_1,X6,69.647,0.0
Locomotion_1,X6,69.787,0.0
Locomotion_1,X6,69.927,0.0
Locomotion_1,X6,70.067,0.0
Locomotion_1,X6,70.207,0.0
Locomotion_1,X6,70.347,0.0
Locomotion_1,X6,70.487,0.0
Locomotion_1,X6,70.627,0.0
Locomotion_1,X6,70.767,0.0
Locomotion_1,X6,70.907,0.0
Locomotion_1,X6,71.047,0.0
Locomotion_1,X6,71.187,0.0
Locomotion_1,X6,71.327,0.0
Locomotion_1,X6,71.467,0.0
Locomotion_1,X6,71.607,0.0
Locomotion_1,X6,71.747,0.0
Locomotion_1,X6,71.887,0.0
Locomotion_1,X6,72.027,0.0
Locomotion_1,X6,72.167,0.0
Locomotion_1,X6,72.307,0.0
Locomotion_1,X6,72.447,0.0
Locomotion_1,X6,72.587,0.0
Locomotion_1,X6,72.727,0.0
Locomotion_1,X6,72.867,0.0
Locomotion_1,X6,73.007,0.0
Locomotion_1,X6,73.147,0.0
Locomotion_1,X6,73.287,0.0
Locomotion_1,X6,73.427,0.0
Locomotion_1,X6,73.567,0.0
Locomotion_1,X6,73.707,0.0
Locomotion_1,X6,73.847,0.0
Locomotion_1,X6,73.987,0.0
Locomotion_1,X6,74.127,0.0
Locomotion_1,X6,74.267,0.0
Locomotion_1,X6,74.407,0.0
Locomotion_1,X6,74.547,0.0
Locomotion_1,X6,74.687,0.0
Locomotion_1,X6,74.827,0.0
Locomotion_1,X6,74.967,0.0
Locomotion_1,X6,75.107,0.0
Locomotion_1,X6,75.247,0.0
Locomotion_1,X6,75.387,0.0
Locomotion_1,X6,75.527,0.0
Locomotion_1,X6,75.667,0.0
Locomotion_1,X6,75.807,0.0
Locomotion_1,X6,75.947,0.0
Locomotion_1,X6,76.087,0.0
Locomotion_1,X6,76.227,0.0
Locomotion_1,X6,76.367,0.0
Locomotion_1,X6,76.507,0.0
Locomotion_1,X6,76.647,0.0
Locomotion_1,X6,76.787,0.0
Locomotion_1,X6,76.927,0.0
Locomotion_1,X6,77.067,0.0
Locomotion_1,X6,77.207,0.0
Locomotion_1,X6,77.347,0.0
Locomotion_1,X6,77.487,0.0
Locomotion_1,X6,77.627,0.0
Locomotion_1,X6,77.767,0.0
Locomotion_1,X6,77.907,0.0
Locomotion_1,X6,78.047,0.0
Locomotion_1,X6,78.187,0.0
Locomotion_1,X6,78.327,0.0
Locomotion_1,X6,78.467,0.0
Locomotion_1,X6,78.607,0.0
Locomotion_1,X6,78.747,0.0
Locomotion_1,X6,78.887,0.0
Locomotion_1,X6,79.027,0.0
Locomotion_1,X6,79.167,0.0
Locomotion_1,X6,79.307,0.0
Locomotion_1,X6,79.447,0.0
Locomotion_1,X6,79.587,0.0
Locomotion_1,X6,79.727,0.0
Locomotion_1,X6,79.867,0.0
Locomotion_1,X6,80.007,0.0
Locomotion_1,X6,80.147,0.0
Locomotion_1,X6,80.287,0.0
Locomotion_1,X6,80.427,0.0
Locomotion_1,X6,80.567,0.0
Locomotion_1,X6,80.707,0.0
Locomotion_1,X6,80.847,0.0
Locomotion_1,X6,80.987,0.0
Locomotion_1,X6,81.127,0.0
Locomotion_1,X6,81.267,0.0
Locomotion_1,X6,81.407,0.0
Locomotion_1,X6,81.547,0.0
Locomotion_1,X6,81.687,0.0
Locomotion_1,X6,81.827,0.0
Locomotion_1,X6,81.967,0.0
Locomotion_1,X6,82.107,0.0
Locomotion_1,X6,82.247,0.0
Locomotion_1,X6,82.387,0.0
Locomotion_1,X6,82.527,0.0
Locomotion_1,X6,82.667,0.0
Locomotion_1,X6,82.807,0.0
Locomotion_1,X6,82.947,0.0
Locomotion_1,X6,83.087,0.0
Locomotion_1,X6,83.227,0.0
Locomotion_1,X6,83.367,0.0
Locomotion_1,X6,83.507,0.0
Locomotion_1,X6,83.647,0.0
Locomotion_1,X6,83.787,0.0
Locomotion_1,X6,83.927,0.0
Locomotion_1,X6,84.067,0.0
Locomotion_1,X6,84.207,0.0
Locomotion_1,X6,84.347,0.0
Locomotion_1,X6,84.487,0.0
Locomotion_1,X6,84.627,0.0
Locomotion_1,X6,84.767,0.0
Locomotion_1,X6,84.907,0.0
Locomotion_1,X6,85.047,0.0
Locomotion_1,X6,85.187,0.0
Locomotion_1,X6,85.327,0.0
Locomotion_1,X6,85.467,0.0
Locomotion_1,X6,85.607,0.0
Locomotion_1,X6,85.747,0.0
Locomotion_1,X6,85.887,0.0
Locomotion_1,X6,86.027,0.0
Locomotion_1,X6,86.167,0.0
Locomotion_1,X6,86.307,0.0
Locomotion_1,X6,86.447,0.0
Locomotion_1,X6,86.587,0.0
Locomotion_1,X6,86.727,0.0
Locomotion_1,X6,86.867,0.0
Locomotion_1,X6,87.007,0.0
Locomotion_1,X6,87.147,0.0
Locomotion_1,X6,87.287,0.0
Locomotion_1,X6,87.427,0.0
Locomotion_1,X6,87.567,0.0
Locomotion_1,X6,87.707,0.0
Locomotion_1,X6,87.847,0.0
Locomotion_1,X6,87.987,0.0
Locomotion_1,X6,88.127,0.0
Locomotion_1,X6,88.267,0.0
Locomotion_1,X6,88.407,0.0
Locomotion_1,X6,88.547,0.0
Locomotion_1,X6,88.687,0.0
Locomotion_1,X6,88.827,0.0
Locomotion_1,X6,88.967,0.0
Locomotion_1,X6,89.107,0.0
Locomotion_1,X6,89.247,0.0
Locomotion_1,X6,89.387,0.0
Locomotion_1,X6,89.527,0.0
Locomotion_1,X6,89.667,0.0
Locomotion_1,X6,89.807,0.0
Locomotion_1,X6,89.947,0.0
Locomotion_1,X6,90.087,0.0
Locomotion_1,X6,90.227,0.0
Locomotion_1,X6,90.367,0.0
Locomotion_1,X6,90.507,0.0
Locomotion_1,X6,90.647,0.0
Locomotion_1,X6,90.787,0.0
Locomotion_1,X6,90.927,0.0
Locomotion_1,X6,91.067,0.0
Locomotion_1,X6,91.207,0.0
Locomotion_1,X6,91.347,0.0
Locomotion_1,X6,91.487,0.0
Locomotion_1,X6,91.627,0.0
Locomotion_1,X6,91.767,0.0
Locomotion_1,X6,91.907,0.0
Locomotion_1,X6,92.047,0.0
Locomotion_1,X6,92.187,0.0
Locomotion_1,X6,92.327,0.0
Locomotion_1,X6,92.467,0.0
Locomotion_1,X6,92.607,0.0
Locomotion_1,X6,92.747,0.0
Locomotion_1,X6,92.887,0.0
Locomotion_1,X6,93.027,0.0
Locomotion_1,X6,93.167,0.0
Locomotion_1,X6,93.307,0.0
Locomotion_1,X6,93.447,0.0
Locomotion_1,X6,93.587,0.0
Locomotion_1,X6,93.727,0.0
Locomotion_1,X6,93.867,0.0
Locomotion_1,X6,94.007,0.0
Locomotion_1,X6,94.147,0.0
Locomotion_1,X6,94.287,0.0
Locomotion_1,X6,94.427,0.0
Locomotion_1,X6,94.567,0.0
Locomotion_1,X6,94.707,0.0
Locomotion_1,X6,94.847,0.0
Locomotion_1,X6,94.987,0.0
Locomotion_1,X6,95.127,0.0
Locomotion_1,X6,95.267,0.0
Locomotion_1,X6,95.407,0.0
Locomotion_1,X6,95.547,0.0
Locomotion_1,X6,95.687,0.0
Locomotion_1,X6,95.827,0.0
Locomotion_1,X6,95.967,0.0
Locomotion_1,X6,96.107,0.0
Locomotion_1,X6,96.247,0.0
Locomotion_1,X6,96.387,0.0
Locomotion_1,X6,96.527,0.0
Locomotion_1,X6,96.667,0.0
Locomotion_1,X6,96.807,0.0
Locomotion_1,X6,96.947,0.0
Locomotion_1,X6,97.087,0.0
Locomotion_1,X6,97.227,0.0
Locomotion_1,X6,97.367,0.0
Locomotion_1,X6,97.507,0.0
Locomotion_1,X6,97.647,0.0
Locomotion_1,X6,97.787,0.0
Locomotion_1,X6,97.927,0.0
Locomotion_1,X6,98.067,0.0
Locomotion_1,X6,98.207,0.0
Locomotion_1,X6,98.347,0.0
Locomotion_1,X6,98.487,0.0
Locomotion_1,X6,98.627,0.0
Locomotion_1,X6,98.767,0.0
Locomotion_1,X6,98.907,0.0
Locomotion_1,X6,99.047,0.0
Locomotion_1,X6,99.187,0.0
Locomotion_1,X6,99.327,0.0
Locomotion_1,X6,99.467,0.0
Locomotion_1,X6,99.607,0.0
Locomotion_1,X6,99.747,0.0
Locomotion_1,X6,99.887,0.0
Locomotion_1,X6,100.027,0.0
Locomotion_1,X6,100.167,0.0
Locomotion_1,X6,100.307,0.0
Locomotion_1,X6,100.447,0.0
Locomotion_1,X6,100.587,0.0
Locomotion_1,X6,100.727,0.0
Locomotion_1,X6,100.867,0.0
Locomotion_1,X6,101.007,0.0
Locomotion_1,X6,101.147,0.0
Locomotion_1,X6,101.287,0.0
Locomotion_1,X6,101.427,0.0
Locomotion_1,X6,101.567,0.0
Locomotion_1,X6,101.707,0.0
Locomotion_1,X6,101.847,0.0
Locomotion_1,X6,101.987,0.0
Locomotion_1,X6,102.127,0.0549
Locomotion_1,X6,102.267,1.0
Locomotion_1,X7,0.067,1.0
Locomotion_1,X7,0.207,0.0549
Locomotion_1,X7,0.347,0.0
Locomotion_1,X7,0.487,0.0
Locomotion_1,X7,0.627,0.0
Locomotion_1,X7,0.767,0.0
Locomotion_1,X7,0.907,0.0
Locomotion_1,X7,1.047,0.0
Locomotion_1,X7,1.187,0.0
Locomotion_1,X7,1.327,0.0
Locomotion_1,X7,1.467,0.0
Locomotion_1,X7,1.607,0.0
Locomotion_1,X7,1.747,0.0
Locomotion_1,X7,1.887,0.0
Locomotion_1,X7,2.027,0.0
Locomotion_1,X7,2.167,0.0
Locomotion_1,X7,2.307,0.0
Locomotion_1,X7,2.447,0.0
Locomotion_1,X7,2.587,0.0
Locomotion_1,X7,2.727,0.0
Locomotion_1,X7,2.867,0.0
Locomotion_1,X7,3.007,0.0
Locomotion_1,X7,3.147,0.0
Locomotion_1,X7,3.287,0.0
Locomotion_1,X7,3.427,0.0
Locomotion_1,X7,3.567,0.0
Locomotion_1,X7,3.707,0.0
Locomotion_1,X7,3.847,0.0
Locomotion_1,X7,3.987,0.0
Locomotion_1,X7,4.127,0.0
Locomotion_1,X7,4.267,0.0
Locomotion_1,X7,4.407,0.0
Locomotion_1,X7,4.547,0.0
Locomotion_1,X7,4.687,0.0
Locomotion_1,X7,4.827,0.0
Locomotion_1,X7,4.967,0.0
Locomotion_1,X7,5.107,0.0
Locomotion_1,X7,5.247,0.0
Locomotion_1,X7,5.387,0.0
Locomotion_1,X7,5.527,0.0
Locomotion_1,X7,5.667,0.0
Locomotion_1,X7,5.807,0.0
Locomotion_1,X7,5.947,0.0
Locomotion_1,X7,6.087,0.0
Locomotion_1,X7,6.227,0.0
Locomotion_1,X7,6.367,0.0
Locomotion_1,X7,6.507,0.0
Locomotion_1,X7,6.647,0.0
Locomotion_1,X7,6.787,0.0
Locomotion_1,X7,6.927,0.0
Locomotion_1,X7,7.067,0.0
Locomotion_1,X7,7.207,0.0
Locomotion_1,X7,7.347,0.0
Locomotion_1,X7,7.487,0.0
Locomotion_1,X7,7.627,0.0
Locomotion_1,X7,7.767,0.0
Locomotion_1,X7,7.907,0.0
Locomotion_1,X7,8.047,0.0
Locomotion_1,X7,8.187,0.0
Locomotion_1,X7,8.327,0.0
Locomotion_1,X7,8.467,0.0
Locomotion_1,X7,8.607,0.0
Locomotion_1,X7,8.747,0.0
Locomotion_1,X7,8.887,0.0
Locomotion_1,X7,9.027,0.0
Locomotion_1,X7,9.167,0.0
Locomotion_1,X7,9.307,0.0
Locomotion_1,X7,9.447,0.0
Locomotion_1,X7,9.587,0.0
Locomotion_1,X7,9.727,0.0
Locomotion_1,X7,9.867,0.0
Locomotion_1,X7,10.007,0.0
Locomotion_1,X7,10.147,0.0
Locomotion_1,X7,10.287,0.0
Locomotion_1,X7,10.427,0.0
Locomotion_1,X7,10.567,0.0
Locomotion_1,X7,10.707,0.0
Locomotion_1,X7,10.847,0.0
Locomotion_1,X7,10.987,0.0
Locomotion_1,X7,11.127,0.0
Locomotion_1,X7,11.267,0.0
Locomotion_1,X7,11.407,0.0
Locomotion_1,X7,11.547,0.0
Locomotion_1,X7,11.687,0.0
Locomotion_1,X7,11.827,0.0
Locomotion_1,X7,11.967,0.0
Locomotion_1,X7,12.107,0.0
Locomotion_1,X7,12.247,0.0
Locomotion_1,X7,12.387,0.0
Locomotion_1,X7,12.527,0.0
Locomotion_1,X7,12.667,0.0
Locomotion_1,X7,12.807,0.0
Locomotion_1,X7,12.947,0.0
Locomotion_1,X7,13.087,0.0
Locomotion_1,X7,13.227,0.0
Locomotion_1,X7,13.367,0.0
Locomotion_1,X7,13.507,0.0
Locomotion_1,X7,13.647,0.0
Locomotion_1,X7,13.787,0.0
Locomotion_1,X7,13.927,0.0
Locomotion_1,X7,14.067,0.0
Locomotion_1,X7,14.207,0.0
Locomotion_1,X7,14.347,0.0
Locomotion_1,X7,14.487,0.0
Locomotion_1,X7,14.627,0.0
Locomotion_1,X7,14.767,0.0
Locomotion_1,X7,14.907,0.0
Locomotion_1,X7,15.047,0.0
Locomotion_1,X7,15.187,0.0
Locomotion_1,X7,15.327,0.0
Locomotion_1,X7,15.467,0.0
Locomotion_1,X7,15.607,0.0
Locomotion_1,X7,15.747,0.0
Locomotion_1,X7,15.887,0.0
Locomotion_1,X7,16.027,0.0
Locomotion_1,X7,16.167,0.0
Locomotion_1,X7,16.307,0.0
Locomotion_1,X7,16.447,0.0
Locomotion_1,X7,16.587,0.0
Locomotion_1,X7,16.727,0.0
Locomotion_1,X7,16.867,0.0
Locomotion_1,X7,17.007,0.0
Locomotion_1,X7,17.147,0.0
Locomotion_1,X7,17.287,0.0
Locomotion_1,X7,17.427,0.0
Locomotion_1,X7,17.567,0.0
Locomotion_1,X7,17.707,0.0
Locomotion_1,X7,17.847,0.0
Locomotion_1,X7,17.987,0.0
Locomotion_1,X7,18.127,0.0
Locomotion_1,X7,18.267,0.0
Locomotion_1,X7,18.407,0.0
Locomotion_1,X7,18.547,0.0
Locomotion_1,X7,18.687,0.0
Locomotion_1,X7,18.827,0.0
Locomotion_1,X7,18.967,0.0
Locomotion_1,X7,19.107,0.0
Locomotion_1,X7,19.247,0.0
Locomotion_1,X7,19.387,0.0
Locomotion_1,X7,19.527,0.0
Locomotion_1,X7,19.667,0.0
Locomotion_1,X7,19.807,0.0
Locomotion_1,X7,19.947,0.0
Locomotion_1,X7,20.087,0.0
Locomotion_1,X7,20.227,0.0
Locomotion_1,X7,20.367,0.0
Locomotion_1,X7,20.507,0.0
Locomotion_1,X7,20.647,0.0
Locomotion_1,X7,20.787,0.0
Locomotion_1,X7,20.927,0.0
Locomotion_1,X7,21.067,0.0
Locomotion_1,X7,21.207,0.0
Locomotion_1,X7,21.347,0.0
Locomotion_1,X7,21.487,0.0
Locomotion_1,X7,21.627,0.0
Locomotion_1,X7,21.767,0.0
Locomotion_1,X7,21.907,0.0
Locomotion_1,X7,22.047,0.0
Locomotion_1,X7,22.187,0.0
Locomotion_1,X7,22.327,0.0
Locomotion_1,X7,22.467,0.0
Locomotion_1,X7,22.607,0.0
Locomotion_1,X7,22.747,0.0
Locomotion_1,X7,22.887,0.0
Locomotion_1,X7,23.027,0.0
Locomotion_1,X7,23.167,0.0
Locomotion_1,X7,23.307,0.0
Locomotion_1,X7,23.447,0.0
Locomotion_1,X7,23.587,0.0
Locomotion_1,X7,23.727,0.0
Locomotion_1,X7,23.867,0.0
Locomotion_1,X7,24.007,0.0
Locomotion_1,X7,24.147,0.0
Locomotion_1,X7,24.287,0.0
Locomotion_1,X7,24.427,0.0
Locomotion_1,X7,24.567,0.0
Locomotion_1,X7,24.707,0.0
Locomotion_1,X7,24.847,0.0
Locomotion_1,X7,24.987,0.0
Locomotion_1,X7,25.127,0.0
Locomotion_1,X7,25.267,0.0
Locomotion_1,X7,25.407,0.0
Locomotion_1,X7,25.547,0.0
Locomotion_1,X7,25.687,0.0
Locomotion_1,X7,25.827,0.0
Locomotion_1,X7,25.967,0.0
Locomotion_1,X7,26.107,0.0
Locomotion_1,X7,26.247,0.0
Locomotion_1,X7,26.387,0.0
Locomotion_1,X7,26.527,0.0
Locomotion_1,X7,26.667,0.0
Locomotion_1,X7,26.807,0.0
Locomotion_1,X7,26.947,0.0
Locomotion_1,X7,27.087,0.0
Locomotion_1,X7,27.227,0.0
Locomotion_1,X7,27.367,0.0
Locomotion_1,X7,27.507,0.0
Locomotion_1,X7,27.647,0.0
Locomotion_1,X7,27.787,0.0
Locomotion_1,X7,27.927,0.0
Locomotion_1,X7,28.067,0.0
Locomotion_1,X7,28.207,0.0
Locomotion_1,X7,28.347,0.0
Locomotion_1,X7,28.487,0.0
Locomotion_1,X7,28.627,0.0
Locomotion_1,X7,28.767,0.0
Locomotion_1,X7,28.907,0.0
Locomotion_1,X7,29.047,0.0
Locomotion_1,X7,29.187,0.0
Locomotion_1,X7,29.327,0.0
Locomotion_1,X7,29.467,0.0
Locomotion_1,X7,29.607,0.0
Locomotion_1,X7,29.747,0.0
Locomotion_1,X7,29.887,0.0
Locomotion_1,X7,30.027,0.0
Locomotion_1,X7,30.167,0.0
Locomotion_1,X7,30.307,0.0
Locomotion_1,X7,30.447,0.0
Locomotion_1,X7,30.587,0.0
Locomotion_1,X7,30.727,0.0
Locomotion_1,X7,30.867,0.0
Locomotion_1,X7,31.007,0.0
Locomotion_1,X7,31.147,0.0
Locomotion_1,X7,31.287,0.0
Locomotion_1,X7,31.427,0.0
Locomotion_1,X7,31.567,0.0
Locomotion_1,X7,31.707,0.0
Locomotion_1,X7,31.847,0.0
Locomotion_1,X7,31.987,0.0
Locomotion_1,X7,32.127,0.0
Locomotion_1,X7,32.267,0.0
Locomotion_1,X7,32.407,0.0
Locomotion_1,X7,32.547,0.0
Locomotion_1,X7,32.687,0.0
Locomotion_1,X7,32.827,0.0
Locomotion_1,X7,32.967,0.0
Locomotion_1,X7,33.107,0.0
Locomotion_1,X7,33.247,0.0
Locomotion_1,X7,33.387,0.0
Locomotion_1,X7,33.527,0.0
Locomotion_1,X7,33.667,0.0
Locomotion_1,X7,33.807,0.0
Locomotion_1,X7,33.947,0.0
Locomotion_1,X7,34.087,0.0
Locomotion_1,X7,34.227,0.0
Locomotion_1,X7,34.367,0.0
Locomotion_1,X7,34.507,0.0
Locomotion_1,X7,34.647,0.0
Locomotion_1,X7,34.787,0.0
Locomotion_1,X7,34.927,0.0
Locomotion_1,X7,35.067,0.0
Locomotion_1,X7,35.207,0.0
Locomotion_1,X7,35.347,0.0
Locomotion_1,X7,35.487,0.0
Locomotion_1,X7,35.627,0.0
Locomotion_1,X7,35.767,0.0
Locomotion_1,X7,35.907,0.0
Locomotion_1,X7,36.047,0.0
Locomotion_1,X7,36.187,0.0
Locomotion_1,X7,36.327,0.0
Locomotion_1,X7,36.467,0.0
Locomotion_1,X7,36.607,0.0
Locomotion_1,X7,36.747,0.0
Locomotion_1,X7,36.887,0.0
Locomotion_1,X7,37.027,0.0
Locomotion_1,X7,37.167,0.0
Locomotion_1,X7,37.307,0.0
Locomotion_1,X7,37.447,0.0
Locomotion_1,X7,37.587,0.0
Locomotion_1,X7,37.727,0.0
Locomotion_1,X7,37.867,0.0
Locomotion_1,X7,38.007,0.0
Locomotion_1,X7,38.147,0.0
Locomotion_1,X7,38.287,0.0
Locomotion_1,X7,38.427,0.0
Locomotion_1,X7,38.567,0.0
Locomotion_1,X7,38.707,0.0
Locomotion_1,X7,38.847,0.0
Locomotion_1,X7,38.987,0.0
Locomotion_1,X7,39.127,0.0
Locomotion_1,X7,39.267,0.0
Locomotion_1,X7,39.407,0.0
Locomotion_1,X7,39.547,0.0
Locomotion_1,X7,39.687,0.0
Locomotion_1,X7,39.827,0.0
Locomotion_1,X7,39.967,0.0
Locomotion_1,X7,40.107,0.0
Locomotion_1,X7,40.247,0.0
Locomotion_1,X7,40.387,0.0
Locomotion_1,X7,40.527,0.0
Locomotion_1,X7,40.667,0.0
Locomotion_1,X7,40.807,0.0
Locomotion_1,X7,40.947,0.0
Locomotion_1,X7,41.087,0.0
Locomotion_1,X7,41.227,0.0
Locomotion_1,X7,41.367,0.0
Locomotion_1,X7,41.507,0.0
Locomotion_1,X7,41.647,0.0
Locomotion_1,X7,41.787,0.0
Locomotion_1,X7,41.927,0.0
Locomotion_1,X7,42.067,0.0
Locomotion_1,X7,42.207,0.0
Locomotion_1,X7,42.347,0.0
Locomotion_1,X7,42.487,0.0
Locomotion_1,X7,42.627,0.0
Locomotion_1,X7,42.767,0.0
Locomotion_1,X7,42.907,0.0
Locomotion_1,X7,43.047,0.0
Locomotion_1,X7,43.187,0.0
Locomotion_1,X7,43.327,0.0
Locomotion_1,X7,43.467,0.0
Locomotion_1,X7,43.607,0.0
Locomotion_1,X7,43.747,0.0
Locomotion_1,X7,43.887,0.0
Locomotion_1,X7,44.027,0.0
Locomotion_1,X7,44.167,0.0
Locomotion_1,X7,44.307,0.0
Locomotion_1,X7,44.447,0.0
Locomotion_1,X7,44.587,0.0
Locomotion_1,X7,44.727,0.0
Locomotion_1,X7,44.867,0.0
Locomotion_1,X7,45.007,0.0
Locomotion_1,X7,45.147,0.0
Locomotion_1,X7,45.287,0.0
Locomotion_1,X7,45.427,0.0
Locomotion_1,X7,45.567,0.0
Locomotion_1,X7,45.707,0.0
Locomotion_1,X7,45.847,0.0
Locomotion_1,X7,45.987,0.0
Locomotion_1,X7,46.127,0.0
Locomotion_1,X7,46.267,0.0
Locomotion_1,X7,46.407,0.0
Locomotion_1,X7,46.547,0.0
Locomotion_1,X7,46.687,0.0
Locomotion_1,X7,46.827,0.0
Locomotion_1,X7,46.967,0.0
Locomotion_1,X7,47.107,0.0
Locomotion_1,X7,47.247,0.0
Locomotion_1,X7,47.387,0.0
Locomotion_1,X7,47.527,0.0
Locomotion_1,X7,47.667,0.0
Locomotion_1,X7,47.807,0.0
Locomotion_1,X7,47.947,0.0
Locomotion_1,X7,48.087,0.0
Locomotion_1,X7,48.227,0.0
Locomotion_1,X7,48.367,0.0
Locomotion_1,X7,48.507,0.0
Locomotion_1,X7,48.647,0.0
Locomotion_1,X7,48.787,0.0
Locomotion_1,X7,48.927,0.0
Locomotion_1,X7,49.067,0.0
Locomotion_1,X7,49.207,0.0
Locomotion_1,X7,49.347,0.0
Locomotion_1,X7,49.487,0.0
Locomotion_1,X7,49.627,0.0
Locomotion_1,X7,49.767,0.0
Locomotion_1,X7,49.907,0.0
Locomotion_1,X7,50.047,0.0
Locomotion_1,X7,50.187,0.0
Locomotion_1,X7,50.327,0.0
Locomotion_1,X7,50.467,0.0
Locomotion_1,X7,50.607,0.0
Locomotion_1,X7,50.747,0.0
Locomotion_1,X7,50.887,0.0
Locomotion_1,X7,51.027,0.0
Locomotion_1,X7,51.167,0.0
Locomotion_1,X7,51.307,0.0
Locomotion_1,X7,51.447,0.0
Locomotion_1,X7,51.587,0.0
Locomotion_1,X7,51.727,0.0
Locomotion_1,X7,51.867,0.0
Locomotion_1,X7,52.007,0.0
Locomotion_1,X7,52.147,0.0
Locomotion_1,X7,52.287,0.0
Locomotion_1,X7,52.427,0.0
Locomotion_1,X7,52.567,0.0
Locomotion_1,X7,52.707,0.0
Locomotion_1,X7,52.847,0.0
Locomotion_1,X7,52.987,0.0
Locomotion_1,X7,53.127,0.0
Locomotion_1,X7,53.267,0.0
Locomotion_1,X7,53.407,0.0
Locomotion_1,X7,53.547,0.0
Locomotion_1,X7,53.687,0.0
Locomotion_1,X7,53.827,0.0
Locomotion_1,X7,53.967,0.0
Locomotion_1,X7,54.107,0.0
Locomotion_1,X7,54.247,0.0
Locomotion_1,X7,54.387,0.0
Locomotion_1,X7,54.527,0.0
Locomotion_1,X7,54.667,0.0
Locomotion_1,X7,54.807,0.0
Locomotion_1,X7,54.947,0.0
Locomotion_1,X7,55.087,0.0
Locomotion_1,X7,55.227,0.0
Locomotion_1,X7,55.367,0.0
Locomotion_1,X7,55.507,0.0
Locomotion_1,X7,55.647,0.0
Locomotion_1,X7,55.787,0.0
Locomotion_1,X7,55.927,0.0
Locomotion_1,X7,56.067,0.0
Locomotion_1,X7,56.207,0.0
Locomotion_1,X7,56.347,0.0
Locomotion_1,X7,56.487,0.0
Locomotion_1,X7,56.627,0.0
Locomotion_1,X7,56.767,0.0
Locomotion_1,X7,56.907,0.0
Locomotion_1,X7,57.047,0.0
Locomotion_1,X7,57.187,0.0
Locomotion_1,X7,57.327,0.0
Locomotion_1,X7,57.467,0.0
Locomotion_1,X7,57.607,0.0
Locomotion_1,X7,57.747,0.0
Locomotion_1,X7,57.887,0.0
Locomotion_1,X7,58.027,0.0
Locomotion_1,X7,58.167,0.0
Locomotion_1,X7,58.307,0.0
Locomotion_1,X7,58.447,0.0
Locomotion_1,X7,58.587,0.0
Locomotion_1,X7,58.727,0.0
Locomotion_1,X7,58.867,0.0
Locomotion_1,X7,59.007,0.0
Locomotion_1,X7,59.147,0.0
Locomotion_1,X7,59.287,0.0
Locomotion_1,X7,59.427,0.0
Locomotion_1,X7,59.567,0.0
Locomotion_1,X7,59.707,0.0
Locomotion_1,X7,59.847,0.0
Locomotion_1,X7,59.987,0.0
Locomotion_1,X7,60.127,0.0
Locomotion_1,X7,60.267,0.0
Locomotion_1,X7,60.407,0.0
Locomotion_1,X7,60.547,0.0
Locomotion_1,X7,60.687,0.0
Locomotion_1,X7,60.827,0.0
Locomotion_1,X7,60.967,0.0
Locomotion_1,X7,61.107,0.0
Locomotion_1,X7,61.247,0.0
Locomotion_1,X7,61.387,0.0
Locomotion_1,X7,61.527,0.0
Locomotion_1,X7,61.667,0.0
Locomotion_1,X7,61.807,0.0
Locomotion_1,X7,61.947,0.0
Locomotion_1,X7,62.087,0.0
Locomotion_1,X7,62.227,0.0
Locomotion_1,X7,62.367,0.0
Locomotion_1,X7,62.507,0.0
Locomotion_1,X7,62.647,0.0
Locomotion_1,X7,62.787,0.0
Locomotion_1,X7,62.927,0.0
Locomotion_1,X7,63.067,0.0
Locomotion_1,X7,63.207,0.0
Locomotion_1,X7,63.347,0.0
Locomotion_1,X7,63.487,0.0
Locomotion_1,X7,63.627,0.0
Locomotion_1,X7,63.767,0.0
Locomotion_1,X7,63.907,0.0
Locomotion_1,X7,64.047,0.0
Locomotion_1,X7,64.187,0.0
Locomotion_1,X7,64.327,0.0
Locomotion_1,X7,64.467,0.0
Locomotion_1,X7,64.607,0.0
Locomotion_1,X7,64.747,0.0
Locomotion_1,X7,64.887,0.0
Locomotion_1,X7,65.027,0.0
Locomotion_1,X7,65.167,0.0
Locomotion_1,X7,65.307,0.0
Locomotion_1,X7,65.447,0.0
Locomotion_1,X7,65.587,0.0
Locomotion_1,X7,65.727,0.0
Locomotion_1,X7,65.867,0.0
Locomotion_1,X7,66.007,0.0
Locomotion_1,X7,66.147,0.0
Locomotion_1,X7,66.287,0.0
Locomotion_1,X7,66.427,0.0
Locomotion_1,X7,66.567,0.0
Locomotion_1,X7,66.707,0.0
Locomotion_1,X7,66.847,0.0
Locomotion_1,X7,66.987,0.0
Locomotion_1,X7,67.127,0.0
Locomotion_1,X7,67.267,0.0
Locomotion_1,X7,67.407,0.0
Locomotion_1,X7,67.547,0.0
Locomotion_1,X7,67.687,0.0
Locomotion_1,X7,67.827,0.0
Locomotion_1,X7,67.967,0.0
Locomotion_1,X7,68.107,0.0
Locomotion_1,X7,68.247,0.0
Locomotion_1,X7,68.387,0.0
Locomotion_1,X7,68.527,0.0
Locomotion_1,X7,68.667,0.0
Locomotion_1,X7,68.807,0.0
Locomotion_1,X7,68.947,0.0
Locomotion_1,X7,69.087,0.0
Locomotion_1,X7,69.227,0.0
Locomotion_1,X7,69.367,0.0
Locomotion_1,X7,69.507,0.0
Locomotion_1,X7,69.647,0.0
Locomotion_1,X7,69.787,0.0
Locomotion_1,X7,69.927,0.0
Locomotion_1,X7,70.067,0.0
Locomotion_1,X7,70.207,0.0
Locomotion_1,X7,70.347,0.0
Locomotion_1,X7,70.487,0.0
Locomotion_1,X7,70.627,0.0
Locomotion_1,X7,70.767,0.0
Locomotion_1,X7,70.907,0.0
Locomotion_1,X7,71.047,0.0
Locomotion_1,X7,71.187,0.0
Locomotion_1,X7,71.327,0.0
Locomotion_1,X7,71.467,0.0
Locomotion_1,X7,71.607,0.0
Locomotion_1,X7,71.747,0.0
Locomotion_1,X7,71.887,0.0
Locomotion_1,X7,72.027,0.0
Locomotion_1,X7,72.167,0.0
Locomotion_1,X7,72.307,0.0
Locomotion_1,X7,72.447,0.0
Locomotion_1,X7,72.587,0.0
Locomotion_1,X7,72.727,0.0
Locomotion_1,X7,72.867,0.0
Locomotion_1,X7,73.007,0.0
Locomotion_1,X7,73.147,0.0
Locomotion_1,X7,73.287,0.0
Locomotion_1,X7,73.427,0.0
Locomotion_1,X7,73.567,0.0
Locomotion_1,X7,73.707,0.0
Locomotion_1,X7,73.847,0.0
Locomotion_1,X7,73.987,0.0
Locomotion_1,X7,74.127,0.0
Locomotion_1,X7,74.267,0.0
Locomotion_1,X7,74.407,0.0
Locomotion_1,X7,74.547,0.0
Locomotion_1,X7,74.687,0.0
Locomotion_1,X7,74.827,0.0
Locomotion_1,X7,74.967,0.0
Locomotion_1,X7,75.107,0.0
Locomotion_1,X7,75.247,0.0
Locomotion_1,X7,75.387,0.0
Locomotion_1,X7,75.527,0.0
Locomotion_1,X7,75.667,0.0
Locomotion_1,X7,75.807,0.0
Locomotion_1,X7,75.947,0.0
Locomotion_1,X7,76.087,0.0
Locomotion_1,X7,76.227,0.0
Locomotion_1,X7,76.367,0.0
Locomotion_1,X7,76.507,0.0
Locomotion_1,X7,76.647,0.0
Locomotion_1,X7,76.787,0.0
Locomotion_1,X7,76.927,0.0
Locomotion_1,X7,77.067,0.0
Locomotion_1,X7,77.207,0.0
Locomotion_1,X7,77.347,0.0
Locomotion_1,X7,77.487,0.0
Locomotion_1,X7,77.627,0.0
Locomotion_1,X7,77.767,0.0
Locomotion_1,X7,77.907,0.0
Locomotion_1,X7,78.047,0.0
Locomotion_1,X7,78.187,0.0
Locomotion_1,X7,78.327,0.0
Locomotion_1,X7,78.467,0.0
Locomotion_1,X7,78.607,0.0
Locomotion_1,X7,78.747,0.0
Locomotion_1,X7,78.887,0.0
Locomotion_1,X7,79.027,0.0
Locomotion_1,X7,79.167,0.0
Locomotion_1,X7,79.307,0.0
Locomotion_1,X7,79.447,0.0
Locomotion_1,X7,79.587,0.0
Locomotion_1,X7,79.727,0.0
Locomotion_1,X7,79.867,0.0
Locomotion_1,X7,80.007,0.0
Locomotion_1,X7,80.147,0.0
Locomotion_1,X7,80.287,0.0
Locomotion_1,X7,80.427,0.0
Locomotion_1,X7,80.567,0.0
Locomotion_1,X7,80.707,0.0
Locomotion_1,X7,80.847,0.0
Locomotion_1,X7,80.987,0.0
Locomotion_1,X7,81.127,0.0
Locomotion_1,X7,81.267,0.0
Locomotion_1,X7,81.407,0.0
Locomotion_1,X7,81.547,0.0
Locomotion_1,X7,81.687,0.0
Locomotion_1,X7,81.827,0.0
Locomotion_1,X7,81.967,0.0
Locomotion_1,X7,82.107,0.0
Locomotion_1,X7,82.247,0.0
Locomotion_1,X7,82.387,0.0
Locomotion_1,X7,82.527,0.0
Locomotion_1,X7,82.667,0.0
Locomotion_1,X7,82.807,0.0
Locomotion_1,X7,82.947,0.0
Locomotion_1,X7,83.087,0.0
Locomotion_1,X7,83.227,0.0
Locomotion_1,X7,83.367,0.0
Locomotion_1,X7,83.507,0.0
Locomotion_1,X7,83.647,0.0
Locomotion_1,X7,83.787,0.0
Locomotion_1,X7,83.927,0.0
Locomotion_1,X7,84.067,0.0
Locomotion_1,X7,84.207,0.0
Locomotion_1,X7,84.347,0.0
Locomotion_1,X7,84.487,0.0
Locomotion_1,X7,84.627,0.0
Locomotion_1,X7,84.767,0.0
Locomotion_1,X7,84.907,0.0
Locomotion_1,X7,85.047,0.0
Locomotion_1,X7,85.187,0.0
Locomotion_1,X7,85.327,0.0
Locomotion_1,X7,85.467,0.0
Locomotion_1,X7,85.607,0.0
Locomotion_1,X7,85.747,0.0
Locomotion_1,X7,85.887,0.0
Locomotion_1,X7,86.027,0.0
Locomotion_1,X7,86.167,0.0
Locomotion_1,X7,86.307,0.0
Locomotion_1,X7,86.447,0.0
Locomotion_1,X7,86.587,0.0
Locomotion_1,X7,86.727,0.0
Locomotion_1,X7,86.867,0.0
Locomotion_1,X7,87.007,0.0
Locomotion_1,X7,87.147,0.0
Locomotion_1,X7,87.287,0.0
Locomotion_1,X7,87.427,0.0
Locomotion_1,X7,87.567,0.0
Locomotion_1,X7,87.707,0.0
Locomotion_1,X7,87.847,0.0
Locomotion_1,X7,87.987,0.0
Locomotion_1,X7,88.127,0.0
Locomotion_1,X7,88.267,0.0
Locomotion_1,X7,88.407,0.0
Locomotion_1,X7,88.547,0.0
Locomotion_1,X7,88.687,0.0
Locomotion_1,X7,88.827,0.0
Locomotion_1,X7,88.967,0.0
Locomotion_1,X7,89.107,0.0
Locomotion_1,X7,89.247,0.0
Locomotion_1,X7,89.387,0.0
Locomotion_1,X7,89.527,0.0
Locomotion_1,X7,89.667,0.0
Locomotion_1,X7,89.807,0.0
Locomotion_1,X7,89.947,0.0
Locomotion_1,X7,90.087,0.0
Locomotion_1,X7,90.227,0.0
Locomotion_1,X7,90.367,0.0
Locomotion_1,X7,90.507,0.0
Locomotion_1,X7,90.647,0.0
Locomotion_1,X7,90.787,0.0
Locomotion_1,X7,90.927,0.0
Locomotion_1,X7,91.067,0.0
Locomotion_1,X7,91.207,0.0
Locomotion_1,X7,91.347,0.0
Locomotion_1,X7,91.487,0.0
Locomotion_1,X7,91.627,0.0
Locomotion_1,X7,91.767,0.0
Locomotion_1,X7,91.907,0.0
Locomotion_1,X7,92.047,0.0
Locomotion_1,X7,92.187,0.0
Locomotion_1,X7,92.327,0.0
Locomotion_1,X7,92.467,0.0
Locomotion_1,X7,92.607,0.0
Locomotion_1,X7,92.747,0.0
Locomotion_1,X7,92.887,0.0
Locomotion_1,X7,93.027,0.0
Locomotion_1,X7,93.167,0.0
Locomotion_1,X7,93.307,0.0
Locomotion_1,X7,93.447,0.0
Locomotion_1,X7,93.587,0.0
Locomotion_1,X7,93.727,0.0
Locomotion_1,X7,93.867,0.0
Locomotion_1,X7,94.007,0.0
Locomotion_1,X7,94.147,0.0
Locomotion_1,X7,94.287,0.0
Locomotion_1,X7,94.427,0.0
Locomotion_1,X7,94.567,0.0
Locomotion_1,X7,94.707,0.0
Locomotion_1,X7,94.847,0.0
Locomotion_1,X7,94.987,0.0
Locomotion_1,X7,95.127,0.0
Locomotion_1,X7,95.267,0.0
Locomotion_1,X7,95.407,0.0
Locomotion_1,X7,95.547,0.0
Locomotion_1,X7,95.687,0.0
Locomotion_1,X7,95.827,0.0
Locomotion_1,X7,95.967,0.0
Locomotion_1,X7,96.107,0.0
Locomotion_1,X7,96.247,0.0
Locomotion_1,X7,96.387,0.0
Locomotion_1,X7,96.527,0.0
Locomotion_1,X7,96.667,0.0
Locomotion_1,X7,96.807,0.0
Locomotion_1,X7,96.947,0.0
Locomotion_1,X7,97.087,0.0
Locomotion_1,X7,97.227,0.0
Locomotion_1,X7,97.367,0.0
Locomotion_1,X7,97.507,0.0
Locomotion_1,X7,97.647,0.0
Locomotion_1,X7,97.787,0.0
Locomotion_1,X7,97.927,0.0
Locomotion_1,X7,98.067,0.0
Locomotion_1,X7,98.207,0.0
Locomotion_1,X7,98.347,0.0
Locomotion_1,X7,98.487,0.0
Locomotion_1,X7,98.627,0.0
Locomotion_1,X7,98.767,0.0
Locomotion_1,X7,98.907,0.0
Locomotion_1,X7,99.047,0.0
Locomotion_1,X7,99.187,0.0
Locomotion_1,X7,99.327,0.0
Locomotion_1,X7,99.467,0.0
Locomotion_1,X7,99.607,0.0
Locomotion_1,X7,99.747,0.0
Locomotion_1,X7,99.887,0.0
Locomotion_1,X7,100.027,0.0
Locomotion_1,X7,100.167,0.0
Locomotion_1,X7,100.307,0.0
Locomotion_1,X7,100.447,0.0
Locomotion_1,X7,100.587,0.0
Locomotion_1,X7,100.727,0.0
Locomotion_1,X7,100.867,0.0
Locomotion_1,X7,101.007,0.0
Locomotion_1,X7,101.147,0.0
Locomotion_1,X7,101.287,0.0
Locomotion_1,X7,101.427,0.0
Locomotion_1,X7,101.567,0.0
Locomotion_1,X7,101.707,0.0
Locomotion_1,X7,101.847,0.0
Locomotion_1,X7,101.987,0.0
Locomotion_1,X7,102.127,0.0549
Locomotion_1,X7,102.267,1.0
Locomotion_1,X8,0.067,1.0
Locomotion_1,X8,0.207,1.0
Locomotion_1,X8,0.347,1.0
Locomotion_1,X8,0.487,1.0
Locomotion_1,X8,0.627,1.0
Locomotion_1,X8,0.767,1.0
Locomotion_1,X8,0.907,1.0
Locomotion_1,X8,1.047,1.0
Locomotion_1,X8,1.187,1.0
Locomotion_1,X8,1.327,1.0
Locomotion_1,X8,1.467,1.0
Locomotion_1,X8,1.607,1.0
Locomotion_1,X8,1.747,1.0
Locomotion_1,X8,1.887,1.0
Locomotion_1,X8,2.027,1.0
Locomotion_1,X8,2.167,1.0
Locomotion_1,X8,2.307,1.0
Locomotion_1,X8,2.447,1.0
Locomotion_1,X8,2.587,1.0
Locomotion_1,X8,2.727,1.0
Locomotion_1,X8,2.867,1.0
Locomotion_1,X8,3.007,1.0
Locomotion_1,X8,3.147,1.0
Locomotion_1,X8,3.287,1.0
Locomotion_1,X8,3.427,1.0
Locomotion_1,X8,3.567,1.0
Locomotion_1,X8,3.707,1.0
Locomotion_1,X8,3.847,1.0
Locomotion_1,X8,3.987,1.0
Locomotion_1,X8,4.127,1.0
Locomotion_1,X8,4.267,1.0
Locomotion_1,X8,4.407,1.0
Locomotion_1,X8,4.547,1.0
Locomotion_1,X8,4.687,1.0
Locomotion_1,X8,4.827,1.0
Locomotion_1,X8,4.967,1.0
Locomotion_1,X8,5.107,1.0
Locomotion_1,X8,5.247,1.0
Locomotion_1,X8,5.387,1.0
Locomotion_1,X8,5.527,1.0
Locomotion_1,X8,5.667,1.0
Locomotion_1,X8,5.807,1.0
Locomotion_1,X8,5.947,1.0
Locomotion_1,X8,6.087,1.0
Locomotion_1,X8,6.227,1.0
Locomotion_1,X8,6.367,1.0
Locomotion_1,X8,6.507,1.0
Locomotion_1,X8,6.647,1.0
Locomotion_1,X8,6.787,1.0
Locomotion_1,X8,6.927,1.0
Locomotion_1,X8,7.067,1.0
Locomotion_1,X8,7.207,1.0
Locomotion_1,X8,7.347,1.0
Locomotion_1,X8,7.487,1.0
Locomotion_1,X8,7.627,1.0
Locomotion_1,X8,7.767,1.0
Locomotion_1,X8,7.907,1.0
Locomotion_1,X8,8.047,1.0
Locomotion_1,X8,8.187,1.0
Locomotion_1,X8,8.327,1.0
Locomotion_1,X8,8.467,1.0
Locomotion_1,X8,8.607,1.0
Locomotion_1,X8,8.747,1.0
Locomotion_1,X8,8.887,1.0
Locomotion_1,X8,9.027,1.0
Locomotion_1,X8,9.167,1.0
Locomotion_1,X8,9.307,1.0
Locomotion_1,X8,9.447,1.0
Locomotion_1,X8,9.587,1.0
Locomotion_1,X8,9.727,1.0
Locomotion_1,X8,9.867,1.0
Locomotion_1,X8,10.007,1.0
Locomotion_1,X8,10.147,1.0
Locomotion_1,X8,10.287,1.0
Locomotion_1,X8,10.427,1.0
Locomotion_1,X8,10.567,1.0
Locomotion_1,X8,10.707,1.0
Locomotion_1,X8,10.847,1.0
Locomotion_1,X8,10.987,1.0
Locomotion_1,X8,11.127,1.0
Locomotion_1,X8,11.267,1.0
Locomotion_1,X8,11.407,1.0
Locomotion_1,X8,11.547,1.0
Locomotion_1,X8,11.687,1.0
Locomotion_1,X8,11.827,1.0
Locomotion_1,X8,11.967,1.0
Locomotion_1,X8,12.107,1.0
Locomotion_1,X8,12.247,1.0
Locomotion_1,X8,12.387,1.0
Locomotion_1,X8,12.527,1.0
Locomotion_1,X8,12.667,1.0
Locomotion_1,X8,12.807,1.0
Locomotion_1,X8,12.947,1.0
Locomotion_1,X8,13.087,1.0
Locomotion_1,X8,13.227,1.0
Locomotion_1,X8,13.367,1.0
Locomotion_1,X8,13.507,1.0
Locomotion_1,X8,13.647,1.0
Locomotion_1,X8,13.787,1.0
Locomotion_1,X8,13.927,1.0
Locomotion_1,X8,14.067,1.0
Locomotion_1,X8,14.207,1.0
Locomotion_1,X8,14.347,1.0
Locomotion_1,X8,14.487,1.0
Locomotion_1,X8,14.627,1.0
Locomotion_1,X8,14.767,1.0
Locomotion_1,X8,14.907,1.0
Locomotion_1,X8,15.047,1.0
Locomotion_1,X8,15.187,1.0
Locomotion_1,X8,15.327,1.0
Locomotion_1,X8,15.467,1.0
Locomotion_1,X8,15.607,1.0
Locomotion_1,X8,15.747,1.0
Locomotion_1,X8,15.887,1.0
Locomotion_1,X8,16.027,1.0
Locomotion_1,X8,16.167,1.0
Locomotion_1,X8,16.307,1.0
Locomotion_1,X8,16.447,1.0
Locomotion_1,X8,16.587,1.0
Locomotion_1,X8,16.727,1.0
Locomotion_1,X8,16.867,1.0
Locomotion_1,X8,17.007,1.0
Locomotion_1,X8,17.147,1.0
Locomotion_1,X8,17.287,1.0
Locomotion_1,X8,17.427,1.0
Locomotion_1,X8,17.567,1.0
Locomotion_1,X8,17.707,1.0
Locomotion_1,X8,17.847,1.0
Locomotion_1,X8,17.987,1.0
Locomotion_1,X8,18.127,1.0
Locomotion_1,X8,18.267,1.0
Locomotion_1,X8,18.407,1.0
Locomotion_1,X8,18.547,1.0
Locomotion_1,X8,18.687,1.0
Locomotion_1,X8,18.827,1.0
Locomotion_1,X8,18.967,1.0
Locomotion_1,X8,19.107,1.0
Locomotion_1,X8,19.247,1.0
Locomotion_1,X8,19.387,1.0
Locomotion_1,X8,19.527,1.0
Locomotion_1,X8,19.667,1.0
Locomotion_1,X8,19.807,1.0
Locomotion_1,X8,19.947,1.0
Locomotion_1,X8,20.087,1.0
Locomotion_1,X8,20.227,1.0
Locomotion_1,X8,20.367,1.0
Locomotion_1,X8,20.507,1.0
Locomotion_1,X8,20.647,1.0
Locomotion_1,X8,20.787,1.0
Locomotion_1,X8,20.927,1.0
Locomotion_1,X8,21.067,1.0
Locomotion_1,X8,21.207,1.0
Locomotion_1,X8,21.347,1.0
Locomotion_1,X8,21.487,1.0
Locomotion_1,X8,21.627,1.0
Locomotion_1,X8,21.767,1.0
Locomotion_1,X8,21.907,1.0
Locomotion_1,X8,22.047,1.0
Locomotion_1,X8,22.187,1.0
Locomotion_1,X8,22.327,1.0
Locomotion_1,X8,22.467,1.0
Locomotion_1,X8,22.607,1.0
Locomotion_1,X8,22.747,1.0
Locomotion_1,X8,22.887,1.0
Locomotion_1,X8,23.027,1.0
Locomotion_1,X8,23.167,1.0
Locomotion_1,X8,23.307,1.0
Locomotion_1,X8,23.447,1.0
Locomotion_1,X8,23.587,1.0
Locomotion_1,X8,23.727,1.0
Locomotion_1,X8,23.867,1.0
Locomotion_1,X8,24.007,1.0
Locomotion_1,X8,24.147,1.0
Locomotion_1,X8,24.287,1.0
Locomotion_1,X8,24.427,1.0
Locomotion_1,X8,24.567,1.0
Locomotion_1,X8,24.707,1.0
Locomotion_1,X8,24.847,1.0
Locomotion_1,X8,24.987,1.0
Locomotion_1,X8,25.127,1.0
Locomotion_1,X8,25.267,1.0
Locomotion_1,X8,25.407,1.0
Locomotion_1,X8,25.547,1.0
Locomotion_1,X8,25.687,1.0
Locomotion_1,X8,25.827,1.0
Locomotion_1,X8,25.967,1.0
Locomotion_1,X8,26.107,1.0
Locomotion_1,X8,26.247,1.0
Locomotion_1,X8,26.387,1.0
Locomotion_1,X8,26.527,1.0
Locomotion_1,X8,26.667,1.0
Locomotion_1,X8,26.807,1.0
Locomotion_1,X8,26.947,1.0
Locomotion_1,X8,27.087,1.0
Locomotion_1,X8,27.227,1.0
Locomotion_1,X8,27.367,1.0
Locomotion_1,X8,27.507,1.0
Locomotion_1,X8,27.647,1.0
Locomotion_1,X8,27.787,1.0
Locomotion_1,X8,27.927,1.0
Locomotion_1,X8,28.067,1.0
Locomotion_1,X8,28.207,1.0
Locomotion_1,X8,28.347,1.0
Locomotion_1,X8,28.487,1.0
Locomotion_1,X8,28.627,1.0
Locomotion_1,X8,28.767,1.0
Locomotion_1,X8,28.907,1.0
Locomotion_1,X8,29.047,1.0
Locomotion_1,X8,29.187,1.0
Locomotion_1,X8,29.327,1.0
Locomotion_1,X8,29.467,1.0
Locomotion_1,X8,29.607,1.0
Locomotion_1,X8,29.747,1.0
Locomotion_1,X8,29.887,1.0
Locomotion_1,X8,30.027,1.0
Locomotion_1,X8,30.167,1.0
Locomotion_1,X8,30.307,1.0
Locomotion_1,X8,30.447,1.0
Locomotion_1,X8,30.587,1.0
Locomotion_1,X8,30.727,1.0
Locomotion_1,X8,30.867,1.0
Locomotion_1,X8,31.007,1.0
Locomotion_1,X8,31.147,1.0
Locomotion_1,X8,31.287,1.0
Locomotion_1,X8,31.427,1.0
Locomotion_1,X8,31.567,1.0
Locomotion_1,X8,31.707,1.0
Locomotion_1,X8,31.847,1.0
Locomotion_1,X8,31.987,1.0
Locomotion_1,X8,32.127,1.0
Locomotion_1,X8,32.267,1.0
Locomotion_1,X8,32.407,1.0
Locomotion_1,X8,32.547,1.0
Locomotion_1,X8,32.687,1.0
Locomotion_1,X8,32.827,1.0
Locomotion_1,X8,32.967,1.0
Locomotion_1,X8,33.107,1.0
Locomotion_1,X8,33.247,1.0
Locomotion_1,X8,33.387,1.0
Locomotion_1,X8,33.527,1.0
Locomotion_1,X8,33.667,1.0
Locomotion_1,X8,33.807,1.0
Locomotion_1,X8,33.947,1.0
Locomotion_1,X8,34.087,1.0
Locomotion_1,X8,34.227,1.0
Locomotion_1,X8,34.367,1.0
Locomotion_1,X8,34.507,1.0
Locomotion_1,X8,34.647,1.0
Locomotion_1,X8,34.787,1.0
Locomotion_1,X8,34.927,1.0
Locomotion_1,X8,35.067,1.0
Locomotion_1,X8,35.207,1.0
Locomotion_1,X8,35.347,1.0
Locomotion_1,X8,35.487,1.0
Locomotion_1,X8,35.627,1.0
Locomotion_1,X8,35.767,1.0
Locomotion_1,X8,35.907,1.0
Locomotion_1,X8,36.047,1.0
Locomotion_1,X8,36.187,1.0
Locomotion_1,X8,36.327,1.0
Locomotion_1,X8,36.467,1.0
Locomotion_1,X8,36.607,1.0
Locomotion_1,X8,36.747,1.0
Locomotion_1,X8,36.887,1.0
Locomotion_1,X8,37.027,1.0
Locomotion_1,X8,37.167,1.0
Locomotion_1,X8,37.307,1.0
Locomotion_1,X8,37.447,1.0
Locomotion_1,X8,37.587,1.0
Locomotion_1,X8,37.727,1.0
Locomotion_1,X8,37.867,1.0
Locomotion_1,X8,38.007,1.0
Locomotion_1,X8,38.147,1.0
Locomotion_1,X8,38.287,1.0
Locomotion_1,X8,38.427,1.0
Locomotion_1,X8,38.567,1.0
Locomotion_1,X8,38.707,1.0
Locomotion_1,X8,38.847,1.0
Locomotion_1,X8,38.987,1.0
Locomotion_1,X8,39.127,1.0
Locomotion_1,X8,39.267,1.0
Locomotion_1,X8,39.407,1.0
Locomotion_1,X8,39.547,1.0
Locomotion_1,X8,39.687,1.0
Locomotion_1,X8,39.827,1.0
Locomotion_1,X8,39.967,1.0
Locomotion_1,X8,40.107,1.0
Locomotion_1,X8,40.247,1.0
Locomotion_1,X8,40.387,1.0
Locomotion_1,X8,40.527,1.0
Locomotion_1,X8,40.667,1.0
Locomotion_1,X8,40.807,1.0
Locomotion_1,X8,40.947,1.0
Locomotion_1,X8,41.087,1.0
Locomotion_1,X8,41.227,1.0
Locomotion_1,X8,41.367,1.0
Locomotion_1,X8,41.507,1.0
Locomotion_1,X8,41.647,1.0
Locomotion_1,X8,41.787,1.0
Locomotion_1,X8,41.927,1.0
Locomotion_1,X8,42.067,1.0
Locomotion_1,X8,42.207,1.0
Locomotion_1,X8,42.347,1.0
Locomotion_1,X8,42.487,1.0
Locomotion_1,X8,42.627,1.0
Locomotion_1,X8,42.767,1.0
Locomotion_1,X8,42.907,1.0
Locomotion_1,X8,43.047,1.0
Locomotion_1,X8,43.187,1.0
Locomotion_1,X8,43.327,1.0
Locomotion_1,X8,43.467,1.0
Locomotion_1,X8,43.607,1.0
Locomotion_1,X8,43.747,1.0
Locomotion_1,X8,43.887,1.0
Locomotion_1,X8,44.027,1.0
Locomotion_1,X8,44.167,1.0
Locomotion_1,X8,44.307,1.0
Locomotion_1,X8,44.447,1.0
Locomotion_1,X8,44.587,1.0
Locomotion_1,X8,44.727,1.0
Locomotion_1,X8,44.867,1.0
Locomotion_1,X8,45.007,1.0
Locomotion_1,X8,45.147,1.0
Locomotion_1,X8,45.287,1.0
Locomotion_1,X8,45.427,1.0
Locomotion_1,X8,45.567,1.0
Locomotion_1,X8,45.707,1.0
Locomotion_1,X8,45.847,1.0
Locomotion_1,X8,45.987,1.0
Locomotion_1,X8,46.127,1.0
Locomotion_1,X8,46.267,1.0
Locomotion_1,X8,46.407,1.0
Locomotion_1,X8,46.547,1.0
Locomotion_1,X8,46.687,1.0
Locomotion_1,X8,46.827,1.0
Locomotion_1,X8,46.967,1.0
Locomotion_1,X8,47.107,1.0
Locomotion_1,X8,47.247,1.0
Locomotion_1,X8,47.387,1.0
Locomotion_1,X8,47.527,1.0
Locomotion_1,X8,47.667,1.0
Locomotion_1,X8,47.807,1.0
Locomotion_1,X8,47.947,1.0
Locomotion_1,X8,48.087,1.0
Locomotion_1,X8,48.227,1.0
Locomotion_1,X8,48.367,1.0
Locomotion_1,X8,48.507,1.0
Locomotion_1,X8,48.647,1.0
Locomotion_1,X8,48.787,1.0
Locomotion_1,X8,48.927,1.0
Locomotion_1,X8,49.067,1.0
Locomotion_1,X8,49.207,1.0
Locomotion_1,X8,49.347,1.0
Locomotion_1,X8,49.487,1.0
Locomotion_1,X8,49.627,1.0
Locomotion_1,X8,49.767,1.0
Locomotion_1,X8,49.907,1.0
Locomotion_1,X8,50.047,1.0
Locomotion_1,X8,50.187,1.0
Locomotion_1,X8,50.327,1.0
Locomotion_1,X8,50.467,1.0
Locomotion_1,X8,50.607,1.0
Locomotion_1,X8,50.747,1.0
Locomotion_1,X8,50.887,1.0
Locomotion_1,X8,51.027,1.0
Locomotion_1,X8,51.167,1.0
Locomotion_1,X8,51.307,1.0
Locomotion_1,X8,51.447,1.0
Locomotion_1,X8,51.587,1.0
Locomotion_1,X8,51.727,1.0
Locomotion_1,X8,51.867,1.0
Locomotion_1,X8,52.007,1.0
Locomotion_1,X8,52.147,1.0
Locomotion_1,X8,52.287,1.0
Locomotion_1,X8,52.427,1.0
Locomotion_1,X8,52.567,1.0
Locomotion_1,X8,52.707,1.0
Locomotion_1,X8,52.847,1.0
Locomotion_1,X8,52.987,1.0
Locomotion_1,X8,53.127,1.0
Locomotion_1,X8,53.267,1.0
Locomotion_1,X8,53.407,1.0
Locomotion_1,X8,53.547,1.0
Locomotion_1,X8,53.687,1.0
Locomotion_1,X8,53.827,1.0
Locomotion_1,X8,53.967,1.0
Locomotion_1,X8,54.107,1.0
Locomotion_1,X8,54.247,1.0
Locomotion_1,X8,54.387,1.0
Locomotion_1,X8,54.527,1.0
Locomotion_1,X8,54.667,1.0
Locomotion_1,X8,54.807,1.0
Locomotion_1,X8,54.947,1.0
Locomotion_1,X8,55.087,1.0
Locomotion_1,X8,55.227,1.0
Locomotion_1,X8,55.367,1.0
Locomotion_1,X8,55.507,1.0
Locomotion_1,X8,55.647,1.0
Locomotion_1,X8,55.787,1.0
Locomotion_1,X8,55.927,1.0
Locomotion_1,X8,56.067,1.0
Locomotion_1,X8,56.207,1.0
Locomotion_1,X8,56.347,1.0
Locomotion_1,X8,56.487,1.0
Locomotion_1,X8,56.627,1.0
Locomotion_1,X8,56.767,1.0
Locomotion_1,X8,56.907,1.0
Locomotion_1,X8,57.047,1.0
Locomotion_1,X8,57.187,1.0
Locomotion_1,X8,57.327,1.0
Locomotion_1,X8,57.467,1.0
Locomotion_1,X8,57.607,1.0
Locomotion_1,X8,57.747,1.0
Locomotion_1,X8,57.887,1.0
Locomotion_1,X8,58.027,1.0
Locomotion_1,X8,58.167,1.0
Locomotion_1,X8,58.307,1.0
Locomotion_1,X8,58.447,1.0
Locomotion_1,X8,58.587,1.0
Locomotion_1,X8,58.727,1.0
Locomotion_1,X8,58.867,1.0
Locomotion_1,X8,59.007,1.0
Locomotion_1,X8,59.147,1.0
Locomotion_1,X8,59.287,1.0
Locomotion_1,X8,59.427,1.0
Locomotion_1,X8,59.567,1.0
Locomotion_1,X8,59.707,1.0
Locomotion_1,X8,59.847,1.0
Locomotion_1,X8,59.987,1.0
Locomotion_1,X8,60.127,1.0
Locomotion_1,X8,60.267,1.0
Locomotion_1,X8,60.407,1.0
Locomotion_1,X8,60.547,1.0
Locomotion_1,X8,60.687,1.0
Locomotion_1,X8,60.827,1.0
Locomotion_1,X8,60.967,1.0
Locomotion_1,X8,61.107,1.0
Locomotion_1,X8,61.247,1.0
Locomotion_1,X8,61.387,1.0
Locomotion_1,X8,61.527,1.0
Locomotion_1,X8,61.667,1.0
Locomotion_1,X8,61.807,1.0
Locomotion_1,X8,61.947,1.0
Locomotion_1,X8,62.087,1.0
Locomotion_1,X8,62.227,1.0
Locomotion_1,X8,62.367,1.0
Locomotion_1,X8,62.507,1.0
Locomotion_1,X8,62.647,1.0
Locomotion_1,X8,62.787,1.0
Locomotion_1,X8,62.927,1.0
Locomotion_1,X8,63.067,1.0
Locomotion_1,X8,63.207,1.0
Locomotion_1,X8,63.347,1.0
Locomotion_1,X8,63.487,1.0
Locomotion_1,X8,63.627,1.0
Locomotion_1,X8,63.767,1.0
Locomotion_1,X8,63.907,1.0
Locomotion_1,X8,64.047,1.0
Locomotion_1,X8,64.187,1.0
Locomotion_1,X8,64.327,1.0
Locomotion_1,X8,64.467,1.0
Locomotion_1,X8,64.607,1.0
Locomotion_1,X8,64.747,1.0
Locomotion_1,X8,64.887,1.0
Locomotion_1,X8,65.027,1.0
Locomotion_1,X8,65.167,1.0
Locomotion_1,X8,65.307,1.0
Locomotion_1,X8,65.447,1.0
Locomotion_1,X8,65.587,1.0
Locomotion_1,X8,65.727,1.0
Locomotion_1,X8,65.867,1.0
Locomotion_1,X8,66.007,1.0
Locomotion_1,X8,66.147,1.0
Locomotion_1,X8,66.287,1.0
Locomotion_1,X8,66.427,1.0
Locomotion_1,X8,66.567,1.0
Locomotion_1,X8,66.707,1.0
Locomotion_1,X8,66.847,1.0
Locomotion_1,X8,66.987,1.0
Locomotion_1,X8,67.127,1.0
Locomotion_1,X8,67.267,1.0
Locomotion_1,X8,67.407,1.0
Locomotion_1,X8,67.547,1.0
Locomotion_1,X8,67.687,1.0
Locomotion_1,X8,67.827,1.0
Locomotion_1,X8,67.967,1.0
Locomotion_1,X8,68.107,1.0
Locomotion_1,X8,68.247,1.0
Locomotion_1,X8,68.387,1.0
Locomotion_1,X8,68.527,1.0
Locomotion_1,X8,68.667,1.0
Locomotion_1,X8,68.807,1.0
Locomotion_1,X8,68.947,1.0
Locomotion_1,X8,69.087,1.0
Locomotion_1,X8,69.227,1.0
Locomotion_1,X8,69.367,1.0
Locomotion_1,X8,69.507,1.0
Locomotion_1,X8,69.647,1.0
Locomotion_1,X8,69.787,1.0
Locomotion_1,X8,69.927,1.0
Locomotion_1,X8,70.067,1.0
Locomotion_1,X8,70.207,1.0
Locomotion_1,X8,70.347,1.0
Locomotion_1,X8,70.487,1.0
Locomotion_1,X8,70.627,1.0
Locomotion_1,X8,70.767,1.0
Locomotion_1,X8,70.907,1.0
Locomotion_1,X8,71.047,1.0
Locomotion_1,X8,71.187,1.0
Locomotion_1,X8,71.327,1.0
Locomotion_1,X8,71.467,1.0
Locomotion_1,X8,71.607,1.0
Locomotion_1,X8,71.747,1.0
Locomotion_1,X8,71.887,1.0
Locomotion_1,X8,72.027,1.0
Locomotion_1,X8,72.167,1.0
Locomotion_1,X8,72.307,1.0
Locomotion_1,X8,72.447,1.0
Locomotion_1,X8,72.587,1.0
Locomotion_1,X8,72.727,1.0
Locomotion_1,X8,72.867,1.0
Locomotion_1,X8,73.007,1.0
Locomotion_1,X8,73.147,1.0
Locomotion_1,X8,73.287,1.0
Locomotion_1,X8,73.427,1.0
Locomotion_1,X8,73.567,1.0
Locomotion_1,X8,73.707,1.0
Locomotion_1,X8,73.847,1.0
Locomotion_1,X8,73.987,1.0
Locomotion_1,X8,74.127,1.0
Locomotion_1,X8,74.267,1.0
Locomotion_1,X8,74.407,1.0
Locomotion_1,X8,74.547,1.0
Locomotion_1,X8,74.687,1.0
Locomotion_1,X8,74.827,1.0
Locomotion_1,X8,74.967,1.0
Locomotion_1,X8,75.107,1.0
Locomotion_1,X8,75.247,1.0
Locomotion_1,X8,75.387,1.0
Locomotion_1,X8,75.527,1.0
Locomotion_1,X8,75.667,1.0
Locomotion_1,X8,75.807,1.0
Locomotion_1,X8,75.947,1.0
Locomotion_1,X8,76.087,1.0
Locomotion_1,X8,76.227,1.0
Locomotion_1,X8,76.367,1.0
Locomotion_1,X8,76.507,1.0
Locomotion_1,X8,76.647,1.0
Locomotion_1,X8,76.787,1.0
Locomotion_1,X8,76.927,1.0
Locomotion_1,X8,77.067,1.0
Locomotion_1,X8,77.207,1.0
Locomotion_1,X8,77.347,1.0
Locomotion_1,X8,77.487,1.0
Locomotion_1,X8,77.627,1.0
Locomotion_1,X8,77.767,1.0
Locomotion_1,X8,77.907,1.0
Locomotion_1,X8,78.047,1.0
Locomotion_1,X8,78.187,1.0
Locomotion_1,X8,78.327,1.0
Locomotion_1,X8,78.467,1.0
Locomotion_1,X8,78.607,1.0
Locomotion_1,X8,78.747,1.0
Locomotion_1,X8,78.887,1.0
Locomotion_1,X8,79.027,1.0
Locomotion_1,X8,79.167,1.0
Locomotion_1,X8,79.307,1.0
Locomotion_1,X8,79.447,1.0
Locomotion_1,X8,79.587,1.0
Locomotion_1,X8,79.727,1.0
Locomotion_1,X8,79.867,1.0
Locomotion_1,X8,80.007,1.0
Locomotion_1,X8,80.147,1.0
Locomotion_1,X8,80.287,1.0
Locomotion_1,X8,80.427,1.0
Locomotion_1,X8,80.567,1.0
Locomotion_1,X8,80.707,1.0
Locomotion_1,X8,80.847,1.0
Locomotion_1,X8,80.987,1.0
Locomotion_1,X8,81.127,1.0
Locomotion_1,X8,81.267,1.0
Locomotion_1,X8,81.407,1.0
Locomotion_1,X8,81.547,1.0
Locomotion_1,X8,81.687,1.0
Locomotion_1,X8,81.827,1.0
Locomotion_1,X8,81.967,1.0
Locomotion_1,X8,82.107,1.0
Locomotion_1,X8,82.247,1.0
Locomotion_1,X8,82.387,1.0
Locomotion_1,X8,82.527,1.0
Locomotion_1,X8,82.667,1.0
Locomotion_1,X8,82.807,1.0
Locomotion_1,X8,82.947,1.0
Locomotion_1,X8,83.087,1.0
Locomotion_1,X8,83.227,1.0
Locomotion_1,X8,83.367,1.0
Locomotion_1,X8,83.507,1.0
Locomotion_1,X8,83.647,1.0
Locomotion_1,X8,83.787,1.0
Locomotion_1,X8,83.927,1.0
Locomotion_1,X8,84.067,1.0
Locomotion_1,X8,84.207,1.0
Locomotion_1,X8,84.347,1.0
Locomotion_1,X8,84.487,1.0
Locomotion_1,X8,84.627,1.0
Locomotion_1,X8,84.767,1.0
Locomotion_1,X8,84.907,1.0
Locomotion_1,X8,85.047,1.0
Locomotion_1,X8,85.187,1.0
Locomotion_1,X8,85.327,1.0
Locomotion_1,X8,85.467,1.0
Locomotion_1,X8,85.607,1.0
Locomotion_1,X8,85.747,1.0
Locomotion_1,X8,85.887,1.0
Locomotion_1,X8,86.027,1.0
Locomotion_1,X8,86.167,1.0
Locomotion_1,X8,86.307,1.0
Locomotion_1,X8,86.447,1.0
Locomotion_1,X8,86.587,1.0
Locomotion_1,X8,86.727,1.0
Locomotion_1,X8,86.867,1.0
Locomotion_1,X8,87.007,1.0
Locomotion_1,X8,87.147,1.0
Locomotion_1,X8,87.287,1.0
Locomotion_1,X8,87.427,1.0
Locomotion_1,X8,87.567,1.0
Locomotion_1,X8,87.707,1.0
Locomotion_1,X8,87.847,1.0
Locomotion_1,X8,87.987,1.0
Locomotion_1,X8,88.127,1.0
Locomotion_1,X8,88.267,1.0
Locomotion_1,X8,88.407,1.0
Locomotion_1,X8,88.547,1.0
Locomotion_1,X8,88.687,1.0
Locomotion_1,X8,88.827,1.0
Locomotion_1,X8,88.967,1.0
Locomotion_1,X8,89.107,1.0
Locomotion_1,X8,89.247,1.0
Locomotion_1,X8,89.387,1.0
Locomotion_1,X8,89.527,1.0
Locomotion_1,X8,89.667,1.0
Locomotion_1,X8,89.807,1.0
Locomotion_1,X8,89.947,1.0
Locomotion_1,X8,90.087,1.0
Locomotion_1,X8,90.227,1.0
Locomotion_1,X8,90.367,1.0
Locomotion_1,X8,90.507,1.0
Locomotion_1,X8,90.647,1.0
Locomotion_1,X8,90.787,1.0
Locomotion_1,X8,90.927,1.0
Locomotion_1,X8,91.067,1.0
Locomotion_1,X8,91.207,1.0
Locomotion_1,X8,91.347,1.0
Locomotion_1,X8,91.487,1.0
Locomotion_1,X8,91.627,1.0
Locomotion_1,X8,91.767,1.0
Locomotion_1,X8,91.907,1.0
Locomotion_1,X8,92.047,1.0
Locomotion_1,X8,92.187,1.0
Locomotion_1,X8,92.327,1.0
Locomotion_1,X8,92.467,1.0
Locomotion_1,X8,92.607,1.0
Locomotion_1,X8,92.747,1.0
Locomotion_1,X8,92.887,1.0
Locomotion_1,X8,93.027,1.0
Locomotion_1,X8,93.167,1.0
Locomotion_1,X8,93.307,1.0
Locomotion_1,X8,93.447,1.0
Locomotion_1,X8,93.587,1.0
Locomotion_1,X8,93.727,1.0
Locomotion_1,X8,93.867,1.0
Locomotion_1,X8,94.007,1.0
Locomotion_1,X8,94.147,1.0
Locomotion_1,X8,94.287,1.0
Locomotion_1,X8,94.427,1.0
Locomotion_1,X8,94.567,1.0
Locomotion_1,X8,94.707,1.0
Locomotion_1,X8,94.847,1.0
Locomotion_1,X8,94.987,1.0
Locomotion_1,X8,95.127,1.0
Locomotion_1,X8,95.267,1.0
Locomotion_1,X8,95.407,1.0
Locomotion_1,X8,95.547,1.0
Locomotion_1,X8,95.687,1.0
Locomotion_1,X8,95.827,1.0
Locomotion_1,X8,95.967,1.0
Locomotion_1,X8,96.107,1.0
Locomotion_1,X8,96.247,1.0
Locomotion_1,X8,96.387,1.0
Locomotion_1,X8,96.527,1.0
Locomotion_1,X8,96.667,1.0
Locomotion_1,X8,96.807,1.0
Locomotion_1,X8,96.947,1.0
Locomotion_1,X8,97.087,1.0
Locomotion_1,X8,97.227,1.0
Locomotion_1,X8,97.367,1.0
Locomotion_1,X8,97.507,1.0
Locomotion_1,X8,97.647,1.0
Locomotion_1,X8,97.787,1.0
Locomotion_1,X8,97.927,1.0
Locomotion_1,X8,98.067,1.0
Locomotion_1,X8,98.207,1.0
Locomotion_1,X8,98.347,1.0
Locomotion_1,X8,98.487,1.0
Locomotion_1,X8,98.627,1.0
Locomotion_1,X8,98.767,1.0
Locomotion_1,X8,98.907,1.0
Locomotion_1,X8,99.047,1.0
Locomotion_1,X8,99.187,1.0
Locomotion_1,X8,99.327,1.0
Locomotion_1,X8,99.467,1.0
Locomotion_1,X8,99.607,1.0
Locomotion_1,X8,99.747,1.0
Locomotion_1,X8,99.887,1.0
Locomotion_1,X8,100.027,1.0
Locomotion_1,X8,100.167,1.0
Locomotion_1,X8,100.307,1.0
Locomotion_1,X8,100.447,1.0
Locomotion_1,X8,100.587,1.0
Locomotion_1,X8,100.727,1.0
Locomotion_1,X8,100.867,1.0
Locomotion_1,X8,101.007,1.0
Locomotion_1,X8,101.147,1.0
Locomotion_1,X8,101.287,1.0
Locomotion_1,X8,101.427,1.0
Locomotion_1,X8,101.567,1.0
Locomotion_1,X8,101.707,1.0
Locomotion_1,X8,101.847,1.0
Locomotion_1,X8,101.987,1.0
Locomotion_1,X8,102.127,1.0
Locomotion_1,X8,102.267,1.0
Locomotion_1,X9,0.067,1.0
Locomotion_1,X9,0.207,1.0
Locomotion_1,X9,0.347,1.0
Locomotion_1,X9,0.487,1.0
Locomotion_1,X9,0.627,1.0
Locomotion_1,X9,0.767,1.0
Locomotion_1,X9,0.907,1.0
Locomotion_1,X9,1.047,1.0
Locomotion_1,X9,1.187,1.0
Locomotion_1,X9,1.327,1.0
Locomotion_1,X9,1.467,1.0
Locomotion_1,X9,1.607,1.0
Locomotion_1,X9,1.747,1.0
Locomotion_1,X9,1.887,1.0
Locomotion_1,X9,2.027,1.0
Locomotion_1,X9,2.167,1.0
Locomotion_1,X9,2.307,1.0
Locomotion_1,X9,2.447,1.0
Locomotion_1,X9,2.587,1.0
Locomotion_1,X9,2.727,1.0
Locomotion_1,X9,2.867,1.0
Locomotion_1,X9,3.007,1.0
Locomotion_1,X9,3.147,1.0
Locomotion_1,X9,3.287,1.0
Locomotion_1,X9,3.427,1.0
Locomotion_1,X9,3.567,1.0
Locomotion_1,X9,3.707,1.0
Locomotion_1,X9,3.847,1.0
Locomotion_1,X9,3.987,1.0
Locomotion_1,X9,4.127,1.0
Locomotion_1,X9,4.267,1.0
Locomotion_1,X9,4.407,1.0
Locomotion_1,X9,4.547,1.0
Locomotion_1,X9,4.687,1.0
Locomotion_1,X9,4.827,1.0
Locomotion_1,X9,4.967,1.0
Locomotion_1,X9,5.107,1.0
Locomotion_1,X9,5.247,1.0
Locomotion_1,X9,5.387,1.0
Locomotion_1,X9,5.527,1.0
Locomotion_1,X9,5.667,1.0
Locomotion_1,X9,5.807,1.0
Locomotion_1,X9,5.947,1.0
Locomotion_1,X9,6.087,1.0
Locomotion_1,X9,6.227,1.0
Locomotion_1,X9,6.367,1.0
Locomotion_1,X9,6.507,1.0
Locomotion_1,X9,6.647,1.0
Locomotion_1,X9,6.787,1.0
Locomotion_1,X9,6.927,1.0
Locomotion_1,X9,7.067,1.0
Locomotion_1,X9,7.207,1.0
Locomotion_1,X9,7.347,1.0
Locomotion_1,X9,7.487,1.0
Locomotion_1,X9,7.627,1.0
Locomotion_1,X9,7.767,1.0
Locomotion_1,X9,7.907,1.0
Locomotion_1,X9,8.047,1.0
Locomotion_1,X9,8.187,1.0
Locomotion_1,X9,8.327,1.0
Locomotion_1,X9,8.467,1.0
Locomotion_1,X9,8.607,1.0
Locomotion_1,X9,8.747,1.0
Locomotion_1,X9,8.887,1.0
Locomotion_1,X9,9.027,1.0
Locomotion_1,X9,9.167,1.0
Locomotion_1,X9,9.307,1.0
Locomotion_1,X9,9.447,1.0
Locomotion_1,X9,9.587,1.0
Locomotion_1,X9,9.727,1.0
Locomotion_1,X9,9.867,1.0
Locomotion_1,X9,10.007,1.0
Locomotion_1,X9,10.147,1.0
Locomotion_1,X9,10.287,1.0
Locomotion_1,X9,10.427,1.0
Locomotion_1,X9,10.567,1.0
Locomotion_1,X9,10.707,1.0
Locomotion_1,X9,10.847,1.0
Locomotion_1,X9,10.987,1.0
Locomotion_1,X9,11.127,1.0
Locomotion_1,X9,11.267,1.0
Locomotion_1,X9,11.407,1.0
Locomotion_1,X9,11.547,1.0
Locomotion_1,X9,11.687,1.0
Locomotion_1,X9,11.827,1.0
Locomotion_1,X9,11.967,1.0
Locomotion_1,X9,12.107,1.0
Locomotion_1,X9,12.247,1.0
Locomotion_1,X9,12.387,1.0
Locomotion_1,X9,12.527,1.0
Locomotion_1,X9,12.667,1.0
Locomotion_1,X9,12.807,1.0
Locomotion_1,X9,12.947,1.0
Locomotion_1,X9,13.087,1.0
Locomotion_1,X9,13.227,1.0
Locomotion_1,X9,13.367,1.0
Locomotion_1,X9,13.507,1.0
Locomotion_1,X9,13.647,1.0
Locomotion_1,X9,13.787,1.0
Locomotion_1,X9,13.927,1.0
Locomotion_1,X9,14.067,1.0
Locomotion_1,X9,14.207,1.0
Locomotion_1,X9,14.347,1.0
Locomotion_1,X9,14.487,1.0
Locomotion_1,X9,14.627,1.0
Locomotion_1,X9,14.767,1.0
Locomotion_1,X9,14.907,1.0
Locomotion_1,X9,15.047,1.0
Locomotion_1,X9,15.187,1.0
Locomotion_1,X9,15.327,1.0
Locomotion_1,X9,15.467,1.0
Locomotion_1,X9,15.607,1.0
Locomotion_1,X9,15.747,1.0
Locomotion_1,X9,15.887,1.0
Locomotion_1,X9,16.027,1.0
Locomotion_1,X9,16.167,1.0
Locomotion_1,X9,16.307,1.0
Locomotion_1,X9,16.447,1.0
Locomotion_1,X9,16.587,1.0
Locomotion_1,X9,16.727,1.0
Locomotion_1,X9,16.867,1.0
Locomotion_1,X9,17.007,1.0
Locomotion_1,X9,17.147,1.0
Locomotion_1,X9,17.287,1.0
Locomotion_1,X9,17.427,1.0
Locomotion_1,X9,17.567,1.0
Locomotion_1,X9,17.707,1.0
Locomotion_1,X9,17.847,1.0
Locomotion_1,X9,17.987,1.0
Locomotion_1,X9,18.127,1.0
Locomotion_1,X9,18.267,1.0
Locomotion_1,X9,18.407,1.0
Locomotion_1,X9,18.547,1.0
Locomotion_1,X9,18.687,1.0
Locomotion_1,X9,18.827,1.0
Locomotion_1,X9,18.967,1.0
Locomotion_1,X9,19.107,1.0
Locomotion_1,X9,19.247,1.0
Locomotion_1,X9,19.387,1.0
Locomotion_1,X9,19.527,1.0
Locomotion_1,X9,19.667,1.0
Locomotion_1,X9,19.807,1.0
Locomotion_1,X9,19.947,1.0
Locomotion_1,X9,20.087,1.0
Locomotion_1,X9,20.227,1.0
Locomotion_1,X9,20.367,1.0
Locomotion_1,X9,20.507,1.0
Locomotion_1,X9,20.647,1.0
Locomotion_1,X9,20.787,1.0
Locomotion_1,X9,20.927,1.0
Locomotion_1,X9,21.067,1.0
Locomotion_1,X9,21.207,1.0
Locomotion_1,X9,21.347,1.0
Locomotion_1,X9,21.487,1.0
Locomotion_1,X9,21.627,1.0
Locomotion_1,X9,21.767,1.0
Locomotion_1,X9,21.907,1.0
Locomotion_1,X9,22.047,1.0
Locomotion_1,X9,22.187,1.0
Locomotion_1,X9,22.327,1.0
Locomotion_1,X9,22.467,1.0
Locomotion_1,X9,22.607,1.0
Locomotion_1,X9,22.747,1.0
Locomotion_1,X9,22.887,1.0
Locomotion_1,X9,23.027,1.0
Locomotion_1,X9,23.167,1.0
Locomotion_1,X9,23.307,1.0
Locomotion_1,X9,23.447,1.0
Locomotion_1,X9,23.587,1.0
Locomotion_1,X9,23.727,1.0
Locomotion_1,X9,23.867,1.0
Locomotion_1,X9,24.007,1.0
Locomotion_1,X9,24.147,1.0
Locomotion_1,X9,24.287,1.0
Locomotion_1,X9,24.427,1.0
Locomotion_1,X9,24.567,1.0
Locomotion_1,X9,24.707,1.0
Locomotion_1,X9,24.847,1.0
Locomotion_1,X9,24.987,1.0
Locomotion_1,X9,25.127,1.0
Locomotion_1,X9,25.267,1.0
Locomotion_1,X9,25.407,1.0
Locomotion_1,X9,25.547,1.0
Locomotion_1,X9,25.687,1.0
Locomotion_1,X9,25.827,1.0
Locomotion_1,X9,25.967,1.0
Locomotion_1,X9,26.107,1.0
Locomotion_1,X9,26.247,1.0
Locomotion_1,X9,26.387,1.0
Locomotion_1,X9,26.527,1.0
Locomotion_1,X9,26.667,1.0
Locomotion_1,X9,26.807,1.0
Locomotion_1,X9,26.947,1.0
Locomotion_1,X9,27.087,1.0
Locomotion_1,X9,27.227,1.0
Locomotion_1,X9,27.367,1.0
Locomotion_1,X9,27.507,1.0
Locomotion_1,X9,27.647,1.0
Locomotion_1,X9,27.787,1.0
Locomotion_1,X9,27.927,1.0
Locomotion_1,X9,28.067,1.0
Locomotion_1,X9,28.207,1.0
Locomotion_1,X9,28.347,1.0
Locomotion_1,X9,28.487,1.0
Locomotion_1,X9,28.627,1.0
Locomotion_1,X9,28.767,1.0
Locomotion_1,X9,28.907,1.0
Locomotion_1,X9,29.047,1.0
Locomotion_1,X9,29.187,1.0
Locomotion_1,X9,29.327,1.0
Locomotion_1,X9,29.467,1.0
Locomotion_1,X9,29.607,1.0
Locomotion_1,X9,29.747,1.0
Locomotion_1,X9,29.887,1.0
Locomotion_1,X9,30.027,1.0
Locomotion_1,X9,30.167,1.0
Locomotion_1,X9,30.307,1.0
Locomotion_1,X9,30.447,1.0
Locomotion_1,X9,30.587,1.0
Locomotion_1,X9,30.727,1.0
Locomotion_1,X9,30.867,1.0
Locomotion_1,X9,31.007,1.0
Locomotion_1,X9,31.147,1.0
Locomotion_1,X9,31.287,1.0
Locomotion_1,X9,31.427,1.0
Locomotion_1,X9,31.567,1.0
Locomotion_1,X9,31.707,1.0
Locomotion_1,X9,31.847,1.0
Locomotion_1,X9,31.987,1.0
Locomotion_1,X9,32.127,1.0
Locomotion_1,X9,32.267,1.0
Locomotion_1,X9,32.407,1.0
Locomotion_1,X9,32.547,1.0
Locomotion_1,X9,32.687,1.0
Locomotion_1,X9,32.827,1.0
Locomotion_1,X9,32.967,1.0
Locomotion_1,X9,33.107,1.0
Locomotion_1,X9,33.247,1.0
Locomotion_1,X9,33.387,1.0
Locomotion_1,X9,33.527,1.0
Locomotion_1,X9,33.667,1.0
Locomotion_1,X9,33.807,1.0
Locomotion_1,X9,33.947,1.0
Locomotion_1,X9,34.087,1.0
Locomotion_1,X9,34.227,1.0
Locomotion_1,X9,34.367,1.0
Locomotion_1,X9,34.507,1.0
Locomotion_1,X9,34.647,1.0
Locomotion_1,X9,34.787,1.0
Locomotion_1,X9,34.927,1.0
Locomotion_1,X9,35.067,1.0
Locomotion_1,X9,35.207,1.0
Locomotion_1,X9,35.347,1.0
Locomotion_1,X9,35.487,1.0
Locomotion_1,X9,35.627,1.0
Locomotion_1,X9,35.767,1.0
Locomotion_1,X9,35.907,1.0
Locomotion_1,X9,36.047,1.0
Locomotion_1,X9,36.187,1.0
Locomotion_1,X9,36.327,1.0
Locomotion_1,X9,36.467,1.0
Locomotion_1,X9,36.607,1.0
Locomotion_1,X9,36.747,1.0
Locomotion_1,X9,36.887,1.0
Locomotion_1,X9,37.027,1.0
Locomotion_1,X9,37.167,1.0
Locomotion_1,X9,37.307,1.0
Locomotion_1,X9,37.447,1.0
Locomotion_1,X9,37.587,1.0
Locomotion_1,X9,37.727,1.0
Locomotion_1,X9,37.867,1.0
Locomotion_1,X9,38.007,1.0
Locomotion_1,X9,38.147,1.0
Locomotion_1,X9,38.287,1.0
Locomotion_1,X9,38.427,1.0
Locomotion_1,X9,38.567,1.0
Locomotion_1,X9,38.707,1.0
Locomotion_1,X9,38.847,1.0
Locomotion_1,X9,38.987,1.0
Locomotion_1,X9,39.127,1.0
Locomotion_1,X9,39.267,1.0
Locomotion_1,X9,39.407,1.0
Locomotion_1,X9,39.547,1.0
Locomotion_1,X9,39.687,1.0
Locomotion_1,X9,39.827,1.0
Locomotion_1,X9,39.967,1.0
Locomotion_1,X9,40.107,1.0
Locomotion_1,X9,40.247,1.0
Locomotion_1,X9,40.387,1.0
Locomotion_1,X9,40.527,1.0
Locomotion_1,X9,40.667,1.0
Locomotion_1,X9,40.807,1.0
Locomotion_1,X9,40.947,1.0
Locomotion_1,X9,41.087,1.0
Locomotion_1,X9,41.227,1.0
Locomotion_1,X9,41.367,1.0
Locomotion_1,X9,41.507,1.0
Locomotion_1,X9,41.647,1.0
Locomotion_1,X9,41.787,1.0
Locomotion_1,X9,41.927,1.0
Locomotion_1,X9,42.067,1.0
Locomotion_1,X9,42.207,1.0
Locomotion_1,X9,42.347,1.0
Locomotion_1,X9,42.487,1.0
Locomotion_1,X9,42.627,1.0
Locomotion_1,X9,42.767,1.0
Locomotion_1,X9,42.907,1.0
Locomotion_1,X9,43.047,1.0
Locomotion_1,X9,43.187,1.0
Locomotion_1,X9,43.327,1.0
Locomotion_1,X9,43.467,1.0
Locomotion_1,X9,43.607,1.0
Locomotion_1,X9,43.747,1.0
Locomotion_1,X9,43.887,1.0
Locomotion_1,X9,44.027,1.0
Locomotion_1,X9,44.167,1.0
Locomotion_1,X9,44.307,1.0
Locomotion_1,X9,44.447,1.0
Locomotion_1,X9,44.587,1.0
Locomotion_1,X9,44.727,1.0
Locomotion_1,X9,44.867,1.0
Locomotion_1,X9,45.007,1.0
Locomotion_1,X9,45.147,1.0
Locomotion_1,X9,45.287,1.0
Locomotion_1,X9,45.427,1.0
Locomotion_1,X9,45.567,1.0
Locomotion_1,X9,45.707,1.0
Locomotion_1,X9,45.847,1.0
Locomotion_1,X9,45.987,1.0
Locomotion_1,X9,46.127,1.0
Locomotion_1,X9,46.267,1.0
Locomotion_1,X9,46.407,1.0
Locomotion_1,X9,46.547,1.0
Locomotion_1,X9,46.687,1.0
Locomotion_1,X9,46.827,1.0
Locomotion_1,X9,46.967,1.0
Locomotion_1,X9,47.107,1.0
Locomotion_1,X9,47.247,1.0
Locomotion_1,X9,47.387,1.0
Locomotion_1,X9,47.527,1.0
Locomotion_1,X9,47.667,1.0
Locomotion_1,X9,47.807,1.0
Locomotion_1,X9,47.947,1.0
Locomotion_1,X9,48.087,1.0
Locomotion_1,X9,48.227,1.0
Locomotion_1,X9,48.367,1.0
Locomotion_1,X9,48.507,1.0
Locomotion_1,X9,48.647,1.0
Locomotion_1,X9,48.787,1.0
Locomotion_1,X9,48.927,1.0
Locomotion_1,X9,49.067,1.0
Locomotion_1,X9,49.207,1.0
Locomotion_1,X9,49.347,1.0
Locomotion_1,X9,49.487,1.0
Locomotion_1,X9,49.627,1.0
Locomotion_1,X9,49.767,1.0
Locomotion_1,X9,49.907,1.0
Locomotion_1,X9,50.047,1.0
Locomotion_1,X9,50.187,1.0
Locomotion_1,X9,50.327,1.0
Locomotion_1,X9,50.467,1.0
Locomotion_1,X9,50.607,1.0
Locomotion_1,X9,50.747,1.0
Locomotion_1,X9,50.887,1.0
Locomotion_1,X9,51.027,1.0
Locomotion_1,X9,51.167,1.0
Locomotion_1,X9,51.307,1.0
Locomotion_1,X9,51.447,1.0
Locomotion_1,X9,51.587,1.0
Locomotion_1,X9,51.727,1.0
Locomotion_1,X9,51.867,1.0
Locomotion_1,X9,52.007,1.0
Locomotion_1,X9,52.147,1.0
Locomotion_1,X9,52.287,1.0
Locomotion_1,X9,52.427,1.0
Locomotion_1,X9,52.567,1.0
Locomotion_1,X9,52.707,1.0
Locomotion_1,X9,52.847,1.0
Locomotion_1,X9,52.987,1.0
Locomotion_1,X9,53.127,1.0
Locomotion_1,X9,53.267,1.0
Locomotion_1,X9,53.407,1.0
Locomotion_1,X9,53.547,1.0
Locomotion_1,X9,53.687,1.0
Locomotion_1,X9,53.827,1.0
Locomotion_1,X9,53.967,1.0
Locomotion_1,X9,54.107,1.0
Locomotion_1,X9,54.247,1.0
Locomotion_1,X9,54.387,1.0
Locomotion_1,X9,54.527,1.0
Locomotion_1,X9,54.667,1.0
Locomotion_1,X9,54.807,1.0
Locomotion_1,X9,54.947,1.0
Locomotion_1,X9,55.087,1.0
Locomotion_1,X9,55.227,1.0
Locomotion_1,X9,55.367,1.0
Locomotion_1,X9,55.507,1.0
Locomotion_1,X9,55.647,1.0
Locomotion_1,X9,55.787,1.0
Locomotion_1,X9,55.927,1.0
Locomotion_1,X9,56.067,1.0
Locomotion_1,X9,56.207,1.0
Locomotion_1,X9,56.347,1.0
Locomotion_1,X9,56.487,1.0
Locomotion_1,X9,56.627,1.0
Locomotion_1,X9,56.767,1.0
Locomotion_1,X9,56.907,1.0
Locomotion_1,X9,57.047,1.0
Locomotion_1,X9,57.187,1.0
Locomotion_1,X9,57.327,1.0
Locomotion_1,X9,57.467,1.0
Locomotion_1,X9,57.607,1.0
Locomotion_1,X9,57.747,1.0
Locomotion_1,X9,57.887,1.0
Locomotion_1,X9,58.027,1.0
Locomotion_1,X9,58.167,1.0
Locomotion_1,X9,58.307,1.0
Locomotion_1,X9,58.447,1.0
Locomotion_1,X9,58.587,1.0
Locomotion_1,X9,58.727,1.0
Locomotion_1,X9,58.867,1.0
Locomotion_1,X9,59.007,1.0
Locomotion_1,X9,59.147,1.0
Locomotion_1,X9,59.287,1.0
Locomotion_1,X9,59.427,1.0
Locomotion_1,X9,59.567,1.0
Locomotion_1,X9,59.707,1.0
Locomotion_1,X9,59.847,1.0
Locomotion_1,X9,59.987,1.0
Locomotion_1,X9,60.127,1.0
Locomotion_1,X9,60.267,1.0
Locomotion_1,X9,60.407,1.0
Locomotion_1,X9,60.547,1.0
Locomotion_1,X9,60.687,1.0
Locomotion_1,X9,60.827,1.0
Locomotion_1,X9,60.967,1.0
Locomotion_1,X9,61.107,1.0
Locomotion_1,X9,61.247,1.0
Locomotion_1,X9,61.387,1.0
Locomotion_1,X9,61.527,1.0
Locomotion_1,X9,61.667,1.0
Locomotion_1,X9,61.807,1.0
Locomotion_1,X9,61.947,1.0
Locomotion_1,X9,62.087,1.0
Locomotion_1,X9,62.227,1.0
Locomotion_1,X9,62.367,1.0
Locomotion_1,X9,62.507,1.0
Locomotion_1,X9,62.647,1.0
Locomotion_1,X9,62.787,1.0
Locomotion_1,X9,62.927,1.0
Locomotion_1,X9,63.067,1.0
Locomotion_1,X9,63.207,1.0
Locomotion_1,X9,63.347,1.0
Locomotion_1,X9,63.487,1.0
Locomotion_1,X9,63.627,1.0
Locomotion_1,X9,63.767,1.0
Locomotion_1,X9,63.907,1.0
Locomotion_1,X9,64.047,1.0
Locomotion_1,X9,64.187,1.0
Locomotion_1,X9,64.327,1.0
Locomotion_1,X9,64.467,1.0
Locomotion_1,X9,64.607,1.0
Locomotion_1,X9,64.747,1.0
Locomotion_1,X9,64.887,1.0
Locomotion_1,X9,65.027,1.0
Locomotion_1,X9,65.167,1.0
Locomotion_1,X9,65.307,1.0
Locomotion_1,X9,65.447,1.0
Locomotion_1,X9,65.587,1.0
Locomotion_1,X9,65.727,1.0
Locomotion_1,X9,65.867,1.0
Locomotion_1,X9,66.007,1.0
Locomotion_1,X9,66.147,1.0
Locomotion_1,X9,66.287,1.0
Locomotion_1,X9,66.427,1.0
Locomotion_1,X9,66.567,1.0
Locomotion_1,X9,66.707,1.0
Locomotion_1,X9,66.847,1.0
Locomotion_1,X9,66.987,1.0
Locomotion_1,X9,67.127,1.0
Locomotion_1,X9,67.267,1.0
Locomotion_1,X9,67.407,1.0
Locomotion_1,X9,67.547,1.0
Locomotion_1,X9,67.687,1.0
Locomotion_1,X9,67.827,1.0
Locomotion_1,X9,67.967,1.0
Locomotion_1,X9,68.107,1.0
Locomotion_1,X9,68.247,1.0
Locomotion_1,X9,68.387,1.0
Locomotion_1,X9,68.527,1.0
Locomotion_1,X9,68.667,1.0
Locomotion_1,X9,68.807,1.0
Locomotion_1,X9,68.947,1.0
Locomotion_1,X9,69.087,1.0
Locomotion_1,X9,69.227,1.0
Locomotion_1,X9,69.367,1.0
Locomotion_1,X9,69.507,1.0
Locomotion_1,X9,69.647,1.0
Locomotion_1,X9,69.787,1.0
Locomotion_1,X9,69.927,1.0
Locomotion_1,X9,70.067,1.0
Locomotion_1,X9,70.207,1.0
Locomotion_1,X9,70.347,1.0
Locomotion_1,X9,70.487,1.0
Locomotion_1,X9,70.627,1.0
Locomotion_1,X9,70.767,1.0
Locomotion_1,X9,70.907,1.0
Locomotion_1,X9,71.047,1.0
Locomotion_1,X9,71.187,1.0
Locomotion_1,X9,71.327,1.0
Locomotion_1,X9,71.467,1.0
Locomotion_1,X9,71.607,1.0
Locomotion_1,X9,71.747,1.0
Locomotion_1,X9,71.887,1.0
Locomotion_1,X9,72.027,1.0
Locomotion_1,X9,72.167,1.0
Locomotion_1,X9,72.307,1.0
Locomotion_1,X9,72.447,1.0
Locomotion_1,X9,72.587,1.0
Locomotion_1,X9,72.727,1.0
Locomotion_1,X9,72.867,1.0
Locomotion_1,X9,73.007,1.0
Locomotion_1,X9,73.147,1.0
Locomotion_1,X9,73.287,1.0
Locomotion_1,X9,73.427,1.0
Locomotion_1,X9,73.567,1.0
Locomotion_1,X9,73.707,1.0
Locomotion_1,X9,73.847,1.0
Locomotion_1,X9,73.987,1.0
Locomotion_1,X9,74.127,1.0
Locomotion_1,X9,74.267,1.0
Locomotion_1,X9,74.407,1.0
Locomotion_1,X9,74.547,1.0
Locomotion_1,X9,74.687,1.0
Locomotion_1,X9,74.827,1.0
Locomotion_1,X9,74.967,1.0
Locomotion_1,X9,75.107,1.0
Locomotion_1,X9,75.247,1.0
Locomotion_1,X9,75.387,1.0
Locomotion_1,X9,75.527,1.0
Locomotion_1,X9,75.667,1.0
Locomotion_1,X9,75.807,1.0
Locomotion_1,X9,75.947,1.0
Locomotion_1,X9,76.087,1.0
Locomotion_1,X9,76.227,1.0
Locomotion_1,X9,76.367,1.0
Locomotion_1,X9,76.507,1.0
Locomotion_1,X9,76.647,1.0
Locomotion_1,X9,76.787,1.0
Locomotion_1,X9,76.927,1.0
Locomotion_1,X9,77.067,1.0
Locomotion_1,X9,77.207,1.0
Locomotion_1,X9,77.347,1.0
Locomotion_1,X9,77.487,1.0
Locomotion_1,X9,77.627,1.0
Locomotion_1,X9,77.767,1.0
Locomotion_1,X9,77.907,1.0
Locomotion_1,X9,78.047,1.0
Locomotion_1,X9,78.187,1.0
Locomotion_1,X9,78.327,1.0
Locomotion_1,X9,78.467,1.0
Locomotion_1,X9,78.607,1.0
Locomotion_1,X9,78.747,1.0
Locomotion_1,X9,78.887,1.0
Locomotion_1,X9,79.027,1.0
Locomotion_1,X9,79.167,1.0
Locomotion_1,X9,79.307,1.0
Locomotion_1,X9,79.447,1.0
Locomotion_1,X9,79.587,1.0
Locomotion_1,X9,79.727,1.0
Locomotion_1,X9,79.867,1.0
Locomotion_1,X9,80.007,1.0
Locomotion_1,X9,80.147,1.0
Locomotion_1,X9,80.287,1.0
Locomotion_1,X9,80.427,1.0
Locomotion_1,X9,80.567,1.0
Locomotion_1,X9,80.707,1.0
Locomotion_1,X9,80.847,1.0
Locomotion_1,X9,80.987,1.0
Locomotion_1,X9,81.127,1.0
Locomotion_1,X9,81.267,1.0
Locomotion_1,X9,81.407,1.0
Locomotion_1,X9,81.547,1.0
Locomotion_1,X9,81.687,1.0
Locomotion_1,X9,81.827,1.0
Locomotion_1,X9,81.967,1.0
Locomotion_1,X9,82.107,1.0
Locomotion_1,X9,82.247,1.0
Locomotion_1,X9,82.387,1.0
Locomotion_1,X9,82.527,1.0
Locomotion_1,X9,82.667,1.0
Locomotion_1,X9,82.807,1.0
Locomotion_1,X9,82.947,1.0
Locomotion_1,X9,83.087,1.0
Locomotion_1,X9,83.227,1.0
Locomotion_1,X9,83.367,1.0
Locomotion_1,X9,83.507,1.0
Locomotion_1,X9,83.647,1.0
Locomotion_1,X9,83.787,1.0
Locomotion_1,X9,83.927,1.0
Locomotion_1,X9,84.067,1.0
Locomotion_1,X9,84.207,1.0
Locomotion_1,X9,84.347,1.0
Locomotion_1,X9,84.487,1.0
Locomotion_1,X9,84.627,1.0
Locomotion_1,X9,84.767,1.0
Locomotion_1,X9,84.907,1.0
Locomotion_1,X9,85.047,1.0
Locomotion_1,X9,85.187,1.0
Locomotion_1,X9,85.327,1.0
Locomotion_1,X9,85.467,1.0
Locomotion_1,X9,85.607,1.0
Locomotion_1,X9,85.747,1.0
Locomotion_1,X9,85.887,1.0
Locomotion_1,X9,86.027,1.0
Locomotion_1,X9,86.167,1.0
Locomotion_1,X9,86.307,1.0
Locomotion_1,X9,86.447,1.0
Locomotion_1,X9,86.587,1.0
Locomotion_1,X9,86.727,1.0
Locomotion_1,X9,86.867,1.0
Locomotion_1,X9,87.007,1.0
Locomotion_1,X9,87.147,1.0
Locomotion_1,X9,87.287,1.0
Locomotion_1,X9,87.427,1.0
Locomotion_1,X9,87.567,1.0
Locomotion_1,X9,87.707,1.0
Locomotion_1,X9,87.847,1.0
Locomotion_1,X9,87.987,1.0
Locomotion_1,X9,88.127,1.0
Locomotion_1,X9,88.267,1.0
Locomotion_1,X9,88.407,1.0
Locomotion_1,X9,88.547,1.0
Locomotion_1,X9,88.687,1.0
Locomotion_1,X9,88.827,1.0
Locomotion_1,X9,88.967,1.0
Locomotion_1,X9,89.107,1.0
Locomotion_1,X9,89.247,1.0
Locomotion_1,X9,89.387,1.0
Locomotion_1,X9,89.527,1.0
Locomotion_1,X9,89.667,1.0
Locomotion_1,X9,89.807,1.0
Locomotion_1,X9,89.947,1.0
Locomotion_1,X9,90.087,1.0
Locomotion_1,X9,90.227,1.0
Locomotion_1,X9,90.367,1.0
Locomotion_1,X9,90.507,1.0
Locomotion_1,X9,90.647,1.0
Locomotion_1,X9,90.787,1.0
Locomotion_1,X9,90.927,1.0
Locomotion_1,X9,91.067,1.0
Locomotion_1,X9,91.207,1.0
Locomotion_1,X9,91.347,1.0
Locomotion_1,X9,91.487,1.0
Locomotion_1,X9,91.627,1.0
Locomotion_1,X9,91.767,1.0
Locomotion_1,X9,91.907,1.0
Locomotion_1,X9,92.047,1.0
Locomotion_1,X9,92.187,1.0
Locomotion_1,X9,92.327,1.0
Locomotion_1,X9,92.467,1.0
Locomotion_1,X9,92.607,1.0
Locomotion_1,X9,92.747,1.0
Locomotion_1,X9,92.887,1.0
Locomotion_1,X9,93.027,1.0
Locomotion_1,X9,93.167,1.0
Locomotion_1,X9,93.307,1.0
Locomotion_1,X9,93.447,1.0
Locomotion_1,X9,93.587,1.0
Locomotion_1,X9,93.727,1.0
Locomotion_1,X9,93.867,1.0
Locomotion_1,X9,94.007,1.0
Locomotion_1,X9,94.147,1.0
Locomotion_1,X9,94.287,1.0
Locomotion_1,X9,94.427,1.0
Locomotion_1,X9,94.567,1.0
Locomotion_1,X9,94.707,1.0
Locomotion_1,X9,94.847,1.0
Locomotion_1,X9,94.987,1.0
Locomotion_1,X9,95.127,1.0
Locomotion_1,X9,95.267,1.0
Locomotion_1,X9,95.407,1.0
Locomotion_1,X9,95.547,1.0
Locomotion_1,X9,95.687,1.0
Locomotion_1,X9,95.827,1.0
Locomotion_1,X9,95.967,1.0
Locomotion_1,X9,96.107,1.0
Locomotion_1,X9,96.247,1.0
Locomotion_1,X9,96.387,1.0
Locomotion_1,X9,96.527,1.0
Locomotion_1,X9,96.667,1.0
Locomotion_1,X9,96.807,1.0
Locomotion_1,X9,96.947,1.0
Locomotion_1,X9,97.087,1.0
Locomotion_1,X9,97.227,1.0
Locomotion_1,X9,97.367,1.0
Locomotion_1,X9,97.507,1.0
Locomotion_1,X9,97.647,1.0
Locomotion_1,X9,97.787,1.0
Locomotion_1,X9,97.927,1.0
Locomotion_1,X9,98.067,1.0
Locomotion_1,X9,98.207,1.0
Locomotion_1,X9,98.347,1.0
Locomotion_1,X9,98.487,1.0
Locomotion_1,X9,98.627,1.0
Locomotion_1,X9,98.767,1.0
Locomotion_1,X9,98.907,1.0
Locomotion_1,X9,99.047,1.0
Locomotion_1,X9,99.187,1.0
Locomotion_1,X9,99.327,1.0
Locomotion_1,X9,99.467,1.0
Locomotion_1,X9,99.607,1.0
Locomotion_1,X9,99.747,1.0
Locomotion_1,X9,99.887,1.0
Locomotion_1,X9,100.027,1.0
Locomotion_1,X9,100.167,1.0
Locomotion_1,X9,100.307,1.0
Locomotion_1,X9,100.447,1.0
Locomotion_1,X9,100.587,1.0
Locomotion_1,X9,100.727,1.0
Locomotion_1,X9,100.867,1.0
Locomotion_1,X9,101.007,1.0
Locomotion_1,X9,101.147,1.0
Locomotion_1,X9,101.287,1.0
Locomotion_1,X9,101.427,1.0
Locomotion_1,X9,101.567,1.0
Locomotion_1,X9,101.707,1.0
Locomotion_1,X9,101.847,1.0
Locomotion_1,X9,101.987,1.0
Locomotion_1,X9,102.127,1.0
Locomotion_1,X9,102.267,1.0
Locomotion_1,X10,0.067,1.0
Locomotion_1,X10,0.207,0.0549
Locomotion_1,X10,0.347,0.0
Locomotion_1,X10,0.487,0.0
Locomotion_1,X10,0.627,0.0
Locomotion_1,X10,0.767,0.0
Locomotion_1,X10,0.907,0.0
Locomotion_1,X10,1.047,0.0
Locomotion_1,X10,1.187,0.0
Locomotion_1,X10,1.327,0.0
Locomotion_1,X10,1.467,0.0
Locomotion_1,X10,1.607,0.0
Locomotion_1,X10,1.747,0.0
Locomotion_1,X10,1.887,0.0
Locomotion_1,X10,2.027,0.0
Locomotion_1,X10,2.167,0.0
Locomotion_1,X10,2.307,0.0
Locomotion_1,X10,2.447,0.0
Locomotion_1,X10,2.587,0.0
Locomotion_1,X10,2.727,0.0
Locomotion_1,X10,2.867,0.0
Locomotion_1,X10,3.007,0.0
Locomotion_1,X10,3.147,0.0
Locomotion_1,X10,3.287,0.0
Locomotion_1,X10,3.427,0.0
Locomotion_1,X10,3.567,0.0
Locomotion_1,X10,3.707,0.0
Locomotion_1,X10,3.847,0.0
Locomotion_1,X10,3.987,0.0
Locomotion_1,X10,4.127,0.0
Locomotion_1,X10,4.267,0.0
Locomotion_1,X10,4.407,0.0
Locomotion_1,X10,4.547,0.0
Locomotion_1,X10,4.687,0.0
Locomotion_1,X10,4.827,0.0
Locomotion_1,X10,4.967,0.0
Locomotion_1,X10,5.107,0.0
Locomotion_1,X10,5.247,0.0
Locomotion_1,X10,5.387,0.0
Locomotion_1,X10,5.527,0.0
Locomotion_1,X10,5.667,0.0
Locomotion_1,X10,5.807,0.0
Locomotion_1,X10,5.947,0.0
Locomotion_1,X10,6.087,0.0
Locomotion_1,X10,6.227,0.0
Locomotion_1,X10,6.367,0.0
Locomotion_1,X10,6.507,0.0
Locomotion_1,X10,6.647,0.0
Locomotion_1,X10,6.787,0.0
Locomotion_1,X10,6.927,0.0
Locomotion_1,X10,7.067,0.0
Locomotion_1,X10,7.207,0.0
Locomotion_1,X10,7.347,0.0
Locomotion_1,X10,7.487,0.0
Locomotion_1,X10,7.627,0.0
Locomotion_1,X10,7.767,0.0
Locomotion_1,X10,7.907,0.0
Locomotion_1,X10,8.047,0.0
Locomotion_1,X10,8.187,0.0
Locomotion_1,X10,8.327,0.0
Locomotion_1,X10,8.467,0.0
Locomotion_1,X10,8.607,0.0
Locomotion_1,X10,8.747,0.0
Locomotion_1,X10,8.887,0.0
Locomotion_1,X10,9.027,0.0
Locomotion_1,X10,9.167,0.0
Locomotion_1,X10,9.307,0.0
Locomotion_1,X10,9.447,0.0
Locomotion_1,X10,9.587,0.0
Locomotion_1,X10,9.727,0.0
Locomotion_1,X10,9.867,0.0
Locomotion_1,X10,10.007,0.0
Locomotion_1,X10,10.147,0.0
Locomotion_1,X10,10.287,0.0
Locomotion_1,X10,10.427,0.0
Locomotion_1,X10,10.567,0.0
Locomotion_1,X10,10.707,0.0
Locomotion_1,X10,10.847,0.0
Locomotion_1,X10,10.987,0.0
Locomotion_1,X10,11.127,0.0
Locomotion_1,X10,11.267,0.0
Locomotion_1,X10,11.407,0.0
Locomotion_1,X10,11.547,0.0
Locomotion_1,X10,11.687,0.0
Locomotion_1,X10,11.827,0.0
Locomotion_1,X10,11.967,0.0
Locomotion_1,X10,12.107,0.0
Locomotion_1,X10,12.247,0.0
Locomotion_1,X10,12.387,0.0
Locomotion_1,X10,12.527,0.0
Locomotion_1,X10,12.667,0.0
Locomotion_1,X10,12.807,0.0
Locomotion_1,X10,12.947,0.0
Locomotion_1,X10,13.087,0.0
Locomotion_1,X10,13.227,0.0
Locomotion_1,X10,13.367,0.0
Locomotion_1,X10,13.507,0.0
Locomotion_1,X10,13.647,0.0
Locomotion_1,X10,13.787,0.0
Locomotion_1,X10,13.927,0.0
Locomotion_1,X10,14.067,0.0
Locomotion_1,X10,14.207,0.0
Locomotion_1,X10,14.347,0.0
Locomotion_1,X10,14.487,0.0
Locomotion_1,X10,14.627,0.0
Locomotion_1,X10,14.767,0.0
Locomotion_1,X10,14.907,0.0
Locomotion_1,X10,15.047,0.0
Locomotion_1,X10,15.187,0.0
Locomotion_1,X10,15.327,0.0
Locomotion_1,X10,15.467,0.0
Locomotion_1,X10,15.607,0.0
Locomotion_1,X10,15.747,0.0
Locomotion_1,X10,15.887,0.0
Locomotion_1,X10,16.027,0.0
Locomotion_1,X10,16.167,0.0
Locomotion_1,X10,16.307,0.0
Locomotion_1,X10,16.447,0.0
Locomotion_1,X10,16.587,0.0
Locomotion_1,X10,16.727,0.0
Locomotion_1,X10,16.867,0.0
Locomotion_1,X10,17.007,0.0
Locomotion_1,X10,17.147,0.0
Locomotion_1,X10,17.287,0.0
Locomotion_1,X10,17.427,0.0
Locomotion_1,X10,17.567,0.0
Locomotion_1,X10,17.707,0.0
Locomotion_1,X10,17.847,0.0
Locomotion_1,X10,17.987,0.0
Locomotion_1,X10,18.127,0.0
Locomotion_1,X10,18.267,0.0
Locomotion_1,X10,18.407,0.0
Locomotion_1,X10,18.547,0.0
Locomotion_1,X10,18.687,0.0
Locomotion_1,X10,18.827,0.0
Locomotion_1,X10,18.967,0.0
Locomotion_1,X10,19.107,0.0
Locomotion_1,X10,19.247,0.0
Locomotion_1,X10,19.387,0.0
Locomotion_1,X10,19.527,0.0
Locomotion_1,X10,19.667,0.0
Locomotion_1,X10,19.807,0.0
Locomotion_1,X10,19.947,0.0
Locomotion_1,X10,20.087,0.0
Locomotion_1,X10,20.227,0.0
Locomotion_1,X10,20.367,0.0
Locomotion_1,X10,20.507,0.0
Locomotion_1,X10,20.647,0.0
Locomotion_1,X10,20.787,0.0
Locomotion_1,X10,20.927,0.0
Locomotion_1,X10,21.067,0.0
Locomotion_1,X10,21.207,0.0
Locomotion_1,X10,21.347,0.0
Locomotion_1,X10,21.487,0.0
Locomotion_1,X10,21.627,0.0
Locomotion_1,X10,21.767,0.0
Locomotion_1,X10,21.907,0.0
Locomotion_1,X10,22.047,0.0
Locomotion_1,X10,22.187,0.0
Locomotion_1,X10,22.327,0.0
Locomotion_1,X10,22.467,0.0
Locomotion_1,X10,22.607,0.0
Locomotion_1,X10,22.747,0.0
Locomotion_1,X10,22.887,0.0
Locomotion_1,X10,23.027,0.0
Locomotion_1,X10,23.167,0.0
Locomotion_1,X10,23.307,0.0
Locomotion_1,X10,23.447,0.0
Locomotion_1,X10,23.587,0.0
Locomotion_1,X10,23.727,0.0
Locomotion_1,X10,23.867,0.0
Locomotion_1,X10,24.007,0.0
Locomotion_1,X10,24.147,0.0
Locomotion_1,X10,24.287,0.0
Locomotion_1,X10,24.427,0.0
Locomotion_1,X10,24.567,0.0
Locomotion_1,X10,24.707,0.0
Locomotion_1,X10,24.847,0.0
Locomotion_1,X10,24.987,0.0
Locomotion_1,X10,25.127,0.0
Locomotion_1,X10,25.267,0.0
Locomotion_1,X10,25.407,0.0
Locomotion_1,X10,25.547,0.0
Locomotion_1,X10,25.687,0.0
Locomotion_1,X10,25.827,0.0
Locomotion_1,X10,25.967,0.0
Locomotion_1,X10,26.107,0.0
Locomotion_1,X10,26.247,0.0
Locomotion_1,X10,26.387,0.0
Locomotion_1,X10,26.527,0.0
Locomotion_1,X10,26.667,0.0
Locomotion_1,X10,26.807,0.0
Locomotion_1,X10,26.947,0.0
Locomotion_1,X10,27.087,0.0
Locomotion_1,X10,27.227,0.0
Locomotion_1,X10,27.367,0.0
Locomotion_1,X10,27.507,0.0
Locomotion_1,X10,27.647,0.0
Locomotion_1,X10,27.787,0.0
Locomotion_1,X10,27.927,0.0
Locomotion_1,X10,28.067,0.0
Locomotion_1,X10,28.207,0.0
Locomotion_1,X10,28.347,0.0
Locomotion_1,X10,28.487,0.0
Locomotion_1,X10,28.627,0.0
Locomotion_1,X10,28.767,0.0
Locomotion_1,X10,28.907,0.0
Locomotion_1,X10,29.047,0.0
Locomotion_1,X10,29.187,0.0
Locomotion_1,X10,29.327,0.0
Locomotion_1,X10,29.467,0.0
Locomotion_1,X10,29.607,0.0
Locomotion_1,X10,29.747,0.0
Locomotion_1,X10,29.887,0.0
Locomotion_1,X10,30.027,0.0
Locomotion_1,X10,30.167,0.0
Locomotion_1,X10,30.307,0.0
Locomotion_1,X10,30.447,0.0
Locomotion_1,X10,30.587,0.0
Locomotion_1,X10,30.727,0.0
Locomotion_1,X10,30.867,0.0
Locomotion_1,X10,31.007,0.0
Locomotion_1,X10,31.147,0.0
Locomotion_1,X10,31.287,0.0
Locomotion_1,X10,31.427,0.0
Locomotion_1,X10,31.567,0.0
Locomotion_1,X10,31.707,0.0
Locomotion_1,X10,31.847,0.0
Locomotion_1,X10,31.987,0.0
Locomotion_1,X10,32.127,0.0
Locomotion_1,X10,32.267,0.0
Locomotion_1,X10,32.407,0.0
Locomotion_1,X10,32.547,0.0
Locomotion_1,X10,32.687,0.0
Locomotion_1,X10,32.827,0.0
Locomotion_1,X10,32.967,0.0
Locomotion_1,X10,33.107,0.0
Locomotion_1,X10,33.247,0.0
Locomotion_1,X10,33.387,0.0
Locomotion_1,X10,33.527,0.0
Locomotion_1,X10,33.667,0.0
Locomotion_1,X10,33.807,0.0
Locomotion_1,X10,33.947,0.0
Locomotion_1,X10,34.087,0.0
Locomotion_1,X10,34.227,0.0
Locomotion_1,X10,34.367,0.0
Locomotion_1,X10,34.507,0.0
Locomotion_1,X10,34.647,0.0
Locomotion_1,X10,34.787,0.0
Locomotion_1,X10,34.927,0.0
Locomotion_1,X10,35.067,0.0
Locomotion_1,X10,35.207,0.0
Locomotion_1,X10,35.347,0.0
Locomotion_1,X10,35.487,0.0
Locomotion_1,X10,35.627,0.0
Locomotion_1,X10,35.767,0.0
Locomotion_1,X10,35.907,0.0
Locomotion_1,X10,36.047,0.0
Locomotion_1,X10,36.187,0.0
Locomotion_1,X10,36.327,0.0
Locomotion_1,X10,36.467,0.0
Locomotion_1,X10,36.607,0.0
Locomotion_1,X10,36.747,0.0
Locomotion_1,X10,36.887,0.0
Locomotion_1,X10,37.027,0.0
Locomotion_1,X10,37.167,0.0
Locomotion_1,X10,37.307,0.0
Locomotion_1,X10,37.447,0.0
Locomotion_1,X10,37.587,0.0
Locomotion_1,X10,37.727,0.0
Locomotion_1,X10,37.867,0.0
Locomotion_1,X10,38.007,0.0
Locomotion_1,X10,38.147,0.0
Locomotion_1,X10,38.287,0.0
Locomotion_1,X10,38.427,0.0
Locomotion_1,X10,38.567,0.0
Locomotion_1,X10,38.707,0.0
Locomotion_1,X10,38.847,0.0
Locomotion_1,X10,38.987,0.0
Locomotion_1,X10,39.127,0.0
Locomotion_1,X10,39.267,0.0
Locomotion_1,X10,39.407,0.0
Locomotion_1,X10,39.547,0.0
Locomotion_1,X10,39.687,0.0
Locomotion_1,X10,39.827,0.0
Locomotion_1,X10,39.967,0.0
Locomotion_1,X10,40.107,0.0
Locomotion_1,X10,40.247,0.0
Locomotion_1,X10,40.387,0.0
Locomotion_1,X10,40.527,0.0
Locomotion_1,X10,40.667,0.0
Locomotion_1,X10,40.807,0.0
Locomotion_1,X10,40.947,0.0
Locomotion_1,X10,41.087,0.0
Locomotion_1,X10,41.227,0.0
Locomotion_1,X10,41.367,0.0
Locomotion_1,X10,41.507,0.0
Locomotion_1,X10,41.647,0.0
Locomotion_1,X10,41.787,0.0
Locomotion_1,X10,41.927,0.0
Locomotion_1,X10,42.067,0.0
Locomotion_1,X10,42.207,0.0
Locomotion_1,X10,42.347,0.0
Locomotion_1,X10,42.487,0.0
Locomotion_1,X10,42.627,0.0
Locomotion_1,X10,42.767,0.0
Locomotion_1,X10,42.907,0.0
Locomotion_1,X10,43.047,0.0
Locomotion_1,X10,43.187,0.0
Locomotion_1,X10,43.327,0.0
Locomotion_1,X10,43.467,0.0
Locomotion_1,X10,43.607,0.0
Locomotion_1,X10,43.747,0.0
Locomotion_1,X10,43.887,0.0
Locomotion_1,X10,44.027,0.0
Locomotion_1,X10,44.167,0.0
Locomotion_1,X10,44.307,0.0
Locomotion_1,X10,44.447,0.0
Locomotion_1,X10,44.587,0.0
Locomotion_1,X10,44.727,0.0
Locomotion_1,X10,44.867,0.0
Locomotion_1,X10,45.007,0.0
Locomotion_1,X10,45.147,0.0
Locomotion_1,X10,45.287,0.0
Locomotion_1,X10,45.427,0.0
Locomotion_1,X10,45.567,0.0
Locomotion_1,X10,45.707,0.0
Locomotion_1,X10,45.847,0.0
Locomotion_1,X10,45.987,0.0
Locomotion_1,X10,46.127,0.0
Locomotion_1,X10,46.267,0.0
Locomotion_1,X10,46.407,0.0
Locomotion_1,X10,46.547,0.0
Locomotion_1,X10,46.687,0.0
Locomotion_1,X10,46.827,0.0
Locomotion_1,X10,46.967,0.0
Locomotion_1,X10,47.107,0.0
Locomotion_1,X10,47.247,0.0
Locomotion_1,X10,47.387,0.0
Locomotion_1,X10,47.527,0.0
Locomotion_1,X10,47.667,0.0
Locomotion_1,X10,47.807,0.0
Locomotion_1,X10,47.947,0.0
Locomotion_1,X10,48.087,0.0
Locomotion_1,X10,48.227,0.0
Locomotion_1,X10,48.367,0.0
Locomotion_1,X10,48.507,0.0
Locomotion_1,X10,48.647,0.0
Locomotion_1,X10,48.787,0.0
Locomotion_1,X10,48.927,0.0
Locomotion_1,X10,49.067,0.0
Locomotion_1,X10,49.207,0.0
Locomotion_1,X10,49.347,0.0
Locomotion_1,X10,49.487,0.0
Locomotion_1,X10,49.627,0.0
Locomotion_1,X10,49.767,0.0
Locomotion_1,X10,49.907,0.0
Locomotion_1,X10,50.047,0.0
Locomotion_1,X10,50.187,0.0
Locomotion_1,X10,50.327,0.0
Locomotion_1,X10,50.467,0.0
Locomotion_1,X10,50.607,0.0
Locomotion_1,X10,50.747,0.0
Locomotion_1,X10,50.887,0.0
Locomotion_1,X10,51.027,0.0
Locomotion_1,X10,51.167,0.0
Locomotion_1,X10,51.307,0.0
Locomotion_1,X10,51.447,0.0
Locomotion_1,X10,51.587,0.0
Locomotion_1,X10,51.727,0.0
Locomotion_1,X10,51.867,0.0
Locomotion_1,X10,52.007,0.0
Locomotion_1,X10,52.147,0.0
Locomotion_1,X10,52.287,0.0
Locomotion_1,X10,52.427,0.0
Locomotion_1,X10,52.567,0.0
Locomotion_1,X10,52.707,0.0
Locomotion_1,X10,52.847,0.0
Locomotion_1,X10,52.987,0.0
Locomotion_1,X10,53.127,0.0
Locomotion_1,X10,53.267,0.0
Locomotion_1,X10,53.407,0.0
Locomotion_1,X10,53.547,0.0
Locomotion_1,X10,53.687,0.0
Locomotion_1,X10,53.827,0.0
Locomotion_1,X10,53.967,0.0
Locomotion_1,X10,54.107,0.0
Locomotion_1,X10,54.247,0.0
Locomotion_1,X10,54.387,0.0
Locomotion_1,X10,54.527,0.0
Locomotion_1,X10,54.667,0.0
Locomotion_1,X10,54.807,0.0
Locomotion_1,X10,54.947,0.0
Locomotion_1,X10,55.087,0.0
Locomotion_1,X10,55.227,0.0
Locomotion_1,X10,55.367,0.0
Locomotion_1,X10,55.507,0.0
Locomotion_1,X10,55.647,0.0
Locomotion_1,X10,55.787,0.0
Locomotion_1,X10,55.927,0.0
Locomotion_1,X10,56.067,0.0
Locomotion_1,X10,56.207,0.0
Locomotion_1,X10,56.347,0.0
Locomotion_1,X10,56.487,0.0
Locomotion_1,X10,56.627,0.0
Locomotion_1,X10,56.767,0.0
Locomotion_1,X10,56.907,0.0
Locomotion_1,X10,57.047,0.0
Locomotion_1,X10,57.187,0.0
Locomotion_1,X10,57.327,0.0
Locomotion_1,X10,57.467,0.0
Locomotion_1,X10,57.607,0.0
Locomotion_1,X10,57.747,0.0
Locomotion_1,X10,57.887,0.0
Locomotion_1,X10,58.027,0.0
Locomotion_1,X10,58.167,0.0
Locomotion_1,X10,58.307,0.0
Locomotion_1,X10,58.447,0.0
Locomotion_1,X10,58.587,0.0
Locomotion_1,X10,58.727,0.0
Locomotion_1,X10,58.867,0.0
Locomotion_1,X10,59.007,0.0
Locomotion_1,X10,59.147,0.0
Locomotion_1,X10,59.287,0.0
Locomotion_1,X10,59.427,0.0
Locomotion_1,X10,59.567,0.0
Locomotion_1,X10,59.707,0.0
Locomotion_1,X10,59.847,0.0
Locomotion_1,X10,59.987,0.0
Locomotion_1,X10,60.127,0.0
Locomotion_1,X10,60.267,0.0
Locomotion_1,X10,60.407,0.0
Locomotion_1,X10,60.547,0.0
Locomotion_1,X10,60.687,0.0
Locomotion_1,X10,60.827,0.0
Locomotion_1,X10,60.967,0.0
Locomotion_1,X10,61.107,0.0
Locomotion_1,X10,61.247,0.0
Locomotion_1,X10,61.387,0.0
Locomotion_1,X10,61.527,0.0
Locomotion_1,X10,61.667,0.0
Locomotion_1,X10,61.807,0.0
Locomotion_1,X10,61.947,0.0
Locomotion_1,X10,62.087,0.0
Locomotion_1,X10,62.227,0.0
Locomotion_1,X10,62.367,0.0
Locomotion_1,X10,62.507,0.0
Locomotion_1,X10,62.647,0.0
Locomotion_1,X10,62.787,0.0
Locomotion_1,X10,62.927,0.0
Locomotion_1,X10,63.067,0.0
Locomotion_1,X10,63.207,0.0
Locomotion_1,X10,63.347,0.0
Locomotion_1,X10,63.487,0.0
Locomotion_1,X10,63.627,0.0
Locomotion_1,X10,63.767,0.0
Locomotion_1,X10,63.907,0.0
Locomotion_1,X10,64.047,0.0
Locomotion_1,X10,64.187,0.0
Locomotion_1,X10,64.327,0.0
Locomotion_1,X10,64.467,0.0
Locomotion_1,X10,64.607,0.0
Locomotion_1,X10,64.747,0.0
Locomotion_1,X10,64.887,0.0
Locomotion_1,X10,65.027,0.0
Locomotion_1,X10,65.167,0.0
Locomotion_1,X10,65.307,0.0
Locomotion_1,X10,65.447,0.0
Locomotion_1,X10,65.587,0.0
Locomotion_1,X10,65.727,0.0
Locomotion_1,X10,65.867,0.0
Locomotion_1,X10,66.007,0.0
Locomotion_1,X10,66.147,0.0
Locomotion_1,X10,66.287,0.0
Locomotion_1,X10,66.427,0.0
Locomotion_1,X10,66.567,0.0
Locomotion_1,X10,66.707,0.0
Locomotion_1,X10,66.847,0.0
Locomotion_1,X10,66.987,0.0
Locomotion_1,X10,67.127,0.0
Locomotion_1,X10,67.267,0.0
Locomotion_1,X10,67.407,0.0
Locomotion_1,X10,67.547,0.0
Locomotion_1,X10,67.687,0.0
Locomotion_1,X10,67.827,0.0
Locomotion_1,X10,67.967,0.0
Locomotion_1,X10,68.107,0.0
Locomotion_1,X10,68.247,0.0
Locomotion_1,X10,68.387,0.0
Locomotion_1,X10,68.527,0.0
Locomotion_1,X10,68.667,0.0
Locomotion_1,X10,68.807,0.0
Locomotion_1,X10,68.947,0.0
Locomotion_1,X10,69.087,0.0
Locomotion_1,X10,69.227,0.0
Locomotion_1,X10,69.367,0.0
Locomotion_1,X10,69.507,0.0
Locomotion_1,X10,69.647,0.0
Locomotion_1,X10,69.787,0.0
Locomotion_1,X10,69.927,0.0
Locomotion_1,X10,70.067,0.0
Locomotion_1,X10,70.207,0.0
Locomotion_1,X10,70.347,0.0
Locomotion_1,X10,70.487,0.0
Locomotion_1,X10,70.627,0.0
Locomotion_1,X10,70.767,0.0
Locomotion_1,X10,70.907,0.0
Locomotion_1,X10,71.047,0.0
Locomotion_1,X10,71.187,0.0
Locomotion_1,X10,71.327,0.0
Locomotion_1,X10,71.467,0.0
Locomotion_1,X10,71.607,0.0
Locomotion_1,X10,71.747,0.0
Locomotion_1,X10,71.887,0.0
Locomotion_1,X10,72.027,0.0
Locomotion_1,X10,72.167,0.0
Locomotion_1,X10,72.307,0.0
Locomotion_1,X10,72.447,0.0
Locomotion_1,X10,72.587,0.0
Locomotion_1,X10,72.727,0.0
Locomotion_1,X10,72.867,0.0
Locomotion_1,X10,73.007,0.0
Locomotion_1,X10,73.147,0.0
Locomotion_1,X10,73.287,0.0
Locomotion_1,X10,73.427,0.0
Locomotion_1,X10,73.567,0.0
Locomotion_1,X10,73.707,0.0
Locomotion_1,X10,73.847,0.0
Locomotion_1,X10,73.987,0.0
Locomotion_1,X10,74.127,0.0
Locomotion_1,X10,74.267,0.0
Locomotion_1,X10,74.407,0.0
Locomotion_1,X10,74.547,0.0
Locomotion_1,X10,74.687,0.0
Locomotion_1,X10,74.827,0.0
Locomotion_1,X10,74.967,0.0
Locomotion_1,X10,75.107,0.0
Locomotion_1,X10,75.247,0.0
Locomotion_1,X10,75.387,0.0
Locomotion_1,X10,75.527,0.0
Locomotion_1,X10,75.667,0.0
Locomotion_1,X10,75.807,0.0
Locomotion_1,X10,75.947,0.0
Locomotion_1,X10,76.087,0.0
Locomotion_1,X10,76.227,0.0
Locomotion_1,X10,76.367,0.0
Locomotion_1,X10,76.507,0.0
Locomotion_1,X10,76.647,0.0
Locomotion_1,X10,76.787,0.0
Locomotion_1,X10,76.927,0.0
Locomotion_1,X10,77.067,0.0
Locomotion_1,X10,77.207,0.0
Locomotion_1,X10,77.347,0.0
Locomotion_1,X10,77.487,0.0
Locomotion_1,X10,77.627,0.0
Locomotion_1,X10,77.767,0.0
Locomotion_1,X10,77.907,0.0
Locomotion_1,X10,78.047,0.0
Locomotion_1,X10,78.187,0.0
Locomotion_1,X10,78.327,0.0
Locomotion_1,X10,78.467,0.0
Locomotion_1,X10,78.607,0.0
Locomotion_1,X10,78.747,0.0
Locomotion_1,X10,78.887,0.0
Locomotion_1,X10,79.027,0.0
Locomotion_1,X10,79.167,0.0
Locomotion_1,X10,79.307,0.0
Locomotion_1,X10,79.447,0.0
Locomotion_1,X10,79.587,0.0
Locomotion_1,X10,79.727,0.0
Locomotion_1,X10,79.867,0.0
Locomotion_1,X10,80.007,0.0
Locomotion_1,X10,80.147,0.0
Locomotion_1,X10,80.287,0.0
Locomotion_1,X10,80.427,0.0
Locomotion_1,X10,80.567,0.0
Locomotion_1,X10,80.707,0.0
Locomotion_1,X10,80.847,0.0
Locomotion_1,X10,80.987,0.0
Locomotion_1,X10,81.127,0.0
Locomotion_1,X10,81.267,0.0
Locomotion_1,X10,81.407,0.0
Locomotion_1,X10,81.547,0.0
Locomotion_1,X10,81.687,0.0
Locomotion_1,X10,81.827,0.0
Locomotion_1,X10,81.967,0.0
Locomotion_1,X10,82.107,0.0
Locomotion_1,X10,82.247,0.0
Locomotion_1,X10,82.387,0.0
Locomotion_1,X10,82.527,0.0
Locomotion_1,X10,82.667,0.0
Locomotion_1,X10,82.807,0.0
Locomotion_1,X10,82.947,0.0
Locomotion_1,X10,83.087,0.0
Locomotion_1,X10,83.227,0.0
Locomotion_1,X10,83.367,0.0
Locomotion_1,X10,83.507,0.0
Locomotion_1,X10,83.647,0.0
Locomotion_1,X10,83.787,0.0
Locomotion_1,X10,83.927,0.0
Locomotion_1,X10,84.067,0.0
Locomotion_1,X10,84.207,0.0
Locomotion_1,X10,84.347,0.0
Locomotion_1,X10,84.487,0.0
Locomotion_1,X10,84.627,0.0
Locomotion_1,X10,84.767,0.0
Locomotion_1,X10,84.907,0.0
Locomotion_1,X10,85.047,0.0
Locomotion_1,X10,85.187,0.0
Locomotion_1,X10,85.327,0.0
Locomotion_1,X10,85.467,0.0
Locomotion_1,X10,85.607,0.0
Locomotion_1,X10,85.747,0.0
Locomotion_1,X10,85.887,0.0
Locomotion_1,X10,86.027,0.0
Locomotion_1,X10,86.167,0.0
Locomotion_1,X10,86.307,0.0
Locomotion_1,X10,86.447,0.0
Locomotion_1,X10,86.587,0.0
Locomotion_1,X10,86.727,0.0
Locomotion_1,X10,86.867,0.0
Locomotion_1,X10,87.007,0.0
Locomotion_1,X10,87.147,0.0
Locomotion_1,X10,87.287,0.0
Locomotion_1,X10,87.427,0.0
Locomotion_1,X10,87.567,0.0
Locomotion_1,X10,87.707,0.0
Locomotion_1,X10,87.847,0.0
Locomotion_1,X10,87.987,0.0
Locomotion_1,X10,88.127,0.0
Locomotion_1,X10,88.267,0.0
Locomotion_1,X10,88.407,0.0
Locomotion_1,X10,88.547,0.0
Locomotion_1,X10,88.687,0.0
Locomotion_1,X10,88.827,0.0
Locomotion_1,X10,88.967,0.0
Locomotion_1,X10,89.107,0.0
Locomotion_1,X10,89.247,0.0
Locomotion_1,X10,89.387,0.0
Locomotion_1,X10,89.527,0.0
Locomotion_1,X10,89.667,0.0
Locomotion_1,X10,89.807,0.0
Locomotion_1,X10,89.947,0.0
Locomotion_1,X10,90.087,0.0
Locomotion_1,X10,90.227,0.0
Locomotion_1,X10,90.367,0.0
Locomotion_1,X10,90.507,0.0
Locomotion_1,X10,90.647,0.0
Locomotion_1,X10,90.787,0.0
Locomotion_1,X10,90.927,0.0
Locomotion_1,X10,91.067,0.0
Locomotion_1,X10,91.207,0.0
Locomotion_1,X10,91.347,0.0
Locomotion_1,X10,91.487,0.0
Locomotion_1,X10,91.627,0.0
Locomotion_1,X10,91.767,0.0
Locomotion_1,X10,91.907,0.0
Locomotion_1,X10,92.047,0.0
Locomotion_1,X10,92.187,0.0
Locomotion_1,X10,92.327,0.0
Locomotion_1,X10,92.467,0.0
Locomotion_1,X10,92.607,0.0
Locomotion_1,X10,92.747,0.0
Locomotion_1,X10,92.887,0.0
Locomotion_1,X10,93.027,0.0
Locomotion_1,X10,93.167,0.0
Locomotion_1,X10,93.307,0.0
Locomotion_1,X10,93.447,0.0
Locomotion_1,X10,93.587,0.0
Locomotion_1,X10,93.727,0.0
Locomotion_1,X10,93.867,0.0
Locomotion_1,X10,94.007,0.0
Locomotion_1,X10,94.147,0.0
Locomotion_1,X10,94.287,0.0
Locomotion_1,X10,94.427,0.0
Locomotion_1,X10,94.567,0.0
Locomotion_1,X10,94.707,0.0
Locomotion_1,X10,94.847,0.0
Locomotion_1,X10,94.987,0.0
Locomotion_1,X10,95.127,0.0
Locomotion_1,X10,95.267,0.0
Locomotion_1,X10,95.407,0.0
Locomotion_1,X10,95.547,0.0
Locomotion_1,X10,95.687,0.0
Locomotion_1,X10,95.827,0.0
Locomotion_1,X10,95.967,0.0
Locomotion_1,X10,96.107,0.0
Locomotion_1,X10,96.247,0.0
Locomotion_1,X10,96.387,0.0
Locomotion_1,X10,96.527,0.0
Locomotion_1,X10,96.667,0.0
Locomotion_1,X10,96.807,0.0
Locomotion_1,X10,96.947,0.0
Locomotion_1,X10,97.087,0.0
Locomotion_1,X10,97.227,0.0
Locomotion_1,X10,97.367,0.0
Locomotion_1,X10,97.507,0.0
Locomotion_1,X10,97.647,0.0
Locomotion_1,X10,97.787,0.0
Locomotion_1,X10,97.927,0.0
Locomotion_1,X10,98.067,0.0
Locomotion_1,X10,98.207,0.0
Locomotion_1,X10,98.347,0.0
Locomotion_1,X10,98.487,0.0
Locomotion_1,X10,98.627,0.0
Locomotion_1,X10,98.767,0.0
Locomotion_1,X10,98.907,0.0
Locomotion_1,X10,99.047,0.0
Locomotion_1,X10,99.187,0.0
Locomotion_1,X10,99.327,0.0
Locomotion_1,X10,99.467,0.0
Locomotion_1,X10,99.607,0.0
Locomotion_1,X10,99.747,0.0
Locomotion_1,X10,99.887,0.0
Locomotion_1,X10,100.027,0.0
Locomotion_1,X10,100.167,0.0
Locomotion_1,X10,100.307,0.0
Locomotion_1,X10,100.447,0.0
Locomotion_1,X10,100.587,0.0
Locomotion_1,X10,100.727,0.0
Locomotion_1,X10,100.867,0.0
Locomotion_1,X10,101.007,0.0
Locomotion_1,X10,101.147,0.0
Locomotion_1,X10,101.287,0.0
Locomotion_1,X10,101.427,0.0
Locomotion_1,X10,101.567,0.0
Locomotion_1,X10,101.707,0.0
Locomotion_1,X10,101.847,0.0
Locomotion_1,X10,101.987,0.0
Locomotion_1,X10,102.127,0.0549
Locomotion_1,X10,102.267,1.0
Locomotion_1,X11,0.067,1.0
Locomotion_1,X11,0.207,1.0
Locomotion_1,X11,0.347,1.0
Locomotion_1,X11,0.487,1.0
Locomotion_1,X11,0.627,1.0
Locomotion_1,X11,0.767,1.0
Locomotion_1,X11,0.907,1.0
Locomotion_1,X11,1.047,1.0
Locomotion_1,X11,1.187,1.0
Locomotion_1,X11,1.327,1.0
Locomotion_1,X11,1.467,1.0
Locomotion_1,X11,1.607,1.0
Locomotion_1,X11,1.747,1.0
Locomotion_1,X11,1.887,1.0
Locomotion_1,X11,2.027,1.0
Locomotion_1,X11,2.167,1.0
Locomotion_1,X11,2.307,1.0
Locomotion_1,X11,2.447,1.0
Locomotion_1,X11,2.587,1.0
Locomotion_1,X11,2.727,1.0
Locomotion_1,X11,2.867,1.0
Locomotion_1,X11,3.007,1.0
Locomotion_1,X11,3.147,1.0
Locomotion_1,X11,3.287,1.0
Locomotion_1,X11,3.427,1.0
Locomotion_1,X11,3.567,1.0
Locomotion_1,X11,3.707,1.0
Locomotion_1,X11,3.847,1.0
Locomotion_1,X11,3.987,1.0
Locomotion_1,X11,4.127,1.0
Locomotion_1,X11,4.267,1.0
Locomotion_1,X11,4.407,1.0
Locomotion_1,X11,4.547,1.0
Locomotion_1,X11,4.687,1.0
Locomotion_1,X11,4.827,1.0
Locomotion_1,X11,4.967,1.0
Locomotion_1,X11,5.107,1.0
Locomotion_1,X11,5.247,1.0
Locomotion_1,X11,5.387,1.0
Locomotion_1,X11,5.527,1.0
Locomotion_1,X11,5.667,1.0
Locomotion_1,X11,5.807,1.0
Locomotion_1,X11,5.947,1.0
Locomotion_1,X11,6.087,1.0
Locomotion_1,X11,6.227,1.0
Locomotion_1,X11,6.367,1.0
Locomotion_1,X11,6.507,1.0
Locomotion_1,X11,6.647,1.0
Locomotion_1,X11,6.787,1.0
Locomotion_1,X11,6.927,1.0
Locomotion_1,X11,7.067,1.0
Locomotion_1,X11,7.207,1.0
Locomotion_1,X11,7.347,1.0
Locomotion_1,X11,7.487,1.0
Locomotion_1,X11,7.627,1.0
Locomotion_1,X11,7.767,1.0
Locomotion_1,X11,7.907,1.0
Locomotion_1,X11,8.047,1.0
Locomotion_1,X11,8.187,1.0
Locomotion_1,X11,8.327,1.0
Locomotion_1,X11,8.467,1.0
Locomotion_1,X11,8.607,1.0
Locomotion_1,X11,8.747,1.0
Locomotion_1,X11,8.887,1.0
Locomotion_1,X11,9.027,1.0
Locomotion_1,X11,9.167,1.0
Locomotion_1,X11,9.307,1.0
Locomotion_1,X11,9.447,1.0
Locomotion_1,X11,9.587,1.0
Locomotion_1,X11,9.727,1.0
Locomotion_1,X11,9.867,1.0
Locomotion_1,X11,10.007,1.0
Locomotion_1,X11,10.147,1.0
Locomotion_1,X11,10.287,1.0
Locomotion_1,X11,10.427,1.0
Locomotion_1,X11,10.567,1.0
Locomotion_1,X11,10.707,1.0
Locomotion_1,X11,10.847,1.0
Locomotion_1,X11,10.987,1.0
Locomotion_1,X11,11.127,1.0
Locomotion_1,X11,11.267,1.0
Locomotion_1,X11,11.407,1.0
Locomotion_1,X11,11.547,1.0
Locomotion_1,X11,11.687,1.0
Locomotion_1,X11,11.827,1.0
Locomotion_1,X11,11.967,1.0
Locomotion_1,X11,12.107,1.0
Locomotion_1,X11,12.247,1.0
Locomotion_1,X11,12.387,1.0
Locomotion_1,X11,12.527,1.0
Locomotion_1,X11,12.667,1.0
Locomotion_1,X11,12.807,1.0
Locomotion_1,X11,12.947,1.0
Locomotion_1,X11,13.087,1.0
Locomotion_1,X11,13.227,1.0
Locomotion_1,X11,13.367,1.0
Locomotion_1,X11,13.507,1.0
Locomotion_1,X11,13.647,1.0
Locomotion_1,X11,13.787,1.0
Locomotion_1,X11,13.927,1.0
Locomotion_1,X11,14.067,1.0
Locomotion_1,X11,14.207,1.0
Locomotion_1,X11,14.347,1.0
Locomotion_1,X11,14.487,1.0
Locomotion_1,X11,14.627,1.0
Locomotion_1,X11,14.767,1.0
Locomotion_1,X11,14.907,1.0
Locomotion_1,X11,15.047,1.0
Locomotion_1,X11,15.187,1.0
Locomotion_1,X11,15.327,1.0
Locomotion_1,X11,15.467,1.0
Locomotion_1,X11,15.607,1.0
Locomotion_1,X11,15.747,1.0
Locomotion_1,X11,15.887,1.0
Locomotion_1,X11,16.027,1.0
Locomotion_1,X11,16.167,1.0
Locomotion_1,X11,16.307,1.0
Locomotion_1,X11,16.447,1.0
Locomotion_1,X11,16.587,1.0
Locomotion_1,X11,16.727,1.0
Locomotion_1,X11,16.867,1.0
Locomotion_1,X11,17.007,1.0
Locomotion_1,X11,17.147,1.0
Locomotion_1,X11,17.287,1.0
Locomotion_1,X11,17.427,1.0
Locomotion_1,X11,17.567,1.0
Locomotion_1,X11,17.707,1.0
Locomotion_1,X11,17.847,1.0
Locomotion_1,X11,17.987,1.0
Locomotion_1,X11,18.127,1.0
Locomotion_1,X11,18.267,1.0
Locomotion_1,X11,18.407,1.0
Locomotion_1,X11,18.547,1.0
Locomotion_1,X11,18.687,1.0
Locomotion_1,X11,18.827,1.0
Locomotion_1,X11,18.967,1.0
Locomotion_1,X11,19.107,1.0
Locomotion_1,X11,19.247,1.0
Locomotion_1,X11,19.387,1.0
Locomotion_1,X11,19.527,1.0
Locomotion_1,X11,19.667,1.0
Locomotion_1,X11,19.807,1.0
Locomotion_1,X11,19.947,1.0
Locomotion_1,X11,20.087,1.0
Locomotion_1,X11,20.227,1.0
Locomotion_1,X11,20.367,1.0
Locomotion_1,X11,20.507,1.0
Locomotion_1,X11,20.647,1.0
Locomotion_1,X11,20.787,1.0
Locomotion_1,X11,20.927,1.0
Locomotion_1,X11,21.067,1.0
Locomotion_1,X11,21.207,1.0
Locomotion_1,X11,21.347,1.0
Locomotion_1,X11,21.487,1.0
Locomotion_1,X11,21.627,1.0
Locomotion_1,X11,21.767,1.0
Locomotion_1,X11,21.907,1.0
Locomotion_1,X11,22.047,1.0
Locomotion_1,X11,22.187,1.0
Locomotion_1,X11,22.327,1.0
Locomotion_1,X11,22.467,1.0
Locomotion_1,X11,22.607,1.0
Locomotion_1,X11,22.747,1.0
Locomotion_1,X11,22.887,1.0
Locomotion_1,X11,23.027,1.0
Locomotion_1,X11,23.167,1.0
Locomotion_1,X11,23.307,1.0
Locomotion_1,X11,23.447,1.0
Locomotion_1,X11,23.587,1.0
Locomotion_1,X11,23.727,1.0
Locomotion_1,X11,23.867,1.0
Locomotion_1,X11,24.007,1.0
Locomotion_1,X11,24.147,1.0
Locomotion_1,X11,24.287,1.0
Locomotion_1,X11,24.427,1.0
Locomotion_1,X11,24.567,1.0
Locomotion_1,X11,24.707,1.0
Locomotion_1,X11,24.847,1.0
Locomotion_1,X11,24.987,1.0
Locomotion_1,X11,25.127,1.0
Locomotion_1,X11,25.267,1.0
Locomotion_1,X11,25.407,1.0
Locomotion_1,X11,25.547,1.0
Locomotion_1,X11,25.687,1.0
Locomotion_1,X11,25.827,1.0
Locomotion_1,X11,25.967,1.0
Locomotion_1,X11,26.107,1.0
Locomotion_1,X11,26.247,1.0
Locomotion_1,X11,26.387,1.0
Locomotion_1,X11,26.527,1.0
Locomotion_1,X11,26.667,1.0
Locomotion_1,X11,26.807,1.0
Locomotion_1,X11,26.947,1.0
Locomotion_1,X11,27.087,1.0
Locomotion_1,X11,27.227,1.0
Locomotion_1,X11,27.367,1.0
Locomotion_1,X11,27.507,1.0
Locomotion_1,X11,27.647,1.0
Locomotion_1,X11,27.787,1.0
Locomotion_1,X11,27.927,1.0
Locomotion_1,X11,28.067,1.0
Locomotion_1,X11,28.207,1.0
Locomotion_1,X11,28.347,1.0
Locomotion_1,X11,28.487,1.0
Locomotion_1,X11,28.627,1.0
Locomotion_1,X11,28.767,1.0
Locomotion_1,X11,28.907,1.0
Locomotion_1,X11,29.047,1.0
Locomotion_1,X11,29.187,1.0
Locomotion_1,X11,29.327,1.0
Locomotion_1,X11,29.467,1.0
Locomotion_1,X11,29.607,1.0
Locomotion_1,X11,29.747,1.0
Locomotion_1,X11,29.887,1.0
Locomotion_1,X11,30.027,1.0
Locomotion_1,X11,30.167,1.0
Locomotion_1,X11,30.307,1.0
Locomotion_1,X11,30.447,1.0
Locomotion_1,X11,30.587,1.0
Locomotion_1,X11,30.727,1.0
Locomotion_1,X11,30.867,1.0
Locomotion_1,X11,31.007,1.0
Locomotion_1,X11,31.147,1.0
Locomotion_1,X11,31.287,1.0
Locomotion_1,X11,31.427,1.0
Locomotion_1,X11,31.567,1.0
Locomotion_1,X11,31.707,1.0
Locomotion_1,X11,31.847,1.0
Locomotion_1,X11,31.987,1.0
Locomotion_1,X11,32.127,1.0
Locomotion_1,X11,32.267,1.0
Locomotion_1,X11,32.407,1.0
Locomotion_1,X11,32.547,1.0
Locomotion_1,X11,32.687,1.0
Locomotion_1,X11,32.827,1.0
Locomotion_1,X11,32.967,1.0
Locomotion_1,X11,33.107,1.0
Locomotion_1,X11,33.247,1.0
Locomotion_1,X11,33.387,1.0
Locomotion_1,X11,33.527,1.0
Locomotion_1,X11,33.667,1.0
Locomotion_1,X11,33.807,1.0
Locomotion_1,X11,33.947,1.0
Locomotion_1,X11,34.087,1.0
Locomotion_1,X11,34.227,1.0
Locomotion_1,X11,34.367,1.0
Locomotion_1,X11,34.507,1.0
Locomotion_1,X11,34.647,1.0
Locomotion_1,X11,34.787,1.0
Locomotion_1,X11,34.927,1.0
Locomotion_1,X11,35.067,1.0
Locomotion_1,X11,35.207,1.0
Locomotion_1,X11,35.347,1.0
Locomotion_1,X11,35.487,1.0
Locomotion_1,X11,35.627,1.0
Locomotion_1,X11,35.767,1.0
Locomotion_1,X11,35.907,1.0
Locomotion_1,X11,36.047,1.0
Locomotion_1,X11,36.187,1.0
Locomotion_1,X11,36.327,1.0
Locomotion_1,X11,36.467,1.0
Locomotion_1,X11,36.607,1.0
Locomotion_1,X11,36.747,1.0
Locomotion_1,X11,36.887,1.0
Locomotion_1,X11,37.027,1.0
Locomotion_1,X11,37.167,1.0
Locomotion_1,X11,37.307,1.0
Locomotion_1,X11,37.447,1.0
Locomotion_1,X11,37.587,1.0
Locomotion_1,X11,37.727,1.0
Locomotion_1,X11,37.867,1.0
Locomotion_1,X11,38.007,1.0
Locomotion_1,X11,38.147,1.0
Locomotion_1,X11,38.287,1.0
Locomotion_1,X11,38.427,1.0
Locomotion_1,X11,38.567,1.0
Locomotion_1,X11,38.707,1.0
Locomotion_1,X11,38.847,1.0
Locomotion_1,X11,38.987,1.0
Locomotion_1,X11,39.127,1.0
Locomotion_1,X11,39.267,1.0
Locomotion_1,X11,39.407,1.0
Locomotion_1,X11,39.547,1.0
Locomotion_1,X11,39.687,1.0
Locomotion_1,X11,39.827,1.0
Locomotion_1,X11,39.967,1.0
Locomotion_1,X11,40.107,1.0
Locomotion_1,X11,40.247,1.0
Locomotion_1,X11,40.387,1.0
Locomotion_1,X11,40.527,1.0
Locomotion_1,X11,40.667,1.0
Locomotion_1,X11,40.807,1.0
Locomotion_1,X11,40.947,1.0
Locomotion_1,X11,41.087,1.0
Locomotion_1,X11,41.227,1.0
Locomotion_1,X11,41.367,1.0
Locomotion_1,X11,41.507,1.0
Locomotion_1,X11,41.647,1.0
Locomotion_1,X11,41.787,1.0
Locomotion_1,X11,41.927,1.0
Locomotion_1,X11,42.067,1.0
Locomotion_1,X11,42.207,1.0
Locomotion_1,X11,42.347,1.0
Locomotion_1,X11,42.487,1.0
Locomotion_1,X11,42.627,1.0
Locomotion_1,X11,42.767,1.0
Locomotion_1,X11,42.907,1.0
Locomotion_1,X11,43.047,1.0
Locomotion_1,X11,43.187,1.0
Locomotion_1,X11,43.327,1.0
Locomotion_1,X11,43.467,1.0
Locomotion_1,X11,43.607,1.0
Locomotion_1,X11,43.747,1.0
Locomotion_1,X11,43.887,1.0
Locomotion_1,X11,44.027,1.0
Locomotion_1,X11,44.167,1.0
Locomotion_1,X11,44.307,1.0
Locomotion_1,X11,44.447,1.0
Locomotion_1,X11,44.587,1.0
Locomotion_1,X11,44.727,1.0
Locomotion_1,X11,44.867,1.0
Locomotion_1,X11,45.007,1.0
Locomotion_1,X11,45.147,1.0
Locomotion_1,X11,45.287,1.0
Locomotion_1,X11,45.427,1.0
Locomotion_1,X11,45.567,1.0
Locomotion_1,X11,45.707,1.0
Locomotion_1,X11,45.847,1.0
Locomotion_1,X11,45.987,1.0
Locomotion_1,X11,46.127,1.0
Locomotion_1,X11,46.267,1.0
Locomotion_1,X11,46.407,1.0
Locomotion_1,X11,46.547,1.0
Locomotion_1,X11,46.687,1.0
Locomotion_1,X11,46.827,1.0
Locomotion_1,X11,46.967,1.0
Locomotion_1,X11,47.107,1.0
Locomotion_1,X11,47.247,1.0
Locomotion_1,X11,47.387,1.0
Locomotion_1,X11,47.527,1.0
Locomotion_1,X11,47.667,1.0
Locomotion_1,X11,47.807,1.0
Locomotion_1,X11,47.947,1.0
Locomotion_1,X11,48.087,1.0
Locomotion_1,X11,48.227,1.0
Locomotion_1,X11,48.367,1.0
Locomotion_1,X11,48.507,1.0
Locomotion_1,X11,48.647,1.0
Locomotion_1,X11,48.787,1.0
Locomotion_1,X11,48.927,1.0
Locomotion_1,X11,49.067,1.0
Locomotion_1,X11,49.207,1.0
Locomotion_1,X11,49.347,1.0
Locomotion_1,X11,49.487,1.0
Locomotion_1,X11,49.627,1.0
Locomotion_1,X11,49.767,1.0
Locomotion_1,X11,49.907,1.0
Locomotion_1,X11,50.047,1.0
Locomotion_1,X11,50.187,1.0
Locomotion_1,X11,50.327,1.0
Locomotion_1,X11,50.467,1.0
Locomotion_1,X11,50.607,1.0
Locomotion_1,X11,50.747,1.0
Locomotion_1,X11,50.887,1.0
Locomotion_1,X11,51.027,1.0
Locomotion_1,X11,51.167,1.0
Locomotion_1,X11,51.307,1.0
Locomotion_1,X11,51.447,1.0
Locomotion_1,X11,51.587,1.0
Locomotion_1,X11,51.727,1.0
Locomotion_1,X11,51.867,1.0
Locomotion_1,X11,52.007,1.0
Locomotion_1,X11,52.147,1.0
Locomotion_1,X11,52.287,1.0
Locomotion_1,X11,52.427,1.0
Locomotion_1,X11,52.567,1.0
Locomotion_1,X11,52.707,1.0
Locomotion_1,X11,52.847,1.0
Locomotion_1,X11,52.987,1.0
Locomotion_1,X11,53.127,1.0
Locomotion_1,X11,53.267,1.0
Locomotion_1,X11,53.407,1.0
Locomotion_1,X11,53.547,1.0
Locomotion_1,X11,53.687,1.0
Locomotion_1,X11,53.827,1.0
Locomotion_1,X11,53.967,1.0
Locomotion_1,X11,54.107,1.0
Locomotion_1,X11,54.247,1.0
Locomotion_1,X11,54.387,1.0
Locomotion_1,X11,54.527,1.0
Locomotion_1,X11,54.667,1.0
Locomotion_1,X11,54.807,1.0
Locomotion_1,X11,54.947,1.0
Locomotion_1,X11,55.087,1.0
Locomotion_1,X11,55.227,1.0
Locomotion_1,X11,55.367,1.0
Locomotion_1,X11,55.507,1.0
Locomotion_1,X11,55.647,1.0
Locomotion_1,X11,55.787,1.0
Locomotion_1,X11,55.927,1.0
Locomotion_1,X11,56.067,1.0
Locomotion_1,X11,56.207,1.0
Locomotion_1,X11,56.347,1.0
Locomotion_1,X11,56.487,1.0
Locomotion_1,X11,56.627,1.0
Locomotion_1,X11,56.767,1.0
Locomotion_1,X11,56.907,1.0
Locomotion_1,X11,57.047,1.0
Locomotion_1,X11,57.187,1.0
Locomotion_1,X11,57.327,1.0
Locomotion_1,X11,57.467,1.0
Locomotion_1,X11,57.607,1.0
Locomotion_1,X11,57.747,1.0
Locomotion_1,X11,57.887,1.0
Locomotion_1,X11,58.027,1.0
Locomotion_1,X11,58.167,1.0
Locomotion_1,X11,58.307,1.0
Locomotion_1,X11,58.447,1.0
Locomotion_1,X11,58.587,1.0
Locomotion_1,X11,58.727,1.0
Locomotion_1,X11,58.867,1.0
Locomotion_1,X11,59.007,1.0
Locomotion_1,X11,59.147,1.0
Locomotion_1,X11,59.287,1.0
Locomotion_1,X11,59.427,1.0
Locomotion_1,X11,59.567,1.0
Locomotion_1,X11,59.707,1.0
Locomotion_1,X11,59.847,1.0
Locomotion_1,X11,59.987,1.0
Locomotion_1,X11,60.127,1.0
Locomotion_1,X11,60.267,1.0
Locomotion_1,X11,60.407,1.0
Locomotion_1,X11,60.547,1.0
Locomotion_1,X11,60.687,1.0
Locomotion_1,X11,60.827,1.0
Locomotion_1,X11,60.967,1.0
Locomotion_1,X11,61.107,1.0
Locomotion_1,X11,61.247,1.0
Locomotion_1,X11,61.387,1.0
Locomotion_1,X11,61.527,1.0
Locomotion_1,X11,61.667,1.0
Locomotion_1,X11,61.807,1.0
Locomotion_1,X11,61.947,1.0
Locomotion_1,X11,62.087,1.0
Locomotion_1,X11,62.227,1.0
Locomotion_1,X11,62.367,1.0
Locomotion_1,X11,62.507,1.0
Locomotion_1,X11,62.647,1.0
Locomotion_1,X11,62.787,1.0
Locomotion_1,X11,62.927,1.0
Locomotion_1,X11,63.067,1.0
Locomotion_1,X11,63.207,1.0
Locomotion_1,X11,63.347,1.0
Locomotion_1,X11,63.487,1.0
Locomotion_1,X11,63.627,1.0
Locomotion_1,X11,63.767,1.0
Locomotion_1,X11,63.907,1.0
Locomotion_1,X11,64.047,1.0
Locomotion_1,X11,64.187,1.0
Locomotion_1,X11,64.327,1.0
Locomotion_1,X11,64.467,1.0
Locomotion_1,X11,64.607,1.0
Locomotion_1,X11,64.747,1.0
Locomotion_1,X11,64.887,1.0
Locomotion_1,X11,65.027,1.0
Locomotion_1,X11,65.167,1.0
Locomotion_1,X11,65.307,1.0
Locomotion_1,X11,65.447,1.0
Locomotion_1,X11,65.587,1.0
Locomotion_1,X11,65.727,1.0
Locomotion_1,X11,65.867,1.0
Locomotion_1,X11,66.007,1.0
Locomotion_1,X11,66.147,1.0
Locomotion_1,X11,66.287,1.0
Locomotion_1,X11,66.427,1.0
Locomotion_1,X11,66.567,1.0
Locomotion_1,X11,66.707,1.0
Locomotion_1,X11,66.847,1.0
Locomotion_1,X11,66.987,1.0
Locomotion_1,X11,67.127,1.0
Locomotion_1,X11,67.267,1.0
Locomotion_1,X11,67.407,1.0
Locomotion_1,X11,67.547,1.0
Locomotion_1,X11,67.687,1.0
Locomotion_1,X11,67.827,1.0
Locomotion_1,X11,67.967,1.0
Locomotion_1,X11,68.107,1.0
Locomotion_1,X11,68.247,1.0
Locomotion_1,X11,68.387,1.0
Locomotion_1,X11,68.527,1.0
Locomotion_1,X11,68.667,1.0
Locomotion_1,X11,68.807,1.0
Locomotion_1,X11,68.947,1.0
Locomotion_1,X11,69.087,1.0
Locomotion_1,X11,69.227,1.0
Locomotion_1,X11,69.367,1.0
Locomotion_1,X11,69.507,1.0
Locomotion_1,X11,69.647,1.0
Locomotion_1,X11,69.787,1.0
Locomotion_1,X11,69.927,1.0
Locomotion_1,X11,70.067,1.0
Locomotion_1,X11,70.207,1.0
Locomotion_1,X11,70.347,1.0
Locomotion_1,X11,70.487,1.0
Locomotion_1,X11,70.627,1.0
Locomotion_1,X11,70.767,1.0
Locomotion_1,X11,70.907,1.0
Locomotion_1,X11,71.047,1.0
Locomotion_1,X11,71.187,1.0
Locomotion_1,X11,71.327,1.0
Locomotion_1,X11,71.467,1.0
Locomotion_1,X11,71.607,1.0
Locomotion_1,X11,71.747,1.0
Locomotion_1,X11,71.887,1.0
Locomotion_1,X11,72.027,1.0
Locomotion_1,X11,72.167,1.0
Locomotion_1,X11,72.307,1.0
Locomotion_1,X11,72.447,1.0
Locomotion_1,X11,72.587,1.0
Locomotion_1,X11,72.727,1.0
Locomotion_1,X11,72.867,1.0
Locomotion_1,X11,73.007,1.0
Locomotion_1,X11,73.147,1.0
Locomotion_1,X11,73.287,1.0
Locomotion_1,X11,73.427,1.0
Locomotion_1,X11,73.567,1.0
Locomotion_1,X11,73.707,1.0
Locomotion_1,X11,73.847,1.0
Locomotion_1,X11,73.987,1.0
Locomotion_1,X11,74.127,1.0
Locomotion_1,X11,74.267,1.0
Locomotion_1,X11,74.407,1.0
Locomotion_1,X11,74.547,1.0
Locomotion_1,X11,74.687,1.0
Locomotion_1,X11,74.827,1.0
Locomotion_1,X11,74.967,1.0
Locomotion_1,X11,75.107,1.0
Locomotion_1,X11,75.247,1.0
Locomotion_1,X11,75.387,1.0
Locomotion_1,X11,75.527,1.0
Locomotion_1,X11,75.667,1.0
Locomotion_1,X11,75.807,1.0
Locomotion_1,X11,75.947,1.0
Locomotion_1,X11,76.087,1.0
Locomotion_1,X11,76.227,1.0
Locomotion_1,X11,76.367,1.0
Locomotion_1,X11,76.507,1.0
Locomotion_1,X11,76.647,1.0
Locomotion_1,X11,76.787,1.0
Locomotion_1,X11,76.927,1.0
Locomotion_1,X11,77.067,1.0
Locomotion_1,X11,77.207,1.0
Locomotion_1,X11,77.347,1.0
Locomotion_1,X11,77.487,1.0
Locomotion_1,X11,77.627,1.0
Locomotion_1,X11,77.767,1.0
Locomotion_1,X11,77.907,1.0
Locomotion_1,X11,78.047,1.0
Locomotion_1,X11,78.187,1.0
Locomotion_1,X11,78.327,1.0
Locomotion_1,X11,78.467,1.0
Locomotion_1,X11,78.607,1.0
Locomotion_1,X11,78.747,1.0
Locomotion_1,X11,78.887,1.0
Locomotion_1,X11,79.027,1.0
Locomotion_1,X11,79.167,1.0
Locomotion_1,X11,79.307,1.0
Locomotion_1,X11,79.447,1.0
Locomotion_1,X11,79.587,1.0
Locomotion_1,X11,79.727,1.0
Locomotion_1,X11,79.867,1.0
Locomotion_1,X11,80.007,1.0
Locomotion_1,X11,80.147,1.0
Locomotion_1,X11,80.287,1.0
Locomotion_1,X11,80.427,1.0
Locomotion_1,X11,80.567,1.0
Locomotion_1,X11,80.707,1.0
Locomotion_1,X11,80.847,1.0
Locomotion_1,X11,80.987,1.0
Locomotion_1,X11,81.127,1.0
Locomotion_1,X11,81.267,1.0
Locomotion_1,X11,81.407,1.0
Locomotion_1,X11,81.547,1.0
Locomotion_1,X11,81.687,1.0
Locomotion_1,X11,81.827,1.0
Locomotion_1,X11,81.967,1.0
Locomotion_1,X11,82.107,1.0
Locomotion_1,X11,82.247,1.0
Locomotion_1,X11,82.387,1.0
Locomotion_1,X11,82.527,1.0
Locomotion_1,X11,82.667,1.0
Locomotion_1,X11,82.807,1.0
Locomotion_1,X11,82.947,1.0
Locomotion_1,X11,83.087,1.0
Locomotion_1,X11,83.227,1.0
Locomotion_1,X11,83.367,1.0
Locomotion_1,X11,83.507,1.0
Locomotion_1,X11,83.647,1.0
Locomotion_1,X11,83.787,1.0
Locomotion_1,X11,83.927,1.0
Locomotion_1,X11,84.067,1.0
Locomotion_1,X11,84.207,1.0
Locomotion_1,X11,84.347,1.0
Locomotion_1,X11,84.487,1.0
Locomotion_1,X11,84.627,1.0
Locomotion_1,X11,84.767,1.0
Locomotion_1,X11,84.907,1.0
Locomotion_1,X11,85.047,1.0
Locomotion_1,X11,85.187,1.0
Locomotion_1,X11,85.327,1.0
Locomotion_1,X11,85.467,1.0
Locomotion_1,X11,85.607,1.0
Locomotion_1,X11,85.747,1.0
Locomotion_1,X11,85.887,1.0
Locomotion_1,X11,86.027,1.0
Locomotion_1,X11,86.167,1.0
Locomotion_1,X11,86.307,1.0
Locomotion_1,X11,86.447,1.0
Locomotion_1,X11,86.587,1.0
Locomotion_1,X11,86.727,1.0
Locomotion_1,X11,86.867,1.0
Locomotion_1,X11,87.007,1.0
Locomotion_1,X11,87.147,1.0
Locomotion_1,X11,87.287,1.0
Locomotion_1,X11,87.427,1.0
Locomotion_1,X11,87.567,1.0
Locomotion_1,X11,87.707,1.0
Locomotion_1,X11,87.847,1.0
Locomotion_1,X11,87.987,1.0
Locomotion_1,X11,88.127,1.0
Locomotion_1,X11,88.267,1.0
Locomotion_1,X11,88.407,1.0
Locomotion_1,X11,88.547,1.0
Locomotion_1,X11,88.687,1.0
Locomotion_1,X11,88.827,1.0
Locomotion_1,X11,88.967,1.0
Locomotion_1,X11,89.107,1.0
Locomotion_1,X11,89.247,1.0
Locomotion_1,X11,89.387,1.0
Locomotion_1,X11,89.527,1.0
Locomotion_1,X11,89.667,1.0
Locomotion_1,X11,89.807,1.0
Locomotion_1,X11,89.947,1.0
Locomotion_1,X11,90.087,1.0
Locomotion_1,X11,90.227,1.0
Locomotion_1,X11,90.367,1.0
Locomotion_1,X11,90.507,1.0
Locomotion_1,X11,90.647,1.0
Locomotion_1,X11,90.787,1.0
Locomotion_1,X11,90.927,1.0
Locomotion_1,X11,91.067,1.0
Locomotion_1,X11,91.207,1.0
Locomotion_1,X11,91.347,1.0
Locomotion_1,X11,91.487,1.0
Locomotion_1,X11,91.627,1.0
Locomotion_1,X11,91.767,1.0
Locomotion_1,X11,91.907,1.0
Locomotion_1,X11,92.047,1.0
Locomotion_1,X11,92.187,1.0
Locomotion_1,X11,92.327,1.0
Locomotion_1,X11,92.467,1.0
Locomotion_1,X11,92.607,1.0
Locomotion_1,X11,92.747,1.0
Locomotion_1,X11,92.887,1.0
Locomotion_1,X11,93.027,1.0
Locomotion_1,X11,93.167,1.0
Locomotion_1,X11,93.307,1.0
Locomotion_1,X11,93.447,1.0
Locomotion_1,X11,93.587,1.0
Locomotion_1,X11,93.727,1.0
Locomotion_1,X11,93.867,1.0
Locomotion_1,X11,94.007,1.0
Locomotion_1,X11,94.147,1.0
Locomotion_1,X11,94.287,1.0
Locomotion_1,X11,94.427,1.0
Locomotion_1,X11,94.567,1.0
Locomotion_1,X11,94.707,1.0
Locomotion_1,X11,94.847,1.0
Locomotion_1,X11,94.987,1.0
Locomotion_1,X11,95.127,1.0
Locomotion_1,X11,95.267,1.0
Locomotion_1,X11,95.407,1.0
Locomotion_1,X11,95.547,1.0
Locomotion_1,X11,95.687,1.0
Locomotion_1,X11,95.827,1.0
Locomotion_1,X11,95.967,1.0
Locomotion_1,X11,96.107,1.0
Locomotion_1,X11,96.247,1.0
Locomotion_1,X11,96.387,1.0
Locomotion_1,X11,96.527,1.0
Locomotion_1,X11,96.667,1.0
Locomotion_1,X11,96.807,1.0
Locomotion_1,X11,96.947,1.0
Locomotion_1,X11,97.087,1.0
Locomotion_1,X11,97.227,1.0
Locomotion_1,X11,97.367,1.0
Locomotion_1,X11,97.507,1.0
Locomotion_1,X11,97.647,1.0
Locomotion_1,X11,97.787,1.0
Locomotion_1,X11,97.927,1.0
Locomotion_1,X11,98.067,1.0
Locomotion_1,X11,98.207,1.0
Locomotion_1,X11,98.347,1.0
Locomotion_1,X11,98.487,1.0
Locomotion_1,X11,98.627,1.0
Locomotion_1,X11,98.767,1.0
Locomotion_1,X11,98.907,1.0
Locomotion_1,X11,99.047,1.0
Locomotion_1,X11,99.187,1.0
Locomotion_1,X11,99.327,1.0
Locomotion_1,X11,99.467,1.0
Locomotion_1,X11,99.607,1.0
Locomotion_1,X11,99.747,1.0
Locomotion_1,X11,99.887,1.0
Locomotion_1,X11,100.027,1.0
Locomotion_1,X11,100.167,1.0
Locomotion_1,X11,100.307,1.0
Locomotion_1,X11,100.447,1.0
Locomotion_1,X11,100.587,1.0
Locomotion_1,X11,100.727,1.0
Locomotion_1,X11,100.867,1.0
Locomotion_1,X11,101.007,1.0
Locomotion_1,X11,101.147,1.0
Locomotion_1,X11,101.287,1.0
Locomotion_1,X11,101.427,1.0
Locomotion_1,X11,101.567,1.0
Locomotion_1,X11,101.707,1.0
Locomotion_1,X11,101.847,1.0
Locomotion_1,X11,101.987,1.0
Locomotion_1,X11,102.127,1.0
Locomotion_1,X11,102.267,1.0
Locomotion_1,X12,0.067,1.0
Locomotion_1,X12,0.207,1.0
Locomotion_1,X12,0.347,1.0
Locomotion_1,X12,0.487,1.0
Locomotion_1,X12,0.627,1.0
Locomotion_1,X12,0.767,1.0
Locomotion_1,X12,0.907,1.0
Locomotion_1,X12,1.047,1.0
Locomotion_1,X12,1.187,1.0
Locomotion_1,X12,1.327,1.0
Locomotion_1,X12,1.467,1.0
Locomotion_1,X12,1.607,1.0
Locomotion_1,X12,1.747,1.0
Locomotion_1,X12,1.887,1.0
Locomotion_1,X12,2.027,1.0
Locomotion_1,X12,2.167,1.0
Locomotion_1,X12,2.307,1.0
Locomotion_1,X12,2.447,1.0
Locomotion_1,X12,2.587,1.0
Locomotion_1,X12,2.727,1.0
Locomotion_1,X12,2.867,1.0
Locomotion_1,X12,3.007,1.0
Locomotion_1,X12,3.147,1.0
Locomotion_1,X12,3.287,1.0
Locomotion_1,X12,3.427,1.0
Locomotion_1,X12,3.567,1.0
Locomotion_1,X12,3.707,1.0
Locomotion_1,X12,3.847,1.0
Locomotion_1,X12,3.987,1.0
Locomotion_1,X12,4.127,1.0
Locomotion_1,X12,4.267,1.0
Locomotion_1,X12,4.407,1.0
Locomotion_1,X12,4.547,1.0
Locomotion_1,X12,4.687,1.0
Locomotion_1,X12,4.827,1.0
Locomotion_1,X12,4.967,1.0
Locomotion_1,X12,5.107,1.0
Locomotion_1,X12,5.247,1.0
Locomotion_1,X12,5.387,1.0
Locomotion_1,X12,5.527,1.0
Locomotion_1,X12,5.667,1.0
Locomotion_1,X12,5.807,1.0
Locomotion_1,X12,5.947,1.0
Locomotion_1,X12,6.087,1.0
Locomotion_1,X12,6.227,1.0
Locomotion_1,X12,6.367,1.0
Locomotion_1,X12,6.507,1.0
Locomotion_1,X12,6.647,1.0
Locomotion_1,X12,6.787,1.0
Locomotion_1,X12,6.927,1.0
Locomotion_1,X12,7.067,1.0
Locomotion_1,X12,7.207,1.0
Locomotion_1,X12,7.347,1.0
Locomotion_1,X12,7.487,1.0
Locomotion_1,X12,7.627,1.0
Locomotion_1,X12,7.767,1.0
Locomotion_1,X12,7.907,1.0
Locomotion_1,X12,8.047,1.0
Locomotion_1,X12,8.187,1.0
Locomotion_1,X12,8.327,1.0
Locomotion_1,X12,8.467,1.0
Locomotion_1,X12,8.607,1.0
Locomotion_1,X12,8.747,1.0
Locomotion_1,X12,8.887,1.0
Locomotion_1,X12,9.027,1.0
Locomotion_1,X12,9.167,1.0
Locomotion_1,X12,9.307,1.0
Locomotion_1,X12,9.447,1.0
Locomotion_1,X12,9.587,1.0
Locomotion_1,X12,9.727,1.0
Locomotion_1,X12,9.867,1.0
Locomotion_1,X12,10.007,1.0
Locomotion_1,X12,10.147,1.0
Locomotion_1,X12,10.287,1.0
Locomotion_1,X12,10.427,1.0
Locomotion_1,X12,10.567,1.0
Locomotion_1,X12,10.707,1.0
Locomotion_1,X12,10.847,1.0
Locomotion_1,X12,10.987,1.0
Locomotion_1,X12,11.127,1.0
Locomotion_1,X12,11.267,1.0
Locomotion_1,X12,11.407,1.0
Locomotion_1,X12,11.547,1.0
Locomotion_1,X12,11.687,1.0
Locomotion_1,X12,11.827,1.0
Locomotion_1,X12,11.967,1.0
Locomotion_1,X12,12.107,1.0
Locomotion_1,X12,12.247,1.0
Locomotion_1,X12,12.387,1.0
Locomotion_1,X12,12.527,1.0
Locomotion_1,X12,12.667,1.0
Locomotion_1,X12,12.807,1.0
Locomotion_1,X12,12.947,1.0
Locomotion_1,X12,13.087,1.0
Locomotion_1,X12,13.227,1.0
Locomotion_1,X12,13.367,1.0
Locomotion_1,X12,13.507,1.0
Locomotion_1,X12,13.647,1.0
Locomotion_1,X12,13.787,1.0
Locomotion_1,X12,13.927,1.0
Locomotion_1,X12,14.067,1.0
Locomotion_1,X12,14.207,1.0
Locomotion_1,X12,14.347,1.0
Locomotion_1,X12,14.487,1.0
Locomotion_1,X12,14.627,1.0
Locomotion_1,X12,14.767,1.0
Locomotion_1,X12,14.907,1.0
Locomotion_1,X12,15.047,1.0
Locomotion_1,X12,15.187,1.0
Locomotion_1,X12,15.327,1.0
Locomotion_1,X12,15.467,1.0
Locomotion_1,X12,15.607,1.0
Locomotion_1,X12,15.747,1.0
Locomotion_1,X12,15.887,1.0
Locomotion_1,X12,16.027,1.0
Locomotion_1,X12,16.167,1.0
Locomotion_1,X12,16.307,1.0
Locomotion_1,X12,16.447,1.0
Locomotion_1,X12,16.587,1.0
Locomotion_1,X12,16.727,1.0
Locomotion_1,X12,16.867,1.0
Locomotion_1,X12,17.007,1.0
Locomotion_1,X12,17.147,1.0
Locomotion_1,X12,17.287,1.0
Locomotion_1,X12,17.427,1.0
Locomotion_1,X12,17.567,1.0
Locomotion_1,X12,17.707,1.0
Locomotion_1,X12,17.847,1.0
Locomotion_1,X12,17.987,1.0
Locomotion_1,X12,18.127,1.0
Locomotion_1,X12,18.267,1.0
Locomotion_1,X12,18.407,1.0
Locomotion_1,X12,18.547,1.0
Locomotion_1,X12,18.687,1.0
Locomotion_1,X12,18.827,1.0
Locomotion_1,X12,18.967,1.0
Locomotion_1,X12,19.107,1.0
Locomotion_1,X12,19.247,1.0
Locomotion_1,X12,19.387,1.0
Locomotion_1,X12,19.527,1.0
Locomotion_1,X12,19.667,1.0
Locomotion_1,X12,19.807,1.0
Locomotion_1,X12,19.947,1.0
Locomotion_1,X12,20.087,1.0
Locomotion_1,X12,20.227,1.0
Locomotion_1,X12,20.367,1.0
Locomotion_1,X12,20.507,1.0
Locomotion_1,X12,20.647,1.0
Locomotion_1,X12,20.787,1.0
Locomotion_1,X12,20.927,1.0
Locomotion_1,X12,21.067,1.0
Locomotion_1,X12,21.207,1.0
Locomotion_1,X12,21.347,1.0
Locomotion_1,X12,21.487,1.0
Locomotion_1,X12,21.627,1.0
Locomotion_1,X12,21.767,1.0
Locomotion_1,X12,21.907,1.0
Locomotion_1,X12,22.047,1.0
Locomotion_1,X12,22.187,1.0
Locomotion_1,X12,22.327,1.0
Locomotion_1,X12,22.467,1.0
Locomotion_1,X12,22.607,1.0
Locomotion_1,X12,22.747,1.0
Locomotion_1,X12,22.887,1.0
Locomotion_1,X12,23.027,1.0
Locomotion_1,X12,23.167,1.0
Locomotion_1,X12,23.307,1.0
Locomotion_1,X12,23.447,1.0
Locomotion_1,X12,23.587,1.0
Locomotion_1,X12,23.727,1.0
Locomotion_1,X12,23.867,1.0
Locomotion_1,X12,24.007,1.0
Locomotion_1,X12,24.147,1.0
Locomotion_1,X12,24.287,1.0
Locomotion_1,X12,24.427,1.0
Locomotion_1,X12,24.567,1.0
Locomotion_1,X12,24.707,1.0
Locomotion_1,X12,24.847,1.0
Locomotion_1,X12,24.987,1.0
Locomotion_1,X12,25.127,1.0
Locomotion_1,X12,25.267,1.0
Locomotion_1,X12,25.407,1.0
Locomotion_1,X12,25.547,1.0
Locomotion_1,X12,25.687,1.0
Locomotion_1,X12,25.827,1.0
Locomotion_1,X12,25.967,1.0
Locomotion_1,X12,26.107,1.0
Locomotion_1,X12,26.247,1.0
Locomotion_1,X12,26.387,1.0
Locomotion_1,X12,26.527,1.0
Locomotion_1,X12,26.667,1.0
Locomotion_1,X12,26.807,1.0
Locomotion_1,X12,26.947,1.0
Locomotion_1,X12,27.087,1.0
Locomotion_1,X12,27.227,1.0
Locomotion_1,X12,27.367,1.0
Locomotion_1,X12,27.507,1.0
Locomotion_1,X12,27.647,1.0
Locomotion_1,X12,27.787,1.0
Locomotion_1,X12,27.927,1.0
Locomotion_1,X12,28.067,1.0
Locomotion_1,X12,28.207,1.0
Locomotion_1,X12,28.347,1.0
Locomotion_1,X12,28.487,1.0
Locomotion_1,X12,28.627,1.0
Locomotion_1,X12,28.767,1.0
Locomotion_1,X12,28.907,1.0
Locomotion_1,X12,29.047,1.0
Locomotion_1,X12,29.187,1.0
Locomotion_1,X12,29.327,1.0
Locomotion_1,X12,29.467,1.0
Locomotion_1,X12,29.607,1.0
Locomotion_1,X12,29.747,1.0
Locomotion_1,X12,29.887,1.0
Locomotion_1,X12,30.027,1.0
Locomotion_1,X12,30.167,1.0
Locomotion_1,X12,30.307,1.0
Locomotion_1,X12,30.447,1.0
Locomotion_1,X12,30.587,1.0
Locomotion_1,X12,30.727,1.0
Locomotion_1,X12,30.867,1.0
Locomotion_1,X12,31.007,1.0
Locomotion_1,X12,31.147,1.0
Locomotion_1,X12,31.287,1.0
Locomotion_1,X12,31.427,1.0
Locomotion_1,X12,31.567,1.0
Locomotion_1,X12,31.707,1.0
Locomotion_1,X12,31.847,1.0
Locomotion_1,X12,31.987,1.0
Locomotion_1,X12,32.127,1.0
Locomotion_1,X12,32.267,1.0
Locomotion_1,X12,32.407,1.0
Locomotion_1,X12,32.547,1.0
Locomotion_1,X12,32.687,1.0
Locomotion_1,X12,32.827,1.0
Locomotion_1,X12,32.967,1.0
Locomotion_1,X12,33.107,1.0
Locomotion_1,X12,33.247,1.0
Locomotion_1,X12,33.387,1.0
Locomotion_1,X12,33.527,1.0
Locomotion_1,X12,33.667,1.0
Locomotion_1,X12,33.807,1.0
Locomotion_1,X12,33.947,1.0
Locomotion_1,X12,34.087,1.0
Locomotion_1,X12,34.227,1.0
Locomotion_1,X12,34.367,1.0
Locomotion_1,X12,34.507,1.0
Locomotion_1,X12,34.647,1.0
Locomotion_1,X12,34.787,1.0
Locomotion_1,X12,34.927,1.0
Locomotion_1,X12,35.067,1.0
Locomotion_1,X12,35.207,1.0
Locomotion_1,X12,35.347,1.0
Locomotion_1,X12,35.487,1.0
Locomotion_1,X12,35.627,1.0
Locomotion_1,X12,35.767,1.0
Locomotion_1,X12,35.907,1.0
Locomotion_1,X12,36.047,1.0
Locomotion_1,X12,36.187,1.0
Locomotion_1,X12,36.327,1.0
Locomotion_1,X12,36.467,1.0
Locomotion_1,X12,36.607,1.0
Locomotion_1,X12,36.747,1.0
Locomotion_1,X12,36.887,1.0
Locomotion_1,X12,37.027,1.0
Locomotion_1,X12,37.167,1.0
Locomotion_1,X12,37.307,1.0
Locomotion_1,X12,37.447,1.0
Locomotion_1,X12,37.587,1.0
Locomotion_1,X12,37.727,1.0
Locomotion_1,X12,37.867,1.0
Locomotion_1,X12,38.007,1.0
Locomotion_1,X12,38.147,1.0
Locomotion_1,X12,38.287,1.0
Locomotion_1,X12,38.427,1.0
Locomotion_1,X12,38.567,1.0
Locomotion_1,X12,38.707,1.0
Locomotion_1,X12,38.847,1.0
Locomotion_1,X12,38.987,1.0
Locomotion_1,X12,39.127,1.0
Locomotion_1,X12,39.267,1.0
Locomotion_1,X12,39.407,1.0
Locomotion_1,X12,39.547,1.0
Locomotion_1,X12,39.687,1.0
Locomotion_1,X12,39.827,1.0
Locomotion_1,X12,39.967,1.0
Locomotion_1,X12,40.107,1.0
Locomotion_1,X12,40.247,1.0
Locomotion_1,X12,40.387,1.0
Locomotion_1,X12,40.527,1.0
Locomotion_1,X12,40.667,1.0
Locomotion_1,X12,40.807,1.0
Locomotion_1,X12,40.947,1.0
Locomotion_1,X12,41.087,1.0
Locomotion_1,X12,41.227,1.0
Locomotion_1,X12,41.367,1.0
Locomotion_1,X12,41.507,1.0
Locomotion_1,X12,41.647,1.0
Locomotion_1,X12,41.787,1.0
Locomotion_1,X12,41.927,1.0
Locomotion_1,X12,42.067,1.0
Locomotion_1,X12,42.207,1.0
Locomotion_1,X12,42.347,1.0
Locomotion_1,X12,42.487,1.0
Locomotion_1,X12,42.627,1.0
Locomotion_1,X12,42.767,1.0
Locomotion_1,X12,42.907,1.0
Locomotion_1,X12,43.047,1.0
Locomotion_1,X12,43.187,1.0
Locomotion_1,X12,43.327,1.0
Locomotion_1,X12,43.467,1.0
Locomotion_1,X12,43.607,1.0
Locomotion_1,X12,43.747,1.0
Locomotion_1,X12,43.887,1.0
Locomotion_1,X12,44.027,1.0
Locomotion_1,X12,44.167,1.0
Locomotion_1,X12,44.307,1.0
Locomotion_1,X12,44.447,1.0
Locomotion_1,X12,44.587,1.0
Locomotion_1,X12,44.727,1.0
Locomotion_1,X12,44.867,1.0
Locomotion_1,X12,45.007,1.0
Locomotion_1,X12,45.147,1.0
Locomotion_1,X12,45.287,1.0
Locomotion_1,X12,45.427,1.0
Locomotion_1,X12,45.567,1.0
Locomotion_1,X12,45.707,1.0
Locomotion_1,X12,45.847,1.0
Locomotion_1,X12,45.987,1.0
Locomotion_1,X12,46.127,1.0
Locomotion_1,X12,46.267,1.0
Locomotion_1,X12,46.407,1.0
Locomotion_1,X12,46.547,1.0
Locomotion_1,X12,46.687,1.0
Locomotion_1,X12,46.827,1.0
Locomotion_1,X12,46.967,1.0
Locomotion_1,X12,47.107,1.0
Locomotion_1,X12,47.247,1.0
Locomotion_1,X12,47.387,1.0
Locomotion_1,X12,47.527,1.0
Locomotion_1,X12,47.667,1.0
Locomotion_1,X12,47.807,1.0
Locomotion_1,X12,47.947,1.0
Locomotion_1,X12,48.087,1.0
Locomotion_1,X12,48.227,1.0
Locomotion_1,X12,48.367,1.0
Locomotion_1,X12,48.507,1.0
Locomotion_1,X12,48.647,1.0
Locomotion_1,X12,48.787,1.0
Locomotion_1,X12,48.927,1.0
Locomotion_1,X12,49.067,1.0
Locomotion_1,X12,49.207,1.0
Locomotion_1,X12,49.347,1.0
Locomotion_1,X12,49.487,1.0
Locomotion_1,X12,49.627,1.0
Locomotion_1,X12,49.767,1.0
Locomotion_1,X12,49.907,1.0
Locomotion_1,X12,50.047,1.0
Locomotion_1,X12,50.187,1.0
Locomotion_1,X12,50.327,1.0
Locomotion_1,X12,50.467,1.0
Locomotion_1,X12,50.607,1.0
Locomotion_1,X12,50.747,1.0
Locomotion_1,X12,50.887,1.0
Locomotion_1,X12,51.027,1.0
Locomotion_1,X12,51.167,1.0
Locomotion_1,X12,51.307,1.0
Locomotion_1,X12,51.447,1.0
Locomotion_1,X12,51.587,1.0
Locomotion_1,X12,51.727,1.0
Locomotion_1,X12,51.867,1.0
Locomotion_1,X12,52.007,1.0
Locomotion_1,X12,52.147,1.0
Locomotion_1,X12,52.287,1.0
Locomotion_1,X12,52.427,1.0
Locomotion_1,X12,52.567,1.0
Locomotion_1,X12,52.707,1.0
Locomotion_1,X12,52.847,1.0
Locomotion_1,X12,52.987,1.0
Locomotion_1,X12,53.127,1.0
Locomotion_1,X12,53.267,1.0
Locomotion_1,X12,53.407,1.0
Locomotion_1,X12,53.547,1.0
Locomotion_1,X12,53.687,1.0
Locomotion_1,X12,53.827,1.0
Locomotion_1,X12,53.967,1.0
Locomotion_1,X12,54.107,1.0
Locomotion_1,X12,54.247,1.0
Locomotion_1,X12,54.387,1.0
Locomotion_1,X12,54.527,1.0
Locomotion_1,X12,54.667,1.0
Locomotion_1,X12,54.807,1.0
Locomotion_1,X12,54.947,1.0
Locomotion_1,X12,55.087,1.0
Locomotion_1,X12,55.227,1.0
Locomotion_1,X12,55.367,1.0
Locomotion_1,X12,55.507,1.0
Locomotion_1,X12,55.647,1.0
Locomotion_1,X12,55.787,1.0
Locomotion_1,X12,55.927,1.0
Locomotion_1,X12,56.067,1.0
Locomotion_1,X12,56.207,1.0
Locomotion_1,X12,56.347,1.0
Locomotion_1,X12,56.487,1.0
Locomotion_1,X12,56.627,1.0
Locomotion_1,X12,56.767,1.0
Locomotion_1,X12,56.907,1.0
Locomotion_1,X12,57.047,1.0
Locomotion_1,X12,57.187,1.0
Locomotion_1,X12,57.327,1.0
Locomotion_1,X12,57.467,1.0
Locomotion_1,X12,57.607,1.0
Locomotion_1,X12,57.747,1.0
Locomotion_1,X12,57.887,1.0
Locomotion_1,X12,58.027,1.0
Locomotion_1,X12,58.167,1.0
Locomotion_1,X12,58.307,1.0
Locomotion_1,X12,58.447,1.0
Locomotion_1,X12,58.587,1.0
Locomotion_1,X12,58.727,1.0
Locomotion_1,X12,58.867,1.0
Locomotion_1,X12,59.007,1.0
Locomotion_1,X12,59.147,1.0
Locomotion_1,X12,59.287,1.0
Locomotion_1,X12,59.427,1.0
Locomotion_1,X12,59.567,1.0
Locomotion_1,X12,59.707,1.0
Locomotion_1,X12,59.847,1.0
Locomotion_1,X12,59.987,1.0
Locomotion_1,X12,60.127,1.0
Locomotion_1,X12,60.267,1.0
Locomotion_1,X12,60.407,1.0
Locomotion_1,X12,60.547,1.0
Locomotion_1,X12,60.687,1.0
Locomotion_1,X12,60.827,1.0
Locomotion_1,X12,60.967,1.0
Locomotion_1,X12,61.107,1.0
Locomotion_1,X12,61.247,1.0
Locomotion_1,X12,61.387,1.0
Locomotion_1,X12,61.527,1.0
Locomotion_1,X12,61.667,1.0
Locomotion_1,X12,61.807,1.0
Locomotion_1,X12,61.947,1.0
Locomotion_1,X12,62.087,1.0
Locomotion_1,X12,62.227,1.0
Locomotion_1,X12,62.367,1.0
Locomotion_1,X12,62.507,1.0
Locomotion_1,X12,62.647,1.0
Locomotion_1,X12,62.787,1.0
Locomotion_1,X12,62.927,1.0
Locomotion_1,X12,63.067,1.0
Locomotion_1,X12,63.207,1.0
Locomotion_1,X12,63.347,1.0
Locomotion_1,X12,63.487,1.0
Locomotion_1,X12,63.627,1.0
Locomotion_1,X12,63.767,1.0
Locomotion_1,X12,63.907,1.0
Locomotion_1,X12,64.047,1.0
Locomotion_1,X12,64.187,1.0
Locomotion_1,X12,64.327,1.0
Locomotion_1,X12,64.467,1.0
Locomotion_1,X12,64.607,1.0
Locomotion_1,X12,64.747,1.0
Locomotion_1,X12,64.887,1.0
Locomotion_1,X12,65.027,1.0
Locomotion_1,X12,65.167,1.0
Locomotion_1,X12,65.307,1.0
Locomotion_1,X12,65.447,1.0
Locomotion_1,X12,65.587,1.0
Locomotion_1,X12,65.727,1.0
Locomotion_1,X12,65.867,1.0
Locomotion_1,X12,66.007,1.0
Locomotion_1,X12,66.147,1.0
Locomotion_1,X12,66.287,1.0
Locomotion_1,X12,66.427,1.0
Locomotion_1,X12,66.567,1.0
Locomotion_1,X12,66.707,1.0
Locomotion_1,X12,66.847,1.0
Locomotion_1,X12,66.987,1.0
Locomotion_1,X12,67.127,1.0
Locomotion_1,X12,67.267,1.0
Locomotion_1,X12,67.407,1.0
Locomotion_1,X12,67.547,1.0
Locomotion_1,X12,67.687,1.0
Locomotion_1,X12,67.827,1.0
Locomotion_1,X12,67.967,1.0
Locomotion_1,X12,68.107,1.0
Locomotion_1,X12,68.247,1.0
Locomotion_1,X12,68.387,1.0
Locomotion_1,X12,68.527,1.0
Locomotion_1,X12,68.667,1.0
Locomotion_1,X12,68.807,1.0
Locomotion_1,X12,68.947,1.0
Locomotion_1,X12,69.087,1.0
Locomotion_1,X12,69.227,1.0
Locomotion_1,X12,69.367,1.0
Locomotion_1,X12,69.507,1.0
Locomotion_1,X12,69.647,1.0
Locomotion_1,X12,69.787,1.0
Locomotion_1,X12,69.927,1.0
Locomotion_1,X12,70.067,1.0
Locomotion_1,X12,70.207,1.0
Locomotion_1,X12,70.347,1.0
Locomotion_1,X12,70.487,1.0
Locomotion_1,X12,70.627,1.0
Locomotion_1,X12,70.767,1.0
Locomotion_1,X12,70.907,1.0
Locomotion_1,X12,71.047,1.0
Locomotion_1,X12,71.187,1.0
Locomotion_1,X12,71.327,1.0
Locomotion_1,X12,71.467,1.0
Locomotion_1,X12,71.607,1.0
Locomotion_1,X12,71.747,1.0
Locomotion_1,X12,71.887,1.0
Locomotion_1,X12,72.027,1.0
Locomotion_1,X12,72.167,1.0
Locomotion_1,X12,72.307,1.0
Locomotion_1,X12,72.447,1.0
Locomotion_1,X12,72.587,1.0
Locomotion_1,X12,72.727,1.0
Locomotion_1,X12,72.867,1.0
Locomotion_1,X12,73.007,1.0
Locomotion_1,X12,73.147,1.0
Locomotion_1,X12,73.287,1.0
Locomotion_1,X12,73.427,1.0
Locomotion_1,X12,73.567,1.0
Locomotion_1,X12,73.707,1.0
Locomotion_1,X12,73.847,1.0
Locomotion_1,X12,73.987,1.0
Locomotion_1,X12,74.127,1.0
Locomotion_1,X12,74.267,1.0
Locomotion_1,X12,74.407,1.0
Locomotion_1,X12,74.547,1.0
Locomotion_1,X12,74.687,1.0
Locomotion_1,X12,74.827,1.0
Locomotion_1,X12,74.967,1.0
Locomotion_1,X12,75.107,1.0
Locomotion_1,X12,75.247,1.0
Locomotion_1,X12,75.387,1.0
Locomotion_1,X12,75.527,1.0
Locomotion_1,X12,75.667,1.0
Locomotion_1,X12,75.807,1.0
Locomotion_1,X12,75.947,1.0
Locomotion_1,X12,76.087,1.0
Locomotion_1,X12,76.227,1.0
Locomotion_1,X12,76.367,1.0
Locomotion_1,X12,76.507,1.0
Locomotion_1,X12,76.647,1.0
Locomotion_1,X12,76.787,1.0
Locomotion_1,X12,76.927,1.0
Locomotion_1,X12,77.067,1.0
Locomotion_1,X12,77.207,1.0
Locomotion_1,X12,77.347,1.0
Locomotion_1,X12,77.487,1.0
Locomotion_1,X12,77.627,1.0
Locomotion_1,X12,77.767,1.0
Locomotion_1,X12,77.907,1.0
Locomotion_1,X12,78.047,1.0
Locomotion_1,X12,78.187,1.0
Locomotion_1,X12,78.327,1.0
Locomotion_1,X12,78.467,1.0
Locomotion_1,X12,78.607,1.0
Locomotion_1,X12,78.747,1.0
Locomotion_1,X12,78.887,1.0
Locomotion_1,X12,79.027,1.0
Locomotion_1,X12,79.167,1.0
Locomotion_1,X12,79.307,1.0
Locomotion_1,X12,79.447,1.0
Locomotion_1,X12,79.587,1.0
Locomotion_1,X12,79.727,1.0
Locomotion_1,X12,79.867,1.0
Locomotion_1,X12,80.007,1.0
Locomotion_1,X12,80.147,1.0
Locomotion_1,X12,80.287,1.0
Locomotion_1,X12,80.427,1.0
Locomotion_1,X12,80.567,1.0
Locomotion_1,X12,80.707,1.0
Locomotion_1,X12,80.847,1.0
Locomotion_1,X12,80.987,1.0
Locomotion_1,X12,81.127,1.0
Locomotion_1,X12,81.267,1.0
Locomotion_1,X12,81.407,1.0
Locomotion_1,X12,81.547,1.0
Locomotion_1,X12,81.687,1.0
Locomotion_1,X12,81.827,1.0
Locomotion_1,X12,81.967,1.0
Locomotion_1,X12,82.107,1.0
Locomotion_1,X12,82.247,1.0
Locomotion_1,X12,82.387,1.0
Locomotion_1,X12,82.527,1.0
Locomotion_1,X12,82.667,1.0
Locomotion_1,X12,82.807,1.0
Locomotion_1,X12,82.947,1.0
Locomotion_1,X12,83.087,1.0
Locomotion_1,X12,83.227,1.0
Locomotion_1,X12,83.367,1.0
Locomotion_1,X12,83.507,1.0
Locomotion_1,X12,83.647,1.0
Locomotion_1,X12,83.787,1.0
Locomotion_1,X12,83.927,1.0
Locomotion_1,X12,84.067,1.0
Locomotion_1,X12,84.207,1.0
Locomotion_1,X12,84.347,1.0
Locomotion_1,X12,84.487,1.0
Locomotion_1,X12,84.627,1.0
Locomotion_1,X12,84.767,1.0
Locomotion_1,X12,84.907,1.0
Locomotion_1,X12,85.047,1.0
Locomotion_1,X12,85.187,1.0
Locomotion_1,X12,85.327,1.0
Locomotion_1,X12,85.467,1.0
Locomotion_1,X12,85.607,1.0
Locomotion_1,X12,85.747,1.0
Locomotion_1,X12,85.887,1.0
Locomotion_1,X12,86.027,1.0
Locomotion_1,X12,86.167,1.0
Locomotion_1,X12,86.307,1.0
Locomotion_1,X12,86.447,1.0
Locomotion_1,X12,86.587,1.0
Locomotion_1,X12,86.727,1.0
Locomotion_1,X12,86.867,1.0
Locomotion_1,X12,87.007,1.0
Locomotion_1,X12,87.147,1.0
Locomotion_1,X12,87.287,1.0
Locomotion_1,X12,87.427,1.0
Locomotion_1,X12,87.567,1.0
Locomotion_1,X12,87.707,1.0
Locomotion_1,X12,87.847,1.0
Locomotion_1,X12,87.987,1.0
Locomotion_1,X12,88.127,1.0
Locomotion_1,X12,88.267,1.0
Locomotion_1,X12,88.407,1.0
Locomotion_1,X12,88.547,1.0
Locomotion_1,X12,88.687,1.0
Locomotion_1,X12,88.827,1.0
Locomotion_1,X12,88.967,1.0
Locomotion_1,X12,89.107,1.0
Locomotion_1,X12,89.247,1.0
Locomotion_1,X12,89.387,1.0
Locomotion_1,X12,89.527,1.0
Locomotion_1,X12,89.667,1.0
Locomotion_1,X12,89.807,1.0
Locomotion_1,X12,89.947,1.0
Locomotion_1,X12,90.087,1.0
Locomotion_1,X12,90.227,1.0
Locomotion_1,X12,90.367,1.0
Locomotion_1,X12,90.507,1.0
Locomotion_1,X12,90.647,1.0
Locomotion_1,X12,90.787,1.0
Locomotion_1,X12,90.927,1.0
Locomotion_1,X12,91.067,1.0
Locomotion_1,X12,91.207,1.0
Locomotion_1,X12,91.347,1.0
Locomotion_1,X12,91.487,1.0
Locomotion_1,X12,91.627,1.0
Locomotion_1,X12,91.767,1.0
Locomotion_1,X12,91.907,1.0
Locomotion_1,X12,92.047,1.0
Locomotion_1,X12,92.187,1.0
Locomotion_1,X12,92.327,1.0
Locomotion_1,X12,92.467,1.0
Locomotion_1,X12,92.607,1.0
Locomotion_1,X12,92.747,1.0
Locomotion_1,X12,92.887,1.0
Locomotion_1,X12,93.027,1.0
Locomotion_1,X12,93.167,1.0
Locomotion_1,X12,93.307,1.0
Locomotion_1,X12,93.447,1.0
Locomotion_1,X12,93.587,1.0
Locomotion_1,X12,93.727,1.0
Locomotion_1,X12,93.867,1.0
Locomotion_1,X12,94.007,1.0
Locomotion_1,X12,94.147,1.0
Locomotion_1,X12,94.287,1.0
Locomotion_1,X12,94.427,1.0
Locomotion_1,X12,94.567,1.0
Locomotion_1,X12,94.707,1.0
Locomotion_1,X12,94.847,1.0
Locomotion_1,X12,94.987,1.0
Locomotion_1,X12,95.127,1.0
Locomotion_1,X12,95.267,1.0
Locomotion_1,X12,95.407,1.0
Locomotion_1,X12,95.547,1.0
Locomotion_1,X12,95.687,1.0
Locomotion_1,X12,95.827,1.0
Locomotion_1,X12,95.967,1.0
Locomotion_1,X12,96.107,1.0
Locomotion_1,X12,96.247,1.0
Locomotion_1,X12,96.387,1.0
Locomotion_1,X12,96.527,1.0
Locomotion_1,X12,96.667,1.0
Locomotion_1,X12,96.807,1.0
Locomotion_1,X12,96.947,1.0
Locomotion_1,X12,97.087,1.0
Locomotion_1,X12,97.227,1.0
Locomotion_1,X12,97.367,1.0
Locomotion_1,X12,97.507,1.0
Locomotion_1,X12,97.647,1.0
Locomotion_1,X12,97.787,1.0
Locomotion_1,X12,97.927,1.0
Locomotion_1,X12,98.067,1.0
Locomotion_1,X12,98.207,1.0
Locomotion_1,X12,98.347,1.0
Locomotion_1,X12,98.487,1.0
Locomotion_1,X12,98.627,1.0
Locomotion_1,X12,98.767,1.0
Locomotion_1,X12,98.907,1.0
Locomotion_1,X12,99.047,1.0
Locomotion_1,X12,99.187,1.0
Locomotion_1,X12,99.327,1.0
Locomotion_1,X12,99.467,1.0
Locomotion_1,X12,99.607,1.0
Locomotion_1,X12,99.747,1.0
Locomotion_1,X12,99.887,1.0
Locomotion_1,X12,100.027,1.0
Locomotion_1,X12,100.167,1.0
Locomotion_1,X12,100.307,1.0
Locomotion_1,X12,100.447,1.0
Locomotion_1,X12,100.587,1.0
Locomotion_1,X12,100.727,1.0
Locomotion_1,X12,100.867,1.0
Locomotion_1,X12,101.007,1.0
Locomotion_1,X12,101.147,1.0
Locomotion_1,X12,101.287,1.0
Locomotion_1,X12,101.427,1.0
Locomotion_1,X12,101.567,1.0
Locomotion_1,X12,101.707,1.0
Locomotion_1,X12,101.847,1.0
Locomotion_1,X12,101.987,1.0
Locomotion_1,X12,102.127,1.0
Locomotion_1,X12,102.267,1.0
Locomotion_1,X13,0.067,1.0
Locomotion_1,X13,0.207,0.5994
Locomotion_1,X13,0.347,0.5759
Locomotion_1,X13,0.487,0.5759
Locomotion_1,X13,0.627,0.5759
Locomotion_1,X13,0.767,0.5759
Locomotion_1,X13,0.907,0.5759
Locomotion_1,X13,1.047,0.5759
Locomotion_1,X13,1.187,0.5759
Locomotion_1,X13,1.327,0.5759
Locomotion_1,X13,1.467,0.5759
Locomotion_1,X13,1.607,0.5759
Locomotion_1,X13,1.747,0.5759
Locomotion_1,X13,1.887,0.5759
Locomotion_1,X13,2.027,0.5759
Locomotion_1,X13,2.167,0.5759
Locomotion_1,X13,2.307,0.5759
Locomotion_1,X13,2.447,0.5759
Locomotion_1,X13,2.587,0.5759
Locomotion_1,X13,2.727,0.5759
Locomotion_1,X13,2.867,0.5759
Locomotion_1,X13,3.007,0.5759
Locomotion_1,X13,3.147,0.5759
Locomotion_1,X13,3.287,0.5759
Locomotion_1,X13,3.427,0.5759
Locomotion_1,X13,3.567,0.5759
Locomotion_1,X13,3.707,0.5759
Locomotion_1,X13,3.847,0.5759
Locomotion_1,X13,3.987,0.5759
Locomotion_1,X13,4.127,0.5759
Locomotion_1,X13,4.267,0.5759
Locomotion_1,X13,4.407,0.5759
Locomotion_1,X13,4.547,0.5759
Locomotion_1,X13,4.687,0.5759
Locomotion_1,X13,4.827,0.5759
Locomotion_1,X13,4.967,0.5759
Locomotion_1,X13,5.107,0.5759
Locomotion_1,X13,5.247,0.5759
Locomotion_1,X13,5.387,0.5759
Locomotion_1,X13,5.527,0.5759
Locomotion_1,X13,5.667,0.5759
Locomotion_1,X13,5.807,0.5759
Locomotion_1,X13,5.947,0.5759
Locomotion_1,X13,6.087,0.5759
Locomotion_1,X13,6.227,0.5759
Locomotion_1,X13,6.367,0.5759
Locomotion_1,X13,6.507,0.5759
Locomotion_1,X13,6.647,0.5759
Locomotion_1,X13,6.787,0.5759
Locomotion_1,X13,6.927,0.5759
Locomotion_1,X13,7.067,0.5759
Locomotion_1,X13,7.207,0.5759
Locomotion_1,X13,7.347,0.5759
Locomotion_1,X13,7.487,0.5759
Locomotion_1,X13,7.627,0.5759
Locomotion_1,X13,7.767,0.5759
Locomotion_1,X13,7.907,0.5759
Locomotion_1,X13,8.047,0.5759
Locomotion_1,X13,8.187,0.5759
Locomotion_1,X13,8.327,0.5759
Locomotion_1,X13,8.467,0.5759
Locomotion_1,X13,8.607,0.5759
Locomotion_1,X13,8.747,0.5759
Locomotion_1,X13,8.887,0.5759
Locomotion_1,X13,9.027,0.5759
Locomotion_1,X13,9.167,0.5759
Locomotion_1,X13,9.307,0.5759
Locomotion_1,X13,9.447,0.5759
Locomotion_1,X13,9.587,0.5759
Locomotion_1,X13,9.727,0.5759
Locomotion_1,X13,9.867,0.5759
Locomotion_1,X13,10.007,0.5759
Locomotion_1,X13,10.147,0.5759
Locomotion_1,X13,10.287,0.5759
Locomotion_1,X13,10.427,0.5759
Locomotion_1,X13,10.567,0.5759
Locomotion_1,X13,10.707,0.5759
Locomotion_1,X13,10.847,0.5759
Locomotion_1,X13,10.987,0.5759
Locomotion_1,X13,11.127,0.5759
Locomotion_1,X13,11.267,0.5759
Locomotion_1,X13,11.407,0.5759
Locomotion_1,X13,11.547,0.5759
Locomotion_1,X13,11.687,0.5759
Locomotion_1,X13,11.827,0.5759
Locomotion_1,X13,11.967,0.5759
Locomotion_1,X13,12.107,0.5759
Locomotion_1,X13,12.247,0.5759
Locomotion_1,X13,12.387,0.5759
Locomotion_1,X13,12.527,0.5759
Locomotion_1,X13,12.667,0.5759
Locomotion_1,X13,12.807,0.5759
Locomotion_1,X13,12.947,0.5759
Locomotion_1,X13,13.087,0.5759
Locomotion_1,X13,13.227,0.5759
Locomotion_1,X13,13.367,0.5759
Locomotion_1,X13,13.507,0.5759
Locomotion_1,X13,13.647,0.5759
Locomotion_1,X13,13.787,0.5759
Locomotion_1,X13,13.927,0.5759
Locomotion_1,X13,14.067,0.5759
Locomotion_1,X13,14.207,0.5759
Locomotion_1,X13,14.347,0.5759
Locomotion_1,X13,14.487,0.5759
Locomotion_1,X13,14.627,0.5759
Locomotion_1,X13,14.767,0.5759
Locomotion_1,X13,14.907,0.5759
Locomotion_1,X13,15.047,0.5759
Locomotion_1,X13,15.187,0.5759
Locomotion_1,X13,15.327,0.5759
Locomotion_1,X13,15.467,0.5759
Locomotion_1,X13,15.607,0.5759
Locomotion_1,X13,15.747,0.5759
Locomotion_1,X13,15.887,0.5759
Locomotion_1,X13,16.027,0.5759
Locomotion_1,X13,16.167,0.5759
Locomotion_1,X13,16.307,0.5759
Locomotion_1,X13,16.447,0.5759
Locomotion_1,X13,16.587,0.5759
Locomotion_1,X13,16.727,0.5759
Locomotion_1,X13,16.867,0.5759
Locomotion_1,X13,17.007,0.5759
Locomotion_1,X13,17.147,0.5759
Locomotion_1,X13,17.287,0.5759
Locomotion_1,X13,17.427,0.5759
Locomotion_1,X13,17.567,0.5759
Locomotion_1,X13,17.707,0.5759
Locomotion_1,X13,17.847,0.5759
Locomotion_1,X13,17.987,0.5759
Locomotion_1,X13,18.127,0.5759
Locomotion_1,X13,18.267,0.5759
Locomotion_1,X13,18.407,0.5759
Locomotion_1,X13,18.547,0.5759
Locomotion_1,X13,18.687,0.5759
Locomotion_1,X13,18.827,0.5759
Locomotion_1,X13,18.967,0.5759
Locomotion_1,X13,19.107,0.5759
Locomotion_1,X13,19.247,0.5759
Locomotion_1,X13,19.387,0.5759
Locomotion_1,X13,19.527,0.5759
Locomotion_1,X13,19.667,0.5759
Locomotion_1,X13,19.807,0.5759
Locomotion_1,X13,19.947,0.5759
Locomotion_1,X13,20.087,0.5759
Locomotion_1,X13,20.227,0.5759
Locomotion_1,X13,20.367,0.5759
Locomotion_1,X13,20.507,0.5759
Locomotion_1,X13,20.647,0.5759
Locomotion_1,X13,20.787,0.5759
Locomotion_1,X13,20.927,0.5759
Locomotion_1,X13,21.067,0.5759
Locomotion_1,X13,21.207,0.5759
Locomotion_1,X13,21.347,0.5759
Locomotion_1,X13,21.487,0.5759
Locomotion_1,X13,21.627,0.5759
Locomotion_1,X13,21.767,0.5759
Locomotion_1,X13,21.907,0.5759
Locomotion_1,X13,22.047,0.5759
Locomotion_1,X13,22.187,0.5759
Locomotion_1,X13,22.327,0.5759
Locomotion_1,X13,22.467,0.5759
Locomotion_1,X13,22.607,0.5759
Locomotion_1,X13,22.747,0.5759
Locomotion_1,X13,22.887,0.5759
Locomotion_1,X13,23.027,0.5759
Locomotion_1,X13,23.167,0.5759
Locomotion_1,X13,23.307,0.5759
Locomotion_1,X13,23.447,0.5759
Locomotion_1,X13,23.587,0.5759
Locomotion_1,X13,23.727,0.5759
Locomotion_1,X13,23.867,0.5759
Locomotion_1,X13,24.007,0.5759
Locomotion_1,X13,24.147,0.5759
Locomotion_1,X13,24.287,0.5759
Locomotion_1,X13,24.427,0.5759
Locomotion_1,X13,24.567,0.5759
Locomotion_1,X13,24.707,0.5759
Locomotion_1,X13,24.847,0.5759
Locomotion_1,X13,24.987,0.5759
Locomotion_1,X13,25.127,0.5759
Locomotion_1,X13,25.267,0.5759
Locomotion_1,X13,25.407,0.5759
Locomotion_1,X13,25.547,0.5759
Locomotion_1,X13,25.687,0.5759
Locomotion_1,X13,25.827,0.5759
Locomotion_1,X13,25.967,0.5759
Locomotion_1,X13,26.107,0.5759
Locomotion_1,X13,26.247,0.5759
Locomotion_1,X13,26.387,0.5759
Locomotion_1,X13,26.527,0.5759
Locomotion_1,X13,26.667,0.5759
Locomotion_1,X13,26.807,0.5759
Locomotion_1,X13,26.947,0.5759
Locomotion_1,X13,27.087,0.5759
Locomotion_1,X13,27.227,0.5759
Locomotion_1,X13,27.367,0.5759
Locomotion_1,X13,27.507,0.5759
Locomotion_1,X13,27.647,0.5759
Locomotion_1,X13,27.787,0.5759
Locomotion_1,X13,27.927,0.5759
Locomotion_1,X13,28.067,0.5759
Locomotion_1,X13,28.207,0.5759
Locomotion_1,X13,28.347,0.5759
Locomotion_1,X13,28.487,0.5759
Locomotion_1,X13,28.627,0.5759
Locomotion_1,X13,28.767,0.5759
Locomotion_1,X13,28.907,0.5759
Locomotion_1,X13,29.047,0.5759
Locomotion_1,X13,29.187,0.5759
Locomotion_1,X13,29.327,0.5759
Locomotion_1,X13,29.467,0.5759
Locomotion_1,X13,29.607,0.5759
Locomotion_1,X13,29.747,0.5759
Locomotion_1,X13,29.887,0.5759
Locomotion_1,X13,30.027,0.5759
Locomotion_1,X13,30.167,0.5759
Locomotion_1,X13,30.307,0.5759
Locomotion_1,X13,30.447,0.5759
Locomotion_1,X13,30.587,0.5759
Locomotion_1,X13,30.727,0.5759
Locomotion_1,X13,30.867,0.5759
Locomotion_1,X13,31.007,0.5759
Locomotion_1,X13,31.147,0.5759
Locomotion_1,X13,31.287,0.5759
Locomotion_1,X13,31.427,0.5759
Locomotion_1,X13,31.567,0.5759
Locomotion_1,X13,31.707,0.5759
Locomotion_1,X13,31.847,0.5759
Locomotion_1,X13,31.987,0.5759
Locomotion_1,X13,32.127,0.5759
Locomotion_1,X13,32.267,0.5759
Locomotion_1,X13,32.407,0.5759
Locomotion_1,X13,32.547,0.5759
Locomotion_1,X13,32.687,0.5759
Locomotion_1,X13,32.827,0.5759
Locomotion_1,X13,32.967,0.5759
Locomotion_1,X13,33.107,0.5759
Locomotion_1,X13,33.247,0.5759
Locomotion_1,X13,33.387,0.5759
Locomotion_1,X13,33.527,0.5759
Locomotion_1,X13,33.667,0.5759
Locomotion_1,X13,33.807,0.5759
Locomotion_1,X13,33.947,0.5759
Locomotion_1,X13,34.087,0.5759
Locomotion_1,X13,34.227,0.5759
Locomotion_1,X13,34.367,0.5759
Locomotion_1,X13,34.507,0.5759
Locomotion_1,X13,34.647,0.5759
Locomotion_1,X13,34.787,0.5759
Locomotion_1,X13,34.927,0.5759
Locomotion_1,X13,35.067,0.5759
Locomotion_1,X13,35.207,0.5759
Locomotion_1,X13,35.347,0.5759
Locomotion_1,X13,35.487,0.5759
Locomotion_1,X13,35.627,0.5759
Locomotion_1,X13,35.767,0.5759
Locomotion_1,X13,35.907,0.5759
Locomotion_1,X13,36.047,0.5759
Locomotion_1,X13,36.187,0.5759
Locomotion_1,X13,36.327,0.5759
Locomotion_1,X13,36.467,0.5759
Locomotion_1,X13,36.607,0.5759
Locomotion_1,X13,36.747,0.5759
Locomotion_1,X13,36.887,0.5759
Locomotion_1,X13,37.027,0.5759
Locomotion_1,X13,37.167,0.5759
Locomotion_1,X13,37.307,0.5759
Locomotion_1,X13,37.447,0.5759
Locomotion_1,X13,37.587,0.5759
Locomotion_1,X13,37.727,0.5759
Locomotion_1,X13,37.867,0.5759
Locomotion_1,X13,38.007,0.5759
Locomotion_1,X13,38.147,0.5759
Locomotion_1,X13,38.287,0.5759
Locomotion_1,X13,38.427,0.5759
Locomotion_1,X13,38.567,0.5759
Locomotion_1,X13,38.707,0.5759
Locomotion_1,X13,38.847,0.5759
Locomotion_1,X13,38.987,0.5759
Locomotion_1,X13,39.127,0.5759
Locomotion_1,X13,39.267,0.5759
Locomotion_1,X13,39.407,0.5759
Locomotion_1,X13,39.547,0.5759
Locomotion_1,X13,39.687,0.5759
Locomotion_1,X13,39.827,0.5759
Locomotion_1,X13,39.967,0.5759
Locomotion_1,X13,40.107,0.5759
Locomotion_1,X13,40.247,0.5759
Locomotion_1,X13,40.387,0.5759
Locomotion_1,X13,40.527,0.5759
Locomotion_1,X13,40.667,0.5759
Locomotion_1,X13,40.807,0.5759
Locomotion_1,X13,40.947,0.5759
Locomotion_1,X13,41.087,0.5759
Locomotion_1,X13,41.227,0.5759
Locomotion_1,X13,41.367,0.5759
Locomotion_1,X13,41.507,0.5759
Locomotion_1,X13,41.647,0.5759
Locomotion_1,X13,41.787,0.5759
Locomotion_1,X13,41.927,0.5759
Locomotion_1,X13,42.067,0.5759
Locomotion_1,X13,42.207,0.5759
Locomotion_1,X13,42.347,0.5759
Locomotion_1,X13,42.487,0.5759
Locomotion_1,X13,42.627,0.5759
Locomotion_1,X13,42.767,0.5759
Locomotion_1,X13,42.907,0.5759
Locomotion_1,X13,43.047,0.5759
Locomotion_1,X13,43.187,0.5759
Locomotion_1,X13,43.327,0.5759
Locomotion_1,X13,43.467,0.5759
Locomotion_1,X13,43.607,0.5759
Locomotion_1,X13,43.747,0.5759
Locomotion_1,X13,43.887,0.5759
Locomotion_1,X13,44.027,0.5759
Locomotion_1,X13,44.167,0.5759
Locomotion_1,X13,44.307,0.5759
Locomotion_1,X13,44.447,0.5759
Locomotion_1,X13,44.587,0.5759
Locomotion_1,X13,44.727,0.5759
Locomotion_1,X13,44.867,0.5759
Locomotion_1,X13,45.007,0.5759
Locomotion_1,X13,45.147,0.5759
Locomotion_1,X13,45.287,0.5759
Locomotion_1,X13,45.427,0.5759
Locomotion_1,X13,45.567,0.5759
Locomotion_1,X13,45.707,0.5759
Locomotion_1,X13,45.847,0.5759
Locomotion_1,X13,45.987,0.5759
Locomotion_1,X13,46.127,0.5759
Locomotion_1,X13,46.267,0.5759
Locomotion_1,X13,46.407,0.5759
Locomotion_1,X13,46.547,0.5759
Locomotion_1,X13,46.687,0.5759
Locomotion_1,X13,46.827,0.5759
Locomotion_1,X13,46.967,0.5759
Locomotion_1,X13,47.107,0.5759
Locomotion_1,X13,47.247,0.5759
Locomotion_1,X13,47.387,0.5759
Locomotion_1,X13,47.527,0.5759
Locomotion_1,X13,47.667,0.5759
Locomotion_1,X13,47.807,0.5759
Locomotion_1,X13,47.947,0.5759
Locomotion_1,X13,48.087,0.5759
Locomotion_1,X13,48.227,0.5759
Locomotion_1,X13,48.367,0.5759
Locomotion_1,X13,48.507,0.5759
Locomotion_1,X13,48.647,0.5759
Locomotion_1,X13,48.787,0.5759
Locomotion_1,X13,48.927,0.5759
Locomotion_1,X13,49.067,0.5759
Locomotion_1,X13,49.207,0.5759
Locomotion_1,X13,49.347,0.5759
Locomotion_1,X13,49.487,0.5759
Locomotion_1,X13,49.627,0.5759
Locomotion_1,X13,49.767,0.5759
Locomotion_1,X13,49.907,0.5759
Locomotion_1,X13,50.047,0.5759
Locomotion_1,X13,50.187,0.5759
Locomotion_1,X13,50.327,0.5759
Locomotion_1,X13,50.467,0.5759
Locomotion_1,X13,50.607,0.5759
Locomotion_1,X13,50.747,0.5759
Locomotion_1,X13,50.887,0.5759
Locomotion_1,X13,51.027,0.5759
Locomotion_1,X13,51.167,0.5759
Locomotion_1,X13,51.307,0.5759
Locomotion_1,X13,51.447,0.5759
Locomotion_1,X13,51.587,0.5759
Locomotion_1,X13,51.727,0.5759
Locomotion_1,X13,51.867,0.5759
Locomotion_1,X13,52.007,0.5759
Locomotion_1,X13,52.147,0.5759
Locomotion_1,X13,52.287,0.5759
Locomotion_1,X13,52.427,0.5759
Locomotion_1,X13,52.567,0.5759
Locomotion_1,X13,52.707,0.5759
Locomotion_1,X13,52.847,0.5759
Locomotion_1,X13,52.987,0.5759
Locomotion_1,X13,53.127,0.5759
Locomotion_1,X13,53.267,0.5759
Locomotion_1,X13,53.407,0.5759
Locomotion_1,X13,53.547,0.5759
Locomotion_1,X13,53.687,0.5759
Locomotion_1,X13,53.827,0.5759
Locomotion_1,X13,53.967,0.5759
Locomotion_1,X13,54.107,0.5759
Locomotion_1,X13,54.247,0.5759
Locomotion_1,X13,54.387,0.5759
Locomotion_1,X13,54.527,0.5759
Locomotion_1,X13,54.667,0.5759
Locomotion_1,X13,54.807,0.5759
Locomotion_1,X13,54.947,0.5759
Locomotion_1,X13,55.087,0.5759
Locomotion_1,X13,55.227,0.5759
Locomotion_1,X13,55.367,0.5759
Locomotion_1,X13,55.507,0.5759
Locomotion_1,X13,55.647,0.5759
Locomotion_1,X13,55.787,0.5759
Locomotion_1,X13,55.927,0.5759
Locomotion_1,X13,56.067,0.5759
Locomotion_1,X13,56.207,0.5759
Locomotion_1,X13,56.347,0.5759
Locomotion_1,X13,56.487,0.5759
Locomotion_1,X13,56.627,0.5759
Locomotion_1,X13,56.767,0.5759
Locomotion_1,X13,56.907,0.5759
Locomotion_1,X13,57.047,0.5759
Locomotion_1,X13,57.187,0.5759
Locomotion_1,X13,57.327,0.5759
Locomotion_1,X13,57.467,0.5759
Locomotion_1,X13,57.607,0.5759
Locomotion_1,X13,57.747,0.5759
Locomotion_1,X13,57.887,0.5759
Locomotion_1,X13,58.027,0.5759
Locomotion_1,X13,58.167,0.5759
Locomotion_1,X13,58.307,0.5759
Locomotion_1,X13,58.447,0.5759
Locomotion_1,X13,58.587,0.5759
Locomotion_1,X13,58.727,0.5759
Locomotion_1,X13,58.867,0.5759
Locomotion_1,X13,59.007,0.5759
Locomotion_1,X13,59.147,0.5759
Locomotion_1,X13,59.287,0.5759
Locomotion_1,X13,59.427,0.5759
Locomotion_1,X13,59.567,0.5759
Locomotion_1,X13,59.707,0.5759
Locomotion_1,X13,59.847,0.5759
Locomotion_1,X13,59.987,0.5759
Locomotion_1,X13,60.127,0.5759
Locomotion_1,X13,60.267,0.5759
Locomotion_1,X13,60.407,0.5759
Locomotion_1,X13,60.547,0.5759
Locomotion_1,X13,60.687,0.5759
Locomotion_1,X13,60.827,0.5759
Locomotion_1,X13,60.967,0.5759
Locomotion_1,X13,61.107,0.5759
Locomotion_1,X13,61.247,0.5759
Locomotion_1,X13,61.387,0.5759
Locomotion_1,X13,61.527,0.5759
Locomotion_1,X13,61.667,0.5759
Locomotion_1,X13,61.807,0.5759
Locomotion_1,X13,61.947,0.5759
Locomotion_1,X13,62.087,0.5759
Locomotion_1,X13,62.227,0.5759
Locomotion_1,X13,62.367,0.5759
Locomotion_1,X13,62.507,0.5759
Locomotion_1,X13,62.647,0.5759
Locomotion_1,X13,62.787,0.5759
Locomotion_1,X13,62.927,0.5759
Locomotion_1,X13,63.067,0.5759
Locomotion_1,X13,63.207,0.5759
Locomotion_1,X13,63.347,0.5759
Locomotion_1,X13,63.487,0.5759
Locomotion_1,X13,63.627,0.5759
Locomotion_1,X13,63.767,0.5759
Locomotion_1,X13,63.907,0.5759
Locomotion_1,X13,64.047,0.5759
Locomotion_1,X13,64.187,0.5759
Locomotion_1,X13,64.327,0.5759
Locomotion_1,X13,64.467,0.5759
Locomotion_1,X13,64.607,0.5759
Locomotion_1,X13,64.747,0.5759
Locomotion_1,X13,64.887,0.5759
Locomotion_1,X13,65.027,0.5759
Locomotion_1,X13,65.167,0.5759
Locomotion_1,X13,65.307,0.5759
Locomotion_1,X13,65.447,0.5759
Locomotion_1,X13,65.587,0.5759
Locomotion_1,X13,65.727,0.5759
Locomotion_1,X13,65.867,0.5759
Locomotion_1,X13,66.007,0.5759
Locomotion_1,X13,66.147,0.5759
Locomotion_1,X13,66.287,0.5759
Locomotion_1,X13,66.427,0.5759
Locomotion_1,X13,66.567,0.5759
Locomotion_1,X13,66.707,0.5759
Locomotion_1,X13,66.847,0.5759
Locomotion_1,X13,66.987,0.5759
Locomotion_1,X13,67.127,0.5759
Locomotion_1,X13,67.267,0.5759
Locomotion_1,X13,67.407,0.5759
Locomotion_1,X13,67.547,0.5759
Locomotion_1,X13,67.687,0.5759
Locomotion_1,X13,67.827,0.5759
Locomotion_1,X13,67.967,0.5759
Locomotion_1,X13,68.107,0.5759
Locomotion_1,X13,68.247,0.5759
Locomotion_1,X13,68.387,0.5759
Locomotion_1,X13,68.527,0.5759
Locomotion_1,X13,68.667,0.5759
Locomotion_1,X13,68.807,0.5759
Locomotion_1,X13,68.947,0.5759
Locomotion_1,X13,69.087,0.5759
Locomotion_1,X13,69.227,0.5759
Locomotion_1,X13,69.367,0.5759
Locomotion_1,X13,69.507,0.5759
Locomotion_1,X13,69.647,0.5759
Locomotion_1,X13,69.787,0.5759
Locomotion_1,X13,69.927,0.5759
Locomotion_1,X13,70.067,0.5759
Locomotion_1,X13,70.207,0.5759
Locomotion_1,X13,70.347,0.5759
Locomotion_1,X13,70.487,0.5759
Locomotion_1,X13,70.627,0.5759
Locomotion_1,X13,70.767,0.5759
Locomotion_1,X13,70.907,0.5759
Locomotion_1,X13,71.047,0.5759
Locomotion_1,X13,71.187,0.5759
Locomotion_1,X13,71.327,0.5759
Locomotion_1,X13,71.467,0.5759
Locomotion_1,X13,71.607,0.5759
Locomotion_1,X13,71.747,0.5759
Locomotion_1,X13,71.887,0.5759
Locomotion_1,X13,72.027,0.5759
Locomotion_1,X13,72.167,0.5759
Locomotion_1,X13,72.307,0.5759
Locomotion_1,X13,72.447,0.5759
Locomotion_1,X13,72.587,0.5759
Locomotion_1,X13,72.727,0.5759
Locomotion_1,X13,72.867,0.5759
Locomotion_1,X13,73.007,0.5759
Locomotion_1,X13,73.147,0.5759
Locomotion_1,X13,73.287,0.5759
Locomotion_1,X13,73.427,0.5759
Locomotion_1,X13,73.567,0.5759
Locomotion_1,X13,73.707,0.5759
Locomotion_1,X13,73.847,0.5759
Locomotion_1,X13,73.987,0.5759
Locomotion_1,X13,74.127,0.5759
Locomotion_1,X13,74.267,0.5759
Locomotion_1,X13,74.407,0.5759
Locomotion_1,X13,74.547,0.5759
Locomotion_1,X13,74.687,0.5759
Locomotion_1,X13,74.827,0.5759
Locomotion_1,X13,74.967,0.5759
Locomotion_1,X13,75.107,0.5759
Locomotion_1,X13,75.247,0.5759
Locomotion_1,X13,75.387,0.5759
Locomotion_1,X13,75.527,0.5759
Locomotion_1,X13,75.667,0.5759
Locomotion_1,X13,75.807,0.5759
Locomotion_1,X13,75.947,0.5759
Locomotion_1,X13,76.087,0.5759
Locomotion_1,X13,76.227,0.5759
Locomotion_1,X13,76.367,0.5759
Locomotion_1,X13,76.507,0.5759
Locomotion_1,X13,76.647,0.5759
Locomotion_1,X13,76.787,0.5759
Locomotion_1,X13,76.927,0.5759
Locomotion_1,X13,77.067,0.5759
Locomotion_1,X13,77.207,0.5759
Locomotion_1,X13,77.347,0.5759
Locomotion_1,X13,77.487,0.5759
Locomotion_1,X13,77.627,0.5759
Locomotion_1,X13,77.767,0.5759
Locomotion_1,X13,77.907,0.5759
Locomotion_1,X13,78.047,0.5759
Locomotion_1,X13,78.187,0.5759
Locomotion_1,X13,78.327,0.5759
Locomotion_1,X13,78.467,0.5759
Locomotion_1,X13,78.607,0.5759
Locomotion_1,X13,78.747,0.5759
Locomotion_1,X13,78.887,0.5759
Locomotion_1,X13,79.027,0.5759
Locomotion_1,X13,79.167,0.5759
Locomotion_1,X13,79.307,0.5759
Locomotion_1,X13,79.447,0.5759
Locomotion_1,X13,79.587,0.5759
Locomotion_1,X13,79.727,0.5759
Locomotion_1,X13,79.867,0.5759
Locomotion_1,X13,80.007,0.5759
Locomotion_1,X13,80.147,0.5759
Locomotion_1,X13,80.287,0.5759
Locomotion_1,X13,80.427,0.5759
Locomotion_1,X13,80.567,0.5759
Locomotion_1,X13,80.707,0.5759
Locomotion_1,X13,80.847,0.5759
Locomotion_1,X13,80.987,0.5759
Locomotion_1,X13,81.127,0.5759
Locomotion_1,X13,81.267,0.5759
Locomotion_1,X13,81.407,0.5759
Locomotion_1,X13,81.547,0.5759
Locomotion_1,X13,81.687,0.5759
Locomotion_1,X13,81.827,0.5759
Locomotion_1,X13,81.967,0.5759
Locomotion_1,X13,82.107,0.5759
Locomotion_1,X13,82.247,0.5759
Locomotion_1,X13,82.387,0.5759
Locomotion_1,X13,82.527,0.5759
Locomotion_1,X13,82.667,0.5759
Locomotion_1,X13,82.807,0.5759
Locomotion_1,X13,82.947,0.5759
Locomotion_1,X13,83.087,0.5759
Locomotion_1,X13,83.227,0.5759
Locomotion_1,X13,83.367,0.5759
Locomotion_1,X13,83.507,0.5759
Locomotion_1,X13,83.647,0.5759
Locomotion_1,X13,83.787,0.5759
Locomotion_1,X13,83.927,0.5759
Locomotion_1,X13,84.067,0.5759
Locomotion_1,X13,84.207,0.5759
Locomotion_1,X13,84.347,0.5759
Locomotion_1,X13,84.487,0.5759
Locomotion_1,X13,84.627,0.5759
Locomotion_1,X13,84.767,0.5759
Locomotion_1,X13,84.907,0.5759
Locomotion_1,X13,85.047,0.5759
Locomotion_1,X13,85.187,0.5759
Locomotion_1,X13,85.327,0.5759
Locomotion_1,X13,85.467,0.5759
Locomotion_1,X13,85.607,0.5759
Locomotion_1,X13,85.747,0.5759
Locomotion_1,X13,85.887,0.5759
Locomotion_1,X13,86.027,0.5759
Locomotion_1,X13,86.167,0.5759
Locomotion_1,X13,86.307,0.5759
Locomotion_1,X13,86.447,0.5759
Locomotion_1,X13,86.587,0.5759
Locomotion_1,X13,86.727,0.5759
Locomotion_1,X13,86.867,0.5759
Locomotion_1,X13,87.007,0.5759
Locomotion_1,X13,87.147,0.5759
Locomotion_1,X13,87.287,0.5759
Locomotion_1,X13,87.427,0.5759
Locomotion_1,X13,87.567,0.5759
Locomotion_1,X13,87.707,0.5759
Locomotion_1,X13,87.847,0.5759
Locomotion_1,X13,87.987,0.5759
Locomotion_1,X13,88.127,0.5759
Locomotion_1,X13,88.267,0.5759
Locomotion_1,X13,88.407,0.5759
Locomotion_1,X13,88.547,0.5759
Locomotion_1,X13,88.687,0.5759
Locomotion_1,X13,88.827,0.5759
Locomotion_1,X13,88.967,0.5759
Locomotion_1,X13,89.107,0.5759
Locomotion_1,X13,89.247,0.5759
Locomotion_1,X13,89.387,0.5759
Locomotion_1,X13,89.527,0.5759
Locomotion_1,X13,89.667,0.5759
Locomotion_1,X13,89.807,0.5759
Locomotion_1,X13,89.947,0.5759
Locomotion_1,X13,90.087,0.5759
Locomotion_1,X13,90.227,0.5759
Locomotion_1,X13,90.367,0.5759
Locomotion_1,X13,90.507,0.5759
Locomotion_1,X13,90.647,0.5759
Locomotion_1,X13,90.787,0.5759
Locomotion_1,X13,90.927,0.5759
Locomotion_1,X13,91.067,0.5759
Locomotion_1,X13,91.207,0.5759
Locomotion_1,X13,91.347,0.5759
Locomotion_1,X13,91.487,0.5759
Locomotion_1,X13,91.627,0.5759
Locomotion_1,X13,91.767,0.5759
Locomotion_1,X13,91.907,0.5759
Locomotion_1,X13,92.047,0.5759
Locomotion_1,X13,92.187,0.5759
Locomotion_1,X13,92.327,0.5759
Locomotion_1,X13,92.467,0.5759
Locomotion_1,X13,92.607,0.5759
Locomotion_1,X13,92.747,0.5759
Locomotion_1,X13,92.887,0.5759
Locomotion_1,X13,93.027,0.5759
Locomotion_1,X13,93.167,0.5759
Locomotion_1,X13,93.307,0.5759
Locomotion_1,X13,93.447,0.5759
Locomotion_1,X13,93.587,0.5759
Locomotion_1,X13,93.727,0.5759
Locomotion_1,X13,93.867,0.5759
Locomotion_1,X13,94.007,0.5759
Locomotion_1,X13,94.147,0.5759
Locomotion_1,X13,94.287,0.5759
Locomotion_1,X13,94.427,0.5759
Locomotion_1,X13,94.567,0.5759
Locomotion_1,X13,94.707,0.5759
Locomotion_1,X13,94.847,0.5759
Locomotion_1,X13,94.987,0.5759
Locomotion_1,X13,95.127,0.5759
Locomotion_1,X13,95.267,0.5759
Locomotion_1,X13,95.407,0.5759
Locomotion_1,X13,95.547,0.5759
Locomotion_1,X13,95.687,0.5759
Locomotion_1,X13,95.827,0.5759
Locomotion_1,X13,95.967,0.5759
Locomotion_1,X13,96.107,0.5759
Locomotion_1,X13,96.247,0.5759
Locomotion_1,X13,96.387,0.5759
Locomotion_1,X13,96.527,0.5759
Locomotion_1,X13,96.667,0.5759
Locomotion_1,X13,96.807,0.5759
Locomotion_1,X13,96.947,0.5759
Locomotion_1,X13,97.087,0.5759
Locomotion_1,X13,97.227,0.5759
Locomotion_1,X13,97.367,0.5759
Locomotion_1,X13,97.507,0.5759
Locomotion_1,X13,97.647,0.5759
Locomotion_1,X13,97.787,0.5759
Locomotion_1,X13,97.927,0.5759
Locomotion_1,X13,98.067,0.5759
Locomotion_1,X13,98.207,0.5759
Locomotion_1,X13,98.347,0.5759
Locomotion_1,X13,98.487,0.5759
Locomotion_1,X13,98.627,0.5759
Locomotion_1,X13,98.767,0.5759
Locomotion_1,X13,98.907,0.5759
Locomotion_1,X13,99.047,0.5759
Locomotion_1,X13,99.187,0.5759
Locomotion_1,X13,99.327,0.5759
Locomotion_1,X13,99.467,0.5759
Locomotion_1,X13,99.607,0.5759
Locomotion_1,X13,99.747,0.5759
Locomotion_1,X13,99.887,0.5759
Locomotion_1,X13,100.027,0.5759
Locomotion_1,X13,100.167,0.5759
Locomotion_1,X13,100.307,0.5759
Locomotion_1,X13,100.447,0.5759
Locomotion_1,X13,100.587,0.5759
Locomotion_1,X13,100.727,0.5759
Locomotion_1,X13,100.867,0.5759
Locomotion_1,X13,101.007,0.5759
Locomotion_1,X13,101.147,0.5759
Locomotion_1,X13,101.287,0.5759
Locomotion_1,X13,101.427,0.5759
Locomotion_1,X13,101.567,0.5759
Locomotion_1,X13,101.707,0.5759
Locomotion_1,X13,101.847,0.5759
Locomotion_1,X13,101.987,0.5759
Locomotion_1,X13,102.127,0.5994
Locomotion_1,X13,102.267,1.0
Locomotion_2,X17,0.067,1.0
Locomotion_2,X17,0.207,0.0549
Locomotion_2,X17,0.347,0.0
Locomotion_2,X17,0.487,0.0
Locomotion_2,X17,0.627,0.0
Locomotion_2,X17,0.767,0.0
Locomotion_2,X17,0.907,0.0
Locomotion_2,X17,1.047,0.0
Locomotion_2,X17,1.187,0.0
Locomotion_2,X17,1.327,0.0
Locomotion_2,X17,1.467,0.0
Locomotion_2,X17,1.607,0.0
Locomotion_2,X17,1.747,0.0
Locomotion_2,X17,1.887,0.0
Locomotion_2,X17,2.027,0.0
Locomotion_2,X17,2.167,0.0
Locomotion_2,X17,2.307,0.0
Locomotion_2,X17,2.447,0.0
Locomotion_2,X17,2.587,0.0
Locomotion_2,X17,2.727,0.0
Locomotion_2,X17,2.867,0.0
Locomotion_2,X17,3.007,0.0
Locomotion_2,X17,3.147,0.0
Locomotion_2,X17,3.287,0.0
Locomotion_2,X17,3.427,0.0
Locomotion_2,X17,3.567,0.0
Locomotion_2,X17,3.707,0.0
Locomotion_2,X17,3.847,0.0
Locomotion_2,X17,3.987,0.0
Locomotion_2,X17,4.127,0.0
Locomotion_2,X17,4.267,0.0
Locomotion_2,X17,4.407,0.0
Locomotion_2,X17,4.547,0.0
Locomotion_2,X17,4.687,0.0
Locomotion_2,X17,4.827,0.0
Locomotion_2,X17,4.967,0.0
Locomotion_2,X17,5.107,0.0
Locomotion_2,X17,5.247,0.0
Locomotion_2,X17,5.387,0.0
Locomotion_2,X17,5.527,0.0
Locomotion_2,X17,5.667,0.0
Locomotion_2,X17,5.807,0.0
Locomotion_2,X17,5.947,0.0
Locomotion_2,X17,6.087,0.0
Locomotion_2,X17,6.227,0.0
Locomotion_2,X17,6.367,0.0
Locomotion_2,X17,6.507,0.0
Locomotion_2,X17,6.647,0.0
Locomotion_2,X17,6.787,0.0
Locomotion_2,X17,6.927,0.0
Locomotion_2,X17,7.067,0.0
Locomotion_2,X17,7.207,0.0
Locomotion_2,X17,7.347,0.0
Locomotion_2,X17,7.487,0.0
Locomotion_2,X17,7.627,0.0
Locomotion_2,X17,7.767,0.0
Locomotion_2,X17,7.907,0.0
Locomotion_2,X17,8.047,0.0
Locomotion_2,X17,8.187,0.0
Locomotion_2,X17,8.327,0.0
Locomotion_2,X17,8.467,0.0
Locomotion_2,X17,8.607,0.0
Locomotion_2,X17,8.747,0.0
Locomotion_2,X17,8.887,0.0
Locomotion_2,X17,9.027,0.0
Locomotion_2,X17,9.167,0.0
Locomotion_2,X17,9.307,0.0
Locomotion_2,X17,9.447,0.0
Locomotion_2,X17,9.587,0.0
Locomotion_2,X17,9.727,0.0
Locomotion_2,X17,9.867,0.0
Locomotion_2,X17,10.007,0.0
Locomotion_2,X17,10.147,0.0
Locomotion_2,X17,10.287,0.0
Locomotion_2,X17,10.427,0.0
Locomotion_2,X17,10.567,0.0
Locomotion_2,X17,10.707,0.0
Locomotion_2,X17,10.847,0.0
Locomotion_2,X17,10.987,0.0
Locomotion_2,X17,11.127,0.0
Locomotion_2,X17,11.267,0.0
Locomotion_2,X17,11.407,0.0
Locomotion_2,X17,11.547,0.0
Locomotion_2,X17,11.687,0.0
Locomotion_2,X17,11.827,0.0
Locomotion_2,X17,11.967,0.0
Locomotion_2,X17,12.107,0.0
Locomotion_2,X17,12.247,0.0
Locomotion_2,X17,12.387,0.0
Locomotion_2,X17,12.527,0.0
Locomotion_2,X17,12.667,0.0
Locomotion_2,X17,12.807,0.0
Locomotion_2,X17,12.947,0.0
Locomotion_2,X17,13.087,0.0
Locomotion_2,X17,13.227,0.0
Locomotion_2,X17,13.367,0.0
Locomotion_2,X17,13.507,0.0
Locomotion_2,X17,13.647,0.0
Locomotion_2,X17,13.787,0.0
Locomotion_2,X17,13.927,0.0
Locomotion_2,X17,14.067,0.0
Locomotion_2,X17,14.207,0.0
Locomotion_2,X17,14.347,0.0
Locomotion_2,X17,14.487,0.0
Locomotion_2,X17,14.627,0.0
Locomotion_2,X17,14.767,0.0
Locomotion_2,X17,14.907,0.0
Locomotion_2,X17,15.047,0.0
Locomotion_2,X17,15.187,0.0
Locomotion_2,X17,15.327,0.0
Locomotion_2,X17,15.467,0.0
Locomotion_2,X17,15.607,0.0
Locomotion_2,X17,15.747,0.0
Locomotion_2,X17,15.887,0.0
Locomotion_2,X17,16.027,0.0
Locomotion_2,X17,16.167,0.0
Locomotion_2,X17,16.307,0.0
Locomotion_2,X17,16.447,0.0
Locomotion_2,X17,16.587,0.0
Locomotion_2,X17,16.727,0.0
Locomotion_2,X17,16.867,0.0
Locomotion_2,X17,17.007,0.0
Locomotion_2,X17,17.147,0.0
Locomotion_2,X17,17.287,0.0
Locomotion_2,X17,17.427,0.0
Locomotion_2,X17,17.567,0.0
Locomotion_2,X17,17.707,0.0
Locomotion_2,X17,17.847,0.0
Locomotion_2,X17,17.987,0.0
Locomotion_2,X17,18.127,0.0
Locomotion_2,X17,18.267,0.0
Locomotion_2,X17,18.407,0.0
Locomotion_2,X17,18.547,0.0
Locomotion_2,X17,18.687,0.0
Locomotion_2,X17,18.827,0.0
Locomotion_2,X17,18.967,0.0
Locomotion_2,X17,19.107,0.0
Locomotion_2,X17,19.247,0.0
Locomotion_2,X17,19.387,0.0
Locomotion_2,X17,19.527,0.0
Locomotion_2,X17,19.667,0.0
Locomotion_2,X17,19.807,0.0
Locomotion_2,X17,19.947,0.0
Locomotion_2,X17,20.087,0.0
Locomotion_2,X17,20.227,0.0
Locomotion_2,X17,20.367,0.0
Locomotion_2,X17,20.507,0.0
Locomotion_2,X17,20.647,0.0
Locomotion_2,X17,20.787,0.0
Locomotion_2,X17,20.927,0.0
Locomotion_2,X17,21.067,0.0
Locomotion_2,X17,21.207,0.0
Locomotion_2,X17,21.347,0.0
Locomotion_2,X17,21.487,0.0
Locomotion_2,X17,21.627,0.0
Locomotion_2,X17,21.767,0.0
Locomotion_2,X17,21.907,0.0
Locomotion_2,X17,22.047,0.0
Locomotion_2,X17,22.187,0.0
Locomotion_2,X17,22.327,0.0
Locomotion_2,X17,22.467,0.0
Locomotion_2,X17,22.607,0.0
Locomotion_2,X17,22.747,0.0
Locomotion_2,X17,22.887,0.0
Locomotion_2,X17,23.027,0.0
Locomotion_2,X17,23.167,0.0
Locomotion_2,X17,23.307,0.0
Locomotion_2,X17,23.447,0.0
Locomotion_2,X17,23.587,0.0
Locomotion_2,X17,23.727,0.0
Locomotion_2,X17,23.867,0.0
Locomotion_2,X17,24.007,0.0
Locomotion_2,X17,24.147,0.0
Locomotion_2,X17,24.287,0.0
Locomotion_2,X17,24.427,0.0
Locomotion_2,X17,24.567,0.0
Locomotion_2,X17,24.707,0.0
Locomotion_2,X17,24.847,0.0
Locomotion_2,X17,24.987,0.0
Locomotion_2,X17,25.127,0.0
Locomotion_2,X17,25.267,0.0
Locomotion_2,X17,25.407,0.0
Locomotion_2,X17,25.547,0.0
Locomotion_2,X17,25.687,0.0
Locomotion_2,X17,25.827,0.0
Locomotion_2,X17,25.967,0.0
Locomotion_2,X17,26.107,0.0
Locomotion_2,X17,26.247,0.0
Locomotion_2,X17,26.387,0.0
Locomotion_2,X17,26.527,0.0
Locomotion_2,X17,26.667,0.0
Locomotion_2,X17,26.807,0.0
Locomotion_2,X17,26.947,0.0
Locomotion_2,X17,27.087,0.0
Locomotion_2,X17,27.227,0.0
Locomotion_2,X17,27.367,0.0
Locomotion_2,X17,27.507,0.0
Locomotion_2,X17,27.647,0.0
Locomotion_2,X17,27.787,0.0
Locomotion_2,X17,27.927,0.0
Locomotion_2,X17,28.067,0.0
Locomotion_2,X17,28.207,0.0
Locomotion_2,X17,28.347,0.0
Locomotion_2,X17,28.487,0.0
Locomotion_2,X17,28.627,0.0
Locomotion_2,X17,28.767,0.0
Locomotion_2,X17,28.907,0.0
Locomotion_2,X17,29.047,0.0
Locomotion_2,X17,29.187,0.0
Locomotion_2,X17,29.327,0.0
Locomotion_2,X17,29.467,0.0
Locomotion_2,X17,29.607,0.0
Locomotion_2,X17,29.747,0.0
Locomotion_2,X17,29.887,0.0
Locomotion_2,X17,30.027,0.0
Locomotion_2,X17,30.167,0.0
Locomotion_2,X17,30.307,0.0
Locomotion_2,X17,30.447,0.0
Locomotion_2,X17,30.587,0.0
Locomotion_2,X17,30.727,0.0
Locomotion_2,X17,30.867,0.0
Locomotion_2,X17,31.007,0.0
Locomotion_2,X17,31.147,0.0
Locomotion_2,X17,31.287,0.0
Locomotion_2,X17,31.427,0.0
Locomotion_2,X17,31.567,0.0
Locomotion_2,X17,31.707,0.0
Locomotion_2,X17,31.847,0.0
Locomotion_2,X17,31.987,0.0
Locomotion_2,X17,32.127,0.0
Locomotion_2,X17,32.267,0.0
Locomotion_2,X17,32.407,0.0
Locomotion_2,X17,32.547,0.0
Locomotion_2,X17,32.687,0.0
Locomotion_2,X17,32.827,0.0
Locomotion_2,X17,32.967,0.0
Locomotion_2,X17,33.107,0.0
Locomotion_2,X17,33.247,0.0
Locomotion_2,X17,33.387,0.0
Locomotion_2,X17,33.527,0.0
Locomotion_2,X17,33.667,0.0
Locomotion_2,X17,33.807,0.0
Locomotion_2,X17,33.947,0.0
Locomotion_2,X17,34.087,0.0
Locomotion_2,X17,34.227,0.0
Locomotion_2,X17,34.367,0.0
Locomotion_2,X17,34.507,0.0
Locomotion_2,X17,34.647,0.0
Locomotion_2,X17,34.787,0.0
Locomotion_2,X17,34.927,0.0
Locomotion_2,X17,35.067,0.0
Locomotion_2,X17,35.207,0.0
Locomotion_2,X17,35.347,0.0
Locomotion_2,X17,35.487,0.0
Locomotion_2,X17,35.627,0.0
Locomotion_2,X17,35.767,0.0
Locomotion_2,X17,35.907,0.0
Locomotion_2,X17,36.047,0.0
Locomotion_2,X17,36.187,0.0
Locomotion_2,X17,36.327,0.0
Locomotion_2,X17,36.467,0.0
Locomotion_2,X17,36.607,0.0
Locomotion_2,X17,36.747,0.0
Locomotion_2,X17,36.887,0.0
Locomotion_2,X17,37.027,0.0
Locomotion_2,X17,37.167,0.0
Locomotion_2,X17,37.307,0.0
Locomotion_2,X17,37.447,0.0
Locomotion_2,X17,37.587,0.0
Locomotion_2,X17,37.727,0.0
Locomotion_2,X17,37.867,0.0
Locomotion_2,X17,38.007,0.0
Locomotion_2,X17,38.147,0.0
Locomotion_2,X17,38.287,0.0
Locomotion_2,X17,38.427,0.0
Locomotion_2,X17,38.567,0.0
Locomotion_2,X17,38.707,0.0
Locomotion_2,X17,38.847,0.0
Locomotion_2,X17,38.987,0.0
Locomotion_2,X17,39.127,0.0
Locomotion_2,X17,39.267,0.0
Locomotion_2,X17,39.407,0.0
Locomotion_2,X17,39.547,0.0
Locomotion_2,X17,39.687,0.0
Locomotion_2,X17,39.827,0.0
Locomotion_2,X17,39.967,0.0
Locomotion_2,X17,40.107,0.0
Locomotion_2,X17,40.247,0.0
Locomotion_2,X17,40.387,0.0
Locomotion_2,X17,40.527,0.0
Locomotion_2,X17,40.667,0.0
Locomotion_2,X17,40.807,0.0
Locomotion_2,X17,40.947,0.0
Locomotion_2,X17,41.087,0.0
Locomotion_2,X17,41.227,0.0
Locomotion_2,X17,41.367,0.0
Locomotion_2,X17,41.507,0.0
Locomotion_2,X17,41.647,0.0
Locomotion_2,X17,41.787,0.0
Locomotion_2,X17,41.927,0.0
Locomotion_2,X17,42.067,0.0
Locomotion_2,X17,42.207,0.0
Locomotion_2,X17,42.347,0.0
Locomotion_2,X17,42.487,0.0
Locomotion_2,X17,42.627,0.0
Locomotion_2,X17,42.767,0.0
Locomotion_2,X17,42.907,0.0
Locomotion_2,X17,43.047,0.0
Locomotion_2,X17,43.187,0.0
Locomotion_2,X17,43.327,0.0
Locomotion_2,X17,43.467,0.0
Locomotion_2,X17,43.607,0.0
Locomotion_2,X17,43.747,0.0
Locomotion_2,X17,43.887,0.0
Locomotion_2,X17,44.027,0.0
Locomotion_2,X17,44.167,0.0
Locomotion_2,X17,44.307,0.0
Locomotion_2,X17,44.447,0.0
Locomotion_2,X17,44.587,0.0
Locomotion_2,X17,44.727,0.0
Locomotion_2,X17,44.867,0.0
Locomotion_2,X17,45.007,0.0
Locomotion_2,X17,45.147,0.0
Locomotion_2,X17,45.287,0.0
Locomotion_2,X17,45.427,0.0
Locomotion_2,X17,45.567,0.0
Locomotion_2,X17,45.707,0.0
Locomotion_2,X17,45.847,0.0
Locomotion_2,X17,45.987,0.0
Locomotion_2,X17,46.127,0.0
Locomotion_2,X17,46.267,0.0
Locomotion_2,X17,46.407,0.0
Locomotion_2,X17,46.547,0.0
Locomotion_2,X17,46.687,0.0
Locomotion_2,X17,46.827,0.0
Locomotion_2,X17,46.967,0.0
Locomotion_2,X17,47.107,0.0
Locomotion_2,X17,47.247,0.0
Locomotion_2,X17,47.387,0.0
Locomotion_2,X17,47.527,0.0
Locomotion_2,X17,47.667,0.0
Locomotion_2,X17,47.807,0.0
Locomotion_2,X17,47.947,0.0
Locomotion_2,X17,48.087,0.0
Locomotion_2,X17,48.227,0.0
Locomotion_2,X17,48.367,0.0
Locomotion_2,X17,48.507,0.0
Locomotion_2,X17,48.647,0.0
Locomotion_2,X17,48.787,0.0
Locomotion_2,X17,48.927,0.0
Locomotion_2,X17,49.067,0.0
Locomotion_2,X17,49.207,0.0
Locomotion_2,X17,49.347,0.0
Locomotion_2,X17,49.487,0.0
Locomotion_2,X17,49.627,0.0
Locomotion_2,X17,49.767,0.0
Locomotion_2,X17,49.907,0.0
Locomotion_2,X17,50.047,0.0
Locomotion_2,X17,50.187,0.0
Locomotion_2,X17,50.327,0.0
Locomotion_2,X17,50.467,0.0
Locomotion_2,X17,50.607,0.0
Locomotion_2,X17,50.747,0.0
Locomotion_2,X17,50.887,0.0
Locomotion_2,X17,51.027,0.0
Locomotion_2,X17,51.167,0.0
Locomotion_2,X17,51.307,0.0
Locomotion_2,X17,51.447,0.0
Locomotion_2,X17,51.587,0.0
Locomotion_2,X17,51.727,0.0
Locomotion_2,X17,51.867,0.0
Locomotion_2,X17,52.007,0.0
Locomotion_2,X17,52.147,0.0
Locomotion_2,X17,52.287,0.0
Locomotion_2,X17,52.427,0.0
Locomotion_2,X17,52.567,0.0
Locomotion_2,X17,52.707,0.0
Locomotion_2,X17,52.847,0.0
Locomotion_2,X17,52.987,0.0
Locomotion_2,X17,53.127,0.0
Locomotion_2,X17,53.267,0.0
Locomotion_2,X17,53.407,0.0
Locomotion_2,X17,53.547,0.0
Locomotion_2,X17,53.687,0.0
Locomotion_2,X17,53.827,0.0
Locomotion_2,X17,53.967,0.0
Locomotion_2,X17,54.107,0.0
Locomotion_2,X17,54.247,0.0
Locomotion_2,X17,54.387,0.0
Locomotion_2,X17,54.527,0.0
Locomotion_2,X17,54.667,0.0
Locomotion_2,X17,54.807,0.0
Locomotion_2,X17,54.947,0.0
Locomotion_2,X17,55.087,0.0
Locomotion_2,X17,55.227,0.0
Locomotion_2,X17,55.367,0.0
Locomotion_2,X17,55.507,0.0
Locomotion_2,X17,55.647,0.0
Locomotion_2,X17,55.787,0.0
Locomotion_2,X17,55.927,0.0
Locomotion_2,X17,56.067,0.0
Locomotion_2,X17,56.207,0.0
Locomotion_2,X17,56.347,0.0
Locomotion_2,X17,56.487,0.0
Locomotion_2,X17,56.627,0.0
Locomotion_2,X17,56.767,0.0
Locomotion_2,X17,56.907,0.0
Locomotion_2,X17,57.047,0.0
Locomotion_2,X17,57.187,0.0
Locomotion_2,X17,57.327,0.0
Locomotion_2,X17,57.467,0.0
Locomotion_2,X17,57.607,0.0
Locomotion_2,X17,57.747,0.0
Locomotion_2,X17,57.887,0.0
Locomotion_2,X17,58.027,0.0
Locomotion_2,X17,58.167,0.0
Locomotion_2,X17,58.307,0.0
Locomotion_2,X17,58.447,0.0
Locomotion_2,X17,58.587,0.0
Locomotion_2,X17,58.727,0.0
Locomotion_2,X17,58.867,0.0
Locomotion_2,X17,59.007,0.0
Locomotion_2,X17,59.147,0.0
Locomotion_2,X17,59.287,0.0
Locomotion_2,X17,59.427,0.0
Locomotion_2,X17,59.567,0.0
Locomotion_2,X17,59.707,0.0
Locomotion_2,X17,59.847,0.0
Locomotion_2,X17,59.987,0.0
Locomotion_2,X17,60.127,0.0
Locomotion_2,X17,60.267,0.0
Locomotion_2,X17,60.407,0.0
Locomotion_2,X17,60.547,0.0
Locomotion_2,X17,60.687,0.0
Locomotion_2,X17,60.827,0.0
Locomotion_2,X17,60.967,0.0
Locomotion_2,X17,61.107,0.0
Locomotion_2,X17,61.247,0.0
Locomotion_2,X17,61.387,0.0
Locomotion_2,X17,61.527,0.0
Locomotion_2,X17,61.667,0.0
Locomotion_2,X17,61.807,0.0
Locomotion_2,X17,61.947,0.0
Locomotion_2,X17,62.087,0.0
Locomotion_2,X17,62.227,0.0
Locomotion_2,X17,62.367,0.0
Locomotion_2,X17,62.507,0.0
Locomotion_2,X17,62.647,0.0
Locomotion_2,X17,62.787,0.0
Locomotion_2,X17,62.927,0.0
Locomotion_2,X17,63.067,0.0
Locomotion_2,X17,63.207,0.0
Locomotion_2,X17,63.347,0.0
Locomotion_2,X17,63.487,0.0
Locomotion_2,X17,63.627,0.0
Locomotion_2,X17,63.767,0.0
Locomotion_2,X17,63.907,0.0
Locomotion_2,X17,64.047,0.0
Locomotion_2,X17,64.187,0.0
Locomotion_2,X17,64.327,0.0
Locomotion_2,X17,64.467,0.0
Locomotion_2,X17,64.607,0.0
Locomotion_2,X17,64.747,0.0
Locomotion_2,X17,64.887,0.0
Locomotion_2,X17,65.027,0.0
Locomotion_2,X17,65.167,0.0
Locomotion_2,X17,65.307,0.0
Locomotion_2,X17,65.447,0.0
Locomotion_2,X17,65.587,0.0
Locomotion_2,X17,65.727,0.0
Locomotion_2,X17,65.867,0.0
Locomotion_2,X17,66.007,0.0
Locomotion_2,X17,66.147,0.0
Locomotion_2,X17,66.287,0.0
Locomotion_2,X17,66.427,0.0
Locomotion_2,X17,66.567,0.0
Locomotion_2,X17,66.707,0.0
Locomotion_2,X17,66.847,0.0
Locomotion_2,X17,66.987,0.0
Locomotion_2,X17,67.127,0.0
Locomotion_2,X17,67.267,0.0
Locomotion_2,X17,67.407,0.0
Locomotion_2,X17,67.547,0.0
Locomotion_2,X17,67.687,0.0
Locomotion_2,X17,67.827,0.0
Locomotion_2,X17,67.967,0.0
Locomotion_2,X17,68.107,0.0
Locomotion_2,X17,68.247,0.0
Locomotion_2,X17,68.387,0.0
Locomotion_2,X17,68.527,0.0
Locomotion_2,X17,68.667,0.0
Locomotion_2,X17,68.807,0.0
Locomotion_2,X17,68.947,0.0
Locomotion_2,X17,69.087,0.0
Locomotion_2,X17,69.227,0.0
Locomotion_2,X17,69.367,0.0
Locomotion_2,X17,69.507,0.0
Locomotion_2,X17,69.647,0.0
Locomotion_2,X17,69.787,0.0
Locomotion_2,X17,69.927,0.0
Locomotion_2,X17,70.067,0.0
Locomotion_2,X17,70.207,0.0
Locomotion_2,X17,70.347,0.0
Locomotion_2,X17,70.487,0.0
Locomotion_2,X17,70.627,0.0
Locomotion_2,X17,70.767,0.0
Locomotion_2,X17,70.907,0.0
Locomotion_2,X17,71.047,0.0
Locomotion_2,X17,71.187,0.0
Locomotion_2,X17,71.327,0.0
Locomotion_2,X17,71.467,0.0
Locomotion_2,X17,71.607,0.0
Locomotion_2,X17,71.747,0.0
Locomotion_2,X17,71.887,0.0
Locomotion_2,X17,72.027,0.0
Locomotion_2,X17,72.167,0.0
Locomotion_2,X17,72.307,0.0
Locomotion_2,X17,72.447,0.0
Locomotion_2,X17,72.587,0.0
Locomotion_2,X17,72.727,0.0
Locomotion_2,X17,72.867,0.0
Locomotion_2,X17,73.007,0.0
Locomotion_2,X17,73.147,0.0
Locomotion_2,X17,73.287,0.0
Locomotion_2,X17,73.427,0.0
Locomotion_2,X17,73.567,0.0
Locomotion_2,X17,73.707,0.0
Locomotion_2,X17,73.847,0.0
Locomotion_2,X17,73.987,0.0
Locomotion_2,X17,74.127,0.0
Locomotion_2,X17,74.267,0.0
Locomotion_2,X17,74.407,0.0
Locomotion_2,X17,74.547,0.0
Locomotion_2,X17,74.687,0.0
Locomotion_2,X17,74.827,0.0
Locomotion_2,X17,74.967,0.0
Locomotion_2,X17,75.107,0.0
Locomotion_2,X17,75.247,0.0
Locomotion_2,X17,75.387,0.0
Locomotion_2,X17,75.527,0.0
Locomotion_2,X17,75.667,0.0
Locomotion_2,X17,75.807,0.0
Locomotion_2,X17,75.947,0.0
Locomotion_2,X17,76.087,0.0
Locomotion_2,X17,76.227,0.0
Locomotion_2,X17,76.367,0.0
Locomotion_2,X17,76.507,0.0
Locomotion_2,X17,76.647,0.0
Locomotion_2,X17,76.787,0.0
Locomotion_2,X17,76.927,0.0
Locomotion_2,X17,77.067,0.0
Locomotion_2,X17,77.207,0.0
Locomotion_2,X17,77.347,0.0
Locomotion_2,X17,77.487,0.0
Locomotion_2,X17,77.627,0.0
Locomotion_2,X17,77.767,0.0
Locomotion_2,X17,77.907,0.0
Locomotion_2,X17,78.047,0.0
Locomotion_2,X17,78.187,0.0
Locomotion_2,X17,78.327,0.0
Locomotion_2,X17,78.467,0.0
Locomotion_2,X17,78.607,0.0
Locomotion_2,X17,78.747,0.0
Locomotion_2,X17,78.887,0.0
Locomotion_2,X17,79.027,0.0
Locomotion_2,X17,79.167,0.0
Locomotion_2,X17,79.307,0.0
Locomotion_2,X17,79.447,0.0
Locomotion_2,X17,79.587,0.0
Locomotion_2,X17,79.727,0.0
Locomotion_2,X17,79.867,0.0
Locomotion_2,X17,80.007,0.0
Locomotion_2,X17,80.147,0.0
Locomotion_2,X17,80.287,0.0
Locomotion_2,X17,80.427,0.0
Locomotion_2,X17,80.567,0.0
Locomotion_2,X17,80.707,0.0
Locomotion_2,X17,80.847,0.0
Locomotion_2,X17,80.987,0.0
Locomotion_2,X17,81.127,0.0
Locomotion_2,X17,81.267,0.0
Locomotion_2,X17,81.407,0.0
Locomotion_2,X17,81.547,0.0
Locomotion_2,X17,81.687,0.0
Locomotion_2,X17,81.827,0.0
Locomotion_2,X17,81.967,0.0
Locomotion_2,X17,82.107,0.0
Locomotion_2,X17,82.247,0.0
Locomotion_2,X17,82.387,0.0
Locomotion_2,X17,82.527,0.0
Locomotion_2,X17,82.667,0.0
Locomotion_2,X17,82.807,0.0
Locomotion_2,X17,82.947,0.0
Locomotion_2,X17,83.087,0.0
Locomotion_2,X17,83.227,0.0
Locomotion_2,X17,83.367,0.0
Locomotion_2,X17,83.507,0.0
Locomotion_2,X17,83.647,0.0
Locomotion_2,X17,83.787,0.0
Locomotion_2,X17,83.927,0.0
Locomotion_2,X17,84.067,0.0
Locomotion_2,X17,84.207,0.0
Locomotion_2,X17,84.347,0.0
Locomotion_2,X17,84.487,0.0
Locomotion_2,X17,84.627,0.0
Locomotion_2,X17,84.767,0.0
Locomotion_2,X17,84.907,0.0
Locomotion_2,X17,85.047,0.0
Locomotion_2,X17,85.187,0.0
Locomotion_2,X17,85.327,0.0
Locomotion_2,X17,85.467,0.0
Locomotion_2,X17,85.607,0.0
Locomotion_2,X17,85.747,0.0
Locomotion_2,X17,85.887,0.0
Locomotion_2,X17,86.027,0.0
Locomotion_2,X17,86.167,0.0
Locomotion_2,X17,86.307,0.0
Locomotion_2,X17,86.447,0.0
Locomotion_2,X17,86.587,0.0
Locomotion_2,X17,86.727,0.0
Locomotion_2,X17,86.867,0.0
Locomotion_2,X17,87.007,0.0
Locomotion_2,X17,87.147,0.0
Locomotion_2,X17,87.287,0.0
Locomotion_2,X17,87.427,0.0
Locomotion_2,X17,87.567,0.0
Locomotion_2,X17,87.707,0.0
Locomotion_2,X17,87.847,0.0
Locomotion_2,X17,87.987,0.0
Locomotion_2,X17,88.127,0.0
Locomotion_2,X17,88.267,0.0
Locomotion_2,X17,88.407,0.0
Locomotion_2,X17,88.547,0.0
Locomotion_2,X17,88.687,0.0
Locomotion_2,X17,88.827,0.0
Locomotion_2,X17,88.967,0.0
Locomotion_2,X17,89.107,0.0
Locomotion_2,X17,89.247,0.0
Locomotion_2,X17,89.387,0.0
Locomotion_2,X17,89.527,0.0
Locomotion_2,X17,89.667,0.0
Locomotion_2,X17,89.807,0.0
Locomotion_2,X17,89.947,0.0
Locomotion_2,X17,90.087,0.0
Locomotion_2,X17,90.227,0.0
Locomotion_2,X17,90.367,0.0
Locomotion_2,X17,90.507,0.0
Locomotion_2,X17,90.647,0.0
Locomotion_2,X17,90.787,0.0
Locomotion_2,X17,90.927,0.0
Locomotion_2,X17,91.067,0.0
Locomotion_2,X17,91.207,0.0
Locomotion_2,X17,91.347,0.0
Locomotion_2,X17,91.487,0.0
Locomotion_2,X17,91.627,0.0
Locomotion_2,X17,91.767,0.0
Locomotion_2,X17,91.907,0.0
Locomotion_2,X17,92.047,0.0
Locomotion_2,X17,92.187,0.0
Locomotion_2,X17,92.327,0.0
Locomotion_2,X17,92.467,0.0
Locomotion_2,X17,92.607,0.0
Locomotion_2,X17,92.747,0.0
Locomotion_2,X17,92.887,0.0
Locomotion_2,X17,93.027,0.0
Locomotion_2,X17,93.167,0.0
Locomotion_2,X17,93.307,0.0
Locomotion_2,X17,93.447,0.0
Locomotion_2,X17,93.587,0.0
Locomotion_2,X17,93.727,0.0
Locomotion_2,X17,93.867,0.0
Locomotion_2,X17,94.007,0.0
Locomotion_2,X17,94.147,0.0
Locomotion_2,X17,94.287,0.0
Locomotion_2,X17,94.427,0.0
Locomotion_2,X17,94.567,0.0
Locomotion_2,X17,94.707,0.0
Locomotion_2,X17,94.847,0.0
Locomotion_2,X17,94.987,0.0
Locomotion_2,X17,95.127,0.0
Locomotion_2,X17,95.267,0.0
Locomotion_2,X17,95.407,0.0
Locomotion_2,X17,95.547,0.0
Locomotion_2,X17,95.687,0.0
Locomotion_2,X17,95.827,0.0
Locomotion_2,X17,95.967,0.0
Locomotion_2,X17,96.107,0.0
Locomotion_2,X17,96.247,0.0
Locomotion_2,X17,96.387,0.0
Locomotion_2,X17,96.527,0.0
Locomotion_2,X17,96.667,0.0
Locomotion_2,X17,96.807,0.0
Locomotion_2,X17,96.947,0.0
Locomotion_2,X17,97.087,0.0
Locomotion_2,X17,97.227,0.0
Locomotion_2,X17,97.367,0.0
Locomotion_2,X17,97.507,0.0
Locomotion_2,X17,97.647,0.0
Locomotion_2,X17,97.787,0.0
Locomotion_2,X17,97.927,0.0
Locomotion_2,X17,98.067,0.0
Locomotion_2,X17,98.207,0.0
Locomotion_2,X17,98.347,0.0
Locomotion_2,X17,98.487,0.0
Locomotion_2,X17,98.627,0.0
Locomotion_2,X17,98.767,0.0
Locomotion_2,X17,98.907,0.0
Locomotion_2,X17,99.047,0.0
Locomotion_2,X17,99.187,0.0
Locomotion_2,X17,99.327,0.0
Locomotion_2,X17,99.467,0.0
Locomotion_2,X17,99.607,0.0
Locomotion_2,X17,99.747,0.0
Locomotion_2,X17,99.887,0.0
Locomotion_2,X17,100.027,0.0
Locomotion_2,X17,100.167,0.0
Locomotion_2,X17,100.307,0.0
Locomotion_2,X17,100.447,0.0
Locomotion_2,X17,100.587,0.0
Locomotion_2,X17,100.727,0.0
Locomotion_2,X17,100.867,0.0
Locomotion_2,X17,101.007,0.0
Locomotion_2,X17,101.147,0.0
Locomotion_2,X17,101.287,0.0
Locomotion_2,X17,101.427,0.0
Locomotion_2,X17,101.567,0.0
Locomotion_2,X17,101.707,0.0
Locomotion_2,X17,101.847,0.0
Locomotion_2,X17,101.987,0.0
Locomotion_2,X17,102.127,0.0549
Locomotion_2,X17,102.267,1.0
Decision_1,X0,0.067,1.0
Decision_1,X0,0.207,0.0549
Decision_1,X0,0.347,0.0
Decision_1,X0,0.487,0.0
Decision_1,X0,0.627,0.0
Decision_1,X0,0.767,0.0
Decision_1,X0,0.907,0.0
Decision_1,X0,1.047,0.0
Decision_1,X0,1.187,0.0
Decision_1,X0,1.327,0.0
Decision_1,X0,1.467,0.0
Decision_1,X0,1.607,0.0
Decision_1,X0,1.747,0.0
Decision_1,X0,1.887,0.0
Decision_1,X0,2.027,0.0
Decision_1,X0,2.167,0.0
Decision_1,X0,2.307,0.0
Decision_1,X0,2.447,0.0
Decision_1,X0,2.587,0.0
Decision_1,X0,2.727,0.0
Decision_1,X0,2.867,0.0
Decision_1,X0,3.007,0.0
Decision_1,X0,3.147,0.0
Decision_1,X0,3.287,0.0
Decision_1,X0,3.427,0.0
Decision_1,X0,3.567,0.0
Decision_1,X0,3.707,0.0
Decision_1,X0,3.847,0.0
Decision_1,X0,3.987,0.0
Decision_1,X0,4.127,0.0
Decision_1,X0,4.267,0.0
Decision_1,X0,4.407,0.0
Decision_1,X0,4.547,0.0
Decision_1,X0,4.687,0.0
Decision_1,X0,4.827,0.0
Decision_1,X0,4.967,0.0
Decision_1,X0,5.107,0.0
Decision_1,X0,5.247,0.0
Decision_1,X0,5.387,0.0
Decision_1,X0,5.527,0.0
Decision_1,X0,5.667,0.0
Decision_1,X0,5.807,0.0
Decision_1,X0,5.947,0.0
Decision_1,X0,6.087,0.0
Decision_1,X0,6.227,0.0
Decision_1,X0,6.367,0.0
Decision_1,X0,6.507,0.0
Decision_1,X0,6.647,0.0
Decision_1,X0,6.787,0.0
Decision_1,X0,6.927,0.0
Decision_1,X0,7.067,0.0
Decision_1,X0,7.207,0.0
Decision_1,X0,7.347,0.0
Decision_1,X0,7.487,0.0
Decision_1,X0,7.627,0.0
Decision_1,X0,7.767,0.0
Decision_1,X0,7.907,0.0
Decision_1,X0,8.047,0.0
Decision_1,X0,8.187,0.0
Decision_1,X0,8.327,0.0
Decision_1,X0,8.467,0.0
Decision_1,X0,8.607,0.0
Decision_1,X0,8.747,0.0
Decision_1,X0,8.887,0.0
Decision_1,X0,9.027,0.0
Decision_1,X0,9.167,0.0
Decision_1,X0,9.307,0.0
Decision_1,X0,9.447,0.0
Decision_1,X0,9.587,0.0
Decision_1,X0,9.727,0.0
Decision_1,X0,9.867,0.0
Decision_1,X0,10.007,0.0
Decision_1,X0,10.147,0.0
Decision_1,X0,10.287,0.0
Decision_1,X0,10.427,0.0
Decision_1,X0,10.567,0.0
Decision_1,X0,10.707,0.0
Decision_1,X0,10.847,0.0
Decision_1,X0,10.987,0.0
Decision_1,X0,11.127,0.0
Decision_1,X0,11.267,0.0
Decision_1,X0,11.407,0.0
Decision_1,X0,11.547,0.0
Decision_1,X0,11.687,0.0
Decision_1,X0,11.827,0.0
Decision_1,X0,11.967,0.0
Decision_1,X0,12.107,0.0
Decision_1,X0,12.247,0.0
Decision_1,X0,12.387,0.0
Decision_1,X0,12.527,0.0
Decision_1,X0,12.667,0.0
Decision_1,X0,12.807,0.0
Decision_1,X0,12.947,0.0
Decision_1,X0,13.087,0.0
Decision_1,X0,13.227,0.0
Decision_1,X0,13.367,0.0
Decision_1,X0,13.507,0.0
Decision_1,X0,13.647,0.0
Decision_1,X0,13.787,0.0
Decision_1,X0,13.927,0.0
Decision_1,X0,14.067,0.0
Decision_1,X0,14.207,0.0
Decision_1,X0,14.347,0.0
Decision_1,X0,14.487,0.0
Decision_1,X0,14.627,0.0
Decision_1,X0,14.767,0.0
Decision_1,X0,14.907,0.0
Decision_1,X0,15.047,0.0
Decision_1,X0,15.187,0.0
Decision_1,X0,15.327,0.0
Decision_1,X0,15.467,0.0
Decision_1,X0,15.607,0.0
Decision_1,X0,15.747,0.0
Decision_1,X0,15.887,0.0
Decision_1,X0,16.027,0.0
Decision_1,X0,16.167,0.0
Decision_1,X0,16.307,0.0
Decision_1,X0,16.447,0.0
Decision_1,X0,16.587,0.0
Decision_1,X0,16.727,0.0
Decision_1,X0,16.867,0.0
Decision_1,X0,17.007,0.0
Decision_1,X0,17.147,0.0
Decision_1,X0,17.287,0.0
Decision_1,X0,17.427,0.0
Decision_1,X0,17.567,0.0
Decision_1,X0,17.707,0.0
Decision_1,X0,17.847,0.0
Decision_1,X0,17.987,0.0
Decision_1,X0,18.127,0.0
Decision_1,X0,18.267,0.0
Decision_1,X0,18.407,0.0
Decision_1,X0,18.547,0.0
Decision_1,X0,18.687,0.0
Decision_1,X0,18.827,0.0
Decision_1,X0,18.967,0.0
Decision_1,X0,19.107,0.0
Decision_1,X0,19.247,0.0
Decision_1,X0,19.387,0.0
Decision_1,X0,19.527,0.0
Decision_1,X0,19.667,0.0
Decision_1,X0,19.807,0.0
Decision_1,X0,19.947,0.0
Decision_1,X0,20.087,0.0
Decision_1,X0,20.227,0.0
Decision_1,X0,20.367,0.0
Decision_1,X0,20.507,0.0
Decision_1,X0,20.647,0.0
Decision_1,X0,20.787,0.0
Decision_1,X0,20.927,0.0
Decision_1,X0,21.067,0.0
Decision_1,X0,21.207,0.0
Decision_1,X0,21.347,0.0
Decision_1,X0,21.487,0.0
Decision_1,X0,21.627,0.0
Decision_1,X0,21.767,0.0
Decision_1,X0,21.907,0.0
Decision_1,X0,22.047,0.0
Decision_1,X0,22.187,0.0
Decision_1,X0,22.327,0.0
Decision_1,X0,22.467,0.0
Decision_1,X0,22.607,0.0
Decision_1,X0,22.747,0.0
Decision_1,X0,22.887,0.0
Decision_1,X0,23.027,0.0
Decision_1,X0,23.167,0.0
Decision_1,X0,23.307,0.0
Decision_1,X0,23.447,0.0
Decision_1,X0,23.587,0.0
Decision_1,X0,23.727,0.0
Decision_1,X0,23.867,0.0
Decision_1,X0,24.007,0.0
Decision_1,X0,24.147,0.0
Decision_1,X0,24.287,0.0
Decision_1,X0,24.427,0.0
Decision_1,X0,24.567,0.0
Decision_1,X0,24.707,0.0
Decision_1,X0,24.847,0.0
Decision_1,X0,24.987,0.0
Decision_1,X0,25.127,0.0
Decision_1,X0,25.267,0.0
Decision_1,X0,25.407,0.0
Decision_1,X0,25.547,0.0
Decision_1,X0,25.687,0.0
Decision_1,X0,25.827,0.0
Decision_1,X0,25.967,0.0
Decision_1,X0,26.107,0.0
Decision_1,X0,26.247,0.0
Decision_1,X0,26.387,0.0
Decision_1,X0,26.527,0.0
Decision_1,X0,26.667,0.0
Decision_1,X0,26.807,0.0
Decision_1,X0,26.947,0.0
Decision_1,X0,27.087,0.0
Decision_1,X0,27.227,0.0
Decision_1,X0,27.367,0.0
Decision_1,X0,27.507,0.0
Decision_1,X0,27.647,0.0
Decision_1,X0,27.787,0.0
Decision_1,X0,27.927,0.0
Decision_1,X0,28.067,0.0
Decision_1,X0,28.207,0.0
Decision_1,X0,28.347,0.0
Decision_1,X0,28.487,0.0
Decision_1,X0,28.627,0.0
Decision_1,X0,28.767,0.0
Decision_1,X0,28.907,0.0
Decision_1,X0,29.047,0.0
Decision_1,X0,29.187,0.0
Decision_1,X0,29.327,0.0
Decision_1,X0,29.467,0.0
Decision_1,X0,29.607,0.0
Decision_1,X0,29.747,0.0
Decision_1,X0,29.887,0.0
Decision_1,X0,30.027,0.0
Decision_1,X0,30.167,0.0
Decision_1,X0,30.307,0.0
Decision_1,X0,30.447,0.0
Decision_1,X0,30.587,0.0
Decision_1,X0,30.727,0.0
Decision_1,X0,30.867,0.0
Decision_1,X0,31.007,0.0
Decision_1,X0,31.147,0.0
Decision_1,X0,31.287,0.0
Decision_1,X0,31.427,0.0
Decision_1,X0,31.567,0.0
Decision_1,X0,31.707,0.0
Decision_1,X0,31.847,0.0
Decision_1,X0,31.987,0.0
Decision_1,X0,32.127,0.0
Decision_1,X0,32.267,0.0
Decision_1,X0,32.407,0.0
Decision_1,X0,32.547,0.0
Decision_1,X0,32.687,0.0
Decision_1,X0,32.827,0.0
Decision_1,X0,32.967,0.0
Decision_1,X0,33.107,0.0
Decision_1,X0,33.247,0.0
Decision_1,X0,33.387,0.0
Decision_1,X0,33.527,0.0
Decision_1,X0,33.667,0.0
Decision_1,X0,33.807,0.0
Decision_1,X0,33.947,0.0
Decision_1,X0,34.087,0.0
Decision_1,X0,34.227,0.0
Decision_1,X0,34.367,0.0
Decision_1,X0,34.507,0.0
Decision_1,X0,34.647,0.0
Decision_1,X0,34.787,0.0
Decision_1,X0,34.927,0.0
Decision_1,X0,35.067,0.0
Decision_1,X0,35.207,0.0
Decision_1,X0,35.347,0.0
Decision_1,X0,35.487,0.0
Decision_1,X0,35.627,0.0
Decision_1,X0,35.767,0.0
Decision_1,X0,35.907,0.0
Decision_1,X0,36.047,0.0
Decision_1,X0,36.187,0.0
Decision_1,X0,36.327,0.0
Decision_1,X0,36.467,0.0
Decision_1,X0,36.607,0.0
Decision_1,X0,36.747,0.0
Decision_1,X0,36.887,0.0
Decision_1,X0,37.027,0.0
Decision_1,X0,37.167,0.0
Decision_1,X0,37.307,0.0
Decision_1,X0,37.447,0.0
Decision_1,X0,37.587,0.0
Decision_1,X0,37.727,0.0
Decision_1,X0,37.867,0.0
Decision_1,X0,38.007,0.0
Decision_1,X0,38.147,0.0
Decision_1,X0,38.287,0.0
Decision_1,X0,38.427,0.0
Decision_1,X0,38.567,0.0
Decision_1,X0,38.707,0.0
Decision_1,X0,38.847,0.0
Decision_1,X0,38.987,0.0
Decision_1,X0,39.127,0.0
Decision_1,X0,39.267,0.0
Decision_1,X0,39.407,0.0
Decision_1,X0,39.547,0.0
Decision_1,X0,39.687,0.0
Decision_1,X0,39.827,0.0
Decision_1,X0,39.967,0.0
Decision_1,X0,40.107,0.0
Decision_1,X0,40.247,0.0
Decision_1,X0,40.387,0.0
Decision_1,X0,40.527,0.0
Decision_1,X0,40.667,0.0
Decision_1,X0,40.807,0.0
Decision_1,X0,40.947,0.0
Decision_1,X0,41.087,0.0
Decision_1,X0,41.227,0.0
Decision_1,X0,41.367,0.0
Decision_1,X0,41.507,0.0
Decision_1,X0,41.647,0.0
Decision_1,X0,41.787,0.0
Decision_1,X0,41.927,0.0
Decision_1,X0,42.067,0.0
Decision_1,X0,42.207,0.0
Decision_1,X0,42.347,0.0
Decision_1,X0,42.487,0.0
Decision_1,X0,42.627,0.0
Decision_1,X0,42.767,0.0
Decision_1,X0,42.907,0.0
Decision_1,X0,43.047,0.0
Decision_1,X0,43.187,0.0
Decision_1,X0,43.327,0.0
Decision_1,X0,43.467,0.0
Decision_1,X0,43.607,0.0
Decision_1,X0,43.747,0.0
Decision_1,X0,43.887,0.0
Decision_1,X0,44.027,0.0
Decision_1,X0,44.167,0.0
Decision_1,X0,44.307,0.0
Decision_1,X0,44.447,0.0
Decision_1,X0,44.587,0.0
Decision_1,X0,44.727,0.0
Decision_1,X0,44.867,0.0
Decision_1,X0,45.007,0.0
Decision_1,X0,45.147,0.0
Decision_1,X0,45.287,0.0
Decision_1,X0,45.427,0.0
Decision_1,X0,45.567,0.0
Decision_1,X0,45.707,0.0
Decision_1,X0,45.847,0.0
Decision_1,X0,45.987,0.0
Decision_1,X0,46.127,0.0
Decision_1,X0,46.267,0.0
Decision_1,X0,46.407,0.0
Decision_1,X0,46.547,0.0
Decision_1,X0,46.687,0.0
Decision_1,X0,46.827,0.0
Decision_1,X0,46.967,0.0
Decision_1,X0,47.107,0.0
Decision_1,X0,47.247,0.0
Decision_1,X0,47.387,0.0
Decision_1,X0,47.527,0.0
Decision_1,X0,47.667,0.0
Decision_1,X0,47.807,0.0
Decision_1,X0,47.947,0.0
Decision_1,X0,48.087,0.0
Decision_1,X0,48.227,0.0
Decision_1,X0,48.367,0.0
Decision_1,X0,48.507,0.0
Decision_1,X0,48.647,0.0
Decision_1,X0,48.787,0.0
Decision_1,X0,48.927,0.0
Decision_1,X0,49.067,0.0
Decision_1,X0,49.207,0.0
Decision_1,X0,49.347,0.0
Decision_1,X0,49.487,0.0
Decision_1,X0,49.627,0.0
Decision_1,X0,49.767,0.0
Decision_1,X0,49.907,0.0
Decision_1,X0,50.047,0.0
Decision_1,X0,50.187,0.0
Decision_1,X0,50.327,0.0
Decision_1,X0,50.467,0.0
Decision_1,X0,50.607,0.0
Decision_1,X0,50.747,0.0
Decision_1,X0,50.887,0.0
Decision_1,X0,51.027,0.0
Decision_1,X0,51.167,0.0
Decision_1,X0,51.307,0.0
Decision_1,X0,51.447,0.0
Decision_1,X0,51.587,0.0
Decision_1,X0,51.727,0.0
Decision_1,X0,51.867,0.0
Decision_1,X0,52.007,0.0
Decision_1,X0,52.147,0.0
Decision_1,X0,52.287,0.0
Decision_1,X0,52.427,0.0
Decision_1,X0,52.567,0.0
Decision_1,X0,52.707,0.0
Decision_1,X0,52.847,0.0
Decision_1,X0,52.987,0.0
Decision_1,X0,53.127,0.0
Decision_1,X0,53.267,0.0
Decision_1,X0,53.407,0.0
Decision_1,X0,53.547,0.0
Decision_1,X0,53.687,0.0
Decision_1,X0,53.827,0.0
Decision_1,X0,53.967,0.0
Decision_1,X0,54.107,0.0
Decision_1,X0,54.247,0.0
Decision_1,X0,54.387,0.0
Decision_1,X0,54.527,0.0
Decision_1,X0,54.667,0.0
Decision_1,X0,54.807,0.0
Decision_1,X0,54.947,0.0
Decision_1,X0,55.087,0.0
Decision_1,X0,55.227,0.0
Decision_1,X0,55.367,0.0
Decision_1,X0,55.507,0.0
Decision_1,X0,55.647,0.0
Decision_1,X0,55.787,0.0
Decision_1,X0,55.927,0.0
Decision_1,X0,56.067,0.0
Decision_1,X0,56.207,0.0
Decision_1,X0,56.347,0.0
Decision_1,X0,56.487,0.0
Decision_1,X0,56.627,0.0
Decision_1,X0,56.767,0.0
Decision_1,X0,56.907,0.0
Decision_1,X0,57.047,0.0
Decision_1,X0,57.187,0.0
Decision_1,X0,57.327,0.0
Decision_1,X0,57.467,0.0
Decision_1,X0,57.607,0.0
Decision_1,X0,57.747,0.0
Decision_1,X0,57.887,0.0
Decision_1,X0,58.027,0.0
Decision_1,X0,58.167,0.0
Decision_1,X0,58.307,0.0
Decision_1,X0,58.447,0.0
Decision_1,X0,58.587,0.0
Decision_1,X0,58.727,0.0
Decision_1,X0,58.867,0.0
Decision_1,X0,59.007,0.0
Decision_1,X0,59.147,0.0
Decision_1,X0,59.287,0.0
Decision_1,X0,59.427,0.0
Decision_1,X0,59.567,0.0
Decision_1,X0,59.707,0.0
Decision_1,X0,59.847,0.0
Decision_1,X0,59.987,0.0
Decision_1,X0,60.127,0.0
Decision_1,X0,60.267,0.0
Decision_1,X0,60.407,0.0
Decision_1,X0,60.547,0.0
Decision_1,X0,60.687,0.0
Decision_1,X0,60.827,0.0
Decision_1,X0,60.967,0.0
Decision_1,X0,61.107,0.0
Decision_1,X0,61.247,0.0
Decision_1,X0,61.387,0.0
Decision_1,X0,61.527,0.0
Decision_1,X0,61.667,0.0
Decision_1,X0,61.807,0.0
Decision_1,X0,61.947,0.0
Decision_1,X0,62.087,0.0
Decision_1,X0,62.227,0.0
Decision_1,X0,62.367,0.0
Decision_1,X0,62.507,0.0
Decision_1,X0,62.647,0.0
Decision_1,X0,62.787,0.0
Decision_1,X0,62.927,0.0
Decision_1,X0,63.067,0.0
Decision_1,X0,63.207,0.0
Decision_1,X0,63.347,0.0
Decision_1,X0,63.487,0.0
Decision_1,X0,63.627,0.0
Decision_1,X0,63.767,0.0
Decision_1,X0,63.907,0.0
Decision_1,X0,64.047,0.0
Decision_1,X0,64.187,0.0
Decision_1,X0,64.327,0.0
Decision_1,X0,64.467,0.0
Decision_1,X0,64.607,0.0
Decision_1,X0,64.747,0.0
Decision_1,X0,64.887,0.0
Decision_1,X0,65.027,0.0
Decision_1,X0,65.167,0.0
Decision_1,X0,65.307,0.0
Decision_1,X0,65.447,0.0
Decision_1,X0,65.587,0.0
Decision_1,X0,65.727,0.0
Decision_1,X0,65.867,0.0
Decision_1,X0,66.007,0.0
Decision_1,X0,66.147,0.0
Decision_1,X0,66.287,0.0
Decision_1,X0,66.427,0.0
Decision_1,X0,66.567,0.0
Decision_1,X0,66.707,0.0
Decision_1,X0,66.847,0.0
Decision_1,X0,66.987,0.0
Decision_1,X0,67.127,0.0
Decision_1,X0,67.267,0.0
Decision_1,X0,67.407,0.0
Decision_1,X0,67.547,0.0
Decision_1,X0,67.687,0.0
Decision_1,X0,67.827,0.0
Decision_1,X0,67.967,0.0
Decision_1,X0,68.107,0.0
Decision_1,X0,68.247,0.0
Decision_1,X0,68.387,0.0
Decision_1,X0,68.527,0.0
Decision_1,X0,68.667,0.0
Decision_1,X0,68.807,0.0
Decision_1,X0,68.947,0.0
Decision_1,X0,69.087,0.0
Decision_1,X0,69.227,0.0
Decision_1,X0,69.367,0.0
Decision_1,X0,69.507,0.0
Decision_1,X0,69.647,0.0
Decision_1,X0,69.787,0.0
Decision_1,X0,69.927,0.0
Decision_1,X0,70.067,0.0
Decision_1,X0,70.207,0.0
Decision_1,X0,70.347,0.0
Decision_1,X0,70.487,0.0
Decision_1,X0,70.627,0.0
Decision_1,X0,70.767,0.0
Decision_1,X0,70.907,0.0
Decision_1,X0,71.047,0.0
Decision_1,X0,71.187,0.0
Decision_1,X0,71.327,0.0
Decision_1,X0,71.467,0.0
Decision_1,X0,71.607,0.0
Decision_1,X0,71.747,0.0
Decision_1,X0,71.887,0.0
Decision_1,X0,72.027,0.0
Decision_1,X0,72.167,0.0
Decision_1,X0,72.307,0.0
Decision_1,X0,72.447,0.0
Decision_1,X0,72.587,0.0
Decision_1,X0,72.727,0.0
Decision_1,X0,72.867,0.0
Decision_1,X0,73.007,0.0
Decision_1,X0,73.147,0.0
Decision_1,X0,73.287,0.0
Decision_1,X0,73.427,0.0
Decision_1,X0,73.567,0.0
Decision_1,X0,73.707,0.0
Decision_1,X0,73.847,0.0
Decision_1,X0,73.987,0.0
Decision_1,X0,74.127,0.0
Decision_1,X0,74.267,0.0
Decision_1,X0,74.407,0.0
Decision_1,X0,74.547,0.0
Decision_1,X0,74.687,0.0
Decision_1,X0,74.827,0.0
Decision_1,X0,74.967,0.0
Decision_1,X0,75.107,0.0
Decision_1,X0,75.247,0.0
Decision_1,X0,75.387,0.0
Decision_1,X0,75.527,0.0
Decision_1,X0,75.667,0.0
Decision_1,X0,75.807,0.0
Decision_1,X0,75.947,0.0
Decision_1,X0,76.087,0.0
Decision_1,X0,76.227,0.0
Decision_1,X0,76.367,0.0
Decision_1,X0,76.507,0.0
Decision_1,X0,76.647,0.0
Decision_1,X0,76.787,0.0
Decision_1,X0,76.927,0.0
Decision_1,X0,77.067,0.0
Decision_1,X0,77.207,0.0
Decision_1,X0,77.347,0.0
Decision_1,X0,77.487,0.0
Decision_1,X0,77.627,0.0
Decision_1,X0,77.767,0.0
Decision_1,X0,77.907,0.0
Decision_1,X0,78.047,0.0
Decision_1,X0,78.187,0.0
Decision_1,X0,78.327,0.0
Decision_1,X0,78.467,0.0
Decision_1,X0,78.607,0.0
Decision_1,X0,78.747,0.0
Decision_1,X0,78.887,0.0
Decision_1,X0,79.027,0.0
Decision_1,X0,79.167,0.0
Decision_1,X0,79.307,0.0
Decision_1,X0,79.447,0.0
Decision_1,X0,79.587,0.0
Decision_1,X0,79.727,0.0
Decision_1,X0,79.867,0.0
Decision_1,X0,80.007,0.0
Decision_1,X0,80.147,0.0
Decision_1,X0,80.287,0.0
Decision_1,X0,80.427,0.0
Decision_1,X0,80.567,0.0
Decision_1,X0,80.707,0.0
Decision_1,X0,80.847,0.0
Decision_1,X0,80.987,0.0
Decision_1,X0,81.127,0.0
Decision_1,X0,81.267,0.0
Decision_1,X0,81.407,0.0
Decision_1,X0,81.547,0.0
Decision_1,X0,81.687,0.0
Decision_1,X0,81.827,0.0
Decision_1,X0,81.967,0.0
Decision_1,X0,82.107,0.0
Decision_1,X0,82.247,0.0
Decision_1,X0,82.387,0.0
Decision_1,X0,82.527,0.0
Decision_1,X0,82.667,0.0
Decision_1,X0,82.807,0.0
Decision_1,X0,82.947,0.0
Decision_1,X0,83.087,0.0
Decision_1,X0,83.227,0.0
Decision_1,X0,83.367,0.0
Decision_1,X0,83.507,0.0
Decision_1,X0,83.647,0.0
Decision_1,X0,83.787,0.0
Decision_1,X0,83.927,0.0
Decision_1,X0,84.067,0.0
Decision_1,X0,84.207,0.0
Decision_1,X0,84.347,0.0
Decision_1,X0,84.487,0.0
Decision_1,X0,84.627,0.0
Decision_1,X0,84.767,0.0
Decision_1,X0,84.907,0.0
Decision_1,X0,85.047,0.0
Decision_1,X0,85.187,0.0
Decision_1,X0,85.327,0.0
Decision_1,X0,85.467,0.0
Decision_1,X0,85.607,0.0
Decision_1,X0,85.747,0.0
Decision_1,X0,85.887,0.0
Decision_1,X0,86.027,0.0
Decision_1,X0,86.167,0.0
Decision_1,X0,86.307,0.0
Decision_1,X0,86.447,0.0
Decision_1,X0,86.587,0.0
Decision_1,X0,86.727,0.0
Decision_1,X0,86.867,0.0
Decision_1,X0,87.007,0.0
Decision_1,X0,87.147,0.0
Decision_1,X0,87.287,0.0
Decision_1,X0,87.427,0.0
Decision_1,X0,87.567,0.0
Decision_1,X0,87.707,0.0
Decision_1,X0,87.847,0.0
Decision_1,X0,87.987,0.0
Decision_1,X0,88.127,0.0
Decision_1,X0,88.267,0.0
Decision_1,X0,88.407,0.0
Decision_1,X0,88.547,0.0
Decision_1,X0,88.687,0.0
Decision_1,X0,88.827,0.0
Decision_1,X0,88.967,0.0
Decision_1,X0,89.107,0.0
Decision_1,X0,89.247,0.0
Decision_1,X0,89.387,0.0
Decision_1,X0,89.527,0.0
Decision_1,X0,89.667,0.0
Decision_1,X0,89.807,0.0
Decision_1,X0,89.947,0.0
Decision_1,X0,90.087,0.0
Decision_1,X0,90.227,0.0
Decision_1,X0,90.367,0.0
Decision_1,X0,90.507,0.0
Decision_1,X0,90.647,0.0
Decision_1,X0,90.787,0.0
Decision_1,X0,90.927,0.0
Decision_1,X0,91.067,0.0
Decision_1,X0,91.207,0.0
Decision_1,X0,91.347,0.0
Decision_1,X0,91.487,0.0
Decision_1,X0,91.627,0.0
Decision_1,X0,91.767,0.0
Decision_1,X0,91.907,0.0
Decision_1,X0,92.047,0.0
Decision_1,X0,92.187,0.0
Decision_1,X0,92.327,0.0
Decision_1,X0,92.467,0.0
Decision_1,X0,92.607,0.0
Decision_1,X0,92.747,0.0
Decision_1,X0,92.887,0.0
Decision_1,X0,93.027,0.0
Decision_1,X0,93.167,0.0
Decision_1,X0,93.307,0.0
Decision_1,X0,93.447,0.0
Decision_1,X0,93.587,0.0
Decision_1,X0,93.727,0.0
Decision_1,X0,93.867,0.0
Decision_1,X0,94.007,0.0
Decision_1,X0,94.147,0.0
Decision_1,X0,94.287,0.0
Decision_1,X0,94.427,0.0
Decision_1,X0,94.567,0.0
Decision_1,X0,94.707,0.0
Decision_1,X0,94.847,0.0
Decision_1,X0,94.987,0.0
Decision_1,X0,95.127,0.0
Decision_1,X0,95.267,0.0
Decision_1,X0,95.407,0.0
Decision_1,X0,95.547,0.0
Decision_1,X0,95.687,0.0
Decision_1,X0,95.827,0.0
Decision_1,X0,95.967,0.0
Decision_1,X0,96.107,0.0
Decision_1,X0,96.247,0.0
Decision_1,X0,96.387,0.0
Decision_1,X0,96.527,0.0
Decision_1,X0,96.667,0.0
Decision_1,X0,96.807,0.0
Decision_1,X0,96.947,0.0
Decision_1,X0,97.087,0.0
Decision_1,X0,97.227,0.0
Decision_1,X0,97.367,0.0
Decision_1,X0,97.507,0.0
Decision_1,X0,97.647,0.0
Decision_1,X0,97.787,0.0
Decision_1,X0,97.927,0.0
Decision_1,X0,98.067,0.0
Decision_1,X0,98.207,0.0
Decision_1,X0,98.347,0.0
Decision_1,X0,98.487,0.0
Decision_1,X0,98.627,0.0
Decision_1,X0,98.767,0.0
Decision_1,X0,98.907,0.0
Decision_1,X0,99.047,0.0
Decision_1,X0,99.187,0.0
Decision_1,X0,99.327,0.0
Decision_1,X0,99.467,0.0
Decision_1,X0,99.607,0.0
Decision_1,X0,99.747,0.0
Decision_1,X0,99.887,0.0
Decision_1,X0,100.027,0.0
Decision_1,X0,100.167,0.0
Decision_1,X0,100.307,0.0
Decision_1,X0,100.447,0.0
Decision_1,X0,100.587,0.0
Decision_1,X0,100.727,0.0
Decision_1,X0,100.867,0.0
Decision_1,X0,101.007,0.0
Decision_1,X0,101.147,0.0
Decision_1,X0,101.287,0.0
Decision_1,X0,101.427,0.0
Decision_1,X0,101.567,0.0
Decision_1,X0,101.707,0.0
Decision_1,X0,101.847,0.0
Decision_1,X0,101.987,0.0
Decision_1,X0,102.127,0.0549
Decision_1,X0,102.267,1.0
Decision_1,X1,0.067,1.0
Decision_1,X1,0.207,0.0549
Decision_1,X1,0.347,0.0
Decision_1,X1,0.487,0.0
Decision_1,X1,0.627,0.0
Decision_1,X1,0.767,0.0
Decision_1,X1,0.907,0.0
Decision_1,X1,1.047,0.0
Decision_1,X1,1.187,0.0
Decision_1,X1,1.327,0.0
Decision_1,X1,1.467,0.0
Decision_1,X1,1.607,0.0
Decision_1,X1,1.747,0.0
Decision_1,X1,1.887,0.0
Decision_1,X1,2.027,0.0
Decision_1,X1,2.167,0.0
Decision_1,X1,2.307,0.0
Decision_1,X1,2.447,0.0
Decision_1,X1,2.587,0.0
Decision_1,X1,2.727,0.0
Decision_1,X1,2.867,0.0
Decision_1,X1,3.007,0.0
Decision_1,X1,3.147,0.0
Decision_1,X1,3.287,0.0
Decision_1,X1,3.427,0.0
Decision_1,X1,3.567,0.0
Decision_1,X1,3.707,0.0
Decision_1,X1,3.847,0.0
Decision_1,X1,3.987,0.0
Decision_1,X1,4.127,0.0
Decision_1,X1,4.267,0.0
Decision_1,X1,4.407,0.0
Decision_1,X1,4.547,0.0
Decision_1,X1,4.687,0.0
Decision_1,X1,4.827,0.0
Decision_1,X1,4.967,0.0
Decision_1,X1,5.107,0.0
Decision_1,X1,5.247,0.0
Decision_1,X1,5.387,0.0
Decision_1,X1,5.527,0.0
Decision_1,X1,5.667,0.0
Decision_1,X1,5.807,0.0
Decision_1,X1,5.947,0.0
Decision_1,X1,6.087,0.0
Decision_1,X1,6.227,0.0
Decision_1,X1,6.367,0.0
Decision_1,X1,6.507,0.0
Decision_1,X1,6.647,0.0
Decision_1,X1,6.787,0.0
Decision_1,X1,6.927,0.0
Decision_1,X1,7.067,0.0
Decision_1,X1,7.207,0.0
Decision_1,X1,7.347,0.0
Decision_1,X1,7.487,0.0
Decision_1,X1,7.627,0.0
Decision_1,X1,7.767,0.0
Decision_1,X1,7.907,0.0
Decision_1,X1,8.047,0.0
Decision_1,X1,8.187,0.0
Decision_1,X1,8.327,0.0
Decision_1,X1,8.467,0.0
Decision_1,X1,8.607,0.0
Decision_1,X1,8.747,0.0
Decision_1,X1,8.887,0.0
Decision_1,X1,9.027,0.0
Decision_1,X1,9.167,0.0
Decision_1,X1,9.307,0.0
Decision_1,X1,9.447,0.0
Decision_1,X1,9.587,0.0
Decision_1,X1,9.727,0.0
Decision_1,X1,9.867,0.0
Decision_1,X1,10.007,0.0
Decision_1,X1,10.147,0.0
Decision_1,X1,10.287,0.0
Decision_1,X1,10.427,0.0
Decision_1,X1,10.567,0.0
Decision_1,X1,10.707,0.0
Decision_1,X1,10.847,0.0
Decision_1,X1,10.987,0.0
Decision_1,X1,11.127,0.0
Decision_1,X1,11.267,0.0
Decision_1,X1,11.407,0.0
Decision_1,X1,11.547,0.0
Decision_1,X1,11.687,0.0
Decision_1,X1,11.827,0.0
Decision_1,X1,11.967,0.0
Decision_1,X1,12.107,0.0
Decision_1,X1,12.247,0.0
Decision_1,X1,12.387,0.0
Decision_1,X1,12.527,0.0
Decision_1,X1,12.667,0.0
Decision_1,X1,12.807,0.0
Decision_1,X1,12.947,0.0
Decision_1,X1,13.087,0.0
Decision_1,X1,13.227,0.0
Decision_1,X1,13.367,0.0
Decision_1,X1,13.507,0.0
Decision_1,X1,13.647,0.0
Decision_1,X1,13.787,0.0
Decision_1,X1,13.927,0.0
Decision_1,X1,14.067,0.0
Decision_1,X1,14.207,0.0
Decision_1,X1,14.347,0.0
Decision_1,X1,14.487,0.0
Decision_1,X1,14.627,0.0
Decision_1,X1,14.767,0.0
Decision_1,X1,14.907,0.0
Decision_1,X1,15.047,0.0
Decision_1,X1,15.187,0.0
Decision_1,X1,15.327,0.0
Decision_1,X1,15.467,0.0
Decision_1,X1,15.607,0.0
Decision_1,X1,15.747,0.0
Decision_1,X1,15.887,0.0
Decision_1,X1,16.027,0.0
Decision_1,X1,16.167,0.0
Decision_1,X1,16.307,0.0
Decision_1,X1,16.447,0.0
Decision_1,X1,16.587,0.0
Decision_1,X1,16.727,0.0
Decision_1,X1,16.867,0.0
Decision_1,X1,17.007,0.0
Decision_1,X1,17.147,0.0
Decision_1,X1,17.287,0.0
Decision_1,X1,17.427,0.0
Decision_1,X1,17.567,0.0
Decision_1,X1,17.707,0.0
Decision_1,X1,17.847,0.0
Decision_1,X1,17.987,0.0
Decision_1,X1,18.127,0.0
Decision_1,X1,18.267,0.0
Decision_1,X1,18.407,0.0
Decision_1,X1,18.547,0.0
Decision_1,X1,18.687,0.0
Decision_1,X1,18.827,0.0
Decision_1,X1,18.967,0.0
Decision_1,X1,19.107,0.0
Decision_1,X1,19.247,0.0
Decision_1,X1,19.387,0.0
Decision_1,X1,19.527,0.0
Decision_1,X1,19.667,0.0
Decision_1,X1,19.807,0.0
Decision_1,X1,19.947,0.0
Decision_1,X1,20.087,0.0
Decision_1,X1,20.227,0.0
Decision_1,X1,20.367,0.0
Decision_1,X1,20.507,0.0
Decision_1,X1,20.647,0.0
Decision_1,X1,20.787,0.0
Decision_1,X1,20.927,0.0
Decision_1,X1,21.067,0.0
Decision_1,X1,21.207,0.0
Decision_1,X1,21.347,0.0
Decision_1,X1,21.487,0.0
Decision_1,X1,21.627,0.0
Decision_1,X1,21.767,0.0
Decision_1,X1,21.907,0.0
Decision_1,X1,22.047,0.0
Decision_1,X1,22.187,0.0
Decision_1,X1,22.327,0.0
Decision_1,X1,22.467,0.0
Decision_1,X1,22.607,0.0
Decision_1,X1,22.747,0.0
Decision_1,X1,22.887,0.0
Decision_1,X1,23.027,0.0
Decision_1,X1,23.167,0.0
Decision_1,X1,23.307,0.0
Decision_1,X1,23.447,0.0
Decision_1,X1,23.587,0.0
Decision_1,X1,23.727,0.0
Decision_1,X1,23.867,0.0
Decision_1,X1,24.007,0.0
Decision_1,X1,24.147,0.0
Decision_1,X1,24.287,0.0
Decision_1,X1,24.427,0.0
Decision_1,X1,24.567,0.0
Decision_1,X1,24.707,0.0
Decision_1,X1,24.847,0.0
Decision_1,X1,24.987,0.0
Decision_1,X1,25.127,0.0
Decision_1,X1,25.267,0.0
Decision_1,X1,25.407,0.0
Decision_1,X1,25.547,0.0
Decision_1,X1,25.687,0.0
Decision_1,X1,25.827,0.0
Decision_1,X1,25.967,0.0
Decision_1,X1,26.107,0.0
Decision_1,X1,26.247,0.0
Decision_1,X1,26.387,0.0
Decision_1,X1,26.527,0.0
Decision_1,X1,26.667,0.0
Decision_1,X1,26.807,0.0
Decision_1,X1,26.947,0.0
Decision_1,X1,27.087,0.0
Decision_1,X1,27.227,0.0
Decision_1,X1,27.367,0.0
Decision_1,X1,27.507,0.0
Decision_1,X1,27.647,0.0
Decision_1,X1,27.787,0.0
Decision_1,X1,27.927,0.0
Decision_1,X1,28.067,0.0
Decision_1,X1,28.207,0.0
Decision_1,X1,28.347,0.0
Decision_1,X1,28.487,0.0
Decision_1,X1,28.627,0.0
Decision_1,X1,28.767,0.0
Decision_1,X1,28.907,0.0
Decision_1,X1,29.047,0.0
Decision_1,X1,29.187,0.0
Decision_1,X1,29.327,0.0
Decision_1,X1,29.467,0.0
Decision_1,X1,29.607,0.0
Decision_1,X1,29.747,0.0
Decision_1,X1,29.887,0.0
Decision_1,X1,30.027,0.0
Decision_1,X1,30.167,0.0
Decision_1,X1,30.307,0.0
Decision_1,X1,30.447,0.0
Decision_1,X1,30.587,0.0
Decision_1,X1,30.727,0.0
Decision_1,X1,30.867,0.0
Decision_1,X1,31.007,0.0
Decision_1,X1,31.147,0.0
Decision_1,X1,31.287,0.0
Decision_1,X1,31.427,0.0
Decision_1,X1,31.567,0.0
Decision_1,X1,31.707,0.0
Decision_1,X1,31.847,0.0
Decision_1,X1,31.987,0.0
Decision_1,X1,32.127,0.0
Decision_1,X1,32.267,0.0
Decision_1,X1,32.407,0.0
Decision_1,X1,32.547,0.0
Decision_1,X1,32.687,0.0
Decision_1,X1,32.827,0.0
Decision_1,X1,32.967,0.0
Decision_1,X1,33.107,0.0
Decision_1,X1,33.247,0.0
Decision_1,X1,33.387,0.0
Decision_1,X1,33.527,0.0
Decision_1,X1,33.667,0.0
Decision_1,X1,33.807,0.0
Decision_1,X1,33.947,0.0
Decision_1,X1,34.087,0.0
Decision_1,X1,34.227,0.0
Decision_1,X1,34.367,0.0
Decision_1,X1,34.507,0.0
Decision_1,X1,34.647,0.0
Decision_1,X1,34.787,0.0
Decision_1,X1,34.927,0.0
Decision_1,X1,35.067,0.0
Decision_1,X1,35.207,0.0
Decision_1,X1,35.347,0.0
Decision_1,X1,35.487,0.0
Decision_1,X1,35.627,0.0
Decision_1,X1,35.767,0.0
Decision_1,X1,35.907,0.0
Decision_1,X1,36.047,0.0
Decision_1,X1,36.187,0.0
Decision_1,X1,36.327,0.0
Decision_1,X1,36.467,0.0
Decision_1,X1,36.607,0.0
Decision_1,X1,36.747,0.0
Decision_1,X1,36.887,0.0
Decision_1,X1,37.027,0.0
Decision_1,X1,37.167,0.0
Decision_1,X1,37.307,0.0
Decision_1,X1,37.447,0.0
Decision_1,X1,37.587,0.0
Decision_1,X1,37.727,0.0
Decision_1,X1,37.867,0.0
Decision_1,X1,38.007,0.0
Decision_1,X1,38.147,0.0
Decision_1,X1,38.287,0.0
Decision_1,X1,38.427,0.0
Decision_1,X1,38.567,0.0
Decision_1,X1,38.707,0.0
Decision_1,X1,38.847,0.0
Decision_1,X1,38.987,0.0
Decision_1,X1,39.127,0.0
Decision_1,X1,39.267,0.0
Decision_1,X1,39.407,0.0
Decision_1,X1,39.547,0.0
Decision_1,X1,39.687,0.0
Decision_1,X1,39.827,0.0
Decision_1,X1,39.967,0.0
Decision_1,X1,40.107,0.0
Decision_1,X1,40.247,0.0
Decision_1,X1,40.387,0.0
Decision_1,X1,40.527,0.0
Decision_1,X1,40.667,0.0
Decision_1,X1,40.807,0.0
Decision_1,X1,40.947,0.0
Decision_1,X1,41.087,0.0
Decision_1,X1,41.227,0.0
Decision_1,X1,41.367,0.0
Decision_1,X1,41.507,0.0
Decision_1,X1,41.647,0.0
Decision_1,X1,41.787,0.0
Decision_1,X1,41.927,0.0
Decision_1,X1,42.067,0.0
Decision_1,X1,42.207,0.0
Decision_1,X1,42.347,0.0
Decision_1,X1,42.487,0.0
Decision_1,X1,42.627,0.0
Decision_1,X1,42.767,0.0
Decision_1,X1,42.907,0.0
Decision_1,X1,43.047,0.0
Decision_1,X1,43.187,0.0
Decision_1,X1,43.327,0.0
Decision_1,X1,43.467,0.0
Decision_1,X1,43.607,0.0
Decision_1,X1,43.747,0.0
Decision_1,X1,43.887,0.0
Decision_1,X1,44.027,0.0
Decision_1,X1,44.167,0.0
Decision_1,X1,44.307,0.0
Decision_1,X1,44.447,0.0
Decision_1,X1,44.587,0.0
Decision_1,X1,44.727,0.0
Decision_1,X1,44.867,0.0
Decision_1,X1,45.007,0.0
Decision_1,X1,45.147,0.0
Decision_1,X1,45.287,0.9569
Decision_1,X1,45.427,0.0
Decision_1,X1,45.567,0.0
Decision_1,X1,45.707,0.0
Decision_1,X1,45.847,0.0
Decision_1,X1,45.987,0.0
Decision_1,X1,46.127,0.0
Decision_1,X1,46.267,0.0
Decision_1,X1,46.407,0.0
Decision_1,X1,46.547,0.0
Decision_1,X1,46.687,0.0
Decision_1,X1,46.827,0.0
Decision_1,X1,46.967,0.0
Decision_1,X1,47.107,0.0
Decision_1,X1,47.247,0.0
Decision_1,X1,47.387,0.0
Decision_1,X1,47.527,0.0
Decision_1,X1,47.667,0.0
Decision_1,X1,47.807,0.0
Decision_1,X1,47.947,0.0
Decision_1,X1,48.087,0.0
Decision_1,X1,48.227,0.0
Decision_1,X1,48.367,0.0
Decision_1,X1,48.507,0.0
Decision_1,X1,48.647,0.0
Decision_1,X1,48.787,0.0
Decision_1,X1,48.927,0.0471
Decision_1,X1,49.067,1.0
Decision_1,X1,49.207,0.0471
Decision_1,X1,49.347,1.0
Decision_1,X1,49.487,1.0
Decision_1,X1,49.627,1.0
Decision_1,X1,49.767,1.0
Decision_1,X1,49.907,1.0
Decision_1,X1,50.047,1.0
Decision_1,X1,50.187,1.0
Decision_1,X1,50.327,1.0
Decision_1,X1,50.467,1.0
Decision_1,X1,50.607,1.0
Decision_1,X1,50.747,1.0
Decision_1,X1,50.887,1.0
Decision_1,X1,51.027,1.0
Decision_1,X1,51.167,1.0
Decision_1,X1,51.307,1.0
Decision_1,X1,51.447,1.0
Decision_1,X1,51.587,1.0
Decision_1,X1,51.727,1.0
Decision_1,X1,51.867,1.0
Decision_1,X1,52.007,1.0
Decision_1,X1,52.147,1.0
Decision_1,X1,52.287,1.0
Decision_1,X1,52.427,1.0
Decision_1,X1,52.567,1.0
Decision_1,X1,52.707,1.0
Decision_1,X1,52.847,1.0
Decision_1,X1,52.987,1.0
Decision_1,X1,53.127,1.0
Decision_1,X1,53.267,1.0
Decision_1,X1,53.407,1.0
Decision_1,X1,53.547,1.0
Decision_1,X1,53.687,1.0
Decision_1,X1,53.827,1.0
Decision_1,X1,53.967,1.0
Decision_1,X1,54.107,1.0
Decision_1,X1,54.247,1.0
Decision_1,X1,54.387,1.0
Decision_1,X1,54.527,1.0
Decision_1,X1,54.667,1.0
Decision_1,X1,54.807,1.0
Decision_1,X1,54.947,1.0
Decision_1,X1,55.087,1.0
Decision_1,X1,55.227,1.0
Decision_1,X1,55.367,1.0
Decision_1,X1,55.507,1.0
Decision_1,X1,55.647,1.0
Decision_1,X1,55.787,1.0
Decision_1,X1,55.927,1.0
Decision_1,X1,56.067,1.0
Decision_1,X1,56.207,1.0
Decision_1,X1,56.347,1.0
Decision_1,X1,56.487,1.0
Decision_1,X1,56.627,1.0
Decision_1,X1,56.767,1.0
Decision_1,X1,56.907,1.0
Decision_1,X1,57.047,1.0
Decision_1,X1,57.187,1.0
Decision_1,X1,57.327,1.0
Decision_1,X1,57.467,1.0
Decision_1,X1,57.607,1.0
Decision_1,X1,57.747,1.0
Decision_1,X1,57.887,1.0
Decision_1,X1,58.027,1.0
Decision_1,X1,58.167,1.0
Decision_1,X1,58.307,1.0
Decision_1,X1,58.447,1.0
Decision_1,X1,58.587,1.0
Decision_1,X1,58.727,1.0
Decision_1,X1,58.867,1.0
Decision_1,X1,59.007,1.0
Decision_1,X1,59.147,1.0
Decision_1,X1,59.287,1.0
Decision_1,X1,59.427,1.0
Decision_1,X1,59.567,1.0
Decision_1,X1,59.707,1.0
Decision_1,X1,59.847,1.0
Decision_1,X1,59.987,1.0
Decision_1,X1,60.127,1.0
Decision_1,X1,60.267,1.0
Decision_1,X1,60.407,1.0
Decision_1,X1,60.547,1.0
Decision_1,X1,60.687,1.0
Decision_1,X1,60.827,1.0
Decision_1,X1,60.967,1.0
Decision_1,X1,61.107,1.0
Decision_1,X1,61.247,1.0
Decision_1,X1,61.387,1.0
Decision_1,X1,61.527,1.0
Decision_1,X1,61.667,1.0
Decision_1,X1,61.807,1.0
Decision_1,X1,61.947,1.0
Decision_1,X1,62.087,1.0
Decision_1,X1,62.227,1.0
Decision_1,X1,62.367,1.0
Decision_1,X1,62.507,1.0
Decision_1,X1,62.647,1.0
Decision_1,X1,62.787,1.0
Decision_1,X1,62.927,1.0
Decision_1,X1,63.067,1.0
Decision_1,X1,63.207,1.0
Decision_1,X1,63.347,1.0
Decision_1,X1,63.487,1.0
Decision_1,X1,63.627,1.0
Decision_1,X1,63.767,1.0
Decision_1,X1,63.907,1.0
Decision_1,X1,64.047,1.0
Decision_1,X1,64.187,1.0
Decision_1,X1,64.327,1.0
Decision_1,X1,64.467,1.0
Decision_1,X1,64.607,1.0
Decision_1,X1,64.747,1.0
Decision_1,X1,64.887,1.0
Decision_1,X1,65.027,1.0
Decision_1,X1,65.167,1.0
Decision_1,X1,65.307,1.0
Decision_1,X1,65.447,1.0
Decision_1,X1,65.587,1.0
Decision_1,X1,65.727,1.0
Decision_1,X1,65.867,1.0
Decision_1,X1,66.007,1.0
Decision_1,X1,66.147,1.0
Decision_1,X1,66.287,1.0
Decision_1,X1,66.427,1.0
Decision_1,X1,66.567,1.0
Decision_1,X1,66.707,1.0
Decision_1,X1,66.847,1.0
Decision_1,X1,66.987,1.0
Decision_1,X1,67.127,1.0
Decision_1,X1,67.267,1.0
Decision_1,X1,67.407,1.0
Decision_1,X1,67.547,1.0
Decision_1,X1,67.687,1.0
Decision_1,X1,67.827,1.0
Decision_1,X1,67.967,1.0
Decision_1,X1,68.107,1.0
Decision_1,X1,68.247,1.0
Decision_1,X1,68.387,1.0
Decision_1,X1,68.527,1.0
Decision_1,X1,68.667,1.0
Decision_1,X1,68.807,1.0
Decision_1,X1,68.947,1.0
Decision_1,X1,69.087,1.0
Decision_1,X1,69.227,1.0
Decision_1,X1,69.367,1.0
Decision_1,X1,69.507,1.0
Decision_1,X1,69.647,1.0
Decision_1,X1,69.787,1.0
Decision_1,X1,69.927,1.0
Decision_1,X1,70.067,1.0
Decision_1,X1,70.207,1.0
Decision_1,X1,70.347,1.0
Decision_1,X1,70.487,1.0
Decision_1,X1,70.627,1.0
Decision_1,X1,70.767,1.0
Decision_1,X1,70.907,1.0
Decision_1,X1,71.047,1.0
Decision_1,X1,71.187,1.0
Decision_1,X1,71.327,1.0
Decision_1,X1,71.467,1.0
Decision_1,X1,71.607,1.0
Decision_1,X1,71.747,1.0
Decision_1,X1,71.887,1.0
Decision_1,X1,72.027,1.0
Decision_1,X1,72.167,1.0
Decision_1,X1,72.307,1.0
Decision_1,X1,72.447,1.0
Decision_1,X1,72.587,1.0
Decision_1,X1,72.727,1.0
Decision_1,X1,72.867,1.0
Decision_1,X1,73.007,1.0
Decision_1,X1,73.147,1.0
Decision_1,X1,73.287,1.0
Decision_1,X1,73.427,1.0
Decision_1,X1,73.567,1.0
Decision_1,X1,73.707,1.0
Decision_1,X1,73.847,1.0
Decision_1,X1,73.987,1.0
Decision_1,X1,74.127,1.0
Decision_1,X1,74.267,1.0
Decision_1,X1,74.407,1.0
Decision_1,X1,74.547,1.0
Decision_1,X1,74.687,1.0
Decision_1,X1,74.827,1.0
Decision_1,X1,74.967,1.0
Decision_1,X1,75.107,1.0
Decision_1,X1,75.247,1.0
Decision_1,X1,75.387,1.0
Decision_1,X1,75.527,1.0
Decision_1,X1,75.667,1.0
Decision_1,X1,75.807,1.0
Decision_1,X1,75.947,1.0
Decision_1,X1,76.087,1.0
Decision_1,X1,76.227,1.0
Decision_1,X1,76.367,1.0
Decision_1,X1,76.507,1.0
Decision_1,X1,76.647,1.0
Decision_1,X1,76.787,1.0
Decision_1,X1,76.927,1.0
Decision_1,X1,77.067,1.0
Decision_1,X1,77.207,1.0
Decision_1,X1,77.347,1.0
Decision_1,X1,77.487,1.0
Decision_1,X1,77.627,1.0
Decision_1,X1,77.767,1.0
Decision_1,X1,77.907,1.0
Decision_1,X1,78.047,1.0
Decision_1,X1,78.187,1.0
Decision_1,X1,78.327,1.0
Decision_1,X1,78.467,1.0
Decision_1,X1,78.607,1.0
Decision_1,X1,78.747,1.0
Decision_1,X1,78.887,1.0
Decision_1,X1,79.027,1.0
Decision_1,X1,79.167,1.0
Decision_1,X1,79.307,1.0
Decision_1,X1,79.447,1.0
Decision_1,X1,79.587,1.0
Decision_1,X1,79.727,1.0
Decision_1,X1,79.867,1.0
Decision_1,X1,80.007,1.0
Decision_1,X1,80.147,1.0
Decision_1,X1,80.287,1.0
Decision_1,X1,80.427,1.0
Decision_1,X1,80.567,1.0
Decision_1,X1,80.707,1.0
Decision_1,X1,80.847,1.0
Decision_1,X1,80.987,1.0
Decision_1,X1,81.127,1.0
Decision_1,X1,81.267,1.0
Decision_1,X1,81.407,1.0
Decision_1,X1,81.547,1.0
Decision_1,X1,81.687,1.0
Decision_1,X1,81.827,1.0
Decision_1,X1,81.967,1.0
Decision_1,X1,82.107,1.0
Decision_1,X1,82.247,1.0
Decision_1,X1,82.387,1.0
Decision_1,X1,82.527,1.0
Decision_1,X1,82.667,1.0
Decision_1,X1,82.807,1.0
Decision_1,X1,82.947,1.0
Decision_1,X1,83.087,1.0
Decision_1,X1,83.227,1.0
Decision_1,X1,83.367,1.0
Decision_1,X1,83.507,1.0
Decision_1,X1,83.647,1.0
Decision_1,X1,83.787,1.0
Decision_1,X1,83.927,1.0
Decision_1,X1,84.067,1.0
Decision_1,X1,84.207,1.0
Decision_1,X1,84.347,1.0
Decision_1,X1,84.487,1.0
Decision_1,X1,84.627,1.0
Decision_1,X1,84.767,1.0
Decision_1,X1,84.907,1.0
Decision_1,X1,85.047,1.0
Decision_1,X1,85.187,1.0
Decision_1,X1,85.327,1.0
Decision_1,X1,85.467,1.0
Decision_1,X1,85.607,1.0
Decision_1,X1,85.747,1.0
Decision_1,X1,85.887,1.0
Decision_1,X1,86.027,1.0
Decision_1,X1,86.167,1.0
Decision_1,X1,86.307,1.0
Decision_1,X1,86.447,1.0
Decision_1,X1,86.587,1.0
Decision_1,X1,86.727,1.0
Decision_1,X1,86.867,1.0
Decision_1,X1,87.007,1.0
Decision_1,X1,87.147,1.0
Decision_1,X1,87.287,1.0
Decision_1,X1,87.427,1.0
Decision_1,X1,87.567,1.0
Decision_1,X1,87.707,1.0
Decision_1,X1,87.847,1.0
Decision_1,X1,87.987,1.0
Decision_1,X1,88.127,1.0
Decision_1,X1,88.267,1.0
Decision_1,X1,88.407,1.0
Decision_1,X1,88.547,1.0
Decision_1,X1,88.687,1.0
Decision_1,X1,88.827,1.0
Decision_1,X1,88.967,1.0
Decision_1,X1,89.107,1.0
Decision_1,X1,89.247,1.0
Decision_1,X1,89.387,1.0
Decision_1,X1,89.527,1.0
Decision_1,X1,89.667,1.0
Decision_1,X1,89.807,1.0
Decision_1,X1,89.947,1.0
Decision_1,X1,90.087,1.0
Decision_1,X1,90.227,1.0
Decision_1,X1,90.367,1.0
Decision_1,X1,90.507,1.0
Decision_1,X1,90.647,1.0
Decision_1,X1,90.787,1.0
Decision_1,X1,90.927,1.0
Decision_1,X1,91.067,1.0
Decision_1,X1,91.207,1.0
Decision_1,X1,91.347,1.0
Decision_1,X1,91.487,1.0
Decision_1,X1,91.627,1.0
Decision_1,X1,91.767,1.0
Decision_1,X1,91.907,1.0
Decision_1,X1,92.047,1.0
Decision_1,X1,92.187,1.0
Decision_1,X1,92.327,1.0
Decision_1,X1,92.467,1.0
Decision_1,X1,92.607,1.0
Decision_1,X1,92.747,1.0
Decision_1,X1,92.887,1.0
Decision_1,X1,93.027,1.0
Decision_1,X1,93.167,1.0
Decision_1,X1,93.307,1.0
Decision_1,X1,93.447,1.0
Decision_1,X1,93.587,1.0
Decision_1,X1,93.727,1.0
Decision_1,X1,93.867,1.0
Decision_1,X1,94.007,1.0
Decision_1,X1,94.147,1.0
Decision_1,X1,94.287,1.0
Decision_1,X1,94.427,1.0
Decision_1,X1,94.567,1.0
Decision_1,X1,94.707,1.0
Decision_1,X1,94.847,1.0
Decision_1,X1,94.987,1.0
Decision_1,X1,95.127,1.0
Decision_1,X1,95.267,1.0
Decision_1,X1,95.407,1.0
Decision_1,X1,95.547,1.0
Decision_1,X1,95.687,1.0
Decision_1,X1,95.827,1.0
Decision_1,X1,95.967,1.0
Decision_1,X1,96.107,1.0
Decision_1,X1,96.247,1.0
Decision_1,X1,96.387,1.0
Decision_1,X1,96.527,1.0
Decision_1,X1,96.667,1.0
Decision_1,X1,96.807,1.0
Decision_1,X1,96.947,1.0
Decision_1,X1,97.087,1.0
Decision_1,X1,97.227,1.0
Decision_1,X1,97.367,1.0
Decision_1,X1,97.507,1.0
Decision_1,X1,97.647,1.0
Decision_1,X1,97.787,1.0
Decision_1,X1,97.927,1.0
Decision_1,X1,98.067,1.0
Decision_1,X1,98.207,1.0
Decision_1,X1,98.347,1.0
Decision_1,X1,98.487,1.0
Decision_1,X1,98.627,1.0
Decision_1,X1,98.767,1.0
Decision_1,X1,98.907,1.0
Decision_1,X1,99.047,1.0
Decision_1,X1,99.187,1.0
Decision_1,X1,99.327,1.0
Decision_1,X1,99.467,1.0
Decision_1,X1,99.607,1.0
Decision_1,X1,99.747,1.0
Decision_1,X1,99.887,1.0
Decision_1,X1,100.027,1.0
Decision_1,X1,100.167,1.0
Decision_1,X1,100.307,1.0
Decision_1,X1,100.447,1.0
Decision_1,X1,100.587,1.0
Decision_1,X1,100.727,1.0
Decision_1,X1,100.867,1.0
Decision_1,X1,101.007,1.0
Decision_1,X1,101.147,1.0
Decision_1,X1,101.287,1.0
Decision_1,X1,101.427,1.0
Decision_1,X1,101.567,1.0
Decision_1,X1,101.707,1.0
Decision_1,X1,101.847,1.0
Decision_1,X1,101.987,1.0
Decision_1,X1,102.127,1.0
Decision_1,X1,102.267,1.0
Decision_1,X2,0.067,1.0
Decision_1,X2,0.207,0.0549
Decision_1,X2,0.347,0.0
Decision_1,X2,0.487,0.0
Decision_1,X2,0.627,0.0
Decision_1,X2,0.767,0.0
Decision_1,X2,0.907,0.0
Decision_1,X2,1.047,0.0
Decision_1,X2,1.187,0.0
Decision_1,X2,1.327,0.0
Decision_1,X2,1.467,0.0
Decision_1,X2,1.607,0.0
Decision_1,X2,1.747,0.0
Decision_1,X2,1.887,0.0
Decision_1,X2,2.027,0.0
Decision_1,X2,2.167,0.0
Decision_1,X2,2.307,0.0
Decision_1,X2,2.447,0.0
Decision_1,X2,2.587,0.0
Decision_1,X2,2.727,0.0
Decision_1,X2,2.867,0.0
Decision_1,X2,3.007,0.0
Decision_1,X2,3.147,0.0
Decision_1,X2,3.287,0.0
Decision_1,X2,3.427,0.0
Decision_1,X2,3.567,0.0
Decision_1,X2,3.707,0.0
Decision_1,X2,3.847,0.0
Decision_1,X2,3.987,0.0
Decision_1,X2,4.127,0.0
Decision_1,X2,4.267,0.0
Decision_1,X2,4.407,0.0
Decision_1,X2,4.547,0.0
Decision_1,X2,4.687,0.0
Decision_1,X2,4.827,0.0
Decision_1,X2,4.967,0.0
Decision_1,X2,5.107,0.0
Decision_1,X2,5.247,0.0
Decision_1,X2,5.387,0.0
Decision_1,X2,5.527,0.0
Decision_1,X2,5.667,0.0
Decision_1,X2,5.807,0.0
Decision_1,X2,5.947,0.0
Decision_1,X2,6.087,0.0
Decision_1,X2,6.227,0.0
Decision_1,X2,6.367,0.0
Decision_1,X2,6.507,0.0
Decision_1,X2,6.647,0.0
Decision_1,X2,6.787,0.0
Decision_1,X2,6.927,0.0
Decision_1,X2,7.067,0.0
Decision_1,X2,7.207,0.0
Decision_1,X2,7.347,0.0
Decision_1,X2,7.487,0.0
Decision_1,X2,7.627,0.0
Decision_1,X2,7.767,0.0
Decision_1,X2,7.907,0.0
Decision_1,X2,8.047,0.0
Decision_1,X2,8.187,0.0
Decision_1,X2,8.327,0.0
Decision_1,X2,8.467,0.0
Decision_1,X2,8.607,0.0
Decision_1,X2,8.747,0.0
Decision_1,X2,8.887,0.0
Decision_1,X2,9.027,0.0
Decision_1,X2,9.167,0.0
Decision_1,X2,9.307,0.0
Decision_1,X2,9.447,0.0
Decision_1,X2,9.587,0.0
Decision_1,X2,9.727,0.0
Decision_1,X2,9.867,0.0
Decision_1,X2,10.007,0.0
Decision_1,X2,10.147,0.0
Decision_1,X2,10.287,0.0
Decision_1,X2,10.427,0.0
Decision_1,X2,10.567,0.0
Decision_1,X2,10.707,0.0
Decision_1,X2,10.847,0.0
Decision_1,X2,10.987,0.0
Decision_1,X2,11.127,0.0
Decision_1,X2,11.267,0.0
Decision_1,X2,11.407,0.0
Decision_1,X2,11.547,0.0
Decision_1,X2,11.687,0.0
Decision_1,X2,11.827,0.0
Decision_1,X2,11.967,0.0
Decision_1,X2,12.107,0.0
Decision_1,X2,12.247,0.0
Decision_1,X2,12.387,0.0
Decision_1,X2,12.527,0.0
Decision_1,X2,12.667,0.0
Decision_1,X2,12.807,0.0
Decision_1,X2,12.947,0.0
Decision_1,X2,13.087,0.0
Decision_1,X2,13.227,0.0
Decision_1,X2,13.367,0.0
Decision_1,X2,13.507,0.0
Decision_1,X2,13.647,0.0
Decision_1,X2,13.787,0.0
Decision_1,X2,13.927,0.0
Decision_1,X2,14.067,0.0
Decision_1,X2,14.207,0.0
Decision_1,X2,14.347,0.0
Decision_1,X2,14.487,0.0
Decision_1,X2,14.627,0.0
Decision_1,X2,14.767,0.0
Decision_1,X2,14.907,0.0
Decision_1,X2,15.047,0.0
Decision_1,X2,15.187,0.0
Decision_1,X2,15.327,0.0
Decision_1,X2,15.467,0.0
Decision_1,X2,15.607,0.0
Decision_1,X2,15.747,0.0
Decision_1,X2,15.887,0.0
Decision_1,X2,16.027,0.0
Decision_1,X2,16.167,0.0
Decision_1,X2,16.307,0.0
Decision_1,X2,16.447,0.0
Decision_1,X2,16.587,0.0
Decision_1,X2,16.727,0.0
Decision_1,X2,16.867,0.0
Decision_1,X2,17.007,0.0
Decision_1,X2,17.147,0.0
Decision_1,X2,17.287,0.0
Decision_1,X2,17.427,0.0
Decision_1,X2,17.567,0.0
Decision_1,X2,17.707,0.0
Decision_1,X2,17.847,0.0
Decision_1,X2,17.987,0.0
Decision_1,X2,18.127,0.0
Decision_1,X2,18.267,0.0
Decision_1,X2,18.407,0.0
Decision_1,X2,18.547,0.0
Decision_1,X2,18.687,0.0
Decision_1,X2,18.827,0.0
Decision_1,X2,18.967,0.0
Decision_1,X2,19.107,0.0
Decision_1,X2,19.247,0.0
Decision_1,X2,19.387,0.0
Decision_1,X2,19.527,0.0
Decision_1,X2,19.667,0.0
Decision_1,X2,19.807,0.0
Decision_1,X2,19.947,0.0
Decision_1,X2,20.087,0.0
Decision_1,X2,20.227,0.0
Decision_1,X2,20.367,0.0
Decision_1,X2,20.507,0.0
Decision_1,X2,20.647,0.0
Decision_1,X2,20.787,0.0
Decision_1,X2,20.927,0.0
Decision_1,X2,21.067,0.0
Decision_1,X2,21.207,0.0
Decision_1,X2,21.347,0.0
Decision_1,X2,21.487,0.0
Decision_1,X2,21.627,0.0
Decision_1,X2,21.767,0.0
Decision_1,X2,21.907,0.0
Decision_1,X2,22.047,0.0
Decision_1,X2,22.187,0.0
Decision_1,X2,22.327,0.0
Decision_1,X2,22.467,0.0
Decision_1,X2,22.607,0.0
Decision_1,X2,22.747,0.0
Decision_1,X2,22.887,0.0
Decision_1,X2,23.027,0.0
Decision_1,X2,23.167,0.0
Decision_1,X2,23.307,0.0
Decision_1,X2,23.447,0.0
Decision_1,X2,23.587,0.0
Decision_1,X2,23.727,0.0
Decision_1,X2,23.867,0.0
Decision_1,X2,24.007,0.0
Decision_1,X2,24.147,0.0
Decision_1,X2,24.287,0.0
Decision_1,X2,24.427,0.0
Decision_1,X2,24.567,0.0
Decision_1,X2,24.707,0.0
Decision_1,X2,24.847,0.0
Decision_1,X2,24.987,0.0
Decision_1,X2,25.127,0.0
Decision_1,X2,25.267,0.0
Decision_1,X2,25.407,0.0
Decision_1,X2,25.547,0.0
Decision_1,X2,25.687,0.0
Decision_1,X2,25.827,0.0
Decision_1,X2,25.967,0.0
Decision_1,X2,26.107,0.0
Decision_1,X2,26.247,0.0
Decision_1,X2,26.387,0.0
Decision_1,X2,26.527,0.0
Decision_1,X2,26.667,0.0
Decision_1,X2,26.807,0.0
Decision_1,X2,26.947,0.0
Decision_1,X2,27.087,0.0
Decision_1,X2,27.227,0.0
Decision_1,X2,27.367,0.0
Decision_1,X2,27.507,0.0
Decision_1,X2,27.647,0.0
Decision_1,X2,27.787,0.0
Decision_1,X2,27.927,0.0
Decision_1,X2,28.067,0.0
Decision_1,X2,28.207,0.0
Decision_1,X2,28.347,0.0
Decision_1,X2,28.487,0.0
Decision_1,X2,28.627,0.0
Decision_1,X2,28.767,0.0
Decision_1,X2,28.907,0.0
Decision_1,X2,29.047,0.0
Decision_1,X2,29.187,0.0
Decision_1,X2,29.327,0.0
Decision_1,X2,29.467,0.0
Decision_1,X2,29.607,0.0
Decision_1,X2,29.747,0.0
Decision_1,X2,29.887,0.0
Decision_1,X2,30.027,0.0
Decision_1,X2,30.167,0.0
Decision_1,X2,30.307,0.0
Decision_1,X2,30.447,0.0
Decision_1,X2,30.587,0.0
Decision_1,X2,30.727,0.0
Decision_1,X2,30.867,0.0
Decision_1,X2,31.007,0.0
Decision_1,X2,31.147,0.0
Decision_1,X2,31.287,0.0
Decision_1,X2,31.427,0.0
Decision_1,X2,31.567,0.0
Decision_1,X2,31.707,0.0
Decision_1,X2,31.847,0.0
Decision_1,X2,31.987,0.0
Decision_1,X2,32.127,0.0
Decision_1,X2,32.267,0.0
Decision_1,X2,32.407,0.0
Decision_1,X2,32.547,0.0
Decision_1,X2,32.687,0.0
Decision_1,X2,32.827,0.0
Decision_1,X2,32.967,0.0
Decision_1,X2,33.107,0.0
Decision_1,X2,33.247,0.0
Decision_1,X2,33.387,0.0
Decision_1,X2,33.527,0.0
Decision_1,X2,33.667,0.0
Decision_1,X2,33.807,0.0
Decision_1,X2,33.947,0.0
Decision_1,X2,34.087,0.0
Decision_1,X2,34.227,0.0
Decision_1,X2,34.367,0.0
Decision_1,X2,34.507,0.0
Decision_1,X2,34.647,0.0
Decision_1,X2,34.787,0.0
Decision_1,X2,34.927,0.0
Decision_1,X2,35.067,0.0
Decision_1,X2,35.207,0.0
Decision_1,X2,35.347,0.0
Decision_1,X2,35.487,0.0
Decision_1,X2,35.627,0.0
Decision_1,X2,35.767,0.0
Decision_1,X2,35.907,0.0
Decision_1,X2,36.047,0.0
Decision_1,X2,36.187,0.0
Decision_1,X2,36.327,0.0
Decision_1,X2,36.467,0.0
Decision_1,X2,36.607,0.0
Decision_1,X2,36.747,0.0
Decision_1,X2,36.887,0.0
Decision_1,X2,37.027,0.0
Decision_1,X2,37.167,0.0
Decision_1,X2,37.307,0.0
Decision_1,X2,37.447,0.0
Decision_1,X2,37.587,0.0
Decision_1,X2,37.727,0.0
Decision_1,X2,37.867,0.0
Decision_1,X2,38.007,0.0
Decision_1,X2,38.147,0.0
Decision_1,X2,38.287,0.0
Decision_1,X2,38.427,0.0
Decision_1,X2,38.567,0.0
Decision_1,X2,38.707,0.0
Decision_1,X2,38.847,0.0
Decision_1,X2,38.987,0.0
Decision_1,X2,39.127,0.0
Decision_1,X2,39.267,0.0
Decision_1,X2,39.407,0.0
Decision_1,X2,39.547,0.0
Decision_1,X2,39.687,0.0
Decision_1,X2,39.827,0.0
Decision_1,X2,39.967,0.0
Decision_1,X2,40.107,0.0
Decision_1,X2,40.247,0.0
Decision_1,X2,40.387,0.0
Decision_1,X2,40.527,0.0
Decision_1,X2,40.667,0.0
Decision_1,X2,40.807,0.0
Decision_1,X2,40.947,0.0
Decision_1,X2,41.087,0.0
Decision_1,X2,41.227,0.0
Decision_1,X2,41.367,0.0
Decision_1,X2,41.507,0.0
Decision_1,X2,41.647,0.0
Decision_1,X2,41.787,0.0
Decision_1,X2,41.927,0.0
Decision_1,X2,42.067,0.0
Decision_1,X2,42.207,0.0
Decision_1,X2,42.347,0.0
Decision_1,X2,42.487,0.0
Decision_1,X2,42.627,0.0
Decision_1,X2,42.767,0.0
Decision_1,X2,42.907,0.0
Decision_1,X2,43.047,0.0
Decision_1,X2,43.187,0.0
Decision_1,X2,43.327,0.0
Decision_1,X2,43.467,0.0
Decision_1,X2,43.607,0.0
Decision_1,X2,43.747,0.0
Decision_1,X2,43.887,0.0
Decision_1,X2,44.027,0.0
Decision_1,X2,44.167,0.0
Decision_1,X2,44.307,0.0
Decision_1,X2,44.447,0.0
Decision_1,X2,44.587,0.0
Decision_1,X2,44.727,0.0
Decision_1,X2,44.867,0.0
Decision_1,X2,45.007,0.0
Decision_1,X2,45.147,0.0
Decision_1,X2,45.287,0.0
Decision_1,X2,45.427,0.0
Decision_1,X2,45.567,0.0
Decision_1,X2,45.707,0.0
Decision_1,X2,45.847,0.0
Decision_1,X2,45.987,0.0
Decision_1,X2,46.127,0.0
Decision_1,X2,46.267,0.0
Decision_1,X2,46.407,0.0
Decision_1,X2,46.547,0.0
Decision_1,X2,46.687,0.0
Decision_1,X2,46.827,0.0
Decision_1,X2,46.967,0.0
Decision_1,X2,47.107,0.0
Decision_1,X2,47.247,0.0
Decision_1,X2,47.387,0.0
Decision_1,X2,47.527,0.0
Decision_1,X2,47.667,0.0
Decision_1,X2,47.807,0.0
Decision_1,X2,47.947,0.0
Decision_1,X2,48.087,0.0
Decision_1,X2,48.227,0.0
Decision_1,X2,48.367,0.0
Decision_1,X2,48.507,0.0
Decision_1,X2,48.647,0.0
Decision_1,X2,48.787,0.0
Decision_1,X2,48.927,0.0
Decision_1,X2,49.067,0.0
Decision_1,X2,49.207,0.0
Decision_1,X2,49.347,0.0
Decision_1,X2,49.487,0.0
Decision_1,X2,49.627,0.0
Decision_1,X2,49.767,0.0
Decision_1,X2,49.907,0.0
Decision_1,X2,50.047,0.0
Decision_1,X2,50.187,0.0
Decision_1,X2,50.327,0.0
Decision_1,X2,50.467,0.0
Decision_1,X2,50.607,0.0
Decision_1,X2,50.747,0.0
Decision_1,X2,50.887,0.0
Decision_1,X2,51.027,0.0
Decision_1,X2,51.167,0.0
Decision_1,X2,51.307,0.0
Decision_1,X2,51.447,0.0
Decision_1,X2,51.587,0.0
Decision_1,X2,51.727,0.0
Decision_1,X2,51.867,0.0
Decision_1,X2,52.007,0.0
Decision_1,X2,52.147,0.0
Decision_1,X2,52.287,0.0
Decision_1,X2,52.427,0.0
Decision_1,X2,52.567,0.0
Decision_1,X2,52.707,0.0
Decision_1,X2,52.847,0.0
Decision_1,X2,52.987,0.0
Decision_1,X2,53.127,0.0
Decision_1,X2,53.267,0.0
Decision_1,X2,53.407,0.0
Decision_1,X2,53.547,0.0
Decision_1,X2,53.687,0.0
Decision_1,X2,53.827,0.0
Decision_1,X2,53.967,0.0
Decision_1,X2,54.107,0.0
Decision_1,X2,54.247,0.0
Decision_1,X2,54.387,0.0
Decision_1,X2,54.527,0.0
Decision_1,X2,54.667,0.0
Decision_1,X2,54.807,0.0
Decision_1,X2,54.947,0.0
Decision_1,X2,55.087,0.0
Decision_1,X2,55.227,0.0
Decision_1,X2,55.367,0.0
Decision_1,X2,55.507,0.0
Decision_1,X2,55.647,0.0
Decision_1,X2,55.787,0.0
Decision_1,X2,55.927,0.0
Decision_1,X2,56.067,0.0
Decision_1,X2,56.207,0.0
Decision_1,X2,56.347,0.0
Decision_1,X2,56.487,0.0
Decision_1,X2,56.627,0.0
Decision_1,X2,56.767,0.0
Decision_1,X2,56.907,0.0
Decision_1,X2,57.047,0.0
Decision_1,X2,57.187,0.0
Decision_1,X2,57.327,0.0
Decision_1,X2,57.467,0.0
Decision_1,X2,57.607,0.0
Decision_1,X2,57.747,0.0
Decision_1,X2,57.887,0.0
Decision_1,X2,58.027,0.0
Decision_1,X2,58.167,0.0
Decision_1,X2,58.307,0.0
Decision_1,X2,58.447,0.0
Decision_1,X2,58.587,0.0
Decision_1,X2,58.727,0.0
Decision_1,X2,58.867,0.0
Decision_1,X2,59.007,0.0
Decision_1,X2,59.147,0.0
Decision_1,X2,59.287,0.0
Decision_1,X2,59.427,0.0
Decision_1,X2,59.567,0.0
Decision_1,X2,59.707,0.0
Decision_1,X2,59.847,0.0
Decision_1,X2,59.987,0.0
Decision_1,X2,60.127,0.0
Decision_1,X2,60.267,0.0
Decision_1,X2,60.407,0.0
Decision_1,X2,60.547,0.0
Decision_1,X2,60.687,0.0
Decision_1,X2,60.827,0.0
Decision_1,X2,60.967,0.0
Decision_1,X2,61.107,0.0
Decision_1,X2,61.247,0.0
Decision_1,X2,61.387,0.0
Decision_1,X2,61.527,0.0
Decision_1,X2,61.667,0.0
Decision_1,X2,61.807,0.0
Decision_1,X2,61.947,0.0
Decision_1,X2,62.087,0.0
Decision_1,X2,62.227,0.0
Decision_1,X2,62.367,0.0
Decision_1,X2,62.507,0.0
Decision_1,X2,62.647,0.0
Decision_1,X2,62.787,0.0
Decision_1,X2,62.927,0.0
Decision_1,X2,63.067,0.0
Decision_1,X2,63.207,0.0
Decision_1,X2,63.347,0.0
Decision_1,X2,63.487,0.0
Decision_1,X2,63.627,0.0
Decision_1,X2,63.767,0.0
Decision_1,X2,63.907,0.0
Decision_1,X2,64.047,0.0
Decision_1,X2,64.187,0.0
Decision_1,X2,64.327,0.0
Decision_1,X2,64.467,0.0
Decision_1,X2,64.607,0.0
Decision_1,X2,64.747,0.0
Decision_1,X2,64.887,0.0
Decision_1,X2,65.027,0.0
Decision_1,X2,65.167,0.0
Decision_1,X2,65.307,0.0
Decision_1,X2,65.447,0.0
Decision_1,X2,65.587,0.0
Decision_1,X2,65.727,0.0
Decision_1,X2,65.867,0.0
Decision_1,X2,66.007,0.0
Decision_1,X2,66.147,0.0
Decision_1,X2,66.287,0.0
Decision_1,X2,66.427,0.0
Decision_1,X2,66.567,0.0
Decision_1,X2,66.707,0.0
Decision_1,X2,66.847,0.0
Decision_1,X2,66.987,0.0
Decision_1,X2,67.127,0.0
Decision_1,X2,67.267,0.0
Decision_1,X2,67.407,0.0
Decision_1,X2,67.547,0.0
Decision_1,X2,67.687,0.0
Decision_1,X2,67.827,0.0
Decision_1,X2,67.967,0.0
Decision_1,X2,68.107,0.0
Decision_1,X2,68.247,0.0
Decision_1,X2,68.387,0.0
Decision_1,X2,68.527,0.0
Decision_1,X2,68.667,0.0
Decision_1,X2,68.807,0.0
Decision_1,X2,68.947,0.0
Decision_1,X2,69.087,0.0
Decision_1,X2,69.227,0.0
Decision_1,X2,69.367,0.0
Decision_1,X2,69.507,0.0
Decision_1,X2,69.647,0.0
Decision_1,X2,69.787,0.0
Decision_1,X2,69.927,0.0
Decision_1,X2,70.067,0.0
Decision_1,X2,70.207,0.0
Decision_1,X2,70.347,0.0
Decision_1,X2,70.487,0.0
Decision_1,X2,70.627,0.0
Decision_1,X2,70.767,0.0
Decision_1,X2,70.907,0.0
Decision_1,X2,71.047,0.0
Decision_1,X2,71.187,0.0
Decision_1,X2,71.327,0.0
Decision_1,X2,71.467,0.0
Decision_1,X2,71.607,0.0
Decision_1,X2,71.747,0.0
Decision_1,X2,71.887,0.0
Decision_1,X2,72.027,0.0
Decision_1,X2,72.167,0.0
Decision_1,X2,72.307,0.0
Decision_1,X2,72.447,0.0
Decision_1,X2,72.587,0.0
Decision_1,X2,72.727,0.0
Decision_1,X2,72.867,0.0
Decision_1,X2,73.007,0.0
Decision_1,X2,73.147,0.0
Decision_1,X2,73.287,0.0
Decision_1,X2,73.427,0.0
Decision_1,X2,73.567,0.0
Decision_1,X2,73.707,0.0
Decision_1,X2,73.847,0.0
Decision_1,X2,73.987,0.0
Decision_1,X2,74.127,0.0
Decision_1,X2,74.267,0.0
Decision_1,X2,74.407,0.0
Decision_1,X2,74.547,0.0
Decision_1,X2,74.687,0.0
Decision_1,X2,74.827,0.0
Decision_1,X2,74.967,0.0
Decision_1,X2,75.107,0.0
Decision_1,X2,75.247,0.0
Decision_1,X2,75.387,0.0
Decision_1,X2,75.527,0.0
Decision_1,X2,75.667,0.0
Decision_1,X2,75.807,0.0
Decision_1,X2,75.947,0.0
Decision_1,X2,76.087,0.0
Decision_1,X2,76.227,0.0
Decision_1,X2,76.367,0.0
Decision_1,X2,76.507,0.0
Decision_1,X2,76.647,0.0
Decision_1,X2,76.787,0.0
Decision_1,X2,76.927,0.0
Decision_1,X2,77.067,0.0
Decision_1,X2,77.207,0.0
Decision_1,X2,77.347,0.0
Decision_1,X2,77.487,0.0
Decision_1,X2,77.627,0.0
Decision_1,X2,77.767,0.0
Decision_1,X2,77.907,0.0
Decision_1,X2,78.047,0.0
Decision_1,X2,78.187,0.0
Decision_1,X2,78.327,0.0
Decision_1,X2,78.467,0.0
Decision_1,X2,78.607,0.0
Decision_1,X2,78.747,0.0
Decision_1,X2,78.887,0.0
Decision_1,X2,79.027,0.0
Decision_1,X2,79.167,0.0
Decision_1,X2,79.307,0.0
Decision_1,X2,79.447,0.0
Decision_1,X2,79.587,0.0
Decision_1,X2,79.727,0.0
Decision_1,X2,79.867,0.0
Decision_1,X2,80.007,0.0
Decision_1,X2,80.147,0.0
Decision_1,X2,80.287,0.0
Decision_1,X2,80.427,0.0
Decision_1,X2,80.567,0.0
Decision_1,X2,80.707,0.0
Decision_1,X2,80.847,0.0
Decision_1,X2,80.987,0.0
Decision_1,X2,81.127,0.0
Decision_1,X2,81.267,0.0
Decision_1,X2,81.407,0.0
Decision_1,X2,81.547,0.0
Decision_1,X2,81.687,0.0
Decision_1,X2,81.827,0.0
Decision_1,X2,81.967,0.0
Decision_1,X2,82.107,0.0
Decision_1,X2,82.247,0.0
Decision_1,X2,82.387,0.0
Decision_1,X2,82.527,0.0
Decision_1,X2,82.667,0.0
Decision_1,X2,82.807,0.0
Decision_1,X2,82.947,0.0
Decision_1,X2,83.087,0.0
Decision_1,X2,83.227,0.0
Decision_1,X2,83.367,0.0
Decision_1,X2,83.507,0.0
Decision_1,X2,83.647,0.0
Decision_1,X2,83.787,0.0
Decision_1,X2,83.927,0.0
Decision_1,X2,84.067,0.0
Decision_1,X2,84.207,0.0
Decision_1,X2,84.347,0.0
Decision_1,X2,84.487,0.0
Decision_1,X2,84.627,0.0
Decision_1,X2,84.767,0.0
Decision_1,X2,84.907,0.0
Decision_1,X2,85.047,0.0
Decision_1,X2,85.187,0.0
Decision_1,X2,85.327,0.0
Decision_1,X2,85.467,0.0
Decision_1,X2,85.607,0.0
Decision_1,X2,85.747,0.0
Decision_1,X2,85.887,0.0
Decision_1,X2,86.027,0.0
Decision_1,X2,86.167,0.0
Decision_1,X2,86.307,0.0
Decision_1,X2,86.447,0.0
Decision_1,X2,86.587,0.0
Decision_1,X2,86.727,0.0
Decision_1,X2,86.867,0.0
Decision_1,X2,87.007,0.0
Decision_1,X2,87.147,0.0
Decision_1,X2,87.287,0.0
Decision_1,X2,87.427,0.0
Decision_1,X2,87.567,0.0
Decision_1,X2,87.707,0.0
Decision_1,X2,87.847,0.0
Decision_1,X2,87.987,0.0
Decision_1,X2,88.127,0.0
Decision_1,X2,88.267,0.0
Decision_1,X2,88.407,0.0
Decision_1,X2,88.547,0.0
Decision_1,X2,88.687,0.0
Decision_1,X2,88.827,0.0
Decision_1,X2,88.967,0.0
Decision_1,X2,89.107,0.0
Decision_1,X2,89.247,0.0
Decision_1,X2,89.387,0.0
Decision_1,X2,89.527,0.0
Decision_1,X2,89.667,0.0
Decision_1,X2,89.807,0.0
Decision_1,X2,89.947,0.0
Decision_1,X2,90.087,0.0
Decision_1,X2,90.227,0.0
Decision_1,X2,90.367,0.0
Decision_1,X2,90.507,0.0
Decision_1,X2,90.647,0.0
Decision_1,X2,90.787,0.0
Decision_1,X2,90.927,0.0
Decision_1,X2,91.067,0.0
Decision_1,X2,91.207,0.0
Decision_1,X2,91.347,0.0
Decision_1,X2,91.487,0.0
Decision_1,X2,91.627,0.0
Decision_1,X2,91.767,0.0
Decision_1,X2,91.907,0.0
Decision_1,X2,92.047,0.0
Decision_1,X2,92.187,0.0
Decision_1,X2,92.327,0.0
Decision_1,X2,92.467,0.0
Decision_1,X2,92.607,0.0
Decision_1,X2,92.747,0.0
Decision_1,X2,92.887,0.0
Decision_1,X2,93.027,0.0
Decision_1,X2,93.167,0.0
Decision_1,X2,93.307,0.0
Decision_1,X2,93.447,0.0
Decision_1,X2,93.587,0.0
Decision_1,X2,93.727,0.0
Decision_1,X2,93.867,0.0
Decision_1,X2,94.007,0.0
Decision_1,X2,94.147,0.0
Decision_1,X2,94.287,0.0
Decision_1,X2,94.427,0.0
Decision_1,X2,94.567,0.0
Decision_1,X2,94.707,0.0
Decision_1,X2,94.847,0.0
Decision_1,X2,94.987,0.0
Decision_1,X2,95.127,0.0
Decision_1,X2,95.267,0.0
Decision_1,X2,95.407,0.0
Decision_1,X2,95.547,0.0
Decision_1,X2,95.687,0.0
Decision_1,X2,95.827,0.0
Decision_1,X2,95.967,0.0
Decision_1,X2,96.107,0.0
Decision_1,X2,96.247,0.0
Decision_1,X2,96.387,0.0
Decision_1,X2,96.527,0.0
Decision_1,X2,96.667,0.0
Decision_1,X2,96.807,0.0
Decision_1,X2,96.947,0.0
Decision_1,X2,97.087,0.0
Decision_1,X2,97.227,0.0
Decision_1,X2,97.367,0.0
Decision_1,X2,97.507,0.0
Decision_1,X2,97.647,0.0
Decision_1,X2,97.787,0.0
Decision_1,X2,97.927,0.0
Decision_1,X2,98.067,0.0
Decision_1,X2,98.207,0.0
Decision_1,X2,98.347,0.0
Decision_1,X2,98.487,0.0
Decision_1,X2,98.627,0.0
Decision_1,X2,98.767,0.0
Decision_1,X2,98.907,0.0
Decision_1,X2,99.047,0.0
Decision_1,X2,99.187,0.0
Decision_1,X2,99.327,0.0
Decision_1,X2,99.467,0.0
Decision_1,X2,99.607,0.0
Decision_1,X2,99.747,0.0
Decision_1,X2,99.887,0.0
Decision_1,X2,100.027,0.0
Decision_1,X2,100.167,0.0
Decision_1,X2,100.307,0.0
Decision_1,X2,100.447,0.0
Decision_1,X2,100.587,0.0
Decision_1,X2,100.727,0.0
Decision_1,X2,100.867,0.0
Decision_1,X2,101.007,0.0
Decision_1,X2,101.147,0.0
Decision_1,X2,101.287,0.0
Decision_1,X2,101.427,0.0
Decision_1,X2,101.567,0.0
Decision_1,X2,101.707,0.0
Decision_1,X2,101.847,0.0
Decision_1,X2,101.987,0.0
Decision_1,X2,102.127,0.0549
Decision_1,X2,102.267,1.0
Decision_1,X3,0.067,1.0
Decision_1,X3,0.207,0.0549
Decision_1,X3,0.347,0.0
Decision_1,X3,0.487,0.0
Decision_1,X3,0.627,0.0
Decision_1,X3,0.767,0.0
Decision_1,X3,0.907,0.0
Decision_1,X3,1.047,0.0
Decision_1,X3,1.187,0.0
Decision_1,X3,1.327,0.0
Decision_1,X3,1.467,0.0
Decision_1,X3,1.607,0.0
Decision_1,X3,1.747,0.0
Decision_1,X3,1.887,0.0
Decision_1,X3,2.027,0.0
Decision_1,X3,2.167,0.0
Decision_1,X3,2.307,0.0
Decision_1,X3,2.447,0.0
Decision_1,X3,2.587,0.0
Decision_1,X3,2.727,0.0
Decision_1,X3,2.867,0.0
Decision_1,X3,3.007,0.0
Decision_1,X3,3.147,0.0
Decision_1,X3,3.287,0.0
Decision_1,X3,3.427,0.0
Decision_1,X3,3.567,0.0
Decision_1,X3,3.707,0.0
Decision_1,X3,3.847,0.0
Decision_1,X3,3.987,0.0
Decision_1,X3,4.127,0.0
Decision_1,X3,4.267,0.0
Decision_1,X3,4.407,0.0
Decision_1,X3,4.547,0.0
Decision_1,X3,4.687,0.0
Decision_1,X3,4.827,0.0
Decision_1,X3,4.967,0.0
Decision_1,X3,5.107,0.0
Decision_1,X3,5.247,0.0
Decision_1,X3,5.387,0.0
Decision_1,X3,5.527,0.0
Decision_1,X3,5.667,0.0
Decision_1,X3,5.807,0.0
Decision_1,X3,5.947,0.0
Decision_1,X3,6.087,0.0
Decision_1,X3,6.227,0.0
Decision_1,X3,6.367,0.0
Decision_1,X3,6.507,0.0
Decision_1,X3,6.647,0.0
Decision_1,X3,6.787,0.0
Decision_1,X3,6.927,0.0
Decision_1,X3,7.067,0.0
Decision_1,X3,7.207,0.0
Decision_1,X3,7.347,0.0
Decision_1,X3,7.487,0.0
Decision_1,X3,7.627,0.0
Decision_1,X3,7.767,0.0
Decision_1,X3,7.907,0.0
Decision_1,X3,8.047,0.0
Decision_1,X3,8.187,0.0
Decision_1,X3,8.327,0.0
Decision_1,X3,8.467,0.0
Decision_1,X3,8.607,0.0
Decision_1,X3,8.747,0.0
Decision_1,X3,8.887,0.0
Decision_1,X3,9.027,0.0
Decision_1,X3,9.167,0.0
Decision_1,X3,9.307,0.0
Decision_1,X3,9.447,0.0
Decision_1,X3,9.587,0.0
Decision_1,X3,9.727,0.0
Decision_1,X3,9.867,0.0
Decision_1,X3,10.007,0.0
Decision_1,X3,10.147,0.0
Decision_1,X3,10.287,0.0
Decision_1,X3,10.427,0.0
Decision_1,X3,10.567,0.0
Decision_1,X3,10.707,0.0
Decision_1,X3,10.847,0.0
Decision_1,X3,10.987,0.0
Decision_1,X3,11.127,0.0
Decision_1,X3,11.267,0.0
Decision_1,X3,11.407,0.0
Decision_1,X3,11.547,0.0
Decision_1,X3,11.687,0.0
Decision_1,X3,11.827,0.0
Decision_1,X3,11.967,0.0
Decision_1,X3,12.107,0.0
Decision_1,X3,12.247,0.0
Decision_1,X3,12.387,0.0
Decision_1,X3,12.527,0.0
Decision_1,X3,12.667,0.0
Decision_1,X3,12.807,0.0
Decision_1,X3,12.947,0.0
Decision_1,X3,13.087,0.0
Decision_1,X3,13.227,0.0
Decision_1,X3,13.367,0.0
Decision_1,X3,13.507,0.0
Decision_1,X3,13.647,0.0
Decision_1,X3,13.787,0.0
Decision_1,X3,13.927,0.0
Decision_1,X3,14.067,0.0
Decision_1,X3,14.207,0.0
Decision_1,X3,14.347,0.0
Decision_1,X3,14.487,0.0
Decision_1,X3,14.627,0.0
Decision_1,X3,14.767,0.0
Decision_1,X3,14.907,0.0
Decision_1,X3,15.047,0.0
Decision_1,X3,15.187,0.0
Decision_1,X3,15.327,0.0
Decision_1,X3,15.467,0.0
Decision_1,X3,15.607,0.0
Decision_1,X3,15.747,0.0
Decision_1,X3,15.887,0.0
Decision_1,X3,16.027,0.0
Decision_1,X3,16.167,0.0
Decision_1,X3,16.307,0.0
Decision_1,X3,16.447,0.0
Decision_1,X3,16.587,0.0
Decision_1,X3,16.727,0.0
Decision_1,X3,16.867,0.0
Decision_1,X3,17.007,0.0
Decision_1,X3,17.147,0.0
Decision_1,X3,17.287,0.0
Decision_1,X3,17.427,0.0
Decision_1,X3,17.567,0.0
Decision_1,X3,17.707,0.0
Decision_1,X3,17.847,0.0
Decision_1,X3,17.987,0.0
Decision_1,X3,18.127,0.0
Decision_1,X3,18.267,0.0
Decision_1,X3,18.407,0.0
Decision_1,X3,18.547,0.0
Decision_1,X3,18.687,0.0
Decision_1,X3,18.827,0.0
Decision_1,X3,18.967,0.0
Decision_1,X3,19.107,0.0
Decision_1,X3,19.247,0.0
Decision_1,X3,19.387,0.0
Decision_1,X3,19.527,0.0
Decision_1,X3,19.667,0.0
Decision_1,X3,19.807,0.0
Decision_1,X3,19.947,0.0
Decision_1,X3,20.087,0.0
Decision_1,X3,20.227,0.0
Decision_1,X3,20.367,0.0
Decision_1,X3,20.507,0.0
Decision_1,X3,20.647,0.0
Decision_1,X3,20.787,0.0
Decision_1,X3,20.927,0.0
Decision_1,X3,21.067,0.0
Decision_1,X3,21.207,0.0
Decision_1,X3,21.347,0.0
Decision_1,X3,21.487,0.0
Decision_1,X3,21.627,0.0
Decision_1,X3,21.767,0.0
Decision_1,X3,21.907,0.0
Decision_1,X3,22.047,0.0
Decision_1,X3,22.187,0.0
Decision_1,X3,22.327,0.0
Decision_1,X3,22.467,0.0
Decision_1,X3,22.607,0.0
Decision_1,X3,22.747,0.0
Decision_1,X3,22.887,0.0
Decision_1,X3,23.027,0.0
Decision_1,X3,23.167,0.0
Decision_1,X3,23.307,0.0
Decision_1,X3,23.447,0.0
Decision_1,X3,23.587,0.0
Decision_1,X3,23.727,0.0
Decision_1,X3,23.867,0.0
Decision_1,X3,24.007,0.0
Decision_1,X3,24.147,0.0
Decision_1,X3,24.287,0.0
Decision_1,X3,24.427,0.0
Decision_1,X3,24.567,0.0
Decision_1,X3,24.707,0.0
Decision_1,X3,24.847,0.0
Decision_1,X3,24.987,0.0
Decision_1,X3,25.127,0.0
Decision_1,X3,25.267,0.0
Decision_1,X3,25.407,0.0
Decision_1,X3,25.547,0.0
Decision_1,X3,25.687,0.0
Decision_1,X3,25.827,0.0
Decision_1,X3,25.967,0.0
Decision_1,X3,26.107,0.0
Decision_1,X3,26.247,0.0
Decision_1,X3,26.387,0.0
Decision_1,X3,26.527,0.0
Decision_1,X3,26.667,0.0
Decision_1,X3,26.807,0.0
Decision_1,X3,26.947,0.0
Decision_1,X3,27.087,0.0
Decision_1,X3,27.227,0.0
Decision_1,X3,27.367,0.0
Decision_1,X3,27.507,0.0
Decision_1,X3,27.647,0.0
Decision_1,X3,27.787,0.0
Decision_1,X3,27.927,0.0
Decision_1,X3,28.067,0.0
Decision_1,X3,28.207,0.0
Decision_1,X3,28.347,0.0
Decision_1,X3,28.487,0.0
Decision_1,X3,28.627,0.0
Decision_1,X3,28.767,0.0
Decision_1,X3,28.907,0.0
Decision_1,X3,29.047,0.0
Decision_1,X3,29.187,0.0
Decision_1,X3,29.327,0.0
Decision_1,X3,29.467,0.0
Decision_1,X3,29.607,0.0
Decision_1,X3,29.747,0.0
Decision_1,X3,29.887,0.0
Decision_1,X3,30.027,0.0
Decision_1,X3,30.167,0.0
Decision_1,X3,30.307,0.0
Decision_1,X3,30.447,0.0
Decision_1,X3,30.587,0.0
Decision_1,X3,30.727,0.0
Decision_1,X3,30.867,0.0
Decision_1,X3,31.007,0.0
Decision_1,X3,31.147,0.0
Decision_1,X3,31.287,0.0
Decision_1,X3,31.427,0.0
Decision_1,X3,31.567,0.0
Decision_1,X3,31.707,0.0
Decision_1,X3,31.847,0.0
Decision_1,X3,31.987,0.0
Decision_1,X3,32.127,0.0
Decision_1,X3,32.267,0.0
Decision_1,X3,32.407,0.0
Decision_1,X3,32.547,0.0
Decision_1,X3,32.687,0.0
Decision_1,X3,32.827,0.0
Decision_1,X3,32.967,0.0
Decision_1,X3,33.107,0.0
Decision_1,X3,33.247,0.0
Decision_1,X3,33.387,0.0
Decision_1,X3,33.527,0.0
Decision_1,X3,33.667,0.0
Decision_1,X3,33.807,0.0
Decision_1,X3,33.947,0.0
Decision_1,X3,34.087,0.0
Decision_1,X3,34.227,0.0
Decision_1,X3,34.367,0.0
Decision_1,X3,34.507,0.0
Decision_1,X3,34.647,0.0
Decision_1,X3,34.787,0.0
Decision_1,X3,34.927,0.0
Decision_1,X3,35.067,0.0
Decision_1,X3,35.207,0.0
Decision_1,X3,35.347,0.0
Decision_1,X3,35.487,0.0
Decision_1,X3,35.627,0.0
Decision_1,X3,35.767,0.0
Decision_1,X3,35.907,0.0
Decision_1,X3,36.047,0.0
Decision_1,X3,36.187,0.0
Decision_1,X3,36.327,0.0
Decision_1,X3,36.467,0.0
Decision_1,X3,36.607,0.0
Decision_1,X3,36.747,0.0
Decision_1,X3,36.887,0.0
Decision_1,X3,37.027,0.0
Decision_1,X3,37.167,0.0
Decision_1,X3,37.307,0.0
Decision_1,X3,37.447,0.0
Decision_1,X3,37.587,0.0
Decision_1,X3,37.727,0.0
Decision_1,X3,37.867,0.0
Decision_1,X3,38.007,0.0
Decision_1,X3,38.147,0.0
Decision_1,X3,38.287,0.0
Decision_1,X3,38.427,0.0
Decision_1,X3,38.567,0.0
Decision_1,X3,38.707,0.0
Decision_1,X3,38.847,0.0
Decision_1,X3,38.987,0.0
Decision_1,X3,39.127,0.0
Decision_1,X3,39.267,0.0
Decision_1,X3,39.407,0.0
Decision_1,X3,39.547,0.0
Decision_1,X3,39.687,0.0
Decision_1,X3,39.827,0.0
Decision_1,X3,39.967,0.0
Decision_1,X3,40.107,0.0
Decision_1,X3,40.247,0.0
Decision_1,X3,40.387,0.0
Decision_1,X3,40.527,0.0
Decision_1,X3,40.667,0.0
Decision_1,X3,40.807,0.0
Decision_1,X3,40.947,0.0
Decision_1,X3,41.087,0.0
Decision_1,X3,41.227,0.0
Decision_1,X3,41.367,0.0
Decision_1,X3,41.507,0.0
Decision_1,X3,41.647,0.0
Decision_1,X3,41.787,0.0
Decision_1,X3,41.927,0.0
Decision_1,X3,42.067,0.0
Decision_1,X3,42.207,0.0
Decision_1,X3,42.347,0.0
Decision_1,X3,42.487,0.0
Decision_1,X3,42.627,0.0
Decision_1,X3,42.767,0.0
Decision_1,X3,42.907,0.0
Decision_1,X3,43.047,0.0
Decision_1,X3,43.187,0.0
Decision_1,X3,43.327,0.0
Decision_1,X3,43.467,0.0
Decision_1,X3,43.607,0.0
Decision_1,X3,43.747,0.0
Decision_1,X3,43.887,0.0
Decision_1,X3,44.027,0.0
Decision_1,X3,44.167,0.0
Decision_1,X3,44.307,0.0
Decision_1,X3,44.447,0.0
Decision_1,X3,44.587,0.0
Decision_1,X3,44.727,0.0
Decision_1,X3,44.867,0.0
Decision_1,X3,45.007,0.0
Decision_1,X3,45.147,0.0
Decision_1,X3,45.287,0.0
Decision_1,X3,45.427,0.0
Decision_1,X3,45.567,0.0
Decision_1,X3,45.707,0.0
Decision_1,X3,45.847,0.0
Decision_1,X3,45.987,0.0
Decision_1,X3,46.127,0.0
Decision_1,X3,46.267,0.0
Decision_1,X3,46.407,0.0
Decision_1,X3,46.547,0.0
Decision_1,X3,46.687,0.0
Decision_1,X3,46.827,0.0
Decision_1,X3,46.967,0.0
Decision_1,X3,47.107,0.0
Decision_1,X3,47.247,0.0
Decision_1,X3,47.387,0.0
Decision_1,X3,47.527,0.0
Decision_1,X3,47.667,0.0
Decision_1,X3,47.807,0.0
Decision_1,X3,47.947,0.0
Decision_1,X3,48.087,0.0
Decision_1,X3,48.227,0.0
Decision_1,X3,48.367,0.0
Decision_1,X3,48.507,0.0
Decision_1,X3,48.647,0.0
Decision_1,X3,48.787,0.0
Decision_1,X3,48.927,0.0
Decision_1,X3,49.067,0.0
Decision_1,X3,49.207,0.0
Decision_1,X3,49.347,0.0
Decision_1,X3,49.487,0.0
Decision_1,X3,49.627,0.0
Decision_1,X3,49.767,0.0
Decision_1,X3,49.907,0.0
Decision_1,X3,50.047,0.0
Decision_1,X3,50.187,0.0
Decision_1,X3,50.327,0.0
Decision_1,X3,50.467,0.0
Decision_1,X3,50.607,0.0
Decision_1,X3,50.747,0.0
Decision_1,X3,50.887,0.0
Decision_1,X3,51.027,0.0
Decision_1,X3,51.167,0.0
Decision_1,X3,51.307,0.0
Decision_1,X3,51.447,0.0
Decision_1,X3,51.587,0.0
Decision_1,X3,51.727,0.0
Decision_1,X3,51.867,0.0
Decision_1,X3,52.007,0.0
Decision_1,X3,52.147,0.0
Decision_1,X3,52.287,0.0
Decision_1,X3,52.427,0.0
Decision_1,X3,52.567,0.0
Decision_1,X3,52.707,0.0
Decision_1,X3,52.847,0.0
Decision_1,X3,52.987,0.0
Decision_1,X3,53.127,0.0
Decision_1,X3,53.267,0.0
Decision_1,X3,53.407,0.0
Decision_1,X3,53.547,0.0
Decision_1,X3,53.687,0.0
Decision_1,X3,53.827,0.0
Decision_1,X3,53.967,0.0
Decision_1,X3,54.107,0.0
Decision_1,X3,54.247,0.0
Decision_1,X3,54.387,0.0
Decision_1,X3,54.527,0.0
Decision_1,X3,54.667,0.0
Decision_1,X3,54.807,0.0
Decision_1,X3,54.947,0.0
Decision_1,X3,55.087,0.0
Decision_1,X3,55.227,0.0
Decision_1,X3,55.367,0.0
Decision_1,X3,55.507,0.0
Decision_1,X3,55.647,0.0
Decision_1,X3,55.787,0.0
Decision_1,X3,55.927,0.0
Decision_1,X3,56.067,0.0
Decision_1,X3,56.207,0.0
Decision_1,X3,56.347,0.0
Decision_1,X3,56.487,0.0
Decision_1,X3,56.627,0.0
Decision_1,X3,56.767,0.0
Decision_1,X3,56.907,0.0
Decision_1,X3,57.047,0.0
Decision_1,X3,57.187,0.0
Decision_1,X3,57.327,0.0
Decision_1,X3,57.467,0.0
Decision_1,X3,57.607,0.0
Decision_1,X3,57.747,0.0
Decision_1,X3,57.887,0.0
Decision_1,X3,58.027,0.0
Decision_1,X3,58.167,0.0
Decision_1,X3,58.307,0.0
Decision_1,X3,58.447,0.0
Decision_1,X3,58.587,0.0
Decision_1,X3,58.727,0.0
Decision_1,X3,58.867,0.0
Decision_1,X3,59.007,0.0
Decision_1,X3,59.147,0.0
Decision_1,X3,59.287,0.0
Decision_1,X3,59.427,0.0
Decision_1,X3,59.567,0.0
Decision_1,X3,59.707,0.0
Decision_1,X3,59.847,0.0
Decision_1,X3,59.987,0.0
Decision_1,X3,60.127,0.0
Decision_1,X3,60.267,0.0
Decision_1,X3,60.407,0.0
Decision_1,X3,60.547,0.0
Decision_1,X3,60.687,0.0
Decision_1,X3,60.827,0.0
Decision_1,X3,60.967,0.0
Decision_1,X3,61.107,0.0
Decision_1,X3,61.247,0.0
Decision_1,X3,61.387,0.0
Decision_1,X3,61.527,0.0
Decision_1,X3,61.667,0.0
Decision_1,X3,61.807,0.0
Decision_1,X3,61.947,0.0
Decision_1,X3,62.087,0.0
Decision_1,X3,62.227,0.0
Decision_1,X3,62.367,0.0
Decision_1,X3,62.507,0.0
Decision_1,X3,62.647,0.0
Decision_1,X3,62.787,0.0
Decision_1,X3,62.927,0.0
Decision_1,X3,63.067,0.0
Decision_1,X3,63.207,0.0
Decision_1,X3,63.347,0.0
Decision_1,X3,63.487,0.0
Decision_1,X3,63.627,0.0
Decision_1,X3,63.767,0.0
Decision_1,X3,63.907,0.0
Decision_1,X3,64.047,0.0
Decision_1,X3,64.187,0.0
Decision_1,X3,64.327,0.0
Decision_1,X3,64.467,0.0
Decision_1,X3,64.607,0.0
Decision_1,X3,64.747,0.0
Decision_1,X3,64.887,0.0
Decision_1,X3,65.027,0.0
Decision_1,X3,65.167,0.0
Decision_1,X3,65.307,0.0
Decision_1,X3,65.447,0.0
Decision_1,X3,65.587,0.0
Decision_1,X3,65.727,0.0
Decision_1,X3,65.867,0.0
Decision_1,X3,66.007,0.0
Decision_1,X3,66.147,0.0
Decision_1,X3,66.287,0.0
Decision_1,X3,66.427,0.0
Decision_1,X3,66.567,0.0
Decision_1,X3,66.707,0.0
Decision_1,X3,66.847,0.0
Decision_1,X3,66.987,0.0
Decision_1,X3,67.127,0.0
Decision_1,X3,67.267,0.0
Decision_1,X3,67.407,0.0
Decision_1,X3,67.547,0.0
Decision_1,X3,67.687,0.0
Decision_1,X3,67.827,0.0
Decision_1,X3,67.967,0.0
Decision_1,X3,68.107,0.0
Decision_1,X3,68.247,0.0
Decision_1,X3,68.387,0.0
Decision_1,X3,68.527,0.0
Decision_1,X3,68.667,0.0
Decision_1,X3,68.807,0.0
Decision_1,X3,68.947,0.0
Decision_1,X3,69.087,0.0
Decision_1,X3,69.227,0.0
Decision_1,X3,69.367,0.0
Decision_1,X3,69.507,0.0
Decision_1,X3,69.647,0.0
Decision_1,X3,69.787,0.0
Decision_1,X3,69.927,0.0
Decision_1,X3,70.067,0.0
Decision_1,X3,70.207,0.0
Decision_1,X3,70.347,0.0
Decision_1,X3,70.487,0.0
Decision_1,X3,70.627,0.0
Decision_1,X3,70.767,0.0
Decision_1,X3,70.907,0.0
Decision_1,X3,71.047,0.0
Decision_1,X3,71.187,0.0
Decision_1,X3,71.327,0.0
Decision_1,X3,71.467,0.0
Decision_1,X3,71.607,0.0
Decision_1,X3,71.747,0.0
Decision_1,X3,71.887,0.0
Decision_1,X3,72.027,0.0
Decision_1,X3,72.167,0.0
Decision_1,X3,72.307,0.0
Decision_1,X3,72.447,0.0
Decision_1,X3,72.587,0.0
Decision_1,X3,72.727,0.0
Decision_1,X3,72.867,0.0
Decision_1,X3,73.007,0.0
Decision_1,X3,73.147,0.0
Decision_1,X3,73.287,0.0
Decision_1,X3,73.427,0.0
Decision_1,X3,73.567,0.0
Decision_1,X3,73.707,0.0
Decision_1,X3,73.847,0.0
Decision_1,X3,73.987,0.0
Decision_1,X3,74.127,0.0
Decision_1,X3,74.267,0.0
Decision_1,X3,74.407,0.0
Decision_1,X3,74.547,0.0
Decision_1,X3,74.687,0.0
Decision_1,X3,74.827,0.0
Decision_1,X3,74.967,0.0
Decision_1,X3,75.107,0.0
Decision_1,X3,75.247,0.0
Decision_1,X3,75.387,0.0
Decision_1,X3,75.527,0.0
Decision_1,X3,75.667,0.0
Decision_1,X3,75.807,0.0
Decision_1,X3,75.947,0.0
Decision_1,X3,76.087,0.0
Decision_1,X3,76.227,0.0
Decision_1,X3,76.367,0.0
Decision_1,X3,76.507,0.0
Decision_1,X3,76.647,0.0
Decision_1,X3,76.787,0.0
Decision_1,X3,76.927,0.0
Decision_1,X3,77.067,0.0
Decision_1,X3,77.207,0.0
Decision_1,X3,77.347,0.0
Decision_1,X3,77.487,0.0
Decision_1,X3,77.627,0.0
Decision_1,X3,77.767,0.0
Decision_1,X3,77.907,0.0
Decision_1,X3,78.047,0.0
Decision_1,X3,78.187,0.0
Decision_1,X3,78.327,0.0
Decision_1,X3,78.467,0.0
Decision_1,X3,78.607,0.0
Decision_1,X3,78.747,0.0
Decision_1,X3,78.887,0.0
Decision_1,X3,79.027,0.0
Decision_1,X3,79.167,0.0
Decision_1,X3,79.307,0.0
Decision_1,X3,79.447,0.0
Decision_1,X3,79.587,0.0
Decision_1,X3,79.727,0.0
Decision_1,X3,79.867,0.0
Decision_1,X3,80.007,0.0
Decision_1,X3,80.147,0.0
Decision_1,X3,80.287,0.0
Decision_1,X3,80.427,0.0
Decision_1,X3,80.567,0.0
Decision_1,X3,80.707,0.0
Decision_1,X3,80.847,0.0
Decision_1,X3,80.987,0.0
Decision_1,X3,81.127,0.0
Decision_1,X3,81.267,0.0
Decision_1,X3,81.407,0.0
Decision_1,X3,81.547,0.0
Decision_1,X3,81.687,0.0
Decision_1,X3,81.827,0.0
Decision_1,X3,81.967,0.0
Decision_1,X3,82.107,0.0
Decision_1,X3,82.247,0.0
Decision_1,X3,82.387,0.0
Decision_1,X3,82.527,0.0
Decision_1,X3,82.667,0.0
Decision_1,X3,82.807,0.0
Decision_1,X3,82.947,0.0
Decision_1,X3,83.087,0.0
Decision_1,X3,83.227,0.0
Decision_1,X3,83.367,0.0
Decision_1,X3,83.507,0.0
Decision_1,X3,83.647,0.0
Decision_1,X3,83.787,0.0
Decision_1,X3,83.927,0.0
Decision_1,X3,84.067,0.0
Decision_1,X3,84.207,0.0
Decision_1,X3,84.347,0.0
Decision_1,X3,84.487,0.0
Decision_1,X3,84.627,0.0
Decision_1,X3,84.767,0.0
Decision_1,X3,84.907,0.0
Decision_1,X3,85.047,0.0
Decision_1,X3,85.187,0.0
Decision_1,X3,85.327,0.0
Decision_1,X3,85.467,0.0
Decision_1,X3,85.607,0.0
Decision_1,X3,85.747,0.0
Decision_1,X3,85.887,0.0
Decision_1,X3,86.027,0.0
Decision_1,X3,86.167,0.0
Decision_1,X3,86.307,0.0
Decision_1,X3,86.447,0.0
Decision_1,X3,86.587,0.0
Decision_1,X3,86.727,0.0
Decision_1,X3,86.867,0.0
Decision_1,X3,87.007,0.0
Decision_1,X3,87.147,0.0
Decision_1,X3,87.287,0.0
Decision_1,X3,87.427,0.0
Decision_1,X3,87.567,0.0
Decision_1,X3,87.707,0.0
Decision_1,X3,87.847,0.0
Decision_1,X3,87.987,0.0
Decision_1,X3,88.127,0.0
Decision_1,X3,88.267,0.0
Decision_1,X3,88.407,0.0
Decision_1,X3,88.547,0.0
Decision_1,X3,88.687,0.0
Decision_1,X3,88.827,0.0
Decision_1,X3,88.967,0.0
Decision_1,X3,89.107,0.0
Decision_1,X3,89.247,0.0
Decision_1,X3,89.387,0.0
Decision_1,X3,89.527,0.0
Decision_1,X3,89.667,0.0
Decision_1,X3,89.807,0.0
Decision_1,X3,89.947,0.0
Decision_1,X3,90.087,0.0
Decision_1,X3,90.227,0.0
Decision_1,X3,90.367,0.0
Decision_1,X3,90.507,0.0
Decision_1,X3,90.647,0.0
Decision_1,X3,90.787,0.0
Decision_1,X3,90.927,0.0
Decision_1,X3,91.067,0.0
Decision_1,X3,91.207,0.0
Decision_1,X3,91.347,0.0
Decision_1,X3,91.487,0.0
Decision_1,X3,91.627,0.0
Decision_1,X3,91.767,0.0
Decision_1,X3,91.907,0.0
Decision_1,X3,92.047,0.0
Decision_1,X3,92.187,0.0
Decision_1,X3,92.327,0.0
Decision_1,X3,92.467,0.0
Decision_1,X3,92.607,0.0
Decision_1,X3,92.747,0.0
Decision_1,X3,92.887,0.0
Decision_1,X3,93.027,0.0
Decision_1,X3,93.167,0.0
Decision_1,X3,93.307,0.0
Decision_1,X3,93.447,0.0
Decision_1,X3,93.587,0.0
Decision_1,X3,93.727,0.0
Decision_1,X3,93.867,0.0
Decision_1,X3,94.007,0.0
Decision_1,X3,94.147,0.0
Decision_1,X3,94.287,0.0
Decision_1,X3,94.427,0.0
Decision_1,X3,94.567,0.0
Decision_1,X3,94.707,0.0
Decision_1,X3,94.847,0.0
Decision_1,X3,94.987,0.0
Decision_1,X3,95.127,0.0
Decision_1,X3,95.267,0.0
Decision_1,X3,95.407,0.0
Decision_1,X3,95.547,0.0
Decision_1,X3,95.687,0.0
Decision_1,X3,95.827,0.0
Decision_1,X3,95.967,0.0
Decision_1,X3,96.107,0.0
Decision_1,X3,96.247,0.0
Decision_1,X3,96.387,0.0
Decision_1,X3,96.527,0.0
Decision_1,X3,96.667,0.0
Decision_1,X3,96.807,0.0
Decision_1,X3,96.947,0.0
Decision_1,X3,97.087,0.0
Decision_1,X3,97.227,0.0
Decision_1,X3,97.367,0.0
Decision_1,X3,97.507,0.0
Decision_1,X3,97.647,0.0
Decision_1,X3,97.787,0.0
Decision_1,X3,97.927,0.0
Decision_1,X3,98.067,0.0
Decision_1,X3,98.207,0.0
Decision_1,X3,98.347,0.0
Decision_1,X3,98.487,0.0
Decision_1,X3,98.627,0.0
Decision_1,X3,98.767,0.0
Decision_1,X3,98.907,0.0
Decision_1,X3,99.047,0.0
Decision_1,X3,99.187,0.0
Decision_1,X3,99.327,0.0
Decision_1,X3,99.467,0.0
Decision_1,X3,99.607,0.0
Decision_1,X3,99.747,0.0
Decision_1,X3,99.887,0.0
Decision_1,X3,100.027,0.0
Decision_1,X3,100.167,0.0
Decision_1,X3,100.307,0.0
Decision_1,X3,100.447,0.0
Decision_1,X3,100.587,0.0
Decision_1,X3,100.727,0.0
Decision_1,X3,100.867,0.0
Decision_1,X3,101.007,0.0
Decision_1,X3,101.147,0.0
Decision_1,X3,101.287,0.0
Decision_1,X3,101.427,0.0
Decision_1,X3,101.567,0.0
Decision_1,X3,101.707,0.0
Decision_1,X3,101.847,0.0
Decision_1,X3,101.987,0.0
Decision_1,X3,102.127,0.0549
Decision_1,X3,102.267,1.0
Decision_1,X4,0.067,1.0
Decision_1,X4,0.207,0.0784
Decision_1,X4,0.347,0.0235
Decision_1,X4,0.487,0.0235
Decision_1,X4,0.627,0.0235
Decision_1,X4,0.767,0.0235
Decision_1,X4,0.907,0.0235
Decision_1,X4,1.047,0.0235
Decision_1,X4,1.187,0.0235
Decision_1,X4,1.327,0.0235
Decision_1,X4,1.467,0.0235
Decision_1,X4,1.607,0.0235
Decision_1,X4,1.747,0.0235
Decision_1,X4,1.887,0.0235
Decision_1,X4,2.027,0.0235
Decision_1,X4,2.167,0.0235
Decision_1,X4,2.307,0.0235
Decision_1,X4,2.447,0.0235
Decision_1,X4,2.587,0.0235
Decision_1,X4,2.727,0.0235
Decision_1,X4,2.867,0.0235
Decision_1,X4,3.007,0.0235
Decision_1,X4,3.147,0.0235
Decision_1,X4,3.287,0.0235
Decision_1,X4,3.427,0.0235
Decision_1,X4,3.567,0.0235
Decision_1,X4,3.707,0.0235
Decision_1,X4,3.847,0.0235
Decision_1,X4,3.987,0.0235
Decision_1,X4,4.127,0.0235
Decision_1,X4,4.267,0.0235
Decision_1,X4,4.407,0.0235
Decision_1,X4,4.547,0.0235
Decision_1,X4,4.687,0.0235
Decision_1,X4,4.827,0.0235
Decision_1,X4,4.967,0.0235
Decision_1,X4,5.107,0.0235
Decision_1,X4,5.247,0.0235
Decision_1,X4,5.387,0.0235
Decision_1,X4,5.527,0.0235
Decision_1,X4,5.667,0.0235
Decision_1,X4,5.807,0.0235
Decision_1,X4,5.947,0.0235
Decision_1,X4,6.087,0.0235
Decision_1,X4,6.227,0.0235
Decision_1,X4,6.367,0.0235
Decision_1,X4,6.507,0.0235
Decision_1,X4,6.647,0.0235
Decision_1,X4,6.787,0.0235
Decision_1,X4,6.927,0.0235
Decision_1,X4,7.067,0.0235
Decision_1,X4,7.207,0.0235
Decision_1,X4,7.347,0.0235
Decision_1,X4,7.487,0.0235
Decision_1,X4,7.627,0.0235
Decision_1,X4,7.767,0.0235
Decision_1,X4,7.907,0.0235
Decision_1,X4,8.047,0.0235
Decision_1,X4,8.187,0.0235
Decision_1,X4,8.327,0.0235
Decision_1,X4,8.467,0.0235
Decision_1,X4,8.607,0.0235
Decision_1,X4,8.747,0.0235
Decision_1,X4,8.887,0.0235
Decision_1,X4,9.027,0.0235
Decision_1,X4,9.167,0.0235
Decision_1,X4,9.307,0.0235
Decision_1,X4,9.447,0.0235
Decision_1,X4,9.587,0.0235
Decision_1,X4,9.727,0.0235
Decision_1,X4,9.867,0.0235
Decision_1,X4,10.007,0.0235
Decision_1,X4,10.147,0.0235
Decision_1,X4,10.287,0.0235
Decision_1,X4,10.427,0.0235
Decision_1,X4,10.567,0.0235
Decision_1,X4,10.707,0.0235
Decision_1,X4,10.847,0.0235
Decision_1,X4,10.987,0.0235
Decision_1,X4,11.127,0.0235
Decision_1,X4,11.267,0.0235
Decision_1,X4,11.407,0.0235
Decision_1,X4,11.547,0.0235
Decision_1,X4,11.687,0.0235
Decision_1,X4,11.827,0.0235
Decision_1,X4,11.967,0.0235
Decision_1,X4,12.107,0.0235
Decision_1,X4,12.247,0.0235
Decision_1,X4,12.387,0.0235
Decision_1,X4,12.527,0.0235
Decision_1,X4,12.667,0.0235
Decision_1,X4,12.807,0.0235
Decision_1,X4,12.947,0.0235
Decision_1,X4,13.087,0.0235
Decision_1,X4,13.227,0.0235
Decision_1,X4,13.367,0.0235
Decision_1,X4,13.507,0.0235
Decision_1,X4,13.647,0.0235
Decision_1,X4,13.787,0.0235
Decision_1,X4,13.927,0.0235
Decision_1,X4,14.067,0.0235
Decision_1,X4,14.207,0.0235
Decision_1,X4,14.347,0.0235
Decision_1,X4,14.487,0.0235
Decision_1,X4,14.627,0.0235
Decision_1,X4,14.767,0.0235
Decision_1,X4,14.907,0.0235
Decision_1,X4,15.047,0.0235
Decision_1,X4,15.187,0.0235
Decision_1,X4,15.327,0.0235
Decision_1,X4,15.467,0.0235
Decision_1,X4,15.607,0.0235
Decision_1,X4,15.747,0.0235
Decision_1,X4,15.887,0.0235
Decision_1,X4,16.027,0.0235
Decision_1,X4,16.167,0.0235
Decision_1,X4,16.307,0.0235
Decision_1,X4,16.447,0.0235
Decision_1,X4,16.587,0.0235
Decision_1,X4,16.727,0.0235
Decision_1,X4,16.867,0.0235
Decision_1,X4,17.007,0.0235
Decision_1,X4,17.147,0.0235
Decision_1,X4,17.287,0.0235
Decision_1,X4,17.427,0.0235
Decision_1,X4,17.567,0.0235
Decision_1,X4,17.707,0.0235
Decision_1,X4,17.847,0.0235
Decision_1,X4,17.987,0.0235
Decision_1,X4,18.127,0.0235
Decision_1,X4,18.267,0.0235
Decision_1,X4,18.407,0.0235
Decision_1,X4,18.547,0.0235
Decision_1,X4,18.687,0.0235
Decision_1,X4,18.827,0.0235
Decision_1,X4,18.967,0.0235
Decision_1,X4,19.107,0.0235
Decision_1,X4,19.247,0.0235
Decision_1,X4,19.387,0.0235
Decision_1,X4,19.527,0.0235
Decision_1,X4,19.667,0.0235
Decision_1,X4,19.807,0.0235
Decision_1,X4,19.947,0.0235
Decision_1,X4,20.087,0.0235
Decision_1,X4,20.227,0.0235
Decision_1,X4,20.367,0.0235
Decision_1,X4,20.507,0.0235
Decision_1,X4,20.647,0.0235
Decision_1,X4,20.787,0.0235
Decision_1,X4,20.927,0.0235
Decision_1,X4,21.067,0.0235
Decision_1,X4,21.207,0.0235
Decision_1,X4,21.347,0.0235
Decision_1,X4,21.487,0.0235
Decision_1,X4,21.627,0.0235
Decision_1,X4,21.767,0.0235
Decision_1,X4,21.907,0.0235
Decision_1,X4,22.047,0.0235
Decision_1,X4,22.187,0.0235
Decision_1,X4,22.327,0.0235
Decision_1,X4,22.467,0.0235
Decision_1,X4,22.607,0.0235
Decision_1,X4,22.747,0.0235
Decision_1,X4,22.887,0.0235
Decision_1,X4,23.027,0.0235
Decision_1,X4,23.167,0.0235
Decision_1,X4,23.307,0.0235
Decision_1,X4,23.447,0.0235
Decision_1,X4,23.587,0.0235
Decision_1,X4,23.727,0.0235
Decision_1,X4,23.867,0.0235
Decision_1,X4,24.007,0.0235
Decision_1,X4,24.147,0.0235
Decision_1,X4,24.287,0.0235
Decision_1,X4,24.427,0.0235
Decision_1,X4,24.567,0.0235
Decision_1,X4,24.707,0.0235
Decision_1,X4,24.847,0.0235
Decision_1,X4,24.987,0.0235
Decision_1,X4,25.127,0.0235
Decision_1,X4,25.267,0.0235
Decision_1,X4,25.407,0.0235
Decision_1,X4,25.547,0.0235
Decision_1,X4,25.687,0.0235
Decision_1,X4,25.827,0.0235
Decision_1,X4,25.967,0.0235
Decision_1,X4,26.107,0.0235
Decision_1,X4,26.247,0.0235
Decision_1,X4,26.387,0.0235
Decision_1,X4,26.527,0.0235
Decision_1,X4,26.667,0.0235
Decision_1,X4,26.807,0.0235
Decision_1,X4,26.947,0.0235
Decision_1,X4,27.087,0.0235
Decision_1,X4,27.227,0.0235
Decision_1,X4,27.367,0.0235
Decision_1,X4,27.507,0.0235
Decision_1,X4,27.647,0.0235
Decision_1,X4,27.787,0.0235
Decision_1,X4,27.927,0.0235
Decision_1,X4,28.067,0.0235
Decision_1,X4,28.207,0.0235
Decision_1,X4,28.347,0.0235
Decision_1,X4,28.487,0.0235
Decision_1,X4,28.627,0.0235
Decision_1,X4,28.767,0.0235
Decision_1,X4,28.907,0.0235
Decision_1,X4,29.047,0.0235
Decision_1,X4,29.187,0.0235
Decision_1,X4,29.327,0.0235
Decision_1,X4,29.467,0.0235
Decision_1,X4,29.607,0.0235
Decision_1,X4,29.747,0.0235
Decision_1,X4,29.887,0.0235
Decision_1,X4,30.027,0.0235
Decision_1,X4,30.167,0.0235
Decision_1,X4,30.307,0.0235
Decision_1,X4,30.447,0.0235
Decision_1,X4,30.587,0.0235
Decision_1,X4,30.727,0.0235
Decision_1,X4,30.867,0.0235
Decision_1,X4,31.007,0.0235
Decision_1,X4,31.147,0.0235
Decision_1,X4,31.287,0.0235
Decision_1,X4,31.427,0.0235
Decision_1,X4,31.567,0.0235
Decision_1,X4,31.707,0.0235
Decision_1,X4,31.847,0.0235
Decision_1,X4,31.987,0.0235
Decision_1,X4,32.127,0.0235
Decision_1,X4,32.267,0.0235
Decision_1,X4,32.407,0.0235
Decision_1,X4,32.547,0.0235
Decision_1,X4,32.687,0.0235
Decision_1,X4,32.827,0.0235
Decision_1,X4,32.967,0.0235
Decision_1,X4,33.107,0.0235
Decision_1,X4,33.247,0.0235
Decision_1,X4,33.387,0.0235
Decision_1,X4,33.527,0.0235
Decision_1,X4,33.667,0.0235
Decision_1,X4,33.807,0.0235
Decision_1,X4,33.947,0.0235
Decision_1,X4,34.087,0.0235
Decision_1,X4,34.227,0.0235
Decision_1,X4,34.367,0.0235
Decision_1,X4,34.507,0.0235
Decision_1,X4,34.647,0.0235
Decision_1,X4,34.787,0.0235
Decision_1,X4,34.927,0.0235
Decision_1,X4,35.067,0.0235
Decision_1,X4,35.207,0.0235
Decision_1,X4,35.347,0.0235
Decision_1,X4,35.487,0.0235
Decision_1,X4,35.627,0.0235
Decision_1,X4,35.767,0.0235
Decision_1,X4,35.907,0.0235
Decision_1,X4,36.047,0.0235
Decision_1,X4,36.187,0.0235
Decision_1,X4,36.327,0.0235
Decision_1,X4,36.467,0.0235
Decision_1,X4,36.607,0.0235
Decision_1,X4,36.747,0.0235
Decision_1,X4,36.887,0.0235
Decision_1,X4,37.027,0.0235
Decision_1,X4,37.167,0.0235
Decision_1,X4,37.307,0.0235
Decision_1,X4,37.447,0.0235
Decision_1,X4,37.587,0.0235
Decision_1,X4,37.727,0.0235
Decision_1,X4,37.867,0.0235
Decision_1,X4,38.007,0.0235
Decision_1,X4,38.147,0.0235
Decision_1,X4,38.287,0.0235
Decision_1,X4,38.427,0.0235
Decision_1,X4,38.567,0.0235
Decision_1,X4,38.707,0.0235
Decision_1,X4,38.847,0.0235
Decision_1,X4,38.987,0.0235
Decision_1,X4,39.127,0.0235
Decision_1,X4,39.267,0.0235
Decision_1,X4,39.407,0.0235
Decision_1,X4,39.547,0.0235
Decision_1,X4,39.687,0.0235
Decision_1,X4,39.827,0.0235
Decision_1,X4,39.967,0.0235
Decision_1,X4,40.107,0.0235
Decision_1,X4,40.247,0.0235
Decision_1,X4,40.387,0.0235
Decision_1,X4,40.527,0.0235
Decision_1,X4,40.667,0.0235
Decision_1,X4,40.807,0.0235
Decision_1,X4,40.947,0.0235
Decision_1,X4,41.087,0.0235
Decision_1,X4,41.227,0.0235
Decision_1,X4,41.367,0.0235
Decision_1,X4,41.507,0.0235
Decision_1,X4,41.647,0.0235
Decision_1,X4,41.787,0.0235
Decision_1,X4,41.927,0.0235
Decision_1,X4,42.067,0.0235
Decision_1,X4,42.207,0.0235
Decision_1,X4,42.347,0.0235
Decision_1,X4,42.487,0.0235
Decision_1,X4,42.627,0.0235
Decision_1,X4,42.767,0.0235
Decision_1,X4,42.907,0.0235
Decision_1,X4,43.047,0.0235
Decision_1,X4,43.187,0.0235
Decision_1,X4,43.327,0.0235
Decision_1,X4,43.467,0.0235
Decision_1,X4,43.607,0.0235
Decision_1,X4,43.747,0.0235
Decision_1,X4,43.887,0.0235
Decision_1,X4,44.027,0.0235
Decision_1,X4,44.167,0.0235
Decision_1,X4,44.307,0.0235
Decision_1,X4,44.447,0.0235
Decision_1,X4,44.587,0.0235
Decision_1,X4,44.727,0.0235
Decision_1,X4,44.867,0.0235
Decision_1,X4,45.007,0.0235
Decision_1,X4,45.147,0.0235
Decision_1,X4,45.287,0.0235
Decision_1,X4,45.427,0.0235
Decision_1,X4,45.567,0.0235
Decision_1,X4,45.707,0.0235
Decision_1,X4,45.847,0.0235
Decision_1,X4,45.987,0.0235
Decision_1,X4,46.127,0.0235
Decision_1,X4,46.267,0.0235
Decision_1,X4,46.407,0.0235
Decision_1,X4,46.547,0.0235
Decision_1,X4,46.687,0.0235
Decision_1,X4,46.827,0.0235
Decision_1,X4,46.967,0.0235
Decision_1,X4,47.107,0.0235
Decision_1,X4,47.247,0.0235
Decision_1,X4,47.387,0.0235
Decision_1,X4,47.527,0.0235
Decision_1,X4,47.667,0.0235
Decision_1,X4,47.807,0.0235
Decision_1,X4,47.947,0.0235
Decision_1,X4,48.087,0.0235
Decision_1,X4,48.227,0.0235
Decision_1,X4,48.367,0.0235
Decision_1,X4,48.507,0.0235
Decision_1,X4,48.647,0.0235
Decision_1,X4,48.787,0.0235
Decision_1,X4,48.927,0.0235
Decision_1,X4,49.067,0.0235
Decision_1,X4,49.207,0.0235
Decision_1,X4,49.347,0.0235
Decision_1,X4,49.487,0.0235
Decision_1,X4,49.627,0.0235
Decision_1,X4,49.767,0.0235
Decision_1,X4,49.907,0.0235
Decision_1,X4,50.047,0.0235
Decision_1,X4,50.187,0.0235
Decision_1,X4,50.327,0.0235
Decision_1,X4,50.467,0.0235
Decision_1,X4,50.607,0.0235
Decision_1,X4,50.747,0.0235
Decision_1,X4,50.887,0.0235
Decision_1,X4,51.027,0.0235
Decision_1,X4,51.167,0.0235
Decision_1,X4,51.307,0.0235
Decision_1,X4,51.447,0.0235
Decision_1,X4,51.587,0.0235
Decision_1,X4,51.727,0.0235
Decision_1,X4,51.867,0.0235
Decision_1,X4,52.007,0.0235
Decision_1,X4,52.147,0.0235
Decision_1,X4,52.287,0.0235
Decision_1,X4,52.427,0.0235
Decision_1,X4,52.567,0.0235
Decision_1,X4,52.707,0.0235
Decision_1,X4,52.847,0.0235
Decision_1,X4,52.987,0.0235
Decision_1,X4,53.127,0.0235
Decision_1,X4,53.267,0.0235
Decision_1,X4,53.407,0.0235
Decision_1,X4,53.547,0.0235
Decision_1,X4,53.687,0.0235
Decision_1,X4,53.827,0.0235
Decision_1,X4,53.967,0.0235
Decision_1,X4,54.107,0.0235
Decision_1,X4,54.247,0.0235
Decision_1,X4,54.387,0.0235
Decision_1,X4,54.527,0.0235
Decision_1,X4,54.667,0.0235
Decision_1,X4,54.807,0.0235
Decision_1,X4,54.947,0.0235
Decision_1,X4,55.087,0.0235
Decision_1,X4,55.227,0.0235
Decision_1,X4,55.367,0.0235
Decision_1,X4,55.507,0.0235
Decision_1,X4,55.647,0.0235
Decision_1,X4,55.787,0.0235
Decision_1,X4,55.927,0.0235
Decision_1,X4,56.067,0.0235
Decision_1,X4,56.207,0.0235
Decision_1,X4,56.347,0.0235
Decision_1,X4,56.487,0.0235
Decision_1,X4,56.627,0.0235
Decision_1,X4,56.767,0.0235
Decision_1,X4,56.907,0.0235
Decision_1,X4,57.047,0.0235
Decision_1,X4,57.187,0.0235
Decision_1,X4,57.327,0.0235
Decision_1,X4,57.467,0.0235
Decision_1,X4,57.607,0.0235
Decision_1,X4,57.747,0.0235
Decision_1,X4,57.887,0.0235
Decision_1,X4,58.027,0.0235
Decision_1,X4,58.167,0.0235
Decision_1,X4,58.307,0.0235
Decision_1,X4,58.447,0.0235
Decision_1,X4,58.587,0.0235
Decision_1,X4,58.727,0.0235
Decision_1,X4,58.867,0.0235
Decision_1,X4,59.007,0.0235
Decision_1,X4,59.147,0.0235
Decision_1,X4,59.287,0.0235
Decision_1,X4,59.427,0.0235
Decision_1,X4,59.567,0.0235
Decision_1,X4,59.707,0.0235
Decision_1,X4,59.847,0.0235
Decision_1,X4,59.987,0.0235
Decision_1,X4,60.127,0.0235
Decision_1,X4,60.267,0.0235
Decision_1,X4,60.407,0.0235
Decision_1,X4,60.547,0.0235
Decision_1,X4,60.687,0.0235
Decision_1,X4,60.827,0.0235
Decision_1,X4,60.967,0.0235
Decision_1,X4,61.107,0.0235
Decision_1,X4,61.247,0.0235
Decision_1,X4,61.387,0.0235
Decision_1,X4,61.527,0.0235
Decision_1,X4,61.667,0.0235
Decision_1,X4,61.807,0.0235
Decision_1,X4,61.947,0.0235
Decision_1,X4,62.087,0.0235
Decision_1,X4,62.227,0.0235
Decision_1,X4,62.367,0.0235
Decision_1,X4,62.507,0.0235
Decision_1,X4,62.647,0.0235
Decision_1,X4,62.787,0.0235
Decision_1,X4,62.927,0.0235
Decision_1,X4,63.067,0.0235
Decision_1,X4,63.207,0.0235
Decision_1,X4,63.347,0.0235
Decision_1,X4,63.487,0.0235
Decision_1,X4,63.627,0.0235
Decision_1,X4,63.767,0.0235
Decision_1,X4,63.907,0.0235
Decision_1,X4,64.047,0.0235
Decision_1,X4,64.187,0.0235
Decision_1,X4,64.327,0.0235
Decision_1,X4,64.467,0.0235
Decision_1,X4,64.607,0.0235
Decision_1,X4,64.747,0.0235
Decision_1,X4,64.887,0.0235
Decision_1,X4,65.027,0.0235
Decision_1,X4,65.167,0.0235
Decision_1,X4,65.307,0.0235
Decision_1,X4,65.447,0.0235
Decision_1,X4,65.587,0.0235
Decision_1,X4,65.727,0.0235
Decision_1,X4,65.867,0.0235
Decision_1,X4,66.007,0.0235
Decision_1,X4,66.147,0.0235
Decision_1,X4,66.287,0.0235
Decision_1,X4,66.427,0.0235
Decision_1,X4,66.567,0.0235
Decision_1,X4,66.707,0.0235
Decision_1,X4,66.847,0.0235
Decision_1,X4,66.987,0.0235
Decision_1,X4,67.127,0.0235
Decision_1,X4,67.267,0.0235
Decision_1,X4,67.407,0.0235
Decision_1,X4,67.547,0.0235
Decision_1,X4,67.687,0.0235
Decision_1,X4,67.827,0.0235
Decision_1,X4,67.967,0.0235
Decision_1,X4,68.107,0.0235
Decision_1,X4,68.247,0.0235
Decision_1,X4,68.387,0.0235
Decision_1,X4,68.527,0.0235
Decision_1,X4,68.667,0.0235
Decision_1,X4,68.807,0.0235
Decision_1,X4,68.947,0.0235
Decision_1,X4,69.087,0.0235
Decision_1,X4,69.227,0.0235
Decision_1,X4,69.367,0.0235
Decision_1,X4,69.507,0.0235
Decision_1,X4,69.647,0.0235
Decision_1,X4,69.787,0.0235
Decision_1,X4,69.927,0.0235
Decision_1,X4,70.067,0.0235
Decision_1,X4,70.207,0.0235
Decision_1,X4,70.347,0.0235
Decision_1,X4,70.487,0.0235
Decision_1,X4,70.627,0.0235
Decision_1,X4,70.767,0.0235
Decision_1,X4,70.907,0.0235
Decision_1,X4,71.047,0.0235
Decision_1,X4,71.187,0.0235
Decision_1,X4,71.327,0.0235
Decision_1,X4,71.467,0.0235
Decision_1,X4,71.607,0.0235
Decision_1,X4,71.747,0.0235
Decision_1,X4,71.887,0.0235
Decision_1,X4,72.027,0.0235
Decision_1,X4,72.167,0.0235
Decision_1,X4,72.307,0.0235
Decision_1,X4,72.447,0.0235
Decision_1,X4,72.587,0.0235
Decision_1,X4,72.727,0.0235
Decision_1,X4,72.867,0.0235
Decision_1,X4,73.007,0.0235
Decision_1,X4,73.147,0.0235
Decision_1,X4,73.287,0.0235
Decision_1,X4,73.427,0.0235
Decision_1,X4,73.567,0.0235
Decision_1,X4,73.707,0.0235
Decision_1,X4,73.847,0.0235
Decision_1,X4,73.987,0.0235
Decision_1,X4,74.127,0.0235
Decision_1,X4,74.267,0.0235
Decision_1,X4,74.407,0.0235
Decision_1,X4,74.547,0.0235
Decision_1,X4,74.687,0.0235
Decision_1,X4,74.827,0.0235
Decision_1,X4,74.967,0.0235
Decision_1,X4,75.107,0.0235
Decision_1,X4,75.247,0.0235
Decision_1,X4,75.387,0.0235
Decision_1,X4,75.527,0.0235
Decision_1,X4,75.667,0.0235
Decision_1,X4,75.807,0.0235
Decision_1,X4,75.947,0.0235
Decision_1,X4,76.087,0.0235
Decision_1,X4,76.227,0.0235
Decision_1,X4,76.367,0.0235
Decision_1,X4,76.507,0.0235
Decision_1,X4,76.647,0.0235
Decision_1,X4,76.787,0.0235
Decision_1,X4,76.927,0.0235
Decision_1,X4,77.067,0.0235
Decision_1,X4,77.207,0.0235
Decision_1,X4,77.347,0.0235
Decision_1,X4,77.487,0.0235
Decision_1,X4,77.627,0.0235
Decision_1,X4,77.767,0.0235
Decision_1,X4,77.907,0.0235
Decision_1,X4,78.047,0.0235
Decision_1,X4,78.187,0.0235
Decision_1,X4,78.327,0.0235
Decision_1,X4,78.467,0.0235
Decision_1,X4,78.607,0.0235
Decision_1,X4,78.747,0.0235
Decision_1,X4,78.887,0.0235
Decision_1,X4,79.027,0.0235
Decision_1,X4,79.167,0.0235
Decision_1,X4,79.307,0.0235
Decision_1,X4,79.447,0.0235
Decision_1,X4,79.587,0.0235
Decision_1,X4,79.727,0.0235
Decision_1,X4,79.867,0.0235
Decision_1,X4,80.007,0.0235
Decision_1,X4,80.147,0.0235
Decision_1,X4,80.287,0.0235
Decision_1,X4,80.427,0.0235
Decision_1,X4,80.567,0.0235
Decision_1,X4,80.707,0.0235
Decision_1,X4,80.847,0.0235
Decision_1,X4,80.987,0.0235
Decision_1,X4,81.127,0.0235
Decision_1,X4,81.267,0.0235
Decision_1,X4,81.407,0.0235
Decision_1,X4,81.547,0.0235
Decision_1,X4,81.687,0.0235
Decision_1,X4,81.827,0.0235
Decision_1,X4,81.967,0.0235
Decision_1,X4,82.107,0.0235
Decision_1,X4,82.247,0.0235
Decision_1,X4,82.387,0.0235
Decision_1,X4,82.527,0.0235
Decision_1,X4,82.667,0.0235
Decision_1,X4,82.807,0.0235
Decision_1,X4,82.947,0.0235
Decision_1,X4,83.087,0.0235
Decision_1,X4,83.227,0.0235
Decision_1,X4,83.367,0.0235
Decision_1,X4,83.507,0.0235
Decision_1,X4,83.647,0.0235
Decision_1,X4,83.787,0.0235
Decision_1,X4,83.927,0.0235
Decision_1,X4,84.067,0.0235
Decision_1,X4,84.207,0.0235
Decision_1,X4,84.347,0.0235
Decision_1,X4,84.487,0.0235
Decision_1,X4,84.627,0.0235
Decision_1,X4,84.767,0.0235
Decision_1,X4,84.907,0.0235
Decision_1,X4,85.047,0.0235
Decision_1,X4,85.187,0.0235
Decision_1,X4,85.327,0.0235
Decision_1,X4,85.467,0.0235
Decision_1,X4,85.607,0.0235
Decision_1,X4,85.747,0.0235
Decision_1,X4,85.887,0.0235
Decision_1,X4,86.027,0.0235
Decision_1,X4,86.167,0.0235
Decision_1,X4,86.307,0.0235
Decision_1,X4,86.447,0.0235
Decision_1,X4,86.587,0.0235
Decision_1,X4,86.727,0.0235
Decision_1,X4,86.867,0.0235
Decision_1,X4,87.007,0.0235
Decision_1,X4,87.147,0.0235
Decision_1,X4,87.287,0.0235
Decision_1,X4,87.427,0.0235
Decision_1,X4,87.567,0.0235
Decision_1,X4,87.707,0.0235
Decision_1,X4,87.847,0.0235
Decision_1,X4,87.987,0.0235
Decision_1,X4,88.127,0.0235
Decision_1,X4,88.267,0.0235
Decision_1,X4,88.407,0.0235
Decision_1,X4,88.547,0.0235
Decision_1,X4,88.687,0.0235
Decision_1,X4,88.827,0.0235
Decision_1,X4,88.967,0.0235
Decision_1,X4,89.107,0.0235
Decision_1,X4,89.247,0.0235
Decision_1,X4,89.387,0.0235
Decision_1,X4,89.527,0.0235
Decision_1,X4,89.667,0.0235
Decision_1,X4,89.807,0.0235
Decision_1,X4,89.947,0.0235
Decision_1,X4,90.087,0.0235
Decision_1,X4,90.227,0.0235
Decision_1,X4,90.367,0.0235
Decision_1,X4,90.507,0.0235
Decision_1,X4,90.647,0.0235
Decision_1,X4,90.787,0.0235
Decision_1,X4,90.927,0.0235
Decision_1,X4,91.067,0.0235
Decision_1,X4,91.207,0.0235
Decision_1,X4,91.347,0.0235
Decision_1,X4,91.487,0.0235
Decision_1,X4,91.627,0.0235
Decision_1,X4,91.767,0.0235
Decision_1,X4,91.907,0.0235
Decision_1,X4,92.047,0.0235
Decision_1,X4,92.187,0.0235
Decision_1,X4,92.327,0.0235
Decision_1,X4,92.467,0.0235
Decision_1,X4,92.607,0.0235
Decision_1,X4,92.747,0.0235
Decision_1,X4,92.887,0.0235
Decision_1,X4,93.027,0.0235
Decision_1,X4,93.167,0.0235
Decision_1,X4,93.307,0.0235
Decision_1,X4,93.447,0.0235
Decision_1,X4,93.587,0.0235
Decision_1,X4,93.727,0.0235
Decision_1,X4,93.867,0.0235
Decision_1,X4,94.007,0.0235
Decision_1,X4,94.147,0.0235
Decision_1,X4,94.287,0.0235
Decision_1,X4,94.427,0.0235
Decision_1,X4,94.567,0.0235
Decision_1,X4,94.707,0.0235
Decision_1,X4,94.847,0.0235
Decision_1,X4,94.987,0.0235
Decision_1,X4,95.127,0.0235
Decision_1,X4,95.267,0.0235
Decision_1,X4,95.407,0.0235
Decision_1,X4,95.547,0.0235
Decision_1,X4,95.687,0.0235
Decision_1,X4,95.827,0.0235
Decision_1,X4,95.967,0.0235
Decision_1,X4,96.107,0.0235
Decision_1,X4,96.247,0.0235
Decision_1,X4,96.387,0.0235
Decision_1,X4,96.527,0.0235
Decision_1,X4,96.667,0.0235
Decision_1,X4,96.807,0.0235
Decision_1,X4,96.947,0.0235
Decision_1,X4,97.087,0.0235
Decision_1,X4,97.227,0.0235
Decision_1,X4,97.367,0.0235
Decision_1,X4,97.507,0.0235
Decision_1,X4,97.647,0.0235
Decision_1,X4,97.787,0.0235
Decision_1,X4,97.927,0.0235
Decision_1,X4,98.067,0.0235
Decision_1,X4,98.207,0.0235
Decision_1,X4,98.347,0.0235
Decision_1,X4,98.487,0.0235
Decision_1,X4,98.627,0.0235
Decision_1,X4,98.767,0.0235
Decision_1,X4,98.907,0.0235
Decision_1,X4,99.047,0.0235
Decision_1,X4,99.187,0.0235
Decision_1,X4,99.327,0.0235
Decision_1,X4,99.467,0.0235
Decision_1,X4,99.607,0.0235
Decision_1,X4,99.747,0.0235
Decision_1,X4,99.887,0.0235
Decision_1,X4,100.027,0.0235
Decision_1,X4,100.167,0.0235
Decision_1,X4,100.307,0.0235
Decision_1,X4,100.447,0.0235
Decision_1,X4,100.587,0.0235
Decision_1,X4,100.727,0.0235
Decision_1,X4,100.867,0.0235
Decision_1,X4,101.007,0.0235
Decision_1,X4,101.147,0.0235
Decision_1,X4,101.287,0.0235
Decision_1,X4,101.427,0.0235
Decision_1,X4,101.567,0.0235
Decision_1,X4,101.707,0.0235
Decision_1,X4,101.847,0.0235
Decision_1,X4,101.987,0.0235
Decision_1,X4,102.127,0.0784
Decision_1,X4,102.267,1.0
Decision_2,X14,0.067,1.0
Decision_2,X14,0.207,0.0549
Decision_2,X14,0.347,0.0
Decision_2,X14,0.487,0.0
Decision_2,X14,0.627,0.0
Decision_2,X14,0.767,0.0
Decision_2,X14,0.907,0.0
Decision_2,X14,1.047,0.0
Decision_2,X14,1.187,0.0
Decision_2,X14,1.327,0.0
Decision_2,X14,1.467,0.0
Decision_2,X14,1.607,0.0
Decision_2,X14,1.747,0.0
Decision_2,X14,1.887,0.0
Decision_2,X14,2.027,0.0
Decision_2,X14,2.167,0.0
Decision_2,X14,2.307,0.0
Decision_2,X14,2.447,0.0
Decision_2,X14,2.587,0.0
Decision_2,X14,2.727,0.0
Decision_2,X14,2.867,0.0
Decision_2,X14,3.007,0.0
Decision_2,X14,3.147,0.0
Decision_2,X14,3.287,0.0
Decision_2,X14,3.427,0.0
Decision_2,X14,3.567,0.0
Decision_2,X14,3.707,0.0
Decision_2,X14,3.847,0.0
Decision_2,X14,3.987,0.0
Decision_2,X14,4.127,0.0
Decision_2,X14,4.267,0.0
Decision_2,X14,4.407,0.0
Decision_2,X14,4.547,0.0
Decision_2,X14,4.687,0.0
Decision_2,X14,4.827,0.0
Decision_2,X14,4.967,0.0
Decision_2,X14,5.107,0.0
Decision_2,X14,5.247,0.0
Decision_2,X14,5.387,0.0
Decision_2,X14,5.527,0.0
Decision_2,X14,5.667,0.0
Decision_2,X14,5.807,0.0
Decision_2,X14,5.947,0.0
Decision_2,X14,6.087,0.0
Decision_2,X14,6.227,0.0
Decision_2,X14,6.367,0.0
Decision_2,X14,6.507,0.0
Decision_2,X14,6.647,0.0
Decision_2,X14,6.787,0.0
Decision_2,X14,6.927,0.0
Decision_2,X14,7.067,0.0
Decision_2,X14,7.207,0.0
Decision_2,X14,7.347,0.0
Decision_2,X14,7.487,0.0
Decision_2,X14,7.627,0.0
Decision_2,X14,7.767,0.0
Decision_2,X14,7.907,0.0
Decision_2,X14,8.047,0.0
Decision_2,X14,8.187,0.0
Decision_2,X14,8.327,0.0
Decision_2,X14,8.467,0.0
Decision_2,X14,8.607,0.0
Decision_2,X14,8.747,0.0
Decision_2,X14,8.887,0.0
Decision_2,X14,9.027,0.0
Decision_2,X14,9.167,0.0
Decision_2,X14,9.307,0.0
Decision_2,X14,9.447,0.0
Decision_2,X14,9.587,0.0
Decision_2,X14,9.727,0.0
Decision_2,X14,9.867,0.0
Decision_2,X14,10.007,0.0
Decision_2,X14,10.147,0.0
Decision_2,X14,10.287,0.0
Decision_2,X14,10.427,0.0
Decision_2,X14,10.567,0.0
Decision_2,X14,10.707,0.0
Decision_2,X14,10.847,0.0
Decision_2,X14,10.987,0.0
Decision_2,X14,11.127,0.0
Decision_2,X14,11.267,0.0
Decision_2,X14,11.407,0.0
Decision_2,X14,11.547,0.0
Decision_2,X14,11.687,0.0
Decision_2,X14,11.827,0.0
Decision_2,X14,11.967,0.0
Decision_2,X14,12.107,0.0
Decision_2,X14,12.247,0.0
Decision_2,X14,12.387,0.0
Decision_2,X14,12.527,0.0
Decision_2,X14,12.667,0.0
Decision_2,X14,12.807,0.0
Decision_2,X14,12.947,0.0
Decision_2,X14,13.087,0.0
Decision_2,X14,13.227,0.0
Decision_2,X14,13.367,0.0
Decision_2,X14,13.507,0.0
Decision_2,X14,13.647,0.0
Decision_2,X14,13.787,0.0
Decision_2,X14,13.927,0.0
Decision_2,X14,14.067,0.0
Decision_2,X14,14.207,0.0
Decision_2,X14,14.347,0.0
Decision_2,X14,14.487,0.0
Decision_2,X14,14.627,0.0
Decision_2,X14,14.767,0.0
Decision_2,X14,14.907,0.0
Decision_2,X14,15.047,0.0
Decision_2,X14,15.187,0.0
Decision_2,X14,15.327,0.0
Decision_2,X14,15.467,0.0
Decision_2,X14,15.607,0.0
Decision_2,X14,15.747,0.0
Decision_2,X14,15.887,0.0
Decision_2,X14,16.027,0.0
Decision_2,X14,16.167,0.0
Decision_2,X14,16.307,0.0
Decision_2,X14,16.447,0.0
Decision_2,X14,16.587,0.0
Decision_2,X14,16.727,0.0
Decision_2,X14,16.867,0.0
Decision_2,X14,17.007,0.0
Decision_2,X14,17.147,0.0
Decision_2,X14,17.287,0.0
Decision_2,X14,17.427,0.0
Decision_2,X14,17.567,0.0
Decision_2,X14,17.707,0.0
Decision_2,X14,17.847,0.0
Decision_2,X14,17.987,0.0
Decision_2,X14,18.127,0.0
Decision_2,X14,18.267,0.0
Decision_2,X14,18.407,0.0
Decision_2,X14,18.547,0.0
Decision_2,X14,18.687,0.0
Decision_2,X14,18.827,0.0
Decision_2,X14,18.967,0.0
Decision_2,X14,19.107,0.0
Decision_2,X14,19.247,0.0
Decision_2,X14,19.387,0.0
Decision_2,X14,19.527,0.0
Decision_2,X14,19.667,0.0
Decision_2,X14,19.807,0.0
Decision_2,X14,19.947,0.0
Decision_2,X14,20.087,0.0
Decision_2,X14,20.227,0.0
Decision_2,X14,20.367,0.0
Decision_2,X14,20.507,0.0
Decision_2,X14,20.647,0.0
Decision_2,X14,20.787,0.0
Decision_2,X14,20.927,0.0
Decision_2,X14,21.067,0.0
Decision_2,X14,21.207,0.0
Decision_2,X14,21.347,0.0
Decision_2,X14,21.487,0.0
Decision_2,X14,21.627,0.0
Decision_2,X14,21.767,0.0
Decision_2,X14,21.907,0.0
Decision_2,X14,22.047,0.0
Decision_2,X14,22.187,0.0
Decision_2,X14,22.327,0.0
Decision_2,X14,22.467,0.0
Decision_2,X14,22.607,0.0
Decision_2,X14,22.747,0.0
Decision_2,X14,22.887,0.0
Decision_2,X14,23.027,0.0
Decision_2,X14,23.167,0.0
Decision_2,X14,23.307,0.0
Decision_2,X14,23.447,0.0
Decision_2,X14,23.587,0.0
Decision_2,X14,23.727,0.0
Decision_2,X14,23.867,0.0
Decision_2,X14,24.007,0.0
Decision_2,X14,24.147,0.0
Decision_2,X14,24.287,0.0
Decision_2,X14,24.427,0.0
Decision_2,X14,24.567,0.0
Decision_2,X14,24.707,0.0
Decision_2,X14,24.847,0.0
Decision_2,X14,24.987,0.0
Decision_2,X14,25.127,0.0
Decision_2,X14,25.267,0.0
Decision_2,X14,25.407,0.0
Decision_2,X14,25.547,0.0
Decision_2,X14,25.687,0.0
Decision_2,X14,25.827,0.0
Decision_2,X14,25.967,0.0
Decision_2,X14,26.107,0.0
Decision_2,X14,26.247,0.0
Decision_2,X14,26.387,0.0
Decision_2,X14,26.527,0.0
Decision_2,X14,26.667,0.0
Decision_2,X14,26.807,0.0
Decision_2,X14,26.947,0.0
Decision_2,X14,27.087,0.0
Decision_2,X14,27.227,0.0
Decision_2,X14,27.367,0.0
Decision_2,X14,27.507,0.0
Decision_2,X14,27.647,0.0
Decision_2,X14,27.787,0.0
Decision_2,X14,27.927,0.0
Decision_2,X14,28.067,0.0
Decision_2,X14,28.207,0.0
Decision_2,X14,28.347,0.0
Decision_2,X14,28.487,0.0
Decision_2,X14,28.627,0.0
Decision_2,X14,28.767,0.0
Decision_2,X14,28.907,0.0
Decision_2,X14,29.047,0.0
Decision_2,X14,29.187,0.0
Decision_2,X14,29.327,0.0
Decision_2,X14,29.467,0.0
Decision_2,X14,29.607,0.0
Decision_2,X14,29.747,0.0
Decision_2,X14,29.887,0.0
Decision_2,X14,30.027,0.0
Decision_2,X14,30.167,0.0
Decision_2,X14,30.307,0.0
Decision_2,X14,30.447,0.0
Decision_2,X14,30.587,0.0
Decision_2,X14,30.727,0.0
Decision_2,X14,30.867,0.0
Decision_2,X14,31.007,0.0
Decision_2,X14,31.147,0.0
Decision_2,X14,31.287,0.0
Decision_2,X14,31.427,0.0
Decision_2,X14,31.567,0.0
Decision_2,X14,31.707,0.0
Decision_2,X14,31.847,0.0
Decision_2,X14,31.987,0.0
Decision_2,X14,32.127,0.0
Decision_2,X14,32.267,0.0
Decision_2,X14,32.407,0.0
Decision_2,X14,32.547,0.0
Decision_2,X14,32.687,0.0
Decision_2,X14,32.827,0.0
Decision_2,X14,32.967,0.0
Decision_2,X14,33.107,0.0
Decision_2,X14,33.247,0.0
Decision_2,X14,33.387,0.0
Decision_2,X14,33.527,0.0
Decision_2,X14,33.667,0.0
Decision_2,X14,33.807,0.0
Decision_2,X14,33.947,0.0
Decision_2,X14,34.087,0.0
Decision_2,X14,34.227,0.0
Decision_2,X14,34.367,0.0
Decision_2,X14,34.507,0.0
Decision_2,X14,34.647,0.0
Decision_2,X14,34.787,0.0
Decision_2,X14,34.927,0.0
Decision_2,X14,35.067,0.0
Decision_2,X14,35.207,0.0
Decision_2,X14,35.347,0.0
Decision_2,X14,35.487,0.0
Decision_2,X14,35.627,0.0
Decision_2,X14,35.767,0.0
Decision_2,X14,35.907,0.0
Decision_2,X14,36.047,0.0
Decision_2,X14,36.187,0.0
Decision_2,X14,36.327,0.0
Decision_2,X14,36.467,0.0
Decision_2,X14,36.607,0.0
Decision_2,X14,36.747,0.0
Decision_2,X14,36.887,0.0
Decision_2,X14,37.027,0.0
Decision_2,X14,37.167,0.0
Decision_2,X14,37.307,0.0
Decision_2,X14,37.447,0.0
Decision_2,X14,37.587,0.0
Decision_2,X14,37.727,0.0
Decision_2,X14,37.867,0.0
Decision_2,X14,38.007,0.0
Decision_2,X14,38.147,0.0
Decision_2,X14,38.287,0.0
Decision_2,X14,38.427,0.0
Decision_2,X14,38.567,0.0
Decision_2,X14,38.707,0.0
Decision_2,X14,38.847,0.0
Decision_2,X14,38.987,0.0
Decision_2,X14,39.127,0.0
Decision_2,X14,39.267,0.0
Decision_2,X14,39.407,0.0
Decision_2,X14,39.547,0.0
Decision_2,X14,39.687,0.0
Decision_2,X14,39.827,0.0
Decision_2,X14,39.967,0.0
Decision_2,X14,40.107,0.0
Decision_2,X14,40.247,0.0
Decision_2,X14,40.387,0.0
Decision_2,X14,40.527,0.0
Decision_2,X14,40.667,0.0
Decision_2,X14,40.807,0.0
Decision_2,X14,40.947,0.0
Decision_2,X14,41.087,0.0
Decision_2,X14,41.227,0.0
Decision_2,X14,41.367,0.0
Decision_2,X14,41.507,0.0
Decision_2,X14,41.647,0.0
Decision_2,X14,41.787,0.0
Decision_2,X14,41.927,0.0
Decision_2,X14,42.067,0.0
Decision_2,X14,42.207,0.0
Decision_2,X14,42.347,0.0
Decision_2,X14,42.487,0.0
Decision_2,X14,42.627,0.0
Decision_2,X14,42.767,0.0
Decision_2,X14,42.907,0.0
Decision_2,X14,43.047,0.0
Decision_2,X14,43.187,0.0
Decision_2,X14,43.327,0.0
Decision_2,X14,43.467,0.0
Decision_2,X14,43.607,0.0
Decision_2,X14,43.747,0.0
Decision_2,X14,43.887,0.0
Decision_2,X14,44.027,0.0
Decision_2,X14,44.167,0.0
Decision_2,X14,44.307,0.0
Decision_2,X14,44.447,0.0
Decision_2,X14,44.587,0.0
Decision_2,X14,44.727,0.0
Decision_2,X14,44.867,0.0
Decision_2,X14,45.007,0.0
Decision_2,X14,45.147,0.0
Decision_2,X14,45.287,0.0
Decision_2,X14,45.427,0.0
Decision_2,X14,45.567,0.0
Decision_2,X14,45.707,0.0
Decision_2,X14,45.847,0.0
Decision_2,X14,45.987,0.0
Decision_2,X14,46.127,0.0
Decision_2,X14,46.267,0.0
Decision_2,X14,46.407,0.0
Decision_2,X14,46.547,0.0
Decision_2,X14,46.687,0.0
Decision_2,X14,46.827,0.0
Decision_2,X14,46.967,0.0
Decision_2,X14,47.107,0.0
Decision_2,X14,47.247,0.0
Decision_2,X14,47.387,0.0
Decision_2,X14,47.527,0.0
Decision_2,X14,47.667,0.0
Decision_2,X14,47.807,0.0
Decision_2,X14,47.947,0.0
Decision_2,X14,48.087,0.0
Decision_2,X14,48.227,0.0
Decision_2,X14,48.367,0.0
Decision_2,X14,48.507,0.0
Decision_2,X14,48.647,0.0
Decision_2,X14,48.787,0.0
Decision_2,X14,48.927,0.0
Decision_2,X14,49.067,0.0
Decision_2,X14,49.207,0.0
Decision_2,X14,49.347,0.0
Decision_2,X14,49.487,0.0
Decision_2,X14,49.627,0.0
Decision_2,X14,49.767,0.0
Decision_2,X14,49.907,0.0
Decision_2,X14,50.047,0.0
Decision_2,X14,50.187,0.0
Decision_2,X14,50.327,0.0
Decision_2,X14,50.467,0.0
Decision_2,X14,50.607,0.0
Decision_2,X14,50.747,0.0
Decision_2,X14,50.887,0.0
Decision_2,X14,51.027,0.0
Decision_2,X14,51.167,0.0
Decision_2,X14,51.307,0.0
Decision_2,X14,51.447,0.0
Decision_2,X14,51.587,0.0
Decision_2,X14,51.727,0.0
Decision_2,X14,51.867,0.0
Decision_2,X14,52.007,0.0
Decision_2,X14,52.147,0.0
Decision_2,X14,52.287,0.0
Decision_2,X14,52.427,0.0
Decision_2,X14,52.567,0.0
Decision_2,X14,52.707,0.0
Decision_2,X14,52.847,0.0
Decision_2,X14,52.987,0.0
Decision_2,X14,53.127,0.0
Decision_2,X14,53.267,0.0
Decision_2,X14,53.407,0.0
Decision_2,X14,53.547,0.0
Decision_2,X14,53.687,0.0
Decision_2,X14,53.827,0.0
Decision_2,X14,53.967,0.0
Decision_2,X14,54.107,0.0
Decision_2,X14,54.247,0.0
Decision_2,X14,54.387,0.0
Decision_2,X14,54.527,0.0
Decision_2,X14,54.667,0.0
Decision_2,X14,54.807,0.0
Decision_2,X14,54.947,0.0
Decision_2,X14,55.087,0.0
Decision_2,X14,55.227,0.0
Decision_2,X14,55.367,0.0
Decision_2,X14,55.507,0.0
Decision_2,X14,55.647,0.0
Decision_2,X14,55.787,0.0
Decision_2,X14,55.927,0.0
Decision_2,X14,56.067,0.0
Decision_2,X14,56.207,0.0
Decision_2,X14,56.347,0.0
Decision_2,X14,56.487,0.0
Decision_2,X14,56.627,0.0
Decision_2,X14,56.767,0.0
Decision_2,X14,56.907,0.0
Decision_2,X14,57.047,0.0
Decision_2,X14,57.187,0.0
Decision_2,X14,57.327,0.0
Decision_2,X14,57.467,0.0
Decision_2,X14,57.607,0.0
Decision_2,X14,57.747,0.0
Decision_2,X14,57.887,0.0
Decision_2,X14,58.027,0.0
Decision_2,X14,58.167,0.0
Decision_2,X14,58.307,0.0
Decision_2,X14,58.447,0.0
Decision_2,X14,58.587,0.0
Decision_2,X14,58.727,0.0
Decision_2,X14,58.867,0.0
Decision_2,X14,59.007,0.0
Decision_2,X14,59.147,0.0
Decision_2,X14,59.287,0.0
Decision_2,X14,59.427,0.0
Decision_2,X14,59.567,0.0
Decision_2,X14,59.707,0.0
Decision_2,X14,59.847,0.0
Decision_2,X14,59.987,0.0
Decision_2,X14,60.127,0.0
Decision_2,X14,60.267,0.0
Decision_2,X14,60.407,0.0
Decision_2,X14,60.547,0.0
Decision_2,X14,60.687,0.0
Decision_2,X14,60.827,0.0
Decision_2,X14,60.967,0.0
Decision_2,X14,61.107,0.0
Decision_2,X14,61.247,0.0
Decision_2,X14,61.387,0.0
Decision_2,X14,61.527,0.0
Decision_2,X14,61.667,0.0
Decision_2,X14,61.807,0.0
Decision_2,X14,61.947,0.0
Decision_2,X14,62.087,0.0
Decision_2,X14,62.227,0.0
Decision_2,X14,62.367,0.0
Decision_2,X14,62.507,0.0
Decision_2,X14,62.647,0.0
Decision_2,X14,62.787,0.0
Decision_2,X14,62.927,0.0
Decision_2,X14,63.067,0.0
Decision_2,X14,63.207,0.0
Decision_2,X14,63.347,0.0
Decision_2,X14,63.487,0.0
Decision_2,X14,63.627,0.0
Decision_2,X14,63.767,0.0
Decision_2,X14,63.907,0.0
Decision_2,X14,64.047,0.0
Decision_2,X14,64.187,0.0
Decision_2,X14,64.327,0.0
Decision_2,X14,64.467,0.0
Decision_2,X14,64.607,0.0
Decision_2,X14,64.747,0.0
Decision_2,X14,64.887,0.0
Decision_2,X14,65.027,0.0
Decision_2,X14,65.167,0.0
Decision_2,X14,65.307,0.0
Decision_2,X14,65.447,0.0
Decision_2,X14,65.587,0.0
Decision_2,X14,65.727,0.0
Decision_2,X14,65.867,0.0
Decision_2,X14,66.007,0.0
Decision_2,X14,66.147,0.0
Decision_2,X14,66.287,0.0
Decision_2,X14,66.427,0.0
Decision_2,X14,66.567,0.0
Decision_2,X14,66.707,0.0
Decision_2,X14,66.847,0.0
Decision_2,X14,66.987,0.0
Decision_2,X14,67.127,0.0
Decision_2,X14,67.267,0.0
Decision_2,X14,67.407,0.0
Decision_2,X14,67.547,0.0
Decision_2,X14,67.687,0.0
Decision_2,X14,67.827,0.0
Decision_2,X14,67.967,0.0
Decision_2,X14,68.107,0.0
Decision_2,X14,68.247,0.0
Decision_2,X14,68.387,0.0
Decision_2,X14,68.527,0.0
Decision_2,X14,68.667,0.0
Decision_2,X14,68.807,0.0
Decision_2,X14,68.947,0.0
Decision_2,X14,69.087,0.0
Decision_2,X14,69.227,0.0
Decision_2,X14,69.367,0.0
Decision_2,X14,69.507,0.0
Decision_2,X14,69.647,0.0
Decision_2,X14,69.787,0.0
Decision_2,X14,69.927,0.0
Decision_2,X14,70.067,0.0
Decision_2,X14,70.207,0.0
Decision_2,X14,70.347,0.0
Decision_2,X14,70.487,0.0
Decision_2,X14,70.627,0.0
Decision_2,X14,70.767,0.0
Decision_2,X14,70.907,0.0
Decision_2,X14,71.047,0.0
Decision_2,X14,71.187,0.0
Decision_2,X14,71.327,0.0
Decision_2,X14,71.467,0.0
Decision_2,X14,71.607,0.0
Decision_2,X14,71.747,0.0
Decision_2,X14,71.887,0.0
Decision_2,X14,72.027,0.0
Decision_2,X14,72.167,0.0
Decision_2,X14,72.307,0.0
Decision_2,X14,72.447,0.0
Decision_2,X14,72.587,0.0
Decision_2,X14,72.727,0.0
Decision_2,X14,72.867,0.0
Decision_2,X14,73.007,0.0
Decision_2,X14,73.147,0.0
Decision_2,X14,73.287,0.0
Decision_2,X14,73.427,0.0
Decision_2,X14,73.567,0.0
Decision_2,X14,73.707,0.0
Decision_2,X14,73.847,0.0
Decision_2,X14,73.987,0.0
Decision_2,X14,74.127,0.0
Decision_2,X14,74.267,0.0
Decision_2,X14,74.407,0.0
Decision_2,X14,74.547,0.0
Decision_2,X14,74.687,0.0
Decision_2,X14,74.827,0.0
Decision_2,X14,74.967,0.0
Decision_2,X14,75.107,0.0
Decision_2,X14,75.247,0.0
Decision_2,X14,75.387,0.0
Decision_2,X14,75.527,0.0
Decision_2,X14,75.667,0.0
Decision_2,X14,75.807,0.0
Decision_2,X14,75.947,0.0
Decision_2,X14,76.087,0.0
Decision_2,X14,76.227,0.0
Decision_2,X14,76.367,0.0
Decision_2,X14,76.507,0.0
Decision_2,X14,76.647,0.0
Decision_2,X14,76.787,0.0
Decision_2,X14,76.927,0.0
Decision_2,X14,77.067,0.0
Decision_2,X14,77.207,0.0
Decision_2,X14,77.347,0.0
Decision_2,X14,77.487,0.0
Decision_2,X14,77.627,0.0
Decision_2,X14,77.767,0.0
Decision_2,X14,77.907,0.0
Decision_2,X14,78.047,0.0
Decision_2,X14,78.187,0.0
Decision_2,X14,78.327,0.0
Decision_2,X14,78.467,0.0
Decision_2,X14,78.607,0.0
Decision_2,X14,78.747,0.0
Decision_2,X14,78.887,0.0
Decision_2,X14,79.027,0.0
Decision_2,X14,79.167,0.0
Decision_2,X14,79.307,0.0
Decision_2,X14,79.447,0.0
Decision_2,X14,79.587,0.0
Decision_2,X14,79.727,0.0
Decision_2,X14,79.867,0.0
Decision_2,X14,80.007,0.0
Decision_2,X14,80.147,0.0
Decision_2,X14,80.287,0.0
Decision_2,X14,80.427,0.0
Decision_2,X14,80.567,0.0
Decision_2,X14,80.707,0.0
Decision_2,X14,80.847,0.0
Decision_2,X14,80.987,0.0
Decision_2,X14,81.127,0.0
Decision_2,X14,81.267,0.0
Decision_2,X14,81.407,0.0
Decision_2,X14,81.547,0.0
Decision_2,X14,81.687,0.0
Decision_2,X14,81.827,0.0
Decision_2,X14,81.967,0.0
Decision_2,X14,82.107,0.0
Decision_2,X14,82.247,0.0
Decision_2,X14,82.387,0.0
Decision_2,X14,82.527,0.0
Decision_2,X14,82.667,0.0
Decision_2,X14,82.807,0.0
Decision_2,X14,82.947,0.0
Decision_2,X14,83.087,0.0
Decision_2,X14,83.227,0.0
Decision_2,X14,83.367,0.0
Decision_2,X14,83.507,0.0
Decision_2,X14,83.647,0.0
Decision_2,X14,83.787,0.0
Decision_2,X14,83.927,0.0
Decision_2,X14,84.067,0.0
Decision_2,X14,84.207,0.0
Decision_2,X14,84.347,0.0
Decision_2,X14,84.487,0.0
Decision_2,X14,84.627,0.0
Decision_2,X14,84.767,0.0
Decision_2,X14,84.907,0.0
Decision_2,X14,85.047,0.0
Decision_2,X14,85.187,0.0
Decision_2,X14,85.327,0.0
Decision_2,X14,85.467,0.0
Decision_2,X14,85.607,0.0
Decision_2,X14,85.747,0.0
Decision_2,X14,85.887,0.0
Decision_2,X14,86.027,0.0
Decision_2,X14,86.167,0.0
Decision_2,X14,86.307,0.0
Decision_2,X14,86.447,0.0
Decision_2,X14,86.587,0.0
Decision_2,X14,86.727,0.0
Decision_2,X14,86.867,0.0
Decision_2,X14,87.007,0.0
Decision_2,X14,87.147,0.0
Decision_2,X14,87.287,0.0
Decision_2,X14,87.427,0.0
Decision_2,X14,87.567,0.0
Decision_2,X14,87.707,0.0
Decision_2,X14,87.847,0.0
Decision_2,X14,87.987,0.0
Decision_2,X14,88.127,0.0
Decision_2,X14,88.267,0.0
Decision_2,X14,88.407,0.0
Decision_2,X14,88.547,0.0
Decision_2,X14,88.687,0.0
Decision_2,X14,88.827,0.0
Decision_2,X14,88.967,0.0
Decision_2,X14,89.107,0.0
Decision_2,X14,89.247,0.0
Decision_2,X14,89.387,0.0
Decision_2,X14,89.527,0.0
Decision_2,X14,89.667,0.0
Decision_2,X14,89.807,0.0
Decision_2,X14,89.947,0.0
Decision_2,X14,90.087,0.0
Decision_2,X14,90.227,0.0
Decision_2,X14,90.367,0.0
Decision_2,X14,90.507,0.0
Decision_2,X14,90.647,0.0
Decision_2,X14,90.787,0.0
Decision_2,X14,90.927,0.0
Decision_2,X14,91.067,0.0
Decision_2,X14,91.207,0.0
Decision_2,X14,91.347,0.0
Decision_2,X14,91.487,0.0
Decision_2,X14,91.627,0.0
Decision_2,X14,91.767,0.0
Decision_2,X14,91.907,0.0
Decision_2,X14,92.047,0.0
Decision_2,X14,92.187,0.0
Decision_2,X14,92.327,0.0
Decision_2,X14,92.467,0.0
Decision_2,X14,92.607,0.0
Decision_2,X14,92.747,0.0
Decision_2,X14,92.887,0.0
Decision_2,X14,93.027,0.0
Decision_2,X14,93.167,0.0
Decision_2,X14,93.307,0.0
Decision_2,X14,93.447,0.0
Decision_2,X14,93.587,0.0
Decision_2,X14,93.727,0.0
Decision_2,X14,93.867,0.0
Decision_2,X14,94.007,0.0
Decision_2,X14,94.147,0.0
Decision_2,X14,94.287,0.0
Decision_2,X14,94.427,0.0
Decision_2,X14,94.567,0.0
Decision_2,X14,94.707,0.0
Decision_2,X14,94.847,0.0
Decision_2,X14,94.987,0.0
Decision_2,X14,95.127,0.0
Decision_2,X14,95.267,0.0
Decision_2,X14,95.407,0.0
Decision_2,X14,95.547,0.0
Decision_2,X14,95.687,0.0
Decision_2,X14,95.827,0.0
Decision_2,X14,95.967,0.0
Decision_2,X14,96.107,0.0
Decision_2,X14,96.247,0.0
Decision_2,X14,96.387,0.0
Decision_2,X14,96.527,0.0
Decision_2,X14,96.667,0.0
Decision_2,X14,96.807,0.0
Decision_2,X14,96.947,0.0
Decision_2,X14,97.087,0.0
Decision_2,X14,97.227,0.0
Decision_2,X14,97.367,0.0
Decision_2,X14,97.507,0.0
Decision_2,X14,97.647,0.0
Decision_2,X14,97.787,0.0
Decision_2,X14,97.927,0.0
Decision_2,X14,98.067,0.0
Decision_2,X14,98.207,0.0
Decision_2,X14,98.347,0.0
Decision_2,X14,98.487,0.0
Decision_2,X14,98.627,0.0
Decision_2,X14,98.767,0.0
Decision_2,X14,98.907,0.0
Decision_2,X14,99.047,0.0
Decision_2,X14,99.187,0.0
Decision_2,X14,99.327,0.0
Decision_2,X14,99.467,0.0
Decision_2,X14,99.607,0.0
Decision_2,X14,99.747,0.0
Decision_2,X14,99.887,0.0
Decision_2,X14,100.027,0.0
Decision_2,X14,100.167,0.0
Decision_2,X14,100.307,0.0
Decision_2,X14,100.447,0.0
Decision_2,X14,100.587,0.0
Decision_2,X14,100.727,0.0
Decision_2,X14,100.867,0.0
Decision_2,X14,101.007,0.0
Decision_2,X14,101.147,0.0
Decision_2,X14,101.287,0.0
Decision_2,X14,101.427,0.0
Decision_2,X14,101.567,0.0
Decision_2,X14,101.707,0.0
Decision_2,X14,101.847,0.0
Decision_2,X14,101.987,0.0
Decision_2,X14,102.127,0.0549
Decision_2,X14,102.267,1.0
Decision_2,X15,0.067,1.0
Decision_2,X15,0.207,1.0
Decision_2,X15,0.347,1.0
Decision_2,X15,0.487,1.0
Decision_2,X15,0.627,1.0
Decision_2,X15,0.767,1.0
Decision_2,X15,0.907,1.0
Decision_2,X15,1.047,1.0
Decision_2,X15,1.187,1.0
Decision_2,X15,1.327,1.0
Decision_2,X15,1.467,1.0
Decision_2,X15,1.607,1.0
Decision_2,X15,1.747,1.0
Decision_2,X15,1.887,1.0
Decision_2,X15,2.027,1.0
Decision_2,X15,2.167,1.0
Decision_2,X15,2.307,1.0
Decision_2,X15,2.447,1.0
Decision_2,X15,2.587,1.0
Decision_2,X15,2.727,1.0
Decision_2,X15,2.867,1.0
Decision_2,X15,3.007,1.0
Decision_2,X15,3.147,1.0
Decision_2,X15,3.287,1.0
Decision_2,X15,3.427,1.0
Decision_2,X15,3.567,1.0
Decision_2,X15,3.707,1.0
Decision_2,X15,3.847,1.0
Decision_2,X15,3.987,1.0
Decision_2,X15,4.127,1.0
Decision_2,X15,4.267,1.0
Decision_2,X15,4.407,1.0
Decision_2,X15,4.547,1.0
Decision_2,X15,4.687,1.0
Decision_2,X15,4.827,1.0
Decision_2,X15,4.967,1.0
Decision_2,X15,5.107,1.0
Decision_2,X15,5.247,1.0
Decision_2,X15,5.387,1.0
Decision_2,X15,5.527,1.0
Decision_2,X15,5.667,1.0
Decision_2,X15,5.807,1.0
Decision_2,X15,5.947,1.0
Decision_2,X15,6.087,1.0
Decision_2,X15,6.227,1.0
Decision_2,X15,6.367,1.0
Decision_2,X15,6.507,1.0
Decision_2,X15,6.647,1.0
Decision_2,X15,6.787,1.0
Decision_2,X15,6.927,1.0
Decision_2,X15,7.067,1.0
Decision_2,X15,7.207,1.0
Decision_2,X15,7.347,1.0
Decision_2,X15,7.487,1.0
Decision_2,X15,7.627,1.0
Decision_2,X15,7.767,1.0
Decision_2,X15,7.907,1.0
Decision_2,X15,8.047,1.0
Decision_2,X15,8.187,1.0
Decision_2,X15,8.327,1.0
Decision_2,X15,8.467,1.0
Decision_2,X15,8.607,1.0
Decision_2,X15,8.747,1.0
Decision_2,X15,8.887,1.0
Decision_2,X15,9.027,1.0
Decision_2,X15,9.167,1.0
Decision_2,X15,9.307,1.0
Decision_2,X15,9.447,1.0
Decision_2,X15,9.587,1.0
Decision_2,X15,9.727,1.0
Decision_2,X15,9.867,1.0
Decision_2,X15,10.007,1.0
Decision_2,X15,10.147,1.0
Decision_2,X15,10.287,1.0
Decision_2,X15,10.427,1.0
Decision_2,X15,10.567,1.0
Decision_2,X15,10.707,1.0
Decision_2,X15,10.847,1.0
Decision_2,X15,10.987,1.0
Decision_2,X15,11.127,1.0
Decision_2,X15,11.267,1.0
Decision_2,X15,11.407,1.0
Decision_2,X15,11.547,1.0
Decision_2,X15,11.687,1.0
Decision_2,X15,11.827,1.0
Decision_2,X15,11.967,1.0
Decision_2,X15,12.107,1.0
Decision_2,X15,12.247,1.0
Decision_2,X15,12.387,1.0
Decision_2,X15,12.527,1.0
Decision_2,X15,12.667,1.0
Decision_2,X15,12.807,1.0
Decision_2,X15,12.947,1.0
Decision_2,X15,13.087,1.0
Decision_2,X15,13.227,1.0
Decision_2,X15,13.367,1.0
Decision_2,X15,13.507,1.0
Decision_2,X15,13.647,1.0
Decision_2,X15,13.787,1.0
Decision_2,X15,13.927,1.0
Decision_2,X15,14.067,1.0
Decision_2,X15,14.207,1.0
Decision_2,X15,14.347,1.0
Decision_2,X15,14.487,1.0
Decision_2,X15,14.627,1.0
Decision_2,X15,14.767,1.0
Decision_2,X15,14.907,1.0
Decision_2,X15,15.047,1.0
Decision_2,X15,15.187,1.0
Decision_2,X15,15.327,1.0
Decision_2,X15,15.467,1.0
Decision_2,X15,15.607,1.0
Decision_2,X15,15.747,1.0
Decision_2,X15,15.887,1.0
Decision_2,X15,16.027,1.0
Decision_2,X15,16.167,1.0
Decision_2,X15,16.307,1.0
Decision_2,X15,16.447,1.0
Decision_2,X15,16.587,1.0
Decision_2,X15,16.727,1.0
Decision_2,X15,16.867,1.0
Decision_2,X15,17.007,1.0
Decision_2,X15,17.147,1.0
Decision_2,X15,17.287,1.0
Decision_2,X15,17.427,1.0
Decision_2,X15,17.567,1.0
Decision_2,X15,17.707,1.0
Decision_2,X15,17.847,1.0
Decision_2,X15,17.987,1.0
Decision_2,X15,18.127,1.0
Decision_2,X15,18.267,1.0
Decision_2,X15,18.407,1.0
Decision_2,X15,18.547,1.0
Decision_2,X15,18.687,1.0
Decision_2,X15,18.827,1.0
Decision_2,X15,18.967,1.0
Decision_2,X15,19.107,1.0
Decision_2,X15,19.247,1.0
Decision_2,X15,19.387,1.0
Decision_2,X15,19.527,1.0
Decision_2,X15,19.667,1.0
Decision_2,X15,19.807,1.0
Decision_2,X15,19.947,1.0
Decision_2,X15,20.087,1.0
Decision_2,X15,20.227,1.0
Decision_2,X15,20.367,1.0
Decision_2,X15,20.507,1.0
Decision_2,X15,20.647,1.0
Decision_2,X15,20.787,1.0
Decision_2,X15,20.927,1.0
Decision_2,X15,21.067,1.0
Decision_2,X15,21.207,1.0
Decision_2,X15,21.347,1.0
Decision_2,X15,21.487,1.0
Decision_2,X15,21.627,1.0
Decision_2,X15,21.767,1.0
Decision_2,X15,21.907,1.0
Decision_2,X15,22.047,1.0
Decision_2,X15,22.187,1.0
Decision_2,X15,22.327,1.0
Decision_2,X15,22.467,1.0
Decision_2,X15,22.607,1.0
Decision_2,X15,22.747,1.0
Decision_2,X15,22.887,1.0
Decision_2,X15,23.027,1.0
Decision_2,X15,23.167,1.0
Decision_2,X15,23.307,1.0
Decision_2,X15,23.447,1.0
Decision_2,X15,23.587,1.0
Decision_2,X15,23.727,1.0
Decision_2,X15,23.867,1.0
Decision_2,X15,24.007,1.0
Decision_2,X15,24.147,1.0
Decision_2,X15,24.287,1.0
Decision_2,X15,24.427,1.0
Decision_2,X15,24.567,1.0
Decision_2,X15,24.707,1.0
Decision_2,X15,24.847,1.0
Decision_2,X15,24.987,1.0
Decision_2,X15,25.127,1.0
Decision_2,X15,25.267,1.0
Decision_2,X15,25.407,1.0
Decision_2,X15,25.547,1.0
Decision_2,X15,25.687,1.0
Decision_2,X15,25.827,1.0
Decision_2,X15,25.967,1.0
Decision_2,X15,26.107,1.0
Decision_2,X15,26.247,1.0
Decision_2,X15,26.387,1.0
Decision_2,X15,26.527,1.0
Decision_2,X15,26.667,1.0
Decision_2,X15,26.807,1.0
Decision_2,X15,26.947,1.0
Decision_2,X15,27.087,1.0
Decision_2,X15,27.227,1.0
Decision_2,X15,27.367,1.0
Decision_2,X15,27.507,1.0
Decision_2,X15,27.647,1.0
Decision_2,X15,27.787,1.0
Decision_2,X15,27.927,1.0
Decision_2,X15,28.067,1.0
Decision_2,X15,28.207,1.0
Decision_2,X15,28.347,1.0
Decision_2,X15,28.487,1.0
Decision_2,X15,28.627,1.0
Decision_2,X15,28.767,1.0
Decision_2,X15,28.907,1.0
Decision_2,X15,29.047,1.0
Decision_2,X15,29.187,1.0
Decision_2,X15,29.327,1.0
Decision_2,X15,29.467,1.0
Decision_2,X15,29.607,1.0
Decision_2,X15,29.747,1.0
Decision_2,X15,29.887,1.0
Decision_2,X15,30.027,1.0
Decision_2,X15,30.167,1.0
Decision_2,X15,30.307,1.0
Decision_2,X15,30.447,1.0
Decision_2,X15,30.587,1.0
Decision_2,X15,30.727,1.0
Decision_2,X15,30.867,1.0
Decision_2,X15,31.007,1.0
Decision_2,X15,31.147,1.0
Decision_2,X15,31.287,1.0
Decision_2,X15,31.427,1.0
Decision_2,X15,31.567,1.0
Decision_2,X15,31.707,1.0
Decision_2,X15,31.847,1.0
Decision_2,X15,31.987,1.0
Decision_2,X15,32.127,1.0
Decision_2,X15,32.267,1.0
Decision_2,X15,32.407,1.0
Decision_2,X15,32.547,1.0
Decision_2,X15,32.687,1.0
Decision_2,X15,32.827,1.0
Decision_2,X15,32.967,1.0
Decision_2,X15,33.107,1.0
Decision_2,X15,33.247,1.0
Decision_2,X15,33.387,1.0
Decision_2,X15,33.527,1.0
Decision_2,X15,33.667,1.0
Decision_2,X15,33.807,1.0
Decision_2,X15,33.947,1.0
Decision_2,X15,34.087,1.0
Decision_2,X15,34.227,1.0
Decision_2,X15,34.367,1.0
Decision_2,X15,34.507,1.0
Decision_2,X15,34.647,1.0
Decision_2,X15,34.787,1.0
Decision_2,X15,34.927,1.0
Decision_2,X15,35.067,1.0
Decision_2,X15,35.207,1.0
Decision_2,X15,35.347,1.0
Decision_2,X15,35.487,1.0
Decision_2,X15,35.627,1.0
Decision_2,X15,35.767,1.0
Decision_2,X15,35.907,1.0
Decision_2,X15,36.047,1.0
Decision_2,X15,36.187,1.0
Decision_2,X15,36.327,1.0
Decision_2,X15,36.467,1.0
Decision_2,X15,36.607,1.0
Decision_2,X15,36.747,1.0
Decision_2,X15,36.887,1.0
Decision_2,X15,37.027,1.0
Decision_2,X15,37.167,1.0
Decision_2,X15,37.307,1.0
Decision_2,X15,37.447,1.0
Decision_2,X15,37.587,1.0
Decision_2,X15,37.727,1.0
Decision_2,X15,37.867,1.0
Decision_2,X15,38.007,1.0
Decision_2,X15,38.147,1.0
Decision_2,X15,38.287,1.0
Decision_2,X15,38.427,1.0
Decision_2,X15,38.567,1.0
Decision_2,X15,38.707,1.0
Decision_2,X15,38.847,1.0
Decision_2,X15,38.987,1.0
Decision_2,X15,39.127,1.0
Decision_2,X15,39.267,1.0
Decision_2,X15,39.407,1.0
Decision_2,X15,39.547,1.0
Decision_2,X15,39.687,1.0
Decision_2,X15,39.827,1.0
Decision_2,X15,39.967,1.0
Decision_2,X15,40.107,1.0
Decision_2,X15,40.247,1.0
Decision_2,X15,40.387,1.0
Decision_2,X15,40.527,1.0
Decision_2,X15,40.667,1.0
Decision_2,X15,40.807,1.0
Decision_2,X15,40.947,1.0
Decision_2,X15,41.087,1.0
Decision_2,X15,41.227,1.0
Decision_2,X15,41.367,1.0
Decision_2,X15,41.507,1.0
Decision_2,X15,41.647,1.0
Decision_2,X15,41.787,1.0
Decision_2,X15,41.927,1.0
Decision_2,X15,42.067,1.0
Decision_2,X15,42.207,1.0
Decision_2,X15,42.347,1.0
Decision_2,X15,42.487,1.0
Decision_2,X15,42.627,1.0
Decision_2,X15,42.767,1.0
Decision_2,X15,42.907,1.0
Decision_2,X15,43.047,1.0
Decision_2,X15,43.187,1.0
Decision_2,X15,43.327,1.0
Decision_2,X15,43.467,1.0
Decision_2,X15,43.607,1.0
Decision_2,X15,43.747,1.0
Decision_2,X15,43.887,1.0
Decision_2,X15,44.027,1.0
Decision_2,X15,44.167,1.0
Decision_2,X15,44.307,1.0
Decision_2,X15,44.447,1.0
Decision_2,X15,44.587,1.0
Decision_2,X15,44.727,1.0
Decision_2,X15,44.867,1.0
Decision_2,X15,45.007,1.0
Decision_2,X15,45.147,1.0
Decision_2,X15,45.287,1.0
Decision_2,X15,45.427,1.0
Decision_2,X15,45.567,1.0
Decision_2,X15,45.707,1.0
Decision_2,X15,45.847,1.0
Decision_2,X15,45.987,1.0
Decision_2,X15,46.127,1.0
Decision_2,X15,46.267,1.0
Decision_2,X15,46.407,1.0
Decision_2,X15,46.547,1.0
Decision_2,X15,46.687,1.0
Decision_2,X15,46.827,1.0
Decision_2,X15,46.967,1.0
Decision_2,X15,47.107,1.0
Decision_2,X15,47.247,1.0
Decision_2,X15,47.387,1.0
Decision_2,X15,47.527,1.0
Decision_2,X15,47.667,1.0
Decision_2,X15,47.807,1.0
Decision_2,X15,47.947,1.0
Decision_2,X15,48.087,1.0
Decision_2,X15,48.227,1.0
Decision_2,X15,48.367,1.0
Decision_2,X15,48.507,1.0
Decision_2,X15,48.647,1.0
Decision_2,X15,48.787,1.0
Decision_2,X15,48.927,0.0
Decision_2,X15,49.067,1.0
Decision_2,X15,49.207,0.0
Decision_2,X15,49.347,0.0
Decision_2,X15,49.487,0.0
Decision_2,X15,49.627,0.0
Decision_2,X15,49.767,0.0
Decision_2,X15,49.907,0.0
Decision_2,X15,50.047,0.0
Decision_2,X15,50.187,0.0
Decision_2,X15,50.327,0.0
Decision_2,X15,50.467,0.0
Decision_2,X15,50.607,0.0
Decision_2,X15,50.747,0.0
Decision_2,X15,50.887,0.0
Decision_2,X15,51.027,0.0
Decision_2,X15,51.167,0.0
Decision_2,X15,51.307,0.0
Decision_2,X15,51.447,0.0
Decision_2,X15,51.587,0.0
Decision_2,X15,51.727,0.0
Decision_2,X15,51.867,0.0
Decision_2,X15,52.007,0.0
Decision_2,X15,52.147,0.0
Decision_2,X15,52.287,0.0
Decision_2,X15,52.427,0.0
Decision_2,X15,52.567,0.0
Decision_2,X15,52.707,0.0
Decision_2,X15,52.847,0.0
Decision_2,X15,52.987,0.0
Decision_2,X15,53.127,0.0
Decision_2,X15,53.267,0.0
Decision_2,X15,53.407,0.0
Decision_2,X15,53.547,0.0
Decision_2,X15,53.687,0.0
Decision_2,X15,53.827,0.0
Decision_2,X15,53.967,0.0
Decision_2,X15,54.107,0.0
Decision_2,X15,54.247,0.0
Decision_2,X15,54.387,0.0
Decision_2,X15,54.527,0.0
Decision_2,X15,54.667,0.0
Decision_2,X15,54.807,0.0
Decision_2,X15,54.947,0.0
Decision_2,X15,55.087,0.0
Decision_2,X15,55.227,0.0
Decision_2,X15,55.367,0.0
Decision_2,X15,55.507,0.0
Decision_2,X15,55.647,0.0
Decision_2,X15,55.787,0.0
Decision_2,X15,55.927,0.0
Decision_2,X15,56.067,0.0
Decision_2,X15,56.207,0.0
Decision_2,X15,56.347,0.0
Decision_2,X15,56.487,0.0
Decision_2,X15,56.627,0.0
Decision_2,X15,56.767,0.0
Decision_2,X15,56.907,0.0
Decision_2,X15,57.047,0.0
Decision_2,X15,57.187,0.0
Decision_2,X15,57.327,0.0
Decision_2,X15,57.467,0.0
Decision_2,X15,57.607,0.0
Decision_2,X15,57.747,0.0
Decision_2,X15,57.887,0.0
Decision_2,X15,58.027,0.0
Decision_2,X15,58.167,0.0
Decision_2,X15,58.307,0.0
Decision_2,X15,58.447,0.0
Decision_2,X15,58.587,0.0
Decision_2,X15,58.727,0.0
Decision_2,X15,58.867,0.0
Decision_2,X15,59.007,0.0
Decision_2,X15,59.147,0.0
Decision_2,X15,59.287,0.0
Decision_2,X15,59.427,0.0
Decision_2,X15,59.567,0.0
Decision_2,X15,59.707,0.0
Decision_2,X15,59.847,0.0
Decision_2,X15,59.987,0.0
Decision_2,X15,60.127,0.0
Decision_2,X15,60.267,0.0
Decision_2,X15,60.407,0.0
Decision_2,X15,60.547,0.0
Decision_2,X15,60.687,0.0
Decision_2,X15,60.827,0.0
Decision_2,X15,60.967,0.0
Decision_2,X15,61.107,0.0
Decision_2,X15,61.247,0.0
Decision_2,X15,61.387,0.0
Decision_2,X15,61.527,0.0
Decision_2,X15,61.667,0.0
Decision_2,X15,61.807,0.0
Decision_2,X15,61.947,0.0
Decision_2,X15,62.087,0.0
Decision_2,X15,62.227,0.0
Decision_2,X15,62.367,0.0
Decision_2,X15,62.507,0.0
Decision_2,X15,62.647,0.0
Decision_2,X15,62.787,0.0
Decision_2,X15,62.927,0.0
Decision_2,X15,63.067,0.0
Decision_2,X15,63.207,0.0
Decision_2,X15,63.347,0.0
Decision_2,X15,63.487,0.0
Decision_2,X15,63.627,0.0
Decision_2,X15,63.767,0.0
Decision_2,X15,63.907,0.0
Decision_2,X15,64.047,0.0
Decision_2,X15,64.187,0.0
Decision_2,X15,64.327,0.0
Decision_2,X15,64.467,0.0
Decision_2,X15,64.607,0.0
Decision_2,X15,64.747,0.0
Decision_2,X15,64.887,0.0
Decision_2,X15,65.027,0.0
Decision_2,X15,65.167,0.0
Decision_2,X15,65.307,0.0
Decision_2,X15,65.447,0.0
Decision_2,X15,65.587,0.0
Decision_2,X15,65.727,0.0
Decision_2,X15,65.867,0.0
Decision_2,X15,66.007,0.0
Decision_2,X15,66.147,0.0
Decision_2,X15,66.287,0.0
Decision_2,X15,66.427,0.0
Decision_2,X15,66.567,0.0
Decision_2,X15,66.707,0.0
Decision_2,X15,66.847,0.0
Decision_2,X15,66.987,0.0
Decision_2,X15,67.127,0.0
Decision_2,X15,67.267,0.0
Decision_2,X15,67.407,0.0
Decision_2,X15,67.547,0.0
Decision_2,X15,67.687,0.0
Decision_2,X15,67.827,0.0
Decision_2,X15,67.967,0.0
Decision_2,X15,68.107,0.0
Decision_2,X15,68.247,0.0
Decision_2,X15,68.387,0.0
Decision_2,X15,68.527,0.0
Decision_2,X15,68.667,0.0
Decision_2,X15,68.807,0.0
Decision_2,X15,68.947,0.0
Decision_2,X15,69.087,0.0
Decision_2,X15,69.227,0.0
Decision_2,X15,69.367,0.0
Decision_2,X15,69.507,0.0
Decision_2,X15,69.647,0.0
Decision_2,X15,69.787,0.0
Decision_2,X15,69.927,0.0
Decision_2,X15,70.067,0.0
Decision_2,X15,70.207,0.0
Decision_2,X15,70.347,0.0
Decision_2,X15,70.487,0.0
Decision_2,X15,70.627,0.0
Decision_2,X15,70.767,0.0
Decision_2,X15,70.907,0.0
Decision_2,X15,71.047,0.0
Decision_2,X15,71.187,0.0
Decision_2,X15,71.327,0.0
Decision_2,X15,71.467,0.0
Decision_2,X15,71.607,0.0
Decision_2,X15,71.747,0.0
Decision_2,X15,71.887,0.0
Decision_2,X15,72.027,0.0
Decision_2,X15,72.167,0.0
Decision_2,X15,72.307,0.0
Decision_2,X15,72.447,0.0
Decision_2,X15,72.587,0.0
Decision_2,X15,72.727,0.0
Decision_2,X15,72.867,0.0
Decision_2,X15,73.007,0.0
Decision_2,X15,73.147,0.0
Decision_2,X15,73.287,0.0
Decision_2,X15,73.427,0.0
Decision_2,X15,73.567,0.0
Decision_2,X15,73.707,0.0
Decision_2,X15,73.847,0.0
Decision_2,X15,73.987,0.0
Decision_2,X15,74.127,0.0
Decision_2,X15,74.267,0.0
Decision_2,X15,74.407,0.0
Decision_2,X15,74.547,0.0
Decision_2,X15,74.687,0.0
Decision_2,X15,74.827,0.0
Decision_2,X15,74.967,0.0
Decision_2,X15,75.107,0.0
Decision_2,X15,75.247,0.0
Decision_2,X15,75.387,0.0
Decision_2,X15,75.527,0.0
Decision_2,X15,75.667,0.0
Decision_2,X15,75.807,0.0
Decision_2,X15,75.947,0.0
Decision_2,X15,76.087,0.0
Decision_2,X15,76.227,0.0
Decision_2,X15,76.367,0.0
Decision_2,X15,76.507,0.0
Decision_2,X15,76.647,0.0
Decision_2,X15,76.787,0.0
Decision_2,X15,76.927,0.0
Decision_2,X15,77.067,0.0
Decision_2,X15,77.207,0.0
Decision_2,X15,77.347,0.0
Decision_2,X15,77.487,0.0
Decision_2,X15,77.627,0.0
Decision_2,X15,77.767,0.0
Decision_2,X15,77.907,0.0
Decision_2,X15,78.047,0.0
Decision_2,X15,78.187,0.0
Decision_2,X15,78.327,0.0
Decision_2,X15,78.467,0.0
Decision_2,X15,78.607,0.0
Decision_2,X15,78.747,0.0
Decision_2,X15,78.887,0.0
Decision_2,X15,79.027,0.0
Decision_2,X15,79.167,0.0
Decision_2,X15,79.307,0.0
Decision_2,X15,79.447,0.0
Decision_2,X15,79.587,0.0
Decision_2,X15,79.727,0.0
Decision_2,X15,79.867,0.0
Decision_2,X15,80.007,0.0
Decision_2,X15,80.147,0.0
Decision_2,X15,80.287,0.0
Decision_2,X15,80.427,0.0
Decision_2,X15,80.567,0.0
Decision_2,X15,80.707,0.0
Decision_2,X15,80.847,0.0
Decision_2,X15,80.987,0.0
Decision_2,X15,81.127,0.0
Decision_2,X15,81.267,0.0
Decision_2,X15,81.407,0.0
Decision_2,X15,81.547,0.0
Decision_2,X15,81.687,0.0
Decision_2,X15,81.827,0.0
Decision_2,X15,81.967,0.0
Decision_2,X15,82.107,0.0
Decision_2,X15,82.247,0.0
Decision_2,X15,82.387,0.0
Decision_2,X15,82.527,0.0
Decision_2,X15,82.667,0.0
Decision_2,X15,82.807,0.0
Decision_2,X15,82.947,0.0
Decision_2,X15,83.087,0.0
Decision_2,X15,83.227,0.0
Decision_2,X15,83.367,0.0
Decision_2,X15,83.507,0.0
Decision_2,X15,83.647,0.0
Decision_2,X15,83.787,0.0
Decision_2,X15,83.927,0.0
Decision_2,X15,84.067,0.0
Decision_2,X15,84.207,0.0
Decision_2,X15,84.347,0.0
Decision_2,X15,84.487,0.0
Decision_2,X15,84.627,0.0
Decision_2,X15,84.767,0.0
Decision_2,X15,84.907,0.0
Decision_2,X15,85.047,0.0
Decision_2,X15,85.187,0.0
Decision_2,X15,85.327,0.0
Decision_2,X15,85.467,0.0
Decision_2,X15,85.607,0.0
Decision_2,X15,85.747,0.0
Decision_2,X15,85.887,0.0
Decision_2,X15,86.027,0.0
Decision_2,X15,86.167,0.0
Decision_2,X15,86.307,0.0
Decision_2,X15,86.447,0.0
Decision_2,X15,86.587,0.0
Decision_2,X15,86.727,0.0
Decision_2,X15,86.867,0.0
Decision_2,X15,87.007,0.0
Decision_2,X15,87.147,0.0
Decision_2,X15,87.287,0.0
Decision_2,X15,87.427,0.0
Decision_2,X15,87.567,0.0
Decision_2,X15,87.707,0.0
Decision_2,X15,87.847,0.0
Decision_2,X15,87.987,0.0
Decision_2,X15,88.127,0.0
Decision_2,X15,88.267,0.0
Decision_2,X15,88.407,0.0
Decision_2,X15,88.547,0.0
Decision_2,X15,88.687,0.0
Decision_2,X15,88.827,0.0
Decision_2,X15,88.967,0.0
Decision_2,X15,89.107,0.0
Decision_2,X15,89.247,0.0
Decision_2,X15,89.387,0.0
Decision_2,X15,89.527,0.0
Decision_2,X15,89.667,0.0
Decision_2,X15,89.807,0.0
Decision_2,X15,89.947,0.0
Decision_2,X15,90.087,0.0
Decision_2,X15,90.227,0.0
Decision_2,X15,90.367,0.0
Decision_2,X15,90.507,0.0
Decision_2,X15,90.647,0.0
Decision_2,X15,90.787,0.0
Decision_2,X15,90.927,0.0
Decision_2,X15,91.067,0.0
Decision_2,X15,91.207,0.0
Decision_2,X15,91.347,0.0
Decision_2,X15,91.487,0.0
Decision_2,X15,91.627,0.0
Decision_2,X15,91.767,0.0
Decision_2,X15,91.907,0.0
Decision_2,X15,92.047,0.0
Decision_2,X15,92.187,0.0
Decision_2,X15,92.327,0.0
Decision_2,X15,92.467,0.0
Decision_2,X15,92.607,0.0
Decision_2,X15,92.747,0.0
Decision_2,X15,92.887,0.0
Decision_2,X15,93.027,0.0
Decision_2,X15,93.167,0.0
Decision_2,X15,93.307,0.0
Decision_2,X15,93.447,0.0
Decision_2,X15,93.587,0.0
Decision_2,X15,93.727,0.0
Decision_2,X15,93.867,0.0
Decision_2,X15,94.007,0.0
Decision_2,X15,94.147,0.0
Decision_2,X15,94.287,0.0
Decision_2,X15,94.427,0.0
Decision_2,X15,94.567,0.0
Decision_2,X15,94.707,0.0
Decision_2,X15,94.847,0.0
Decision_2,X15,94.987,0.0
Decision_2,X15,95.127,0.0
Decision_2,X15,95.267,0.0
Decision_2,X15,95.407,0.0
Decision_2,X15,95.547,0.0
Decision_2,X15,95.687,0.0
Decision_2,X15,95.827,0.0
Decision_2,X15,95.967,0.0
Decision_2,X15,96.107,0.0
Decision_2,X15,96.247,0.0
Decision_2,X15,96.387,0.0
Decision_2,X15,96.527,0.0
Decision_2,X15,96.667,0.0
Decision_2,X15,96.807,0.0
Decision_2,X15,96.947,0.0
Decision_2,X15,97.087,0.0
Decision_2,X15,97.227,0.0
Decision_2,X15,97.367,0.0
Decision_2,X15,97.507,0.0
Decision_2,X15,97.647,0.0
Decision_2,X15,97.787,0.0
Decision_2,X15,97.927,0.0
Decision_2,X15,98.067,0.0
Decision_2,X15,98.207,0.0
Decision_2,X15,98.347,0.0
Decision_2,X15,98.487,0.0
Decision_2,X15,98.627,0.0
Decision_2,X15,98.767,0.0
Decision_2,X15,98.907,0.0
Decision_2,X15,99.047,0.0
Decision_2,X15,99.187,0.0
Decision_2,X15,99.327,0.0
Decision_2,X15,99.467,0.0
Decision_2,X15,99.607,0.0
Decision_2,X15,99.747,0.0
Decision_2,X15,99.887,0.0
Decision_2,X15,100.027,0.0
Decision_2,X15,100.167,0.0
Decision_2,X15,100.307,0.0
Decision_2,X15,100.447,0.0
Decision_2,X15,100.587,0.0
Decision_2,X15,100.727,0.0
Decision_2,X15,100.867,0.0
Decision_2,X15,101.007,0.0
Decision_2,X15,101.147,0.0
Decision_2,X15,101.287,0.0
Decision_2,X15,101.427,0.0
Decision_2,X15,101.567,0.0
Decision_2,X15,101.707,0.0
Decision_2,X15,101.847,0.0
Decision_2,X15,101.987,0.0
Decision_2,X15,102.127,0.0549
Decision_2,X15,102.267,1.0
Decision_2,X16,0.067,1.0
Decision_2,X16,0.207,0.0549
Decision_2,X16,0.347,0.0
Decision_2,X16,0.487,0.0
Decision_2,X16,0.627,0.0
Decision_2,X16,0.767,0.0
Decision_2,X16,0.907,0.0
Decision_2,X16,1.047,0.0
Decision_2,X16,1.187,0.0
Decision_2,X16,1.327,0.0
Decision_2,X16,1.467,0.0
Decision_2,X16,1.607,0.0
Decision_2,X16,1.747,0.0
Decision_2,X16,1.887,0.0
Decision_2,X16,2.027,0.0
Decision_2,X16,2.167,0.0
Decision_2,X16,2.307,0.0
Decision_2,X16,2.447,0.0
Decision_2,X16,2.587,0.0
Decision_2,X16,2.727,0.0
Decision_2,X16,2.867,0.0
Decision_2,X16,3.007,0.0
Decision_2,X16,3.147,0.0
Decision_2,X16,3.287,0.0
Decision_2,X16,3.427,0.0
Decision_2,X16,3.567,0.0
Decision_2,X16,3.707,0.0
Decision_2,X16,3.847,0.0
Decision_2,X16,3.987,0.0
Decision_2,X16,4.127,0.0
Decision_2,X16,4.267,0.0
Decision_2,X16,4.407,0.0
Decision_2,X16,4.547,0.0
Decision_2,X16,4.687,0.0
Decision_2,X16,4.827,0.0
Decision_2,X16,4.967,0.0
Decision_2,X16,5.107,0.0
Decision_2,X16,5.247,0.0
Decision_2,X16,5.387,0.0
Decision_2,X16,5.527,0.0
Decision_2,X16,5.667,0.0
Decision_2,X16,5.807,0.0
Decision_2,X16,5.947,0.0
Decision_2,X16,6.087,0.0
Decision_2,X16,6.227,0.0
Decision_2,X16,6.367,0.0
Decision_2,X16,6.507,0.0
Decision_2,X16,6.647,0.0
Decision_2,X16,6.787,0.0
Decision_2,X16,6.927,0.0
Decision_2,X16,7.067,0.0
Decision_2,X16,7.207,0.0
Decision_2,X16,7.347,0.0
Decision_2,X16,7.487,0.0
Decision_2,X16,7.627,0.0
Decision_2,X16,7.767,0.0
Decision_2,X16,7.907,0.0
Decision_2,X16,8.047,0.0
Decision_2,X16,8.187,0.0
Decision_2,X16,8.327,0.0
Decision_2,X16,8.467,0.0
Decision_2,X16,8.607,0.0
Decision_2,X16,8.747,0.0
Decision_2,X16,8.887,0.0
Decision_2,X16,9.027,0.0
Decision_2,X16,9.167,0.0
Decision_2,X16,9.307,0.0
Decision_2,X16,9.447,0.0
Decision_2,X16,9.587,0.0
Decision_2,X16,9.727,0.0
Decision_2,X16,9.867,0.0
Decision_2,X16,10.007,0.0
Decision_2,X16,10.147,0.0
Decision_2,X16,10.287,0.0
Decision_2,X16,10.427,0.0
Decision_2,X16,10.567,0.0
Decision_2,X16,10.707,0.0
Decision_2,X16,10.847,0.0
Decision_2,X16,10.987,0.0
Decision_2,X16,11.127,0.0
Decision_2,X16,11.267,0.0
Decision_2,X16,11.407,0.0
Decision_2,X16,11.547,0.0
Decision_2,X16,11.687,0.0
Decision_2,X16,11.827,0.0
Decision_2,X16,11.967,0.0
Decision_2,X16,12.107,0.0
Decision_2,X16,12.247,0.0
Decision_2,X16,12.387,0.0
Decision_2,X16,12.527,0.0
Decision_2,X16,12.667,0.0
Decision_2,X16,12.807,0.0
Decision_2,X16,12.947,0.0
Decision_2,X16,13.087,0.0
Decision_2,X16,13.227,0.0
Decision_2,X16,13.367,0.0
Decision_2,X16,13.507,0.0
Decision_2,X16,13.647,0.0
Decision_2,X16,13.787,0.0
Decision_2,X16,13.927,0.0
Decision_2,X16,14.067,0.0
Decision_2,X16,14.207,0.0
Decision_2,X16,14.347,0.0
Decision_2,X16,14.487,0.0
Decision_2,X16,14.627,0.0
Decision_2,X16,14.767,0.0
Decision_2,X16,14.907,0.0
Decision_2,X16,15.047,0.0
Decision_2,X16,15.187,0.0
Decision_2,X16,15.327,0.0
Decision_2,X16,15.467,0.0
Decision_2,X16,15.607,0.0
Decision_2,X16,15.747,0.0
Decision_2,X16,15.887,0.0
Decision_2,X16,16.027,0.0
Decision_2,X16,16.167,0.0
Decision_2,X16,16.307,0.0
Decision_2,X16,16.447,0.0
Decision_2,X16,16.587,0.0
Decision_2,X16,16.727,0.0
Decision_2,X16,16.867,0.0
Decision_2,X16,17.007,0.0
Decision_2,X16,17.147,0.0
Decision_2,X16,17.287,0.0
Decision_2,X16,17.427,0.0
Decision_2,X16,17.567,0.0
Decision_2,X16,17.707,0.0
Decision_2,X16,17.847,0.0
Decision_2,X16,17.987,0.0
Decision_2,X16,18.127,0.0
Decision_2,X16,18.267,0.0
Decision_2,X16,18.407,0.0
Decision_2,X16,18.547,0.0
Decision_2,X16,18.687,0.0
Decision_2,X16,18.827,0.0
Decision_2,X16,18.967,0.0
Decision_2,X16,19.107,0.0
Decision_2,X16,19.247,0.0
Decision_2,X16,19.387,0.0
Decision_2,X16,19.527,0.0
Decision_2,X16,19.667,0.0
Decision_2,X16,19.807,0.0
Decision_2,X16,19.947,0.0
Decision_2,X16,20.087,0.0
Decision_2,X16,20.227,0.0
Decision_2,X16,20.367,0.0
Decision_2,X16,20.507,0.0
Decision_2,X16,20.647,0.0
Decision_2,X16,20.787,0.0
Decision_2,X16,20.927,0.0
Decision_2,X16,21.067,0.0
Decision_2,X16,21.207,0.0
Decision_2,X16,21.347,0.0
Decision_2,X16,21.487,0.0
Decision_2,X16,21.627,0.0
Decision_2,X16,21.767,0.0
Decision_2,X16,21.907,0.0
Decision_2,X16,22.047,0.0
Decision_2,X16,22.187,0.0
Decision_2,X16,22.327,0.0
Decision_2,X16,22.467,0.0
Decision_2,X16,22.607,0.0
Decision_2,X16,22.747,0.0
Decision_2,X16,22.887,0.0
Decision_2,X16,23.027,0.0
Decision_2,X16,23.167,0.0
Decision_2,X16,23.307,0.0
Decision_2,X16,23.447,0.0
Decision_2,X16,23.587,0.0
Decision_2,X16,23.727,0.0
Decision_2,X16,23.867,0.0
Decision_2,X16,24.007,0.0
Decision_2,X16,24.147,0.0
Decision_2,X16,24.287,0.0
Decision_2,X16,24.427,0.0
Decision_2,X16,24.567,0.0
Decision_2,X16,24.707,0.0
Decision_2,X16,24.847,0.0
Decision_2,X16,24.987,0.0
Decision_2,X16,25.127,0.0
Decision_2,X16,25.267,0.0
Decision_2,X16,25.407,0.0
Decision_2,X16,25.547,0.0
Decision_2,X16,25.687,0.0
Decision_2,X16,25.827,0.0
Decision_2,X16,25.967,0.0
Decision_2,X16,26.107,0.0
Decision_2,X16,26.247,0.0
Decision_2,X16,26.387,0.0
Decision_2,X16,26.527,0.0
Decision_2,X16,26.667,0.0
Decision_2,X16,26.807,0.0
Decision_2,X16,26.947,0.0
Decision_2,X16,27.087,0.0
Decision_2,X16,27.227,0.0
Decision_2,X16,27.367,0.0
Decision_2,X16,27.507,0.0
Decision_2,X16,27.647,0.0
Decision_2,X16,27.787,0.0
Decision_2,X16,27.927,0.0
Decision_2,X16,28.067,0.0
Decision_2,X16,28.207,0.0
Decision_2,X16,28.347,0.0
Decision_2,X16,28.487,0.0
Decision_2,X16,28.627,0.0
Decision_2,X16,28.767,0.0
Decision_2,X16,28.907,0.0
Decision_2,X16,29.047,0.0
Decision_2,X16,29.187,0.0
Decision_2,X16,29.327,0.0
Decision_2,X16,29.467,0.0
Decision_2,X16,29.607,0.0
Decision_2,X16,29.747,0.0
Decision_2,X16,29.887,0.0
Decision_2,X16,30.027,0.0
Decision_2,X16,30.167,0.0
Decision_2,X16,30.307,0.0
Decision_2,X16,30.447,0.0
Decision_2,X16,30.587,0.0
Decision_2,X16,30.727,0.0
Decision_2,X16,30.867,0.0
Decision_2,X16,31.007,0.0
Decision_2,X16,31.147,0.0
Decision_2,X16,31.287,0.0
Decision_2,X16,31.427,0.0
Decision_2,X16,31.567,0.0
Decision_2,X16,31.707,0.0
Decision_2,X16,31.847,0.0
Decision_2,X16,31.987,0.0
Decision_2,X16,32.127,0.0
Decision_2,X16,32.267,0.0
Decision_2,X16,32.407,0.0
Decision_2,X16,32.547,0.0
Decision_2,X16,32.687,0.0
Decision_2,X16,32.827,0.0
Decision_2,X16,32.967,0.0
Decision_2,X16,33.107,0.0
Decision_2,X16,33.247,0.0
Decision_2,X16,33.387,0.0
Decision_2,X16,33.527,0.0
Decision_2,X16,33.667,0.0
Decision_2,X16,33.807,0.0
Decision_2,X16,33.947,0.0
Decision_2,X16,34.087,0.0
Decision_2,X16,34.227,0.0
Decision_2,X16,34.367,0.0
Decision_2,X16,34.507,0.0
Decision_2,X16,34.647,0.0
Decision_2,X16,34.787,0.0
Decision_2,X16,34.927,0.0
Decision_2,X16,35.067,0.0
Decision_2,X16,35.207,0.0
Decision_2,X16,35.347,0.0
Decision_2,X16,35.487,0.0
Decision_2,X16,35.627,0.0
Decision_2,X16,35.767,0.0
Decision_2,X16,35.907,0.0
Decision_2,X16,36.047,0.0
Decision_2,X16,36.187,0.0
Decision_2,X16,36.327,0.0
Decision_2,X16,36.467,0.0
Decision_2,X16,36.607,0.0
Decision_2,X16,36.747,0.0
Decision_2,X16,36.887,0.0
Decision_2,X16,37.027,0.0
Decision_2,X16,37.167,0.0
Decision_2,X16,37.307,0.0
Decision_2,X16,37.447,0.0
Decision_2,X16,37.587,0.0
Decision_2,X16,37.727,0.0
Decision_2,X16,37.867,0.0
Decision_2,X16,38.007,0.0
Decision_2,X16,38.147,0.0
Decision_2,X16,38.287,0.0
Decision_2,X16,38.427,0.0
Decision_2,X16,38.567,0.0
Decision_2,X16,38.707,0.0
Decision_2,X16,38.847,0.0
Decision_2,X16,38.987,0.0
Decision_2,X16,39.127,0.0
Decision_2,X16,39.267,0.0
Decision_2,X16,39.407,0.0
Decision_2,X16,39.547,0.0
Decision_2,X16,39.687,0.0
Decision_2,X16,39.827,0.0
Decision_2,X16,39.967,0.0
Decision_2,X16,40.107,0.0
Decision_2,X16,40.247,0.0
Decision_2,X16,40.387,0.0
Decision_2,X16,40.527,0.0
Decision_2,X16,40.667,0.0
Decision_2,X16,40.807,0.0
Decision_2,X16,40.947,0.0
Decision_2,X16,41.087,0.0
Decision_2,X16,41.227,0.0
Decision_2,X16,41.367,0.0
Decision_2,X16,41.507,0.0
Decision_2,X16,41.647,0.0
Decision_2,X16,41.787,0.0
Decision_2,X16,41.927,0.0
Decision_2,X16,42.067,0.0
Decision_2,X16,42.207,0.0
Decision_2,X16,42.347,0.0
Decision_2,X16,42.487,0.0
Decision_2,X16,42.627,0.0
Decision_2,X16,42.767,0.0
Decision_2,X16,42.907,0.0
Decision_2,X16,43.047,0.0
Decision_2,X16,43.187,0.0
Decision_2,X16,43.327,0.0
Decision_2,X16,43.467,0.0
Decision_2,X16,43.607,0.0
Decision_2,X16,43.747,0.0
Decision_2,X16,43.887,0.0
Decision_2,X16,44.027,0.0
Decision_2,X16,44.167,0.0
Decision_2,X16,44.307,0.0
Decision_2,X16,44.447,0.0
Decision_2,X16,44.587,0.0
Decision_2,X16,44.727,0.0
Decision_2,X16,44.867,0.0
Decision_2,X16,45.007,0.0
Decision_2,X16,45.147,0.0
Decision_2,X16,45.287,0.0
Decision_2,X16,45.427,1.0
Decision_2,X16,45.567,1.0
Decision_2,X16,45.707,1.0
Decision_2,X16,45.847,1.0
Decision_2,X16,45.987,1.0
Decision_2,X16,46.127,1.0
Decision_2,X16,46.267,1.0
Decision_2,X16,46.407,1.0
Decision_2,X16,46.547,1.0
Decision_2,X16,46.687,1.0
Decision_2,X16,46.827,1.0
Decision_2,X16,46.967,1.0
Decision_2,X16,47.107,1.0
Decision_2,X16,47.247,1.0
Decision_2,X16,47.387,1.0
Decision_2,X16,47.527,1.0
Decision_2,X16,47.667,1.0
Decision_2,X16,47.807,1.0
Decision_2,X16,47.947,1.0
Decision_2,X16,48.087,1.0
Decision_2,X16,48.227,1.0
Decision_2,X16,48.367,1.0
Decision_2,X16,48.507,1.0
Decision_2,X16,48.647,1.0
Decision_2,X16,48.787,1.0
Decision_2,X16,48.927,0.0
Decision_2,X16,49.067,1.0
Decision_2,X16,49.207,0.9961
Decision_2,X16,49.347,1.0
Decision_2,X16,49.487,1.0
Decision_2,X16,49.627,1.0
Decision_2,X16,49.767,1.0
Decision_2,X16,49.907,1.0
Decision_2,X16,50.047,1.0
Decision_2,X16,50.187,1.0
Decision_2,X16,50.327,1.0
Decision_2,X16,50.467,1.0
Decision_2,X16,50.607,1.0
Decision_2,X16,50.747,1.0
Decision_2,X16,50.887,1.0
Decision_2,X16,51.027,1.0
Decision_2,X16,51.167,1.0
Decision_2,X16,51.307,1.0
Decision_2,X16,51.447,1.0
Decision_2,X16,51.587,1.0
Decision_2,X16,51.727,1.0
Decision_2,X16,51.867,1.0
Decision_2,X16,52.007,1.0
Decision_2,X16,52.147,1.0
Decision_2,X16,52.287,1.0
Decision_2,X16,52.427,1.0
Decision_2,X16,52.567,1.0
Decision_2,X16,52.707,1.0
Decision_2,X16,52.847,1.0
Decision_2,X16,52.987,1.0
Decision_2,X16,53.127,1.0
Decision_2,X16,53.267,1.0
Decision_2,X16,53.407,1.0
Decision_2,X16,53.547,1.0
Decision_2,X16,53.687,1.0
Decision_2,X16,53.827,1.0
Decision_2,X16,53.967,1.0
Decision_2,X16,54.107,1.0
Decision_2,X16,54.247,1.0
Decision_2,X16,54.387,1.0
Decision_2,X16,54.527,1.0
Decision_2,X16,54.667,1.0
Decision_2,X16,54.807,1.0
Decision_2,X16,54.947,1.0
Decision_2,X16,55.087,1.0
Decision_2,X16,55.227,1.0
Decision_2,X16,55.367,1.0
Decision_2,X16,55.507,1.0
Decision_2,X16,55.647,1.0
Decision_2,X16,55.787,1.0
Decision_2,X16,55.927,1.0
Decision_2,X16,56.067,1.0
Decision_2,X16,56.207,1.0
Decision_2,X16,56.347,1.0
Decision_2,X16,56.487,1.0
Decision_2,X16,56.627,1.0
Decision_2,X16,56.767,1.0
Decision_2,X16,56.907,1.0
Decision_2,X16,57.047,1.0
Decision_2,X16,57.187,1.0
Decision_2,X16,57.327,1.0
Decision_2,X16,57.467,1.0
Decision_2,X16,57.607,1.0
Decision_2,X16,57.747,1.0
Decision_2,X16,57.887,1.0
Decision_2,X16,58.027,1.0
Decision_2,X16,58.167,1.0
Decision_2,X16,58.307,1.0
Decision_2,X16,58.447,1.0
Decision_2,X16,58.587,1.0
Decision_2,X16,58.727,1.0
Decision_2,X16,58.867,1.0
Decision_2,X16,59.007,1.0
Decision_2,X16,59.147,1.0
Decision_2,X16,59.287,1.0
Decision_2,X16,59.427,1.0
Decision_2,X16,59.567,1.0
Decision_2,X16,59.707,1.0
Decision_2,X16,59.847,1.0
Decision_2,X16,59.987,1.0
Decision_2,X16,60.127,1.0
Decision_2,X16,60.267,1.0
Decision_2,X16,60.407,1.0
Decision_2,X16,60.547,1.0
Decision_2,X16,60.687,1.0
Decision_2,X16,60.827,1.0
Decision_2,X16,60.967,1.0
Decision_2,X16,61.107,1.0
Decision_2,X16,61.247,1.0
Decision_2,X16,61.387,1.0
Decision_2,X16,61.527,1.0
Decision_2,X16,61.667,1.0
Decision_2,X16,61.807,1.0
Decision_2,X16,61.947,1.0
Decision_2,X16,62.087,1.0
Decision_2,X16,62.227,1.0
Decision_2,X16,62.367,1.0
Decision_2,X16,62.507,1.0
Decision_2,X16,62.647,1.0
Decision_2,X16,62.787,1.0
Decision_2,X16,62.927,1.0
Decision_2,X16,63.067,1.0
Decision_2,X16,63.207,1.0
Decision_2,X16,63.347,1.0
Decision_2,X16,63.487,1.0
Decision_2,X16,63.627,1.0
Decision_2,X16,63.767,1.0
Decision_2,X16,63.907,1.0
Decision_2,X16,64.047,1.0
Decision_2,X16,64.187,1.0
Decision_2,X16,64.327,1.0
Decision_2,X16,64.467,1.0
Decision_2,X16,64.607,1.0
Decision_2,X16,64.747,1.0
Decision_2,X16,64.887,1.0
Decision_2,X16,65.027,1.0
Decision_2,X16,65.167,1.0
Decision_2,X16,65.307,1.0
Decision_2,X16,65.447,1.0
Decision_2,X16,65.587,1.0
Decision_2,X16,65.727,1.0
Decision_2,X16,65.867,1.0
Decision_2,X16,66.007,1.0
Decision_2,X16,66.147,1.0
Decision_2,X16,66.287,1.0
Decision_2,X16,66.427,1.0
Decision_2,X16,66.567,1.0
Decision_2,X16,66.707,1.0
Decision_2,X16,66.847,1.0
Decision_2,X16,66.987,1.0
Decision_2,X16,67.127,1.0
Decision_2,X16,67.267,1.0
Decision_2,X16,67.407,1.0
Decision_2,X16,67.547,1.0
Decision_2,X16,67.687,1.0
Decision_2,X16,67.827,1.0
Decision_2,X16,67.967,1.0
Decision_2,X16,68.107,1.0
Decision_2,X16,68.247,1.0
Decision_2,X16,68.387,1.0
Decision_2,X16,68.527,1.0
Decision_2,X16,68.667,1.0
Decision_2,X16,68.807,1.0
Decision_2,X16,68.947,1.0
Decision_2,X16,69.087,1.0
Decision_2,X16,69.227,1.0
Decision_2,X16,69.367,1.0
Decision_2,X16,69.507,1.0
Decision_2,X16,69.647,1.0
Decision_2,X16,69.787,1.0
Decision_2,X16,69.927,1.0
Decision_2,X16,70.067,1.0
Decision_2,X16,70.207,1.0
Decision_2,X16,70.347,1.0
Decision_2,X16,70.487,1.0
Decision_2,X16,70.627,1.0
Decision_2,X16,70.767,1.0
Decision_2,X16,70.907,1.0
Decision_2,X16,71.047,1.0
Decision_2,X16,71.187,1.0
Decision_2,X16,71.327,1.0
Decision_2,X16,71.467,1.0
Decision_2,X16,71.607,1.0
Decision_2,X16,71.747,1.0
Decision_2,X16,71.887,1.0
Decision_2,X16,72.027,1.0
Decision_2,X16,72.167,1.0
Decision_2,X16,72.307,1.0
Decision_2,X16,72.447,1.0
Decision_2,X16,72.587,1.0
Decision_2,X16,72.727,1.0
Decision_2,X16,72.867,1.0
Decision_2,X16,73.007,1.0
Decision_2,X16,73.147,1.0
Decision_2,X16,73.287,1.0
Decision_2,X16,73.427,1.0
Decision_2,X16,73.567,1.0
Decision_2,X16,73.707,1.0
Decision_2,X16,73.847,1.0
Decision_2,X16,73.987,1.0
Decision_2,X16,74.127,1.0
Decision_2,X16,74.267,1.0
Decision_2,X16,74.407,1.0
Decision_2,X16,74.547,1.0
Decision_2,X16,74.687,1.0
Decision_2,X16,74.827,1.0
Decision_2,X16,74.967,1.0
Decision_2,X16,75.107,1.0
Decision_2,X16,75.247,1.0
Decision_2,X16,75.387,1.0
Decision_2,X16,75.527,1.0
Decision_2,X16,75.667,1.0
Decision_2,X16,75.807,1.0
Decision_2,X16,75.947,1.0
Decision_2,X16,76.087,1.0
Decision_2,X16,76.227,1.0
Decision_2,X16,76.367,1.0
Decision_2,X16,76.507,1.0
Decision_2,X16,76.647,1.0
Decision_2,X16,76.787,1.0
Decision_2,X16,76.927,1.0
Decision_2,X16,77.067,1.0
Decision_2,X16,77.207,1.0
Decision_2,X16,77.347,1.0
Decision_2,X16,77.487,1.0
Decision_2,X16,77.627,1.0
Decision_2,X16,77.767,1.0
Decision_2,X16,77.907,1.0
Decision_2,X16,78.047,1.0
Decision_2,X16,78.187,1.0
Decision_2,X16,78.327,1.0
Decision_2,X16,78.467,1.0
Decision_2,X16,78.607,1.0
Decision_2,X16,78.747,1.0
Decision_2,X16,78.887,1.0
Decision_2,X16,79.027,1.0
Decision_2,X16,79.167,1.0
Decision_2,X16,79.307,1.0
Decision_2,X16,79.447,1.0
Decision_2,X16,79.587,1.0
Decision_2,X16,79.727,1.0
Decision_2,X16,79.867,1.0
Decision_2,X16,80.007,1.0
Decision_2,X16,80.147,1.0
Decision_2,X16,80.287,1.0
Decision_2,X16,80.427,1.0
Decision_2,X16,80.567,1.0
Decision_2,X16,80.707,1.0
Decision_2,X16,80.847,1.0
Decision_2,X16,80.987,1.0
Decision_2,X16,81.127,1.0
Decision_2,X16,81.267,1.0
Decision_2,X16,81.407,1.0
Decision_2,X16,81.547,1.0
Decision_2,X16,81.687,1.0
Decision_2,X16,81.827,1.0
Decision_2,X16,81.967,1.0
Decision_2,X16,82.107,1.0
Decision_2,X16,82.247,1.0
Decision_2,X16,82.387,1.0
Decision_2,X16,82.527,1.0
Decision_2,X16,82.667,1.0
Decision_2,X16,82.807,1.0
Decision_2,X16,82.947,1.0
Decision_2,X16,83.087,1.0
Decision_2,X16,83.227,1.0
Decision_2,X16,83.367,1.0
Decision_2,X16,83.507,1.0
Decision_2,X16,83.647,1.0
Decision_2,X16,83.787,1.0
Decision_2,X16,83.927,1.0
Decision_2,X16,84.067,1.0
Decision_2,X16,84.207,1.0
Decision_2,X16,84.347,1.0
Decision_2,X16,84.487,1.0
Decision_2,X16,84.627,1.0
Decision_2,X16,84.767,1.0
Decision_2,X16,84.907,1.0
Decision_2,X16,85.047,1.0
Decision_2,X16,85.187,1.0
Decision_2,X16,85.327,1.0
Decision_2,X16,85.467,1.0
Decision_2,X16,85.607,1.0
Decision_2,X16,85.747,1.0
Decision_2,X16,85.887,1.0
Decision_2,X16,86.027,1.0
Decision_2,X16,86.167,1.0
Decision_2,X16,86.307,1.0
Decision_2,X16,86.447,1.0
Decision_2,X16,86.587,1.0
Decision_2,X16,86.727,1.0
Decision_2,X16,86.867,1.0
Decision_2,X16,87.007,1.0
Decision_2,X16,87.147,1.0
Decision_2,X16,87.287,1.0
Decision_2,X16,87.427,1.0
Decision_2,X16,87.567,1.0
Decision_2,X16,87.707,1.0
Decision_2,X16,87.847,1.0
Decision_2,X16,87.987,1.0
Decision_2,X16,88.127,1.0
Decision_2,X16,88.267,1.0
Decision_2,X16,88.407,1.0
Decision_2,X16,88.547,1.0
Decision_2,X16,88.687,1.0
Decision_2,X16,88.827,1.0
Decision_2,X16,88.967,1.0
Decision_2,X16,89.107,1.0
Decision_2,X16,89.247,1.0
Decision_2,X16,89.387,1.0
Decision_2,X16,89.527,1.0
Decision_2,X16,89.667,1.0
Decision_2,X16,89.807,1.0
Decision_2,X16,89.947,1.0
Decision_2,X16,90.087,1.0
Decision_2,X16,90.227,1.0
Decision_2,X16,90.367,1.0
Decision_2,X16,90.507,1.0
Decision_2,X16,90.647,1.0
Decision_2,X16,90.787,1.0
Decision_2,X16,90.927,1.0
Decision_2,X16,91.067,1.0
Decision_2,X16,91.207,1.0
Decision_2,X16,91.347,1.0
Decision_2,X16,91.487,1.0
Decision_2,X16,91.627,1.0
Decision_2,X16,91.767,1.0
Decision_2,X16,91.907,1.0
Decision_2,X16,92.047,1.0
Decision_2,X16,92.187,1.0
Decision_2,X16,92.327,1.0
Decision_2,X16,92.467,1.0
Decision_2,X16,92.607,1.0
Decision_2,X16,92.747,1.0
Decision_2,X16,92.887,1.0
Decision_2,X16,93.027,1.0
Decision_2,X16,93.167,1.0
Decision_2,X16,93.307,1.0
Decision_2,X16,93.447,1.0
Decision_2,X16,93.587,1.0
Decision_2,X16,93.727,1.0
Decision_2,X16,93.867,1.0
Decision_2,X16,94.007,1.0
Decision_2,X16,94.147,1.0
Decision_2,X16,94.287,1.0
Decision_2,X16,94.427,1.0
Decision_2,X16,94.567,1.0
Decision_2,X16,94.707,1.0
Decision_2,X16,94.847,1.0
Decision_2,X16,94.987,1.0
Decision_2,X16,95.127,1.0
Decision_2,X16,95.267,1.0
Decision_2,X16,95.407,1.0
Decision_2,X16,95.547,1.0
Decision_2,X16,95.687,1.0
Decision_2,X16,95.827,1.0
Decision_2,X16,95.967,1.0
Decision_2,X16,96.107,1.0
Decision_2,X16,96.247,1.0
Decision_2,X16,96.387,1.0
Decision_2,X16,96.527,1.0
Decision_2,X16,96.667,1.0
Decision_2,X16,96.807,1.0
Decision_2,X16,96.947,1.0
Decision_2,X16,97.087,1.0
Decision_2,X16,97.227,1.0
Decision_2,X16,97.367,1.0
Decision_2,X16,97.507,1.0
Decision_2,X16,97.647,1.0
Decision_2,X16,97.787,1.0
Decision_2,X16,97.927,1.0
Decision_2,X16,98.067,1.0
Decision_2,X16,98.207,1.0
Decision_2,X16,98.347,1.0
Decision_2,X16,98.487,1.0
Decision_2,X16,98.627,1.0
Decision_2,X16,98.767,1.0
Decision_2,X16,98.907,1.0
Decision_2,X16,99.047,1.0
Decision_2,X16,99.187,1.0
Decision_2,X16,99.327,1.0
Decision_2,X16,99.467,1.0
Decision_2,X16,99.607,1.0
Decision_2,X16,99.747,1.0
Decision_2,X16,99.887,1.0
Decision_2,X16,100.027,1.0
Decision_2,X16,100.167,1.0
Decision_2,X16,100.307,1.0
Decision_2,X16,100.447,1.0
Decision_2,X16,100.587,1.0
Decision_2,X16,100.727,1.0
Decision_2,X16,100.867,1.0
Decision_2,X16,101.007,1.0
Decision_2,X16,101.147,1.0
Decision_2,X16,101.287,1.0
Decision_2,X16,101.427,1.0
Decision_2,X16,101.567,1.0
Decision_2,X16,101.707,1.0
Decision_2,X16,101.847,1.0
Decision_2,X16,101.987,1.0
Decision_2,X16,102.127,1.0
Decision_2,X16,102.267,1.0
