panel,neuron,time_s,activation_normalized
Locomotion_1,X3,0.049,1.0
Locomotion_1,X3,0.197,0.0549
Locomotion_1,X3,0.345,0.0
Locomotion_1,X3,0.492,0.0
Locomotion_1,X3,0.64,0.0
Locomotion_1,X3,0.788,0.0
Locomotion_1,X3,0.936,0.0
Locomotion_1,X3,1.083,0.0
Locomotion_1,X3,1.231,0.0
Locomotion_1,X3,1.379,0.0
Locomotion_1,X3,1.526,0.0
Locomotion_1,X3,1.674,0.0
Locomotion_1,X3,1.822,0.0
Locomotion_1,X3,1.97,0.0
Locomotion_1,X3,2.117,0.0
Locomotion_1,X3,2.265,0.0
Locomotion_1,X3,2.413,0.0
Locomotion_1,X3,2.56,0.0
Locomotion_1,X3,2.708,0.0
Locomotion_1,X3,2.856,0.0
Locomotion_1,X3,3.004,0.0
Locomotion_1,X3,3.151,0.0
Locomotion_1,X3,3.299,0.0
Locomotion_1,X3,3.447,0.0
Locomotion_1,X3,3.594,0.0
Locomotion_1,X3,3.742,0.0
Locomotion_1,X3,3.89,0.0
Locomotion_1,X3,4.037,0.0
Locomotion_1,X3,4.185,0.0
Locomotion_1,X3,4.333,0.0
Locomotion_1,X3,4.481,0.0
Locomotion_1,X3,4.628,0.0
Locomotion_1,X3,4.776,0.0
Locomotion_1,X3,4.924,0.0
Locomotion_1,X3,5.071,0.0
Locomotion_1,X3,5.219,0.0
Locomotion_1,X3,5.367,0.0
Locomotion_1,X3,5.515,0.0
Locomotion_1,X3,5.662,0.0
Locomotion_1,X3,5.81,0.0
Locomotion_1,X3,5.958,0.0
Locomotion_1,X3,6.105,0.0
Locomotion_1,X3,6.253,0.0
Locomotion_1,X3,6.401,0.0
Locomotion_1,X3,6.549,0.0
Locomotion_1,X3,6.696,0.0
Locomotion_1,X3,6.844,0.0
Locomotion_1,X3,6.992,0.0
Locomotion_1,X3,7.139,0.0
Locomotion_1,X3,7.287,0.0
Locomotion_1,X3,7.435,0.0
Locomotion_1,X3,7.583,0.0
Locomotion_1,X3,7.73,0.0
Locomotion_1,X3,7.878,0.0
Locomotion_1,X3,8.026,0.0
Locomotion_1,X3,8.173,0.0
Locomotion_1,X3,8.321,0.0
Locomotion_1,X3,8.469,0.0
Locomotion_1,X3,8.617,0.0
Locomotion_1,X3,8.764,0.0
Locomotion_1,X3,8.912,0.0
Locomotion_1,X3,9.06,0.0
Locomotion_1,X3,9.207,0.0
Locomotion_1,X3,9.355,0.0
Locomotion_1,X3,9.503,0.0
Locomotion_1,X3,9.65,0.0
Locomotion_1,X3,9.798,0.0
Locomotion_1,X3,9.946,0.0
Locomotion_1,X3,10.094,0.0
Locomotion_1,X3,10.241,0.0
Locomotion_1,X3,10.389,0.0
Locomotion_1,X3,10.537,0.0
Locomotion_1,X3,10.684,0.0
Locomotion_1,X3,10.832,0.0
Locomotion_1,X3,10.98,0.0
Locomotion_1,X3,11.128,0.0
Locomotion_1,X3,11.275,0.0
Locomotion_1,X3,11.423,0.0
Locomotion_1,X3,11.571,0.0
Locomotion_1,X3,11.718,0.0
Locomotion_1,X3,11.866,0.0
Locomotion_1,X3,12.014,0.0
Locomotion_1,X3,12.162,0.0
Locomotion_1,X3,12.309,0.0
Locomotion_1,X3,12.457,0.0
Locomotion_1,X3,12.605,0.0
Locomotion_1,X3,12.752,0.0
Locomotion_1,X3,12.9,0.0
Locomotion_1,X3,13.048,0.0
Locomotion_1,X3,13.196,0.0
Locomotion_1,X3,13.343,0.0
Locomotion_1,X3,13.491,0.0
Locomotion_1,X3,13.639,0.0
Locomotion_1,X3,13.786,0.0
Locomotion_1,X3,13.934,0.0
Locomotion_1,X3,14.082,0.0
Locomotion_1,X3,14.23,0.0
Locomotion_1,X3,14.377,0.0
Locomotion_1,X3,14.525,0.0
Locomotion_1,X3,14.673,0.0
Locomotion_1,X3,14.82,0.0
Locomotion_1,X3,14.968,0.0
Locomotion_1,X3,15.116,0.0
Locomotion_1,X3,15.263,0.0
Locomotion_1,X3,15.411,0.0
Locomotion_1,X3,15.559,0.0
Locomotion_1,X3,15.707,0.0
Locomotion_1,X3,15.854,0.0
Locomotion_1,X3,16.002,0.0
Locomotion_1,X3,16.15,0.0
Locomotion_1,X3,16.297,0.0
Locomotion_1,X3,16.445,0.0
Locomotion_1,X3,16.593,0.0
Locomotion_1,X3,16.741,0.0
Locomotion_1,X3,16.888,0.0
Locomotion_1,X3,17.036,0.0
Locomotion_1,X3,17.184,0.0
Locomotion_1,X3,17.331,0.0
Locomotion_1,X3,17.479,0.0
Locomotion_1,X3,17.627,0.0
Locomotion_1,X3,17.775,0.0
Locomotion_1,X3,17.922,0.0
Locomotion_1,X3,18.07,0.0
Locomotion_1,X3,18.218,0.0
Locomotion_1,X3,18.365,0.0
Locomotion_1,X3,18.513,0.0
Locomotion_1,X3,18.661,0.0
Locomotion_1,X3,18.809,0.0
Locomotion_1,X3,18.956,0.0
Locomotion_1,X3,19.104,0.0
Locomotion_1,X3,19.252,0.0
Locomotion_1,X3,19.399,0.0
Locomotion_1,X3,19.547,0.0
Locomotion_1,X3,19.695,0.0
Locomotion_1,X3,19.842,0.0
Locomotion_1,X3,19.99,0.0
Locomotion_1,X3,20.138,0.0
Locomotion_1,X3,20.286,0.0
Locomotion_1,X3,20.433,0.0
Locomotion_1,X3,20.581,0.0
Locomotion_1,X3,20.729,0.0
Locomotion_1,X3,20.876,0.0
Locomotion_1,X3,21.024,0.0
Locomotion_1,X3,21.172,0.0
Locomotion_1,X3,21.32,0.0
Locomotion_1,X3,21.467,0.0
Locomotion_1,X3,21.615,0.0
Locomotion_1,X3,21.763,0.0
Locomotion_1,X3,21.91,0.0
Locomotion_1,X3,22.058,0.0
Locomotion_1,X3,22.206,0.0
Locomotion_1,X3,22.354,0.0
Locomotion_1,X3,22.501,0.0
Locomotion_1,X3,22.649,0.0
Locomotion_1,X3,22.797,0.0
Locomotion_1,X3,22.944,0.0
Locomotion_1,X3,23.092,0.0
Locomotion_1,X3,23.24,0.0
Locomotion_1,X3,23.388,0.0
Locomotion_1,X3,23.535,0.0
Locomotion_1,X3,23.683,0.0
Locomotion_1,X3,23.831,0.0
Locomotion_1,X3,23.978,0.0
Locomotion_1,X3,24.126,0.0
Locomotion_1,X3,24.274,0.0
Locomotion_1,X3,24.422,0.0
Locomotion_1,X3,24.569,0.0
Locomotion_1,X3,24.717,0.0
Locomotion_1,X3,24.865,0.0
Locomotion_1,X3,25.012,0.0
Locomotion_1,X3,25.16,0.0
Locomotion_1,X3,25.308,0.0
Locomotion_1,X3,25.455,0.0
Locomotion_1,X3,25.603,0.0
Locomotion_1,X3,25.751,0.0
Locomotion_1,X3,25.899,0.0
Locomotion_1,X3,26.046,0.0
Locomotion_1,X3,26.194,0.0
Locomotion_1,X3,26.342,0.0
Locomotion_1,X3,26.489,0.0
Locomotion_1,X3,26.637,0.0
Locomotion_1,X3,26.785,0.0
Locomotion_1,X3,26.933,0.0
Locomotion_1,X3,27.08,0.0
Locomotion_1,X3,27.228,0.0
Locomotion_1,X3,27.376,0.0
Locomotion_1,X3,27.523,0.0
Locomotion_1,X3,27.671,0.0
Locomotion_1,X3,27.819,0.0
Locomotion_1,X3,27.967,0.0
Locomotion_1,X3,28.114,0.0
Locomotion_1,X3,28.262,0.0
Locomotion_1,X3,28.41,0.0
Locomotion_1,X3,28.557,0.0
Locomotion_1,X3,28.705,0.0
Locomotion_1,X3,28.853,0.0
Locomotion_1,X3,29.001,0.0
Locomotion_1,X3,29.148,0.0
Locomotion_1,X3,29.296,0.0
Locomotion_1,X3,29.444,0.0
Locomotion_1,X3,29.591,0.0
Locomotion_1,X3,29.739,0.0
Locomotion_1,X3,29.887,0.0
Locomotion_1,X3,30.034,0.0
Locomotion_1,X3,30.182,0.0
Locomotion_1,X3,30.33,0.0
Locomotion_1,X3,30.478,0.0
Locomotion_1,X3,30.625,0.0
Locomotion_1,X3,30.773,0.0
Locomotion_1,X3,30.921,0.0
Locomotion_1,X3,31.068,0.0
Locomotion_1,X3,31.216,0.0
Locomotion_1,X3,31.364,0.0
Locomotion_1,X3,31.512,0.0
Locomotion_1,X3,31.659,0.0
Locomotion_1,X3,31.807,0.0
Locomotion_1,X3,31.955,0.0
Locomotion_1,X3,32.102,0.0
Locomotion_1,X3,32.25,0.0
Locomotion_1,X3,32.398,0.0
Locomotion_1,X3,32.546,0.0
Locomotion_1,X3,32.693,0.0
Locomotion_1,X3,32.841,0.0
Locomotion_1,X3,32.989,0.0
Locomotion_1,X3,33.136,0.0
Locomotion_1,X3,33.284,0.0
Locomotion_1,X3,33.432,0.0
Locomotion_1,X3,33.58,0.0
Locomotion_1,X3,33.727,0.0
Locomotion_1,X3,33.875,0.0
Locomotion_1,X3,34.023,0.0
Locomotion_1,X3,34.17,0.0
Locomotion_1,X3,34.318,0.0
Locomotion_1,X3,34.466,0.0
Locomotion_1,X3,34.614,0.0
Locomotion_1,X3,34.761,0.0
Locomotion_1,X3,34.909,0.0
Locomotion_1,X3,35.057,0.0
Locomotion_1,X3,35.204,0.0
Locomotion_1,X3,35.352,0.0
Locomotion_1,X3,35.5,0.0
Locomotion_1,X3,35.647,0.0
Locomotion_1,X3,35.795,0.0
Locomotion_1,X3,35.943,0.0
Locomotion_1,X3,36.091,0.0
Locomotion_1,X3,36.238,0.0
Locomotion_1,X3,36.386,0.0
Locomotion_1,X3,36.534,0.0
Locomotion_1,X3,36.681,0.0
Locomotion_1,X3,36.829,0.0
Locomotion_1,X3,36.977,0.0
Locomotion_1,X3,37.125,0.0
Locomotion_1,X3,37.272,0.0
Locomotion_1,X3,37.42,0.0
Locomotion_1,X3,37.568,0.0
Locomotion_1,X3,37.715,0.0
Locomotion_1,X3,37.863,0.0
Locomotion_1,X3,38.011,0.0
Locomotion_1,X3,38.159,0.0
Locomotion_1,X3,38.306,0.0
Locomotion_1,X3,38.454,0.0
Locomotion_1,X3,38.602,0.0
Locomotion_1,X3,38.749,0.0
Locomotion_1,X3,38.897,0.0
Locomotion_1,X3,39.045,0.0
Locomotion_1,X3,39.193,0.0
Locomotion_1,X3,39.34,0.0
Locomotion_1,X3,39.488,0.0
Locomotion_1,X3,39.636,0.0
Locomotion_1,X3,39.783,0.0
Locomotion_1,X3,39.931,0.0
Locomotion_1,X3,40.079,0.0
Locomotion_1,X3,40.227,0.0
Locomotion_1,X3,40.374,0.0
Locomotion_1,X3,40.522,0.0
Locomotion_1,X3,40.67,0.0
Locomotion_1,X3,40.817,0.0
Locomotion_1,X3,40.965,0.0
Locomotion_1,X3,41.113,0.0
Locomotion_1,X3,41.26,0.0
Locomotion_1,X3,41.408,0.0
Locomotion_1,X3,41.556,0.0
Locomotion_1,X3,41.704,0.0
Locomotion_1,X3,41.851,0.0
Locomotion_1,X3,41.999,0.0
Locomotion_1,X3,42.147,0.0
Locomotion_1,X3,42.294,0.0
Locomotion_1,X3,42.442,0.0
Locomotion_1,X3,42.59,0.0
Locomotion_1,X3,42.738,0.0
Locomotion_1,X3,42.885,0.0
Locomotion_1,X3,43.033,0.0
Locomotion_1,X3,43.181,0.0
Locomotion_1,X3,43.328,0.0
Locomotion_1,X3,43.476,0.0
Locomotion_1,X3,43.624,0.0
Locomotion_1,X3,43.772,0.0
Locomotion_1,X3,43.919,0.0
Locomotion_1,X3,44.067,0.0
Locomotion_1,X3,44.215,0.0
Locomotion_1,X3,44.362,0.0
Locomotion_1,X3,44.51,0.0
Locomotion_1,X3,44.658,0.0
Locomotion_1,X3,44.806,0.0
Locomotion_1,X3,44.953,0.0
Locomotion_1,X3,45.101,0.0
Locomotion_1,X3,45.249,0.0
Locomotion_1,X3,45.396,0.0
Locomotion_1,X3,45.544,0.0
Locomotion_1,X3,45.692,0.0
Locomotion_1,X3,45.839,0.0
Locomotion_1,X3,45.987,0.0
Locomotion_1,X3,46.135,0.0
Locomotion_1,X3,46.283,0.0
Locomotion_1,X3,46.43,0.0
Locomotion_1,X3,46.578,0.0
Locomotion_1,X3,46.726,0.0
Locomotion_1,X3,46.873,0.0
Locomotion_1,X3,47.021,0.0
Locomotion_1,X3,47.169,0.0
Locomotion_1,X3,47.317,0.0
Locomotion_1,X3,47.464,0.0
Locomotion_1,X3,47.612,0.0
Locomotion_1,X3,47.76,0.0
Locomotion_1,X3,47.907,0.0
Locomotion_1,X3,48.055,0.0
Locomotion_1,X3,48.203,0.0
Locomotion_1,X3,48.351,0.0
Locomotion_1,X3,48.498,0.0
Locomotion_1,X3,48.646,0.0
Locomotion_1,X3,48.794,0.0
Locomotion_1,X3,48.941,0.0
Locomotion_1,X3,49.089,0.0
Locomotion_1,X3,49.237,0.0
Locomotion_1,X3,49.385,0.0
Locomotion_1,X3,49.532,0.0
Locomotion_1,X3,49.68,0.0
Locomotion_1,X3,49.828,0.0
Locomotion_1,X3,49.975,0.0
Locomotion_1,X3,50.123,0.0
Locomotion_1,X3,50.271,0.0
Locomotion_1,X3,50.419,0.0
Locomotion_1,X3,50.566,0.0
Locomotion_1,X3,50.714,0.0
Locomotion_1,X3,50.862,0.0
Locomotion_1,X3,51.009,0.0
Locomotion_1,X3,51.157,0.0
Locomotion_1,X3,51.305,0.0
Locomotion_1,X3,51.452,0.0
Locomotion_1,X3,51.6,0.0
Locomotion_1,X3,51.748,0.0
Locomotion_1,X3,51.896,0.0
Locomotion_1,X3,52.043,0.0
Locomotion_1,X3,52.191,0.0
Locomotion_1,X3,52.339,0.0
Locomotion_1,X3,52.486,0.0
Locomotion_1,X3,52.634,0.0
Locomotion_1,X3,52.782,0.0
Locomotion_1,X3,52.93,0.0
Locomotion_1,X3,53.077,0.0
Locomotion_1,X3,53.225,0.0
Locomotion_1,X3,53.373,0.0
Locomotion_1,X3,53.52,0.0
Locomotion_1,X3,53.668,0.0
Locomotion_1,X3,53.816,0.0
Locomotion_1,X3,53.964,0.0
Locomotion_1,X3,54.111,0.0
Locomotion_1,X3,54.259,0.0
Locomotion_1,X3,54.407,0.0
Locomotion_1,X3,54.554,0.0
Locomotion_1,X3,54.702,0.0
Locomotion_1,X3,54.85,0.0
Locomotion_1,X3,54.998,0.0
Locomotion_1,X3,55.145,0.0
Locomotion_1,X3,55.293,0.0
Locomotion_1,X3,55.441,0.0
Locomotion_1,X3,55.588,0.0
Locomotion_1,X3,55.736,0.0
Locomotion_1,X3,55.884,0.0
Locomotion_1,X3,56.032,0.0
Locomotion_1,X3,56.179,0.0
Locomotion_1,X3,56.327,0.0
Locomotion_1,X3,56.475,0.0
Locomotion_1,X3,56.622,0.0
Locomotion_1,X3,56.77,0.0
Locomotion_1,X3,56.918,0.0
Locomotion_1,X3,57.065,0.0
Locomotion_1,X3,57.213,0.0
Locomotion_1,X3,57.361,0.0
Locomotion_1,X3,57.509,0.0
Locomotion_1,X3,57.656,0.0
Locomotion_1,X3,57.804,0.0
Locomotion_1,X3,57.952,0.0
Locomotion_1,X3,58.099,0.0
Locomotion_1,X3,58.247,0.0
Locomotion_1,X3,58.395,0.0
Locomotion_1,X3,58.543,0.0
Locomotion_1,X3,58.69,0.0
Locomotion_1,X3,58.838,0.0
Locomotion_1,X3,58.986,0.0
Locomotion_1,X3,59.133,0.0
Locomotion_1,X3,59.281,0.0
Locomotion_1,X3,59.429,0.0
Locomotion_1,X3,59.577,0.0
Locomotion_1,X3,59.724,0.0
Locomotion_1,X3,59.872,0.0
Locomotion_1,X3,60.02,0.0
Locomotion_1,X3,60.167,0.0
Locomotion_1,X3,60.315,0.0
Locomotion_1,X3,60.463,0.0
Locomotion_1,X3,60.611,0.0
Locomotion_1,X3,60.758,0.0
Locomotion_1,X3,60.906,0.0
Locomotion_1,X3,61.054,0.0
Locomotion_1,X3,61.201,0.0
Locomotion_1,X3,61.349,0.0
Locomotion_1,X3,61.497,0.0
Locomotion_1,X3,61.644,0.0
Locomotion_1,X3,61.792,0.0
Locomotion_1,X3,61.94,0.0
Locomotion_1,X3,62.088,0.0
Locomotion_1,X3,62.235,0.0
Locomotion_1,X3,62.383,0.0
Locomotion_1,X3,62.531,0.0
Locomotion_1,X3,62.678,0.0
Locomotion_1,X3,62.826,0.0
Locomotion_1,X3,62.974,0.0
Locomotion_1,X3,63.122,0.0
Locomotion_1,X3,63.269,0.0
Locomotion_1,X3,63.417,0.0
Locomotion_1,X3,63.565,0.0
Locomotion_1,X3,63.712,0.0
Locomotion_1,X3,63.86,0.0
Locomotion_1,X3,64.008,0.0
Locomotion_1,X3,64.156,0.0
Locomotion_1,X3,64.303,0.0
Locomotion_1,X3,64.451,0.0
Locomotion_1,X3,64.599,0.0
Locomotion_1,X3,64.746,0.0
Locomotion_1,X3,64.894,0.0
Locomotion_1,X3,65.042,0.0
Locomotion_1,X3,65.19,0.0
Locomotion_1,X3,65.337,0.0
Locomotion_1,X3,65.485,0.0
Locomotion_1,X3,65.633,0.0
Locomotion_1,X3,65.78,0.0
Locomotion_1,X3,65.928,0.0
Locomotion_1,X3,66.076,0.0
Locomotion_1,X3,66.224,0.0
Locomotion_1,X3,66.371,0.0
Locomotion_1,X3,66.519,0.0
Locomotion_1,X3,66.667,0.0
Locomotion_1,X3,66.814,0.0
Locomotion_1,X3,66.962,0.0
Locomotion_1,X3,67.11,0.0
Locomotion_1,X3,67.257,0.0
Locomotion_1,X3,67.405,0.0
Locomotion_1,X3,67.553,0.0
Locomotion_1,X3,67.701,0.0
Locomotion_1,X3,67.848,0.0
Locomotion_1,X3,67.996,0.0
Locomotion_1,X3,68.144,0.0
Locomotion_1,X3,68.291,0.0
Locomotion_1,X3,68.439,0.0
Locomotion_1,X3,68.587,0.0
Locomotion_1,X3,68.735,0.0
Locomotion_1,X3,68.882,0.0
Locomotion_1,X3,69.03,0.0
Locomotion_1,X3,69.178,0.0
Locomotion_1,X3,69.325,0.0
Locomotion_1,X3,69.473,0.0
Locomotion_1,X3,69.621,0.0
Locomotion_1,X3,69.769,0.0
Locomotion_1,X3,69.916,0.0
Locomotion_1,X3,70.064,0.0
Locomotion_1,X3,70.212,0.0
Locomotion_1,X3,70.359,0.0
Locomotion_1,X3,70.507,0.0
Locomotion_1,X3,70.655,0.0
Locomotion_1,X3,70.803,0.0
Locomotion_1,X3,70.95,0.0
Locomotion_1,X3,71.098,0.0
Locomotion_1,X3,71.246,0.0
Locomotion_1,X3,71.393,0.0
Locomotion_1,X3,71.541,0.0
Locomotion_1,X3,71.689,0.0
Locomotion_1,X3,71.836,0.0
Locomotion_1,X3,71.984,0.0
Locomotion_1,X3,72.132,0.0
Locomotion_1,X3,72.28,0.0
Locomotion_1,X3,72.427,0.0
Locomotion_1,X3,72.575,0.0
Locomotion_1,X3,72.723,0.0
Locomotion_1,X3,72.87,0.0
Locomotion_1,X3,73.018,0.0
Locomotion_1,X3,73.166,0.0
Locomotion_1,X3,73.314,0.0
Locomotion_1,X3,73.461,0.0
Locomotion_1,X3,73.609,0.0
Locomotion_1,X3,73.757,0.0
Locomotion_1,X3,73.904,0.0
Locomotion_1,X3,74.052,0.0
Locomotion_1,X3,74.2,0.0
Locomotion_1,X3,74.348,0.0
Locomotion_1,X3,74.495,0.0
Locomotion_1,X3,74.643,0.0
Locomotion_1,X3,74.791,0.0
Locomotion_1,X3,74.938,0.0
Locomotion_1,X3,75.086,0.0
Locomotion_1,X3,75.234,0.0
Locomotion_1,X3,75.382,0.0
Locomotion_1,X3,75.529,0.0
Locomotion_1,X3,75.677,0.0
Locomotion_1,X3,75.825,0.0
Locomotion_1,X3,75.972,0.0
Locomotion_1,X3,76.12,0.0
Locomotion_1,X3,76.268,0.0
Locomotion_1,X3,76.416,0.0
Locomotion_1,X3,76.563,0.0
Locomotion_1,X3,76.711,0.0
Locomotion_1,X3,76.859,0.0
Locomotion_1,X3,77.006,0.0
Locomotion_1,X3,77.154,0.0
Locomotion_1,X3,77.302,0.0
Locomotion_1,X3,77.449,0.0
Locomotion_1,X3,77.597,0.0
Locomotion_1,X3,77.745,0.0
Locomotion_1,X3,77.893,0.0
Locomotion_1,X3,78.04,0.0
Locomotion_1,X3,78.188,0.0
Locomotion_1,X3,78.336,0.0
Locomotion_1,X3,78.483,0.0
Locomotion_1,X3,78.631,0.0
Locomotion_1,X3,78.779,0.0
Locomotion_1,X3,78.927,0.0
Locomotion_1,X3,79.074,0.0
Locomotion_1,X3,79.222,0.0
Locomotion_1,X3,79.37,0.0
Locomotion_1,X3,79.517,0.0
Locomotion_1,X3,79.665,0.0
Locomotion_1,X3,79.813,0.0
Locomotion_1,X3,79.961,0.0
Locomotion_1,X3,80.108,0.0
Locomotion_1,X3,80.256,0.0
Locomotion_1,X3,80.404,0.0
Locomotion_1,X3,80.551,0.0
Locomotion_1,X3,80.699,0.0
Locomotion_1,X3,80.847,0.0
Locomotion_1,X3,80.995,0.0
Locomotion_1,X3,81.142,0.0
Locomotion_1,X3,81.29,0.0
Locomotion_1,X3,81.438,0.0
Locomotion_1,X3,81.585,0.0
Locomotion_1,X3,81.733,0.0
Locomotion_1,X3,81.881,0.0
Locomotion_1,X3,82.029,0.0
Locomotion_1,X3,82.176,0.0
Locomotion_1,X3,82.324,0.0
Locomotion_1,X3,82.472,0.0
Locomotion_1,X3,82.619,0.0
Locomotion_1,X3,82.767,0.0
Locomotion_1,X3,82.915,0.0
Locomotion_1,X3,83.062,0.0
Locomotion_1,X3,83.21,0.0
Locomotion_1,X3,83.358,0.0
Locomotion_1,X3,83.506,0.0
Locomotion_1,X3,83.653,0.0
Locomotion_1,X3,83.801,0.0
Locomotion_1,X3,83.949,0.0
Locomotion_1,X3,84.096,0.0
Locomotion_1,X3,84.244,0.0
Locomotion_1,X3,84.392,0.0
Locomotion_1,X3,84.54,0.0
Locomotion_1,X3,84.687,0.0
Locomotion_1,X3,84.835,0.0
Locomotion_1,X3,84.983,0.0
Locomotion_1,X3,85.13,0.0
Locomotion_1,X3,85.278,0.0
Locomotion_1,X3,85.426,0.0
Locomotion_1,X3,85.574,0.0
Locomotion_1,X3,85.721,0.0
Locomotion_1,X3,85.869,0.0
Locomotion_1,X3,86.017,0.0
Locomotion_1,X3,86.164,0.0
Locomotion_1,X3,86.312,0.0
Locomotion_1,X3,86.46,0.0
Locomotion_1,X3,86.608,0.0
Locomotion_1,X3,86.755,0.0
Locomotion_1,X3,86.903,0.0
Locomotion_1,X3,87.051,0.0
Locomotion_1,X3,87.198,0.0
Locomotion_1,X3,87.346,0.0
Locomotion_1,X3,87.494,0.0
Locomotion_1,X3,87.641,0.0
Locomotion_1,X3,87.789,0.0
Locomotion_1,X3,87.937,0.0
Locomotion_1,X3,88.085,0.0
Locomotion_1,X3,88.232,0.0
Locomotion_1,X3,88.38,0.0
Locomotion_1,X3,88.528,0.0
Locomotion_1,X3,88.675,0.0
Locomotion_1,X3,88.823,0.0
Locomotion_1,X3,88.971,0.0
Locomotion_1,X3,89.119,0.0
Locomotion_1,X3,89.266,0.0
Locomotion_1,X3,89.414,0.0
Locomotion_1,X3,89.562,0.0
Locomotion_1,X3,89.709,0.0
Locomotion_1,X3,89.857,0.0
Locomotion_1,X3,90.005,0.0
Locomotion_1,X3,90.153,0.0
Locomotion_1,X3,90.3,0.0
Locomotion_1,X3,90.448,0.0
Locomotion_1,X3,90.596,0.0
Locomotion_1,X3,90.743,0.0
Locomotion_1,X3,90.891,0.0
Locomotion_1,X3,91.039,0.0
Locomotion_1,X3,91.187,0.0
Locomotion_1,X3,91.334,0.0
Locomotion_1,X3,91.482,0.0
Locomotion_1,X3,91.63,0.0
Locomotion_1,X3,91.777,0.0
Locomotion_1,X3,91.925,0.0
Locomotion_1,X3,92.073,0.0
Locomotion_1,X3,92.221,0.0
Locomotion_1,X3,92.368,0.0
Locomotion_1,X3,92.516,0.0
Locomotion_1,X3,92.664,0.0
Locomotion_1,X3,92.811,0.0
Locomotion_1,X3,92.959,0.0
Locomotion_1,X3,93.107,0.0
Locomotion_1,X3,93.254,0.0
Locomotion_1,X3,93.402,0.0
Locomotion_1,X3,93.55,0.0
Locomotion_1,X3,93.698,0.0
Locomotion_1,X3,93.845,0.0
Locomotion_1,X3,93.993,0.0
Locomotion_1,X3,94.141,0.0
Locomotion_1,X3,94.288,0.0
Locomotion_1,X3,94.436,0.0
Locomotion_1,X3,94.584,0.0
Locomotion_1,X3,94.732,0.0
Locomotion_1,X3,94.879,0.0
Locomotion_1,X3,95.027,0.0
Locomotion_1,X3,95.175,0.0
Locomotion_1,X3,95.322,0.0
Locomotion_1,X3,95.47,0.0
Locomotion_1,X3,95.618,0.0
Locomotion_1,X3,95.766,0.0
Locomotion_1,X3,95.913,0.0
Locomotion_1,X3,96.061,0.0
Locomotion_1,X3,96.209,0.0
Locomotion_1,X3,96.356,0.0
Locomotion_1,X3,96.504,0.0
Locomotion_1,X3,96.652,0.0
Locomotion_1,X3,96.8,0.0
Locomotion_1,X3,96.947,0.0
Locomotion_1,X3,97.095,0.0
Locomotion_1,X3,97.243,0.0
Locomotion_1,X3,97.39,0.0
Locomotion_1,X3,97.538,0.0
Locomotion_1,X3,97.686,0.0
Locomotion_1,X3,97.834,0.0
Locomotion_1,X3,97.981,0.0
Locomotion_1,X3,98.129,0.0
Locomotion_1,X3,98.277,0.0
Locomotion_1,X3,98.424,0.0
Locomotion_1,X3,98.572,0.0
Locomotion_1,X3,98.72,0.0
Locomotion_1,X3,98.867,0.0
Locomotion_1,X3,99.015,0.0
Locomotion_1,X3,99.163,0.0
Locomotion_1,X3,99.311,0.0
Locomotion_1,X3,99.458,0.0
Locomotion_1,X3,99.606,0.0
Locomotion_1,X3,99.754,0.0
Locomotion_1,X3,99.901,0.0
Locomotion_1,X3,100.049,0.0
Locomotion_1,X3,100.197,0.0
Locomotion_1,X3,100.345,0.0
Locomotion_1,X3,100.492,0.0
Locomotion_1,X3,100.64,0.0
Locomotion_1,X3,100.788,0.0
Locomotion_1,X3,100.935,0.0
Locomotion_1,X3,101.083,0.0
Locomotion_1,X3,101.231,0.0
Locomotion_1,X3,101.379,0.0
Locomotion_1,X3,101.526,0.0
Locomotion_1,X3,101.674,0.0
Locomotion_1,X3,101.822,0.0
Locomotion_1,X3,101.969,0.0
Locomotion_1,X3,102.117,0.0
Locomotion_1,X3,102.265,0.0
Locomotion_1,X3,102.413,0.0
Locomotion_1,X3,102.56,0.0
Locomotion_1,X3,102.708,0.0
Locomotion_1,X3,102.856,0.0
Locomotion_1,X3,103.003,0.0
Locomotion_1,X3,103.151,0.0
Locomotion_1,X3,103.299,0.0
Locomotion_1,X3,103.446,0.0
Locomotion_1,X3,103.594,0.0
Locomotion_1,X3,103.742,0.0
Locomotion_1,X3,103.89,0.0
Locomotion_1,X3,104.037,0.0
Locomotion_1,X3,104.185,0.0
Locomotion_1,X3,104.333,0.0
Locomotion_1,X3,104.48,0.0
Locomotion_1,X3,104.628,0.0
Locomotion_1,X3,104.776,0.0
Locomotion_1,X3,104.924,0.0
Locomotion_1,X3,105.071,0.0
Locomotion_1,X3,105.219,0.0
Locomotion_1,X3,105.367,0.0
Locomotion_1,X3,105.514,0.0
Locomotion_1,X3,105.662,0.0
Locomotion_1,X3,105.81,0.0
Locomotion_1,X3,105.958,0.0
Locomotion_1,X3,106.105,0.0
Locomotion_1,X3,106.253,0.0
Locomotion_1,X3,106.401,0.0
Locomotion_1,X3,106.548,0.0
Locomotion_1,X3,106.696,0.0
Locomotion_1,X3,106.844,0.0
Locomotion_1,X3,106.992,0.0
Locomotion_1,X3,107.139,0.0
Locomotion_1,X3,107.287,0.0
Locomotion_1,X3,107.435,0.0
Locomotion_1,X3,107.582,0.0
Locomotion_1,X3,107.73,0.0549
Locomotion_1,X3,107.878,0.9725
Locomotion_1,X4,0.049,1.0
Locomotion_1,X4,0.197,0.0549
Locomotion_1,X4,0.345,0.0
Locomotion_1,X4,0.492,0.0
Locomotion_1,X4,0.64,0.0
Locomotion_1,X4,0.788,0.0
Locomotion_1,X4,0.936,0.0
Locomotion_1,X4,1.083,0.0
Locomotion_1,X4,1.231,0.0
Locomotion_1,X4,1.379,0.0
Locomotion_1,X4,1.526,0.0
Locomotion_1,X4,1.674,0.0
Locomotion_1,X4,1.822,0.0
Locomotion_1,X4,1.97,0.0
Locomotion_1,X4,2.117,0.0
Locomotion_1,X4,2.265,0.0
Locomotion_1,X4,2.413,0.0
Locomotion_1,X4,2.56,0.0
Locomotion_1,X4,2.708,0.0
Locomotion_1,X4,2.856,0.0
Locomotion_1,X4,3.004,0.0
Locomotion_1,X4,3.151,0.0
Locomotion_1,X4,3.299,0.0
Locomotion_1,X4,3.447,0.0
Locomotion_1,X4,3.594,0.0
Locomotion_1,X4,3.742,0.0
Locomotion_1,X4,3.89,0.0
Locomotion_1,X4,4.037,0.0
Locomotion_1,X4,4.185,0.0
Locomotion_1,X4,4.333,0.0
Locomotion_1,X4,4.481,0.0
Locomotion_1,X4,4.628,0.0
Locomotion_1,X4,4.776,0.0
Locomotion_1,X4,4.924,0.0
Locomotion_1,X4,5.071,0.0
Locomotion_1,X4,5.219,0.0
Locomotion_1,X4,5.367,0.0
Locomotion_1,X4,5.515,0.0
Locomotion_1,X4,5.662,0.0
Locomotion_1,X4,5.81,0.0
Locomotion_1,X4,5.958,0.0
Locomotion_1,X4,6.105,0.0
Locomotion_1,X4,6.253,0.0
Locomotion_1,X4,6.401,0.0
Locomotion_1,X4,6.549,0.0
Locomotion_1,X4,6.696,0.0
Locomotion_1,X4,6.844,0.0
Locomotion_1,X4,6.992,0.0
Locomotion_1,X4,7.139,0.0
Locomotion_1,X4,7.287,0.0
Locomotion_1,X4,7.435,0.0
Locomotion_1,X4,7.583,0.0
Locomotion_1,X4,7.73,0.0
Locomotion_1,X4,7.878,0.0
Locomotion_1,X4,8.026,0.0
Locomotion_1,X4,8.173,0.0
Locomotion_1,X4,8.321,0.0
Locomotion_1,X4,8.469,0.0
Locomotion_1,X4,8.617,0.0
Locomotion_1,X4,8.764,0.0
Locomotion_1,X4,8.912,0.0
Locomotion_1,X4,9.06,0.0
Locomotion_1,X4,9.207,0.0
Locomotion_1,X4,9.355,0.0
Locomotion_1,X4,9.503,0.0
Locomotion_1,X4,9.65,0.0
Locomotion_1,X4,9.798,0.0
Locomotion_1,X4,9.946,0.0
Locomotion_1,X4,10.094,0.0
Locomotion_1,X4,10.241,0.0
Locomotion_1,X4,10.389,0.0
Locomotion_1,X4,10.537,0.0
Locomotion_1,X4,10.684,0.0
Locomotion_1,X4,10.832,0.0
Locomotion_1,X4,10.98,0.0
Locomotion_1,X4,11.128,0.0
Locomotion_1,X4,11.275,0.0
Locomotion_1,X4,11.423,0.0
Locomotion_1,X4,11.571,0.0
Locomotion_1,X4,11.718,0.0
Locomotion_1,X4,11.866,0.0
Locomotion_1,X4,12.014,0.0
Locomotion_1,X4,12.162,0.0
Locomotion_1,X4,12.309,0.0
Locomotion_1,X4,12.457,0.0
Locomotion_1,X4,12.605,0.0
Locomotion_1,X4,12.752,0.0
Locomotion_1,X4,12.9,0.0
Locomotion_1,X4,13.048,0.0
Locomotion_1,X4,13.196,0.0
Locomotion_1,X4,13.343,0.0
Locomotion_1,X4,13.491,0.0
Locomotion_1,X4,13.639,0.0
Locomotion_1,X4,13.786,0.0
Locomotion_1,X4,13.934,0.0
Locomotion_1,X4,14.082,0.0
Locomotion_1,X4,14.23,0.0
Locomotion_1,X4,14.377,0.0
Locomotion_1,X4,14.525,0.0
Locomotion_1,X4,14.673,0.0
Locomotion_1,X4,14.82,0.0
Locomotion_1,X4,14.968,0.0
Locomotion_1,X4,15.116,0.0
Locomotion_1,X4,15.263,0.0
Locomotion_1,X4,15.411,0.0
Locomotion_1,X4,15.559,0.0
Locomotion_1,X4,15.707,0.0
Locomotion_1,X4,15.854,0.0
Locomotion_1,X4,16.002,0.0
Locomotion_1,X4,16.15,0.0
Locomotion_1,X4,16.297,0.0
Locomotion_1,X4,16.445,0.0
Locomotion_1,X4,16.593,0.0
Locomotion_1,X4,16.741,0.0
Locomotion_1,X4,16.888,0.0
Locomotion_1,X4,17.036,0.0
Locomotion_1,X4,17.184,0.0
Locomotion_1,X4,17.331,0.0
Locomotion_1,X4,17.479,0.0
Locomotion_1,X4,17.627,0.0
Locomotion_1,X4,17.775,0.0
Locomotion_1,X4,17.922,0.0
Locomotion_1,X4,18.07,0.0
Locomotion_1,X4,18.218,0.0
Locomotion_1,X4,18.365,0.0
Locomotion_1,X4,18.513,0.0
Locomotion_1,X4,18.661,0.0
Locomotion_1,X4,18.809,0.0
Locomotion_1,X4,18.956,0.0
Locomotion_1,X4,19.104,0.0
Locomotion_1,X4,19.252,0.0
Locomotion_1,X4,19.399,0.0
Locomotion_1,X4,19.547,0.0
Locomotion_1,X4,19.695,0.0
Locomotion_1,X4,19.842,0.0
Locomotion_1,X4,19.99,0.0
Locomotion_1,X4,20.138,0.0
Locomotion_1,X4,20.286,0.0
Locomotion_1,X4,20.433,0.0
Locomotion_1,X4,20.581,0.0
Locomotion_1,X4,20.729,0.0
Locomotion_1,X4,20.876,0.0
Locomotion_1,X4,21.024,0.0
Locomotion_1,X4,21.172,0.0
Locomotion_1,X4,21.32,0.0
Locomotion_1,X4,21.467,0.0
Locomotion_1,X4,21.615,0.0
Locomotion_1,X4,21.763,0.0
Locomotion_1,X4,21.91,0.0
Locomotion_1,X4,22.058,0.0
Locomotion_1,X4,22.206,0.0
Locomotion_1,X4,22.354,0.0
Locomotion_1,X4,22.501,0.0
Locomotion_1,X4,22.649,0.0
Locomotion_1,X4,22.797,0.0
Locomotion_1,X4,22.944,0.0
Locomotion_1,X4,23.092,0.0
Locomotion_1,X4,23.24,0.0
Locomotion_1,X4,23.388,0.0
Locomotion_1,X4,23.535,0.0
Locomotion_1,X4,23.683,0.0
Locomotion_1,X4,23.831,0.0
Locomotion_1,X4,23.978,0.0
Locomotion_1,X4,24.126,0.0
Locomotion_1,X4,24.274,0.0
Locomotion_1,X4,24.422,0.0
Locomotion_1,X4,24.569,0.0
Locomotion_1,X4,24.717,0.0
Locomotion_1,X4,24.865,0.0
Locomotion_1,X4,25.012,0.0
Locomotion_1,X4,25.16,0.0
Locomotion_1,X4,25.308,0.0
Locomotion_1,X4,25.455,0.0
Locomotion_1,X4,25.603,0.0
Locomotion_1,X4,25.751,0.0
Locomotion_1,X4,25.899,0.0
Locomotion_1,X4,26.046,0.0
Locomotion_1,X4,26.194,0.0
Locomotion_1,X4,26.342,0.0
Locomotion_1,X4,26.489,0.0
Locomotion_1,X4,26.637,0.0
Locomotion_1,X4,26.785,0.0
Locomotion_1,X4,26.933,0.0
Locomotion_1,X4,27.08,0.0
Locomotion_1,X4,27.228,0.0
Locomotion_1,X4,27.376,0.0
Locomotion_1,X4,27.523,0.0
Locomotion_1,X4,27.671,0.0
Locomotion_1,X4,27.819,0.0
Locomotion_1,X4,27.967,0.0
Locomotion_1,X4,28.114,0.0
Locomotion_1,X4,28.262,0.0
Locomotion_1,X4,28.41,0.0
Locomotion_1,X4,28.557,0.0
Locomotion_1,X4,28.705,0.0
Locomotion_1,X4,28.853,0.0
Locomotion_1,X4,29.001,0.0
Locomotion_1,X4,29.148,0.0
Locomotion_1,X4,29.296,0.0
Locomotion_1,X4,29.444,0.0
Locomotion_1,X4,29.591,0.0
Locomotion_1,X4,29.739,0.0
Locomotion_1,X4,29.887,0.0
Locomotion_1,X4,30.034,0.0
Locomotion_1,X4,30.182,0.0
Locomotion_1,X4,30.33,0.0
Locomotion_1,X4,30.478,0.0
Locomotion_1,X4,30.625,0.0
Locomotion_1,X4,30.773,0.0
Locomotion_1,X4,30.921,0.0
Locomotion_1,X4,31.068,0.0
Locomotion_1,X4,31.216,0.0
Locomotion_1,X4,31.364,0.0
Locomotion_1,X4,31.512,0.0
Locomotion_1,X4,31.659,0.0
Locomotion_1,X4,31.807,0.0
Locomotion_1,X4,31.955,0.0
Locomotion_1,X4,32.102,0.0
Locomotion_1,X4,32.25,0.0
Locomotion_1,X4,32.398,0.0
Locomotion_1,X4,32.546,0.0
Locomotion_1,X4,32.693,0.0
Locomotion_1,X4,32.841,0.0
Locomotion_1,X4,32.989,0.0
Locomotion_1,X4,33.136,0.0
Locomotion_1,X4,33.284,0.0
Locomotion_1,X4,33.432,0.0
Locomotion_1,X4,33.58,0.0
Locomotion_1,X4,33.727,0.0
Locomotion_1,X4,33.875,0.0
Locomotion_1,X4,34.023,0.0
Locomotion_1,X4,34.17,0.0
Locomotion_1,X4,34.318,0.0
Locomotion_1,X4,34.466,0.0
Locomotion_1,X4,34.614,0.0
Locomotion_1,X4,34.761,0.0
Locomotion_1,X4,34.909,0.0
Locomotion_1,X4,35.057,0.0
Locomotion_1,X4,35.204,0.0
Locomotion_1,X4,35.352,0.0
Locomotion_1,X4,35.5,0.0
Locomotion_1,X4,35.647,0.0
Locomotion_1,X4,35.795,0.0
Locomotion_1,X4,35.943,0.0
Locomotion_1,X4,36.091,0.0
Locomotion_1,X4,36.238,0.0
Locomotion_1,X4,36.386,0.0
Locomotion_1,X4,36.534,0.0
Locomotion_1,X4,36.681,0.0
Locomotion_1,X4,36.829,0.0
Locomotion_1,X4,36.977,0.0
Locomotion_1,X4,37.125,0.0
Locomotion_1,X4,37.272,0.0
Locomotion_1,X4,37.42,0.0
Locomotion_1,X4,37.568,0.0
Locomotion_1,X4,37.715,0.0
Locomotion_1,X4,37.863,0.0
Locomotion_1,X4,38.011,0.0
Locomotion_1,X4,38.159,0.0
Locomotion_1,X4,38.306,0.0
Locomotion_1,X4,38.454,0.0
Locomotion_1,X4,38.602,0.0
Locomotion_1,X4,38.749,0.0
Locomotion_1,X4,38.897,0.0
Locomotion_1,X4,39.045,0.0
Locomotion_1,X4,39.193,0.0
Locomotion_1,X4,39.34,0.0
Locomotion_1,X4,39.488,0.0
Locomotion_1,X4,39.636,0.0
Locomotion_1,X4,39.783,0.0
Locomotion_1,X4,39.931,0.0
Locomotion_1,X4,40.079,0.0
Locomotion_1,X4,40.227,0.0
Locomotion_1,X4,40.374,0.0
Locomotion_1,X4,40.522,0.0
Locomotion_1,X4,40.67,0.0
Locomotion_1,X4,40.817,0.0
Locomotion_1,X4,40.965,0.0
Locomotion_1,X4,41.113,0.0
Locomotion_1,X4,41.26,0.0
Locomotion_1,X4,41.408,0.0
Locomotion_1,X4,41.556,0.0
Locomotion_1,X4,41.704,0.0
Locomotion_1,X4,41.851,0.0
Locomotion_1,X4,41.999,0.0
Locomotion_1,X4,42.147,0.0
Locomotion_1,X4,42.294,0.0
Locomotion_1,X4,42.442,0.0
Locomotion_1,X4,42.59,0.0
Locomotion_1,X4,42.738,0.0
Locomotion_1,X4,42.885,0.0
Locomotion_1,X4,43.033,0.0
Locomotion_1,X4,43.181,0.0
Locomotion_1,X4,43.328,0.0
Locomotion_1,X4,43.476,0.0
Locomotion_1,X4,43.624,0.0
Locomotion_1,X4,43.772,0.0
Locomotion_1,X4,43.919,0.0
Locomotion_1,X4,44.067,0.0
Locomotion_1,X4,44.215,0.0
Locomotion_1,X4,44.362,0.0
Locomotion_1,X4,44.51,0.0
Locomotion_1,X4,44.658,0.0
Locomotion_1,X4,44.806,0.0
Locomotion_1,X4,44.953,0.0
Locomotion_1,X4,45.101,0.0
Locomotion_1,X4,45.249,0.0
Locomotion_1,X4,45.396,0.0
Locomotion_1,X4,45.544,0.0
Locomotion_1,X4,45.692,0.0
Locomotion_1,X4,45.839,0.0
Locomotion_1,X4,45.987,0.0
Locomotion_1,X4,46.135,0.0
Locomotion_1,X4,46.283,0.0
Locomotion_1,X4,46.43,0.0
Locomotion_1,X4,46.578,0.0
Locomotion_1,X4,46.726,0.0
Locomotion_1,X4,46.873,0.0
Locomotion_1,X4,47.021,0.0
Locomotion_1,X4,47.169,0.0
Locomotion_1,X4,47.317,0.0
Locomotion_1,X4,47.464,0.0
Locomotion_1,X4,47.612,0.0
Locomotion_1,X4,47.76,0.0
Locomotion_1,X4,47.907,0.0
Locomotion_1,X4,48.055,0.0
Locomotion_1,X4,48.203,0.0
Locomotion_1,X4,48.351,0.0
Locomotion_1,X4,48.498,0.0
Locomotion_1,X4,48.646,0.0
Locomotion_1,X4,48.794,0.0
Locomotion_1,X4,48.941,0.0
Locomotion_1,X4,49.089,0.0
Locomotion_1,X4,49.237,0.0
Locomotion_1,X4,49.385,0.0
Locomotion_1,X4,49.532,0.0
Locomotion_1,X4,49.68,0.0
Locomotion_1,X4,49.828,0.0
Locomotion_1,X4,49.975,0.0
Locomotion_1,X4,50.123,0.0
Locomotion_1,X4,50.271,0.0
Locomotion_1,X4,50.419,0.0
Locomotion_1,X4,50.566,0.0
Locomotion_1,X4,50.714,0.0
Locomotion_1,X4,50.862,0.0
Locomotion_1,X4,51.009,0.0
Locomotion_1,X4,51.157,0.0
Locomotion_1,X4,51.305,0.0
Locomotion_1,X4,51.452,0.0
Locomotion_1,X4,51.6,0.0
Locomotion_1,X4,51.748,0.0
Locomotion_1,X4,51.896,0.0
Locomotion_1,X4,52.043,0.0
Locomotion_1,X4,52.191,0.0
Locomotion_1,X4,52.339,0.0
Locomotion_1,X4,52.486,0.0
Locomotion_1,X4,52.634,0.0
Locomotion_1,X4,52.782,0.0
Locomotion_1,X4,52.93,0.0
Locomotion_1,X4,53.077,0.0
Locomotion_1,X4,53.225,0.0
Locomotion_1,X4,53.373,0.0
Locomotion_1,X4,53.52,0.0
Locomotion_1,X4,53.668,0.0
Locomotion_1,X4,53.816,0.0
Locomotion_1,X4,53.964,0.0
Locomotion_1,X4,54.111,0.0
Locomotion_1,X4,54.259,0.0
Locomotion_1,X4,54.407,0.0
Locomotion_1,X4,54.554,0.0
Locomotion_1,X4,54.702,0.0
Locomotion_1,X4,54.85,0.0
Locomotion_1,X4,54.998,0.0
Locomotion_1,X4,55.145,0.0
Locomotion_1,X4,55.293,0.0
Locomotion_1,X4,55.441,0.0
Locomotion_1,X4,55.588,0.0
Locomotion_1,X4,55.736,0.0
Locomotion_1,X4,55.884,0.0
Locomotion_1,X4,56.032,0.0
Locomotion_1,X4,56.179,0.0
Locomotion_1,X4,56.327,0.0
Locomotion_1,X4,56.475,0.0
Locomotion_1,X4,56.622,0.0
Locomotion_1,X4,56.77,0.0
Locomotion_1,X4,56.918,0.0
Locomotion_1,X4,57.065,0.0
Locomotion_1,X4,57.213,0.0
Locomotion_1,X4,57.361,0.0
Locomotion_1,X4,57.509,0.0
Locomotion_1,X4,57.656,0.0
Locomotion_1,X4,57.804,0.0
Locomotion_1,X4,57.952,0.0
Locomotion_1,X4,58.099,0.0
Locomotion_1,X4,58.247,0.0
Locomotion_1,X4,58.395,0.0
Locomotion_1,X4,58.543,0.0
Locomotion_1,X4,58.69,0.0
Locomotion_1,X4,58.838,0.0
Locomotion_1,X4,58.986,0.0
Locomotion_1,X4,59.133,0.0
Locomotion_1,X4,59.281,0.0
Locomotion_1,X4,59.429,0.0
Locomotion_1,X4,59.577,0.0
Locomotion_1,X4,59.724,0.0
Locomotion_1,X4,59.872,0.0
Locomotion_1,X4,60.02,0.0
Locomotion_1,X4,60.167,0.0
Locomotion_1,X4,60.315,0.0
Locomotion_1,X4,60.463,0.0
Locomotion_1,X4,60.611,0.0
Locomotion_1,X4,60.758,0.0
Locomotion_1,X4,60.906,0.0
Locomotion_1,X4,61.054,0.0
Locomotion_1,X4,61.201,0.0
Locomotion_1,X4,61.349,0.0
Locomotion_1,X4,61.497,0.0
Locomotion_1,X4,61.644,0.0
Locomotion_1,X4,61.792,0.0
Locomotion_1,X4,61.94,0.0
Locomotion_1,X4,62.088,0.0
Locomotion_1,X4,62.235,0.0
Locomotion_1,X4,62.383,0.0
Locomotion_1,X4,62.531,0.0
Locomotion_1,X4,62.678,0.0
Locomotion_1,X4,62.826,0.0
Locomotion_1,X4,62.974,0.0
Locomotion_1,X4,63.122,0.0
Locomotion_1,X4,63.269,0.0
Locomotion_1,X4,63.417,0.0
Locomotion_1,X4,63.565,0.0
Locomotion_1,X4,63.712,0.0
Locomotion_1,X4,63.86,0.0
Locomotion_1,X4,64.008,0.0
Locomotion_1,X4,64.156,0.0
Locomotion_1,X4,64.303,0.0
Locomotion_1,X4,64.451,0.0
Locomotion_1,X4,64.599,0.0
Locomotion_1,X4,64.746,0.0
Locomotion_1,X4,64.894,0.0
Locomotion_1,X4,65.042,0.0
Locomotion_1,X4,65.19,0.0
Locomotion_1,X4,65.337,0.0
Locomotion_1,X4,65.485,0.0
Locomotion_1,X4,65.633,0.0
Locomotion_1,X4,65.78,0.0
Locomotion_1,X4,65.928,0.0
Locomotion_1,X4,66.076,0.0
Locomotion_1,X4,66.224,0.0
Locomotion_1,X4,66.371,0.0
Locomotion_1,X4,66.519,0.0
Locomotion_1,X4,66.667,0.0
Locomotion_1,X4,66.814,0.0
Locomotion_1,X4,66.962,0.0
Locomotion_1,X4,67.11,0.0
Locomotion_1,X4,67.257,0.0
Locomotion_1,X4,67.405,0.0
Locomotion_1,X4,67.553,0.0
Locomotion_1,X4,67.701,0.0
Locomotion_1,X4,67.848,0.0
Locomotion_1,X4,67.996,0.0
Locomotion_1,X4,68.144,0.0
Locomotion_1,X4,68.291,0.0
Locomotion_1,X4,68.439,0.0
Locomotion_1,X4,68.587,0.0
Locomotion_1,X4,68.735,0.0
Locomotion_1,X4,68.882,0.0
Locomotion_1,X4,69.03,0.0
Locomotion_1,X4,69.178,0.0
Locomotion_1,X4,69.325,0.0
Locomotion_1,X4,69.473,0.0
Locomotion_1,X4,69.621,0.0
Locomotion_1,X4,69.769,0.0
Locomotion_1,X4,69.916,0.0
Locomotion_1,X4,70.064,0.0
Locomotion_1,X4,70.212,0.0
Locomotion_1,X4,70.359,0.0
Locomotion_1,X4,70.507,0.0
Locomotion_1,X4,70.655,0.0
Locomotion_1,X4,70.803,0.0
Locomotion_1,X4,70.95,0.0
Locomotion_1,X4,71.098,0.0
Locomotion_1,X4,71.246,0.0
Locomotion_1,X4,71.393,0.0
Locomotion_1,X4,71.541,0.0
Locomotion_1,X4,71.689,0.0
Locomotion_1,X4,71.836,0.0
Locomotion_1,X4,71.984,0.0
Locomotion_1,X4,72.132,0.0
Locomotion_1,X4,72.28,0.0
Locomotion_1,X4,72.427,0.0
Locomotion_1,X4,72.575,0.0
Locomotion_1,X4,72.723,0.0
Locomotion_1,X4,72.87,0.0
Locomotion_1,X4,73.018,0.0
Locomotion_1,X4,73.166,0.0
Locomotion_1,X4,73.314,0.0
Locomotion_1,X4,73.461,0.0
Locomotion_1,X4,73.609,0.0
Locomotion_1,X4,73.757,0.0
Locomotion_1,X4,73.904,0.0
Locomotion_1,X4,74.052,0.0
Locomotion_1,X4,74.2,0.0
Locomotion_1,X4,74.348,0.0
Locomotion_1,X4,74.495,0.0
Locomotion_1,X4,74.643,0.0
Locomotion_1,X4,74.791,0.0
Locomotion_1,X4,74.938,0.0
Locomotion_1,X4,75.086,0.0
Locomotion_1,X4,75.234,0.0
Locomotion_1,X4,75.382,0.0
Locomotion_1,X4,75.529,0.0
Locomotion_1,X4,75.677,0.0
Locomotion_1,X4,75.825,0.0
Locomotion_1,X4,75.972,0.0
Locomotion_1,X4,76.12,0.0
Locomotion_1,X4,76.268,0.0
Locomotion_1,X4,76.416,0.0
Locomotion_1,X4,76.563,0.0
Locomotion_1,X4,76.711,0.0
Locomotion_1,X4,76.859,0.0
Locomotion_1,X4,77.006,0.0
Locomotion_1,X4,77.154,0.0
Locomotion_1,X4,77.302,0.0
Locomotion_1,X4,77.449,0.0
Locomotion_1,X4,77.597,0.0
Locomotion_1,X4,77.745,0.0
Locomotion_1,X4,77.893,0.0
Locomotion_1,X4,78.04,0.0
Locomotion_1,X4,78.188,0.0
Locomotion_1,X4,78.336,0.0
Locomotion_1,X4,78.483,0.0
Locomotion_1,X4,78.631,0.0
Locomotion_1,X4,78.779,0.0
Locomotion_1,X4,78.927,0.0
Locomotion_1,X4,79.074,0.0
Locomotion_1,X4,79.222,0.0
Locomotion_1,X4,79.37,0.0
Locomotion_1,X4,79.517,0.0
Locomotion_1,X4,79.665,0.0
Locomotion_1,X4,79.813,0.0
Locomotion_1,X4,79.961,0.0
Locomotion_1,X4,80.108,0.0
Locomotion_1,X4,80.256,0.0
Locomotion_1,X4,80.404,0.0
Locomotion_1,X4,80.551,0.0
Locomotion_1,X4,80.699,0.0
Locomotion_1,X4,80.847,0.0
Locomotion_1,X4,80.995,0.0
Locomotion_1,X4,81.142,0.0
Locomotion_1,X4,81.29,0.0
Locomotion_1,X4,81.438,0.0
Locomotion_1,X4,81.585,0.0
Locomotion_1,X4,81.733,0.0
Locomotion_1,X4,81.881,0.0
Locomotion_1,X4,82.029,0.0
Locomotion_1,X4,82.176,0.0
Locomotion_1,X4,82.324,0.0
Locomotion_1,X4,82.472,0.0
Locomotion_1,X4,82.619,0.0
Locomotion_1,X4,82.767,0.0
Locomotion_1,X4,82.915,0.0
Locomotion_1,X4,83.062,0.0
Locomotion_1,X4,83.21,0.0
Locomotion_1,X4,83.358,0.0
Locomotion_1,X4,83.506,0.0
Locomotion_1,X4,83.653,0.0
Locomotion_1,X4,83.801,0.0
Locomotion_1,X4,83.949,0.0
Locomotion_1,X4,84.096,0.0
Locomotion_1,X4,84.244,0.0
Locomotion_1,X4,84.392,0.0
Locomotion_1,X4,84.54,0.0
Locomotion_1,X4,84.687,0.0
Locomotion_1,X4,84.835,0.0
Locomotion_1,X4,84.983,0.0
Locomotion_1,X4,85.13,0.0
Locomotion_1,X4,85.278,0.0
Locomotion_1,X4,85.426,0.0
Locomotion_1,X4,85.574,0.0
Locomotion_1,X4,85.721,0.0
Locomotion_1,X4,85.869,0.0
Locomotion_1,X4,86.017,0.0
Locomotion_1,X4,86.164,0.0
Locomotion_1,X4,86.312,0.0
Locomotion_1,X4,86.46,0.0
Locomotion_1,X4,86.608,0.0
Locomotion_1,X4,86.755,0.0
Locomotion_1,X4,86.903,0.0
Locomotion_1,X4,87.051,0.0
Locomotion_1,X4,87.198,0.0
Locomotion_1,X4,87.346,0.0
Locomotion_1,X4,87.494,0.0
Locomotion_1,X4,87.641,0.0
Locomotion_1,X4,87.789,0.0
Locomotion_1,X4,87.937,0.0
Locomotion_1,X4,88.085,0.0
Locomotion_1,X4,88.232,0.0
Locomotion_1,X4,88.38,0.0
Locomotion_1,X4,88.528,0.0
Locomotion_1,X4,88.675,0.0
Locomotion_1,X4,88.823,0.0
Locomotion_1,X4,88.971,0.0
Locomotion_1,X4,89.119,0.0
Locomotion_1,X4,89.266,0.0
Locomotion_1,X4,89.414,0.0
Locomotion_1,X4,89.562,0.0
Locomotion_1,X4,89.709,0.0
Locomotion_1,X4,89.857,0.0
Locomotion_1,X4,90.005,0.0
Locomotion_1,X4,90.153,0.0
Locomotion_1,X4,90.3,0.0
Locomotion_1,X4,90.448,0.0
Locomotion_1,X4,90.596,0.0
Locomotion_1,X4,90.743,0.0
Locomotion_1,X4,90.891,0.0
Locomotion_1,X4,91.039,0.0
Locomotion_1,X4,91.187,0.0
Locomotion_1,X4,91.334,0.0
Locomotion_1,X4,91.482,0.0
Locomotion_1,X4,91.63,0.0
Locomotion_1,X4,91.777,0.0
Locomotion_1,X4,91.925,0.0
Locomotion_1,X4,92.073,0.0
Locomotion_1,X4,92.221,0.0
Locomotion_1,X4,92.368,0.0
Locomotion_1,X4,92.516,0.0
Locomotion_1,X4,92.664,0.0
Locomotion_1,X4,92.811,0.0
Locomotion_1,X4,92.959,0.0
Locomotion_1,X4,93.107,0.0
Locomotion_1,X4,93.254,0.0
Locomotion_1,X4,93.402,0.0
Locomotion_1,X4,93.55,0.0
Locomotion_1,X4,93.698,0.0
Locomotion_1,X4,93.845,0.0
Locomotion_1,X4,93.993,0.0
Locomotion_1,X4,94.141,0.0
Locomotion_1,X4,94.288,0.0
Locomotion_1,X4,94.436,0.0
Locomotion_1,X4,94.584,0.0
Locomotion_1,X4,94.732,0.0
Locomotion_1,X4,94.879,0.0
Locomotion_1,X4,95.027,0.0
Locomotion_1,X4,95.175,0.0
Locomotion_1,X4,95.322,0.0
Locomotion_1,X4,95.47,0.0
Locomotion_1,X4,95.618,0.0
Locomotion_1,X4,95.766,0.0
Locomotion_1,X4,95.913,0.0
Locomotion_1,X4,96.061,0.0
Locomotion_1,X4,96.209,0.0
Locomotion_1,X4,96.356,0.0
Locomotion_1,X4,96.504,0.0
Locomotion_1,X4,96.652,0.0
Locomotion_1,X4,96.8,0.0
Locomotion_1,X4,96.947,0.0
Locomotion_1,X4,97.095,0.0
Locomotion_1,X4,97.243,0.0
Locomotion_1,X4,97.39,0.0
Locomotion_1,X4,97.538,0.0
Locomotion_1,X4,97.686,0.0
Locomotion_1,X4,97.834,0.0
Locomotion_1,X4,97.981,0.0
Locomotion_1,X4,98.129,0.0
Locomotion_1,X4,98.277,0.0
Locomotion_1,X4,98.424,0.0
Locomotion_1,X4,98.572,0.0
Locomotion_1,X4,98.72,0.0
Locomotion_1,X4,98.867,0.0
Locomotion_1,X4,99.015,0.0
Locomotion_1,X4,99.163,0.0
Locomotion_1,X4,99.311,0.0
Locomotion_1,X4,99.458,0.0
Locomotion_1,X4,99.606,0.0
Locomotion_1,X4,99.754,0.0
Locomotion_1,X4,99.901,0.0
Locomotion_1,X4,100.049,0.0
Locomotion_1,X4,100.197,0.0
Locomotion_1,X4,100.345,0.0
Locomotion_1,X4,100.492,0.0
Locomotion_1,X4,100.64,0.0
Locomotion_1,X4,100.788,0.0
Locomotion_1,X4,100.935,0.0
Locomotion_1,X4,101.083,0.0
Locomotion_1,X4,101.231,0.0
Locomotion_1,X4,101.379,0.0
Locomotion_1,X4,101.526,0.0
Locomotion_1,X4,101.674,0.0
Locomotion_1,X4,101.822,0.0
Locomotion_1,X4,101.969,0.0
Locomotion_1,X4,102.117,0.0
Locomotion_1,X4,102.265,0.0
Locomotion_1,X4,102.413,0.0
Locomotion_1,X4,102.56,0.0
Locomotion_1,X4,102.708,0.0
Locomotion_1,X4,102.856,0.0
Locomotion_1,X4,103.003,0.0
Locomotion_1,X4,103.151,0.0
Locomotion_1,X4,103.299,0.0
Locomotion_1,X4,103.446,0.0
Locomotion_1,X4,103.594,0.0
Locomotion_1,X4,103.742,0.0
Locomotion_1,X4,103.89,0.0
Locomotion_1,X4,104.037,0.0
Locomotion_1,X4,104.185,0.0
Locomotion_1,X4,104.333,0.0
Locomotion_1,X4,104.48,0.0
Locomotion_1,X4,104.628,0.0
Locomotion_1,X4,104.776,0.0
Locomotion_1,X4,104.924,0.0
Locomotion_1,X4,105.071,0.0
Locomotion_1,X4,105.219,0.0
Locomotion_1,X4,105.367,0.0
Locomotion_1,X4,105.514,0.0
Locomotion_1,X4,105.662,0.0
Locomotion_1,X4,105.81,0.0
Locomotion_1,X4,105.958,0.0
Locomotion_1,X4,106.105,0.0
Locomotion_1,X4,106.253,0.0
Locomotion_1,X4,106.401,0.0
Locomotion_1,X4,106.548,0.0
Locomotion_1,X4,106.696,0.0
Locomotion_1,X4,106.844,0.0
Locomotion_1,X4,106.992,0.0
Locomotion_1,X4,107.139,0.0
Locomotion_1,X4,107.287,0.0
Locomotion_1,X4,107.435,0.0
Locomotion_1,X4,107.582,0.0
Locomotion_1,X4,107.73,0.0549
Locomotion_1,X4,107.878,0.9725
Locomotion_1,X5,0.049,1.0
Locomotion_1,X5,0.197,0.0549
Locomotion_1,X5,0.345,0.0
Locomotion_1,X5,0.492,0.0
Locomotion_1,X5,0.64,0.0
Locomotion_1,X5,0.788,0.0
Locomotion_1,X5,0.936,0.0
Locomotion_1,X5,1.083,0.0
Locomotion_1,X5,1.231,0.0
Locomotion_1,X5,1.379,0.0
Locomotion_1,X5,1.526,0.0
Locomotion_1,X5,1.674,0.0
Locomotion_1,X5,1.822,0.0
Locomotion_1,X5,1.97,0.0
Locomotion_1,X5,2.117,0.0
Locomotion_1,X5,2.265,0.0
Locomotion_1,X5,2.413,0.0
Locomotion_1,X5,2.56,0.0
Locomotion_1,X5,2.708,0.0
Locomotion_1,X5,2.856,0.0
Locomotion_1,X5,3.004,0.0
Locomotion_1,X5,3.151,0.0
Locomotion_1,X5,3.299,0.0
Locomotion_1,X5,3.447,0.0
Locomotion_1,X5,3.594,0.0
Locomotion_1,X5,3.742,0.0
Locomotion_1,X5,3.89,0.0
Locomotion_1,X5,4.037,0.0
Locomotion_1,X5,4.185,0.0
Locomotion_1,X5,4.333,0.0
Locomotion_1,X5,4.481,0.0
Locomotion_1,X5,4.628,0.0
Locomotion_1,X5,4.776,0.0
Locomotion_1,X5,4.924,0.0
Locomotion_1,X5,5.071,0.0
Locomotion_1,X5,5.219,0.0
Locomotion_1,X5,5.367,0.0
Locomotion_1,X5,5.515,0.0
Locomotion_1,X5,5.662,0.0
Locomotion_1,X5,5.81,0.0
Locomotion_1,X5,5.958,0.0
Locomotion_1,X5,6.105,0.0
Locomotion_1,X5,6.253,0.0
Locomotion_1,X5,6.401,0.0
Locomotion_1,X5,6.549,0.0
Locomotion_1,X5,6.696,0.0
Locomotion_1,X5,6.844,0.0
Locomotion_1,X5,6.992,0.0
Locomotion_1,X5,7.139,0.0
Locomotion_1,X5,7.287,0.0
Locomotion_1,X5,7.435,0.0
Locomotion_1,X5,7.583,0.0
Locomotion_1,X5,7.73,0.0
Locomotion_1,X5,7.878,0.0
Locomotion_1,X5,8.026,0.0
Locomotion_1,X5,8.173,0.0
Locomotion_1,X5,8.321,0.0
Locomotion_1,X5,8.469,0.0
Locomotion_1,X5,8.617,0.0
Locomotion_1,X5,8.764,0.0
Locomotion_1,X5,8.912,0.0
Locomotion_1,X5,9.06,0.0
Locomotion_1,X5,9.207,0.0
Locomotion_1,X5,9.355,0.0
Locomotion_1,X5,9.503,0.0
Locomotion_1,X5,9.65,0.0
Locomotion_1,X5,9.798,0.0
Locomotion_1,X5,9.946,0.0
Locomotion_1,X5,10.094,0.0
Locomotion_1,X5,10.241,0.0
Locomotion_1,X5,10.389,0.0
Locomotion_1,X5,10.537,0.0
Locomotion_1,X5,10.684,0.0
Locomotion_1,X5,10.832,0.0
Locomotion_1,X5,10.98,0.0
Locomotion_1,X5,11.128,0.0
Locomotion_1,X5,11.275,0.0
Locomotion_1,X5,11.423,0.0
Locomotion_1,X5,11.571,0.0
Locomotion_1,X5,11.718,0.0
Locomotion_1,X5,11.866,0.0
Locomotion_1,X5,12.014,0.0
Locomotion_1,X5,12.162,0.0
Locomotion_1,X5,12.309,0.0
Locomotion_1,X5,12.457,0.0
Locomotion_1,X5,12.605,0.0
Locomotion_1,X5,12.752,0.0
Locomotion_1,X5,12.9,0.0
Locomotion_1,X5,13.048,0.0
Locomotion_1,X5,13.196,0.0
Locomotion_1,X5,13.343,0.0
Locomotion_1,X5,13.491,0.0
Locomotion_1,X5,13.639,0.0
Locomotion_1,X5,13.786,0.0
Locomotion_1,X5,13.934,0.0
Locomotion_1,X5,14.082,0.0
Locomotion_1,X5,14.23,0.0
Locomotion_1,X5,14.377,0.0
Locomotion_1,X5,14.525,0.0
Locomotion_1,X5,14.673,0.0
Locomotion_1,X5,14.82,0.0
Locomotion_1,X5,14.968,0.0
Locomotion_1,X5,15.116,0.0
Locomotion_1,X5,15.263,0.0
Locomotion_1,X5,15.411,0.0
Locomotion_1,X5,15.559,0.0
Locomotion_1,X5,15.707,0.0
Locomotion_1,X5,15.854,0.0
Locomotion_1,X5,16.002,0.0
Locomotion_1,X5,16.15,0.0
Locomotion_1,X5,16.297,0.0
Locomotion_1,X5,16.445,0.0
Locomotion_1,X5,16.593,0.0
Locomotion_1,X5,16.741,0.0
Locomotion_1,X5,16.888,0.0
Locomotion_1,X5,17.036,0.0
Locomotion_1,X5,17.184,0.0
Locomotion_1,X5,17.331,0.0
Locomotion_1,X5,17.479,0.0
Locomotion_1,X5,17.627,0.0
Locomotion_1,X5,17.775,0.0
Locomotion_1,X5,17.922,0.0
Locomotion_1,X5,18.07,0.0
Locomotion_1,X5,18.218,0.0
Locomotion_1,X5,18.365,0.0
Locomotion_1,X5,18.513,0.0
Locomotion_1,X5,18.661,0.0
Locomotion_1,X5,18.809,0.0
Locomotion_1,X5,18.956,0.0
Locomotion_1,X5,19.104,0.0
Locomotion_1,X5,19.252,0.0
Locomotion_1,X5,19.399,0.0
Locomotion_1,X5,19.547,0.0
Locomotion_1,X5,19.695,0.0
Locomotion_1,X5,19.842,0.0
Locomotion_1,X5,19.99,0.0
Locomotion_1,X5,20.138,0.0
Locomotion_1,X5,20.286,0.0
Locomotion_1,X5,20.433,0.0
Locomotion_1,X5,20.581,0.0
Locomotion_1,X5,20.729,0.0
Locomotion_1,X5,20.876,0.0
Locomotion_1,X5,21.024,0.0
Locomotion_1,X5,21.172,0.0
Locomotion_1,X5,21.32,0.0
Locomotion_1,X5,21.467,0.0
Locomotion_1,X5,21.615,0.0
Locomotion_1,X5,21.763,0.0
Locomotion_1,X5,21.91,0.0
Locomotion_1,X5,22.058,0.0
Locomotion_1,X5,22.206,0.0
Locomotion_1,X5,22.354,0.0
Locomotion_1,X5,22.501,0.0
Locomotion_1,X5,22.649,0.0
Locomotion_1,X5,22.797,0.0
Locomotion_1,X5,22.944,0.0
Locomotion_1,X5,23.092,0.0
Locomotion_1,X5,23.24,0.0
Locomotion_1,X5,23.388,0.0
Locomotion_1,X5,23.535,0.0
Locomotion_1,X5,23.683,0.0
Locomotion_1,X5,23.831,0.0
Locomotion_1,X5,23.978,0.0
Locomotion_1,X5,24.126,0.0
Locomotion_1,X5,24.274,0.0
Locomotion_1,X5,24.422,0.0
Locomotion_1,X5,24.569,0.0
Locomotion_1,X5,24.717,0.0
Locomotion_1,X5,24.865,0.0
Locomotion_1,X5,25.012,0.0
Locomotion_1,X5,25.16,0.0
Locomotion_1,X5,25.308,0.0
Locomotion_1,X5,25.455,0.0
Locomotion_1,X5,25.603,0.0
Locomotion_1,X5,25.751,0.0
Locomotion_1,X5,25.899,0.0
Locomotion_1,X5,26.046,0.0
Locomotion_1,X5,26.194,0.0
Locomotion_1,X5,26.342,0.0
Locomotion_1,X5,26.489,0.0
Locomotion_1,X5,26.637,0.0
Locomotion_1,X5,26.785,0.0
Locomotion_1,X5,26.933,0.0
Locomotion_1,X5,27.08,0.0
Locomotion_1,X5,27.228,0.0
Locomotion_1,X5,27.376,0.0
Locomotion_1,X5,27.523,0.0
Locomotion_1,X5,27.671,0.0
Locomotion_1,X5,27.819,0.0
Locomotion_1,X5,27.967,0.0
Locomotion_1,X5,28.114,0.0
Locomotion_1,X5,28.262,0.0
Locomotion_1,X5,28.41,0.0
Locomotion_1,X5,28.557,0.0
Locomotion_1,X5,28.705,0.0
Locomotion_1,X5,28.853,0.0
Locomotion_1,X5,29.001,0.0
Locomotion_1,X5,29.148,0.0
Locomotion_1,X5,29.296,0.0
Locomotion_1,X5,29.444,0.0
Locomotion_1,X5,29.591,0.0
Locomotion_1,X5,29.739,0.0
Locomotion_1,X5,29.887,0.0
Locomotion_1,X5,30.034,0.0
Locomotion_1,X5,30.182,0.0
Locomotion_1,X5,30.33,0.0
Locomotion_1,X5,30.478,0.0
Locomotion_1,X5,30.625,0.0
Locomotion_1,X5,30.773,0.0
Locomotion_1,X5,30.921,0.0
Locomotion_1,X5,31.068,0.0
Locomotion_1,X5,31.216,0.0
Locomotion_1,X5,31.364,0.0
Locomotion_1,X5,31.512,0.0
Locomotion_1,X5,31.659,0.0
Locomotion_1,X5,31.807,0.0
Locomotion_1,X5,31.955,0.0
Locomotion_1,X5,32.102,0.0
Locomotion_1,X5,32.25,0.0
Locomotion_1,X5,32.398,0.0
Locomotion_1,X5,32.546,0.0
Locomotion_1,X5,32.693,0.0
Locomotion_1,X5,32.841,0.0
Locomotion_1,X5,32.989,0.0
Locomotion_1,X5,33.136,0.0
Locomotion_1,X5,33.284,0.0
Locomotion_1,X5,33.432,0.0
Locomotion_1,X5,33.58,0.0
Locomotion_1,X5,33.727,0.0
Locomotion_1,X5,33.875,0.0
Locomotion_1,X5,34.023,0.0
Locomotion_1,X5,34.17,0.0
Locomotion_1,X5,34.318,0.0
Locomotion_1,X5,34.466,0.0
Locomotion_1,X5,34.614,0.0
Locomotion_1,X5,34.761,0.0
Locomotion_1,X5,34.909,0.0
Locomotion_1,X5,35.057,0.0
Locomotion_1,X5,35.204,0.0
Locomotion_1,X5,35.352,0.0
Locomotion_1,X5,35.5,0.0
Locomotion_1,X5,35.647,0.0
Locomotion_1,X5,35.795,0.0
Locomotion_1,X5,35.943,0.0
Locomotion_1,X5,36.091,0.0
Locomotion_1,X5,36.238,0.0
Locomotion_1,X5,36.386,0.0
Locomotion_1,X5,36.534,0.0
Locomotion_1,X5,36.681,0.0
Locomotion_1,X5,36.829,0.0
Locomotion_1,X5,36.977,0.0
Locomotion_1,X5,37.125,0.0
Locomotion_1,X5,37.272,0.0
Locomotion_1,X5,37.42,0.0
Locomotion_1,X5,37.568,0.0
Locomotion_1,X5,37.715,0.0
Locomotion_1,X5,37.863,0.0
Locomotion_1,X5,38.011,0.0
Locomotion_1,X5,38.159,0.0
Locomotion_1,X5,38.306,0.0
Locomotion_1,X5,38.454,0.0
Locomotion_1,X5,38.602,0.0
Locomotion_1,X5,38.749,0.0
Locomotion_1,X5,38.897,0.0
Locomotion_1,X5,39.045,0.0
Locomotion_1,X5,39.193,0.0
Locomotion_1,X5,39.34,0.0
Locomotion_1,X5,39.488,0.0
Locomotion_1,X5,39.636,0.0
Locomotion_1,X5,39.783,0.0
Locomotion_1,X5,39.931,0.0
Locomotion_1,X5,40.079,0.0
Locomotion_1,X5,40.227,0.0
Locomotion_1,X5,40.374,0.0
Locomotion_1,X5,40.522,0.0
Locomotion_1,X5,40.67,0.0
Locomotion_1,X5,40.817,0.0
Locomotion_1,X5,40.965,0.0
Locomotion_1,X5,41.113,0.0
Locomotion_1,X5,41.26,0.0
Locomotion_1,X5,41.408,0.0
Locomotion_1,X5,41.556,0.0
Locomotion_1,X5,41.704,0.0
Locomotion_1,X5,41.851,0.0
Locomotion_1,X5,41.999,0.0
Locomotion_1,X5,42.147,0.0
Locomotion_1,X5,42.294,0.0
Locomotion_1,X5,42.442,0.0
Locomotion_1,X5,42.59,0.0
Locomotion_1,X5,42.738,0.0
Locomotion_1,X5,42.885,0.0
Locomotion_1,X5,43.033,0.0
Locomotion_1,X5,43.181,0.0
Locomotion_1,X5,43.328,0.0
Locomotion_1,X5,43.476,0.0
Locomotion_1,X5,43.624,0.0
Locomotion_1,X5,43.772,0.0
Locomotion_1,X5,43.919,0.0
Locomotion_1,X5,44.067,0.0
Locomotion_1,X5,44.215,0.0
Locomotion_1,X5,44.362,0.0
Locomotion_1,X5,44.51,0.0
Locomotion_1,X5,44.658,0.0
Locomotion_1,X5,44.806,0.0
Locomotion_1,X5,44.953,0.0
Locomotion_1,X5,45.101,0.0
Locomotion_1,X5,45.249,0.0
Locomotion_1,X5,45.396,0.0
Locomotion_1,X5,45.544,0.0
Locomotion_1,X5,45.692,0.0
Locomotion_1,X5,45.839,0.0
Locomotion_1,X5,45.987,0.0
Locomotion_1,X5,46.135,0.0
Locomotion_1,X5,46.283,0.0
Locomotion_1,X5,46.43,0.0
Locomotion_1,X5,46.578,0.0
Locomotion_1,X5,46.726,0.0
Locomotion_1,X5,46.873,0.0
Locomotion_1,X5,47.021,0.0
Locomotion_1,X5,47.169,0.0
Locomotion_1,X5,47.317,0.0
Locomotion_1,X5,47.464,0.0
Locomotion_1,X5,47.612,0.0
Locomotion_1,X5,47.76,0.0
Locomotion_1,X5,47.907,0.0
Locomotion_1,X5,48.055,0.0
Locomotion_1,X5,48.203,0.0
Locomotion_1,X5,48.351,0.0
Locomotion_1,X5,48.498,0.0
Locomotion_1,X5,48.646,0.0
Locomotion_1,X5,48.794,0.0
Locomotion_1,X5,48.941,0.0
Locomotion_1,X5,49.089,0.0
Locomotion_1,X5,49.237,0.0
Locomotion_1,X5,49.385,0.0
Locomotion_1,X5,49.532,0.0
Locomotion_1,X5,49.68,0.0
Locomotion_1,X5,49.828,0.0
Locomotion_1,X5,49.975,0.0
Locomotion_1,X5,50.123,0.0
Locomotion_1,X5,50.271,0.0
Locomotion_1,X5,50.419,0.0
Locomotion_1,X5,50.566,0.0
Locomotion_1,X5,50.714,0.0
Locomotion_1,X5,50.862,0.0
Locomotion_1,X5,51.009,0.0
Locomotion_1,X5,51.157,0.0
Locomotion_1,X5,51.305,0.0
Locomotion_1,X5,51.452,0.0
Locomotion_1,X5,51.6,0.0
Locomotion_1,X5,51.748,0.0
Locomotion_1,X5,51.896,0.0
Locomotion_1,X5,52.043,0.0
Locomotion_1,X5,52.191,0.0
Locomotion_1,X5,52.339,0.0
Locomotion_1,X5,52.486,0.0
Locomotion_1,X5,52.634,0.0
Locomotion_1,X5,52.782,0.0
Locomotion_1,X5,52.93,0.0
Locomotion_1,X5,53.077,0.0
Locomotion_1,X5,53.225,0.0
Locomotion_1,X5,53.373,0.0
Locomotion_1,X5,53.52,0.0
Locomotion_1,X5,53.668,0.0
Locomotion_1,X5,53.816,0.0
Locomotion_1,X5,53.964,0.0
Locomotion_1,X5,54.111,0.0
Locomotion_1,X5,54.259,0.0
Locomotion_1,X5,54.407,0.0
Locomotion_1,X5,54.554,0.0
Locomotion_1,X5,54.702,0.0
Locomotion_1,X5,54.85,0.0
Locomotion_1,X5,54.998,0.0
Locomotion_1,X5,55.145,0.0
Locomotion_1,X5,55.293,0.0
Locomotion_1,X5,55.441,0.0
Locomotion_1,X5,55.588,0.0
Locomotion_1,X5,55.736,0.0
Locomotion_1,X5,55.884,0.0
Locomotion_1,X5,56.032,0.0
Locomotion_1,X5,56.179,0.0
Locomotion_1,X5,56.327,0.0
Locomotion_1,X5,56.475,0.0
Locomotion_1,X5,56.622,0.0
Locomotion_1,X5,56.77,0.0
Locomotion_1,X5,56.918,0.0
Locomotion_1,X5,57.065,0.0
Locomotion_1,X5,57.213,0.0
Locomotion_1,X5,57.361,0.0
Locomotion_1,X5,57.509,0.0
Locomotion_1,X5,57.656,0.0
Locomotion_1,X5,57.804,0.0
Locomotion_1,X5,57.952,0.0
Locomotion_1,X5,58.099,0.0
Locomotion_1,X5,58.247,0.0
Locomotion_1,X5,58.395,0.0
Locomotion_1,X5,58.543,0.0
Locomotion_1,X5,58.69,0.0
Locomotion_1,X5,58.838,0.0
Locomotion_1,X5,58.986,0.0
Locomotion_1,X5,59.133,0.0
Locomotion_1,X5,59.281,0.0
Locomotion_1,X5,59.429,0.0
Locomotion_1,X5,59.577,0.0
Locomotion_1,X5,59.724,0.0
Locomotion_1,X5,59.872,0.0
Locomotion_1,X5,60.02,0.0
Locomotion_1,X5,60.167,0.0
Locomotion_1,X5,60.315,0.0
Locomotion_1,X5,60.463,0.0
Locomotion_1,X5,60.611,0.0
Locomotion_1,X5,60.758,0.0
Locomotion_1,X5,60.906,0.0
Locomotion_1,X5,61.054,0.0
Locomotion_1,X5,61.201,0.0
Locomotion_1,X5,61.349,0.0
Locomotion_1,X5,61.497,0.0
Locomotion_1,X5,61.644,0.0
Locomotion_1,X5,61.792,0.0
Locomotion_1,X5,61.94,0.0
Locomotion_1,X5,62.088,0.0
Locomotion_1,X5,62.235,0.0
Locomotion_1,X5,62.383,0.0
Locomotion_1,X5,62.531,0.0
Locomotion_1,X5,62.678,0.0
Locomotion_1,X5,62.826,0.0
Locomotion_1,X5,62.974,0.0
Locomotion_1,X5,63.122,0.0
Locomotion_1,X5,63.269,0.0
Locomotion_1,X5,63.417,0.0
Locomotion_1,X5,63.565,0.0
Locomotion_1,X5,63.712,0.0
Locomotion_1,X5,63.86,0.0
Locomotion_1,X5,64.008,0.0
Locomotion_1,X5,64.156,0.0
Locomotion_1,X5,64.303,0.0
Locomotion_1,X5,64.451,0.0
Locomotion_1,X5,64.599,0.0
Locomotion_1,X5,64.746,0.0
Locomotion_1,X5,64.894,0.0
Locomotion_1,X5,65.042,0.0
Locomotion_1,X5,65.19,0.0
Locomotion_1,X5,65.337,0.0
Locomotion_1,X5,65.485,0.0
Locomotion_1,X5,65.633,0.0
Locomotion_1,X5,65.78,0.0
Locomotion_1,X5,65.928,0.0
Locomotion_1,X5,66.076,0.0
Locomotion_1,X5,66.224,0.0
Locomotion_1,X5,66.371,0.0
Locomotion_1,X5,66.519,0.0
Locomotion_1,X5,66.667,0.0
Locomotion_1,X5,66.814,0.0
Locomotion_1,X5,66.962,0.0
Locomotion_1,X5,67.11,0.0
Locomotion_1,X5,67.257,0.0
Locomotion_1,X5,67.405,0.0
Locomotion_1,X5,67.553,0.0
Locomotion_1,X5,67.701,0.0
Locomotion_1,X5,67.848,0.0
Locomotion_1,X5,67.996,0.0
Locomotion_1,X5,68.144,0.0
Locomotion_1,X5,68.291,0.0
Locomotion_1,X5,68.439,0.0
Locomotion_1,X5,68.587,0.0
Locomotion_1,X5,68.735,0.0
Locomotion_1,X5,68.882,0.0
Locomotion_1,X5,69.03,0.0
Locomotion_1,X5,69.178,0.0
Locomotion_1,X5,69.325,0.0
Locomotion_1,X5,69.473,0.0
Locomotion_1,X5,69.621,0.0
Locomotion_1,X5,69.769,0.0
Locomotion_1,X5,69.916,0.0
Locomotion_1,X5,70.064,0.0
Locomotion_1,X5,70.212,0.0
Locomotion_1,X5,70.359,0.0
Locomotion_1,X5,70.507,0.0
Locomotion_1,X5,70.655,0.0
Locomotion_1,X5,70.803,0.0
Locomotion_1,X5,70.95,0.0
Locomotion_1,X5,71.098,0.0
Locomotion_1,X5,71.246,0.0
Locomotion_1,X5,71.393,0.0
Locomotion_1,X5,71.541,0.0
Locomotion_1,X5,71.689,0.0
Locomotion_1,X5,71.836,0.0
Locomotion_1,X5,71.984,0.0
Locomotion_1,X5,72.132,0.0
Locomotion_1,X5,72.28,0.0
Locomotion_1,X5,72.427,0.0
Locomotion_1,X5,72.575,0.0
Locomotion_1,X5,72.723,0.0
Locomotion_1,X5,72.87,0.0
Locomotion_1,X5,73.018,0.0
Locomotion_1,X5,73.166,0.0
Locomotion_1,X5,73.314,0.0
Locomotion_1,X5,73.461,0.0
Locomotion_1,X5,73.609,0.0
Locomotion_1,X5,73.757,0.0
Locomotion_1,X5,73.904,0.0
Locomotion_1,X5,74.052,0.0
Locomotion_1,X5,74.2,0.0
Locomotion_1,X5,74.348,0.0
Locomotion_1,X5,74.495,0.0
Locomotion_1,X5,74.643,0.0
Locomotion_1,X5,74.791,0.0
Locomotion_1,X5,74.938,0.0
Locomotion_1,X5,75.086,0.0
Locomotion_1,X5,75.234,0.0
Locomotion_1,X5,75.382,0.0
Locomotion_1,X5,75.529,0.0
Locomotion_1,X5,75.677,0.0
Locomotion_1,X5,75.825,0.0
Locomotion_1,X5,75.972,0.0
Locomotion_1,X5,76.12,0.0
Locomotion_1,X5,76.268,0.0
Locomotion_1,X5,76.416,0.0
Locomotion_1,X5,76.563,0.0
Locomotion_1,X5,76.711,0.0
Locomotion_1,X5,76.859,0.0
Locomotion_1,X5,77.006,0.0
Locomotion_1,X5,77.154,0.0
Locomotion_1,X5,77.302,0.0
Locomotion_1,X5,77.449,0.0
Locomotion_1,X5,77.597,0.0
Locomotion_1,X5,77.745,0.0
Locomotion_1,X5,77.893,0.0
Locomotion_1,X5,78.04,0.0
Locomotion_1,X5,78.188,0.0
Locomotion_1,X5,78.336,0.0
Locomotion_1,X5,78.483,0.0
Locomotion_1,X5,78.631,0.0
Locomotion_1,X5,78.779,0.0
Locomotion_1,X5,78.927,0.0
Locomotion_1,X5,79.074,0.0
Locomotion_1,X5,79.222,0.0
Locomotion_1,X5,79.37,0.0
Locomotion_1,X5,79.517,0.0
Locomotion_1,X5,79.665,0.0
Locomotion_1,X5,79.813,0.0
Locomotion_1,X5,79.961,0.0
Locomotion_1,X5,80.108,0.0
Locomotion_1,X5,80.256,0.0
Locomotion_1,X5,80.404,0.0
Locomotion_1,X5,80.551,0.0
Locomotion_1,X5,80.699,0.0
Locomotion_1,X5,80.847,0.0
Locomotion_1,X5,80.995,0.0
Locomotion_1,X5,81.142,0.0
Locomotion_1,X5,81.29,0.0
Locomotion_1,X5,81.438,0.0
Locomotion_1,X5,81.585,0.0
Locomotion_1,X5,81.733,0.0
Locomotion_1,X5,81.881,0.0
Locomotion_1,X5,82.029,0.0
Locomotion_1,X5,82.176,0.0
Locomotion_1,X5,82.324,0.0
Locomotion_1,X5,82.472,0.0
Locomotion_1,X5,82.619,0.0
Locomotion_1,X5,82.767,0.0
Locomotion_1,X5,82.915,0.0
Locomotion_1,X5,83.062,0.0
Locomotion_1,X5,83.21,0.0
Locomotion_1,X5,83.358,0.0
Locomotion_1,X5,83.506,0.0
Locomotion_1,X5,83.653,0.0
Locomotion_1,X5,83.801,0.0
Locomotion_1,X5,83.949,0.0
Locomotion_1,X5,84.096,0.0
Locomotion_1,X5,84.244,0.0
Locomotion_1,X5,84.392,0.0
Locomotion_1,X5,84.54,0.0
Locomotion_1,X5,84.687,0.0
Locomotion_1,X5,84.835,0.0
Locomotion_1,X5,84.983,0.0
Locomotion_1,X5,85.13,0.0
Locomotion_1,X5,85.278,0.0
Locomotion_1,X5,85.426,0.0
Locomotion_1,X5,85.574,0.0
Locomotion_1,X5,85.721,0.0
Locomotion_1,X5,85.869,0.0
Locomotion_1,X5,86.017,0.0
Locomotion_1,X5,86.164,0.0
Locomotion_1,X5,86.312,0.0
Locomotion_1,X5,86.46,0.0
Locomotion_1,X5,86.608,0.0
Locomotion_1,X5,86.755,0.0
Locomotion_1,X5,86.903,0.0
Locomotion_1,X5,87.051,0.0
Locomotion_1,X5,87.198,0.0
Locomotion_1,X5,87.346,0.0
Locomotion_1,X5,87.494,0.0
Locomotion_1,X5,87.641,0.0
Locomotion_1,X5,87.789,0.0
Locomotion_1,X5,87.937,0.0
Locomotion_1,X5,88.085,0.0
Locomotion_1,X5,88.232,0.0
Locomotion_1,X5,88.38,0.0
Locomotion_1,X5,88.528,0.0
Locomotion_1,X5,88.675,0.0
Locomotion_1,X5,88.823,0.0
Locomotion_1,X5,88.971,0.0
Locomotion_1,X5,89.119,0.0
Locomotion_1,X5,89.266,0.0
Locomotion_1,X5,89.414,0.0
Locomotion_1,X5,89.562,0.0
Locomotion_1,X5,89.709,0.0
Locomotion_1,X5,89.857,0.0
Locomotion_1,X5,90.005,0.0
Locomotion_1,X5,90.153,0.0
Locomotion_1,X5,90.3,0.0
Locomotion_1,X5,90.448,0.0
Locomotion_1,X5,90.596,0.0
Locomotion_1,X5,90.743,0.0
Locomotion_1,X5,90.891,0.0
Locomotion_1,X5,91.039,0.0
Locomotion_1,X5,91.187,0.0
Locomotion_1,X5,91.334,0.0
Locomotion_1,X5,91.482,0.0
Locomotion_1,X5,91.63,0.0
Locomotion_1,X5,91.777,0.0
Locomotion_1,X5,91.925,0.0
Locomotion_1,X5,92.073,0.0
Locomotion_1,X5,92.221,0.0
Locomotion_1,X5,92.368,0.0
Locomotion_1,X5,92.516,0.0
Locomotion_1,X5,92.664,0.0
Locomotion_1,X5,92.811,0.0
Locomotion_1,X5,92.959,0.0
Locomotion_1,X5,93.107,0.0
Locomotion_1,X5,93.254,0.0
Locomotion_1,X5,93.402,0.0
Locomotion_1,X5,93.55,0.0
Locomotion_1,X5,93.698,0.0
Locomotion_1,X5,93.845,0.0
Locomotion_1,X5,93.993,0.0
Locomotion_1,X5,94.141,0.0
Locomotion_1,X5,94.288,0.0
Locomotion_1,X5,94.436,0.0
Locomotion_1,X5,94.584,0.0
Locomotion_1,X5,94.732,0.0
Locomotion_1,X5,94.879,0.0
Locomotion_1,X5,95.027,0.0
Locomotion_1,X5,95.175,0.0
Locomotion_1,X5,95.322,0.0
Locomotion_1,X5,95.47,0.0
Locomotion_1,X5,95.618,0.0
Locomotion_1,X5,95.766,0.0
Locomotion_1,X5,95.913,0.0
Locomotion_1,X5,96.061,0.0
Locomotion_1,X5,96.209,0.0
Locomotion_1,X5,96.356,0.0
Locomotion_1,X5,96.504,0.0
Locomotion_1,X5,96.652,0.0
Locomotion_1,X5,96.8,0.0
Locomotion_1,X5,96.947,0.0
Locomotion_1,X5,97.095,0.0
Locomotion_1,X5,97.243,0.0
Locomotion_1,X5,97.39,0.0
Locomotion_1,X5,97.538,0.0
Locomotion_1,X5,97.686,0.0
Locomotion_1,X5,97.834,0.0
Locomotion_1,X5,97.981,0.0
Locomotion_1,X5,98.129,0.0
Locomotion_1,X5,98.277,0.0
Locomotion_1,X5,98.424,0.0
Locomotion_1,X5,98.572,0.0
Locomotion_1,X5,98.72,0.0
Locomotion_1,X5,98.867,0.0
Locomotion_1,X5,99.015,0.0
Locomotion_1,X5,99.163,0.0
Locomotion_1,X5,99.311,0.0
Locomotion_1,X5,99.458,0.0
Locomotion_1,X5,99.606,0.0
Locomotion_1,X5,99.754,0.0
Locomotion_1,X5,99.901,0.0
Locomotion_1,X5,100.049,0.0
Locomotion_1,X5,100.197,0.0
Locomotion_1,X5,100.345,0.0
Locomotion_1,X5,100.492,0.0
Locomotion_1,X5,100.64,0.0
Locomotion_1,X5,100.788,0.0
Locomotion_1,X5,100.935,0.0
Locomotion_1,X5,101.083,0.0
Locomotion_1,X5,101.231,0.0
Locomotion_1,X5,101.379,0.0
Locomotion_1,X5,101.526,0.0
Locomotion_1,X5,101.674,0.0
Locomotion_1,X5,101.822,0.0
Locomotion_1,X5,101.969,0.0
Locomotion_1,X5,102.117,0.0
Locomotion_1,X5,102.265,0.0
Locomotion_1,X5,102.413,0.0
Locomotion_1,X5,102.56,0.0
Locomotion_1,X5,102.708,0.0
Locomotion_1,X5,102.856,0.0
Locomotion_1,X5,103.003,0.0
Locomotion_1,X5,103.151,0.0
Locomotion_1,X5,103.299,0.0
Locomotion_1,X5,103.446,0.0
Locomotion_1,X5,103.594,0.0
Locomotion_1,X5,103.742,0.0
Locomotion_1,X5,103.89,0.0
Locomotion_1,X5,104.037,0.0
Locomotion_1,X5,104.185,0.0
Locomotion_1,X5,104.333,0.0
Locomotion_1,X5,104.48,0.0
Locomotion_1,X5,104.628,0.0
Locomotion_1,X5,104.776,0.0
Locomotion_1,X5,104.924,0.0
Locomotion_1,X5,105.071,0.0
Locomotion_1,X5,105.219,0.0
Locomotion_1,X5,105.367,0.0
Locomotion_1,X5,105.514,0.0
Locomotion_1,X5,105.662,0.0
Locomotion_1,X5,105.81,0.0
Locomotion_1,X5,105.958,0.0
Locomotion_1,X5,106.105,0.0
Locomotion_1,X5,106.253,0.0
Locomotion_1,X5,106.401,0.0
Locomotion_1,X5,106.548,0.0
Locomotion_1,X5,106.696,0.0
Locomotion_1,X5,106.844,0.0
Locomotion_1,X5,106.992,0.0
Locomotion_1,X5,107.139,0.0
Locomotion_1,X5,107.287,0.0
Locomotion_1,X5,107.435,0.0
Locomotion_1,X5,107.582,0.0
Locomotion_1,X5,107.73,0.0549
Locomotion_1,X5,107.878,0.9725
Locomotion_1,X6,0.049,1.0
Locomotion_1,X6,0.197,0.0549
Locomotion_1,X6,0.345,0.0
Locomotion_1,X6,0.492,0.0
Locomotion_1,X6,0.64,0.0
Locomotion_1,X6,0.788,0.0
Locomotion_1,X6,0.936,0.0
Locomotion_1,X6,1.083,0.0
Locomotion_1,X6,1.231,0.0
Locomotion_1,X6,1.379,0.0
Locomotion_1,X6,1.526,0.0
Locomotion_1,X6,1.674,0.0
Locomotion_1,X6,1.822,0.0
Locomotion_1,X6,1.97,0.0
Locomotion_1,X6,2.117,0.0
Locomotion_1,X6,2.265,0.0
Locomotion_1,X6,2.413,0.0
Locomotion_1,X6,2.56,0.0
Locomotion_1,X6,2.708,0.0
Locomotion_1,X6,2.856,0.0
Locomotion_1,X6,3.004,0.0
Locomotion_1,X6,3.151,0.0
Locomotion_1,X6,3.299,0.0
Locomotion_1,X6,3.447,0.0
Locomotion_1,X6,3.594,0.0
Locomotion_1,X6,3.742,0.0
Locomotion_1,X6,3.89,0.0
Locomotion_1,X6,4.037,0.0
Locomotion_1,X6,4.185,0.0
Locomotion_1,X6,4.333,0.0
Locomotion_1,X6,4.481,0.0
Locomotion_1,X6,4.628,0.0
Locomotion_1,X6,4.776,0.0
Locomotion_1,X6,4.924,0.0
Locomotion_1,X6,5.071,0.0
Locomotion_1,X6,5.219,0.0
Locomotion_1,X6,5.367,0.0
Locomotion_1,X6,5.515,0.0
Locomotion_1,X6,5.662,0.0
Locomotion_1,X6,5.81,0.0
Locomotion_1,X6,5.958,0.0
Locomotion_1,X6,6.105,0.0
Locomotion_1,X6,6.253,0.0
Locomotion_1,X6,6.401,0.0
Locomotion_1,X6,6.549,0.0
Locomotion_1,X6,6.696,0.0
Locomotion_1,X6,6.844,0.0
Locomotion_1,X6,6.992,0.0
Locomotion_1,X6,7.139,0.0
Locomotion_1,X6,7.287,0.0
Locomotion_1,X6,7.435,0.0
Locomotion_1,X6,7.583,0.0
Locomotion_1,X6,7.73,0.0
Locomotion_1,X6,7.878,0.0
Locomotion_1,X6,8.026,0.0
Locomotion_1,X6,8.173,0.0
Locomotion_1,X6,8.321,0.0
Locomotion_1,X6,8.469,0.0
Locomotion_1,X6,8.617,0.0
Locomotion_1,X6,8.764,0.0
Locomotion_1,X6,8.912,0.0
Locomotion_1,X6,9.06,0.0
Locomotion_1,X6,9.207,0.0
Locomotion_1,X6,9.355,0.0
Locomotion_1,X6,9.503,0.0
Locomotion_1,X6,9.65,0.0
Locomotion_1,X6,9.798,0.0
Locomotion_1,X6,9.946,0.0
Locomotion_1,X6,10.094,0.0
Locomotion_1,X6,10.241,0.0
Locomotion_1,X6,10.389,0.0
Locomotion_1,X6,10.537,0.0
Locomotion_1,X6,10.684,0.0
Locomotion_1,X6,10.832,0.0
Locomotion_1,X6,10.98,0.0
Locomotion_1,X6,11.128,0.0
Locomotion_1,X6,11.275,0.0
Locomotion_1,X6,11.423,0.0
Locomotion_1,X6,11.571,0.0
Locomotion_1,X6,11.718,0.0
Locomotion_1,X6,11.866,0.0
Locomotion_1,X6,12.014,0.0
Locomotion_1,X6,12.162,0.0
Locomotion_1,X6,12.309,0.0
Locomotion_1,X6,12.457,0.0
Locomotion_1,X6,12.605,0.0
Locomotion_1,X6,12.752,0.0
Locomotion_1,X6,12.9,0.0
Locomotion_1,X6,13.048,0.0
Locomotion_1,X6,13.196,0.0
Locomotion_1,X6,13.343,0.0
Locomotion_1,X6,13.491,0.0
Locomotion_1,X6,13.639,0.0
Locomotion_1,X6,13.786,0.0
Locomotion_1,X6,13.934,0.0
Locomotion_1,X6,14.082,0.0
Locomotion_1,X6,14.23,0.0
Locomotion_1,X6,14.377,0.0
Locomotion_1,X6,14.525,0.0
Locomotion_1,X6,14.673,0.0
Locomotion_1,X6,14.82,0.0
Locomotion_1,X6,14.968,0.0
Locomotion_1,X6,15.116,0.0
Locomotion_1,X6,15.263,0.0
Locomotion_1,X6,15.411,0.0
Locomotion_1,X6,15.559,0.0
Locomotion_1,X6,15.707,0.0
Locomotion_1,X6,15.854,0.0
Locomotion_1,X6,16.002,0.0
Locomotion_1,X6,16.15,0.0
Locomotion_1,X6,16.297,0.0
Locomotion_1,X6,16.445,0.0
Locomotion_1,X6,16.593,0.0
Locomotion_1,X6,16.741,0.0
Locomotion_1,X6,16.888,0.0
Locomotion_1,X6,17.036,0.0
Locomotion_1,X6,17.184,0.0
Locomotion_1,X6,17.331,0.0
Locomotion_1,X6,17.479,0.0
Locomotion_1,X6,17.627,0.0
Locomotion_1,X6,17.775,0.0
Locomotion_1,X6,17.922,0.0
Locomotion_1,X6,18.07,0.0
Locomotion_1,X6,18.218,0.0
Locomotion_1,X6,18.365,0.0
Locomotion_1,X6,18.513,0.0
Locomotion_1,X6,18.661,0.0
Locomotion_1,X6,18.809,0.0
Locomotion_1,X6,18.956,0.0
Locomotion_1,X6,19.104,0.0
Locomotion_1,X6,19.252,0.0
Locomotion_1,X6,19.399,0.0
Locomotion_1,X6,19.547,0.0
Locomotion_1,X6,19.695,0.0
Locomotion_1,X6,19.842,0.0
Locomotion_1,X6,19.99,0.0
Locomotion_1,X6,20.138,0.0
Locomotion_1,X6,20.286,0.0
Locomotion_1,X6,20.433,0.0
Locomotion_1,X6,20.581,0.0
Locomotion_1,X6,20.729,0.0
Locomotion_1,X6,20.876,0.0
Locomotion_1,X6,21.024,0.0
Locomotion_1,X6,21.172,0.0
Locomotion_1,X6,21.32,0.0
Locomotion_1,X6,21.467,0.0
Locomotion_1,X6,21.615,0.0
Locomotion_1,X6,21.763,0.0
Locomotion_1,X6,21.91,0.0
Locomotion_1,X6,22.058,0.0
Locomotion_1,X6,22.206,0.0
Locomotion_1,X6,22.354,0.0
Locomotion_1,X6,22.501,0.0
Locomotion_1,X6,22.649,0.0
Locomotion_1,X6,22.797,0.0
Locomotion_1,X6,22.944,0.0
Locomotion_1,X6,23.092,0.0
Locomotion_1,X6,23.24,0.0
Locomotion_1,X6,23.388,0.0
Locomotion_1,X6,23.535,0.0
Locomotion_1,X6,23.683,0.0
Locomotion_1,X6,23.831,0.0
Locomotion_1,X6,23.978,0.0
Locomotion_1,X6,24.126,0.0
Locomotion_1,X6,24.274,0.0
Locomotion_1,X6,24.422,0.0
Locomotion_1,X6,24.569,0.0
Locomotion_1,X6,24.717,0.0
Locomotion_1,X6,24.865,0.0
Locomotion_1,X6,25.012,0.0
Locomotion_1,X6,25.16,0.0
Locomotion_1,X6,25.308,0.0
Locomotion_1,X6,25.455,0.0
Locomotion_1,X6,25.603,0.0
Locomotion_1,X6,25.751,0.0
Locomotion_1,X6,25.899,0.0
Locomotion_1,X6,26.046,0.0
Locomotion_1,X6,26.194,0.0
Locomotion_1,X6,26.342,0.0
Locomotion_1,X6,26.489,0.0
Locomotion_1,X6,26.637,0.0
Locomotion_1,X6,26.785,0.0
Locomotion_1,X6,26.933,0.0
Locomotion_1,X6,27.08,0.0
Locomotion_1,X6,27.228,0.0
Locomotion_1,X6,27.376,0.0
Locomotion_1,X6,27.523,0.0
Locomotion_1,X6,27.671,0.0
Locomotion_1,X6,27.819,0.0
Locomotion_1,X6,27.967,0.0
Locomotion_1,X6,28.114,0.0
Locomotion_1,X6,28.262,0.0
Locomotion_1,X6,28.41,0.0
Locomotion_1,X6,28.557,0.0
Locomotion_1,X6,28.705,0.0
Locomotion_1,X6,28.853,0.0
Locomotion_1,X6,29.001,0.0
Locomotion_1,X6,29.148,0.0
Locomotion_1,X6,29.296,0.0
Locomotion_1,X6,29.444,0.0
Locomotion_1,X6,29.591,0.0
Locomotion_1,X6,29.739,0.0
Locomotion_1,X6,29.887,0.0
Locomotion_1,X6,30.034,0.0
Locomotion_1,X6,30.182,0.0
Locomotion_1,X6,30.33,0.0
Locomotion_1,X6,30.478,0.0
Locomotion_1,X6,30.625,0.0
Locomotion_1,X6,30.773,0.0
Locomotion_1,X6,30.921,0.0
Locomotion_1,X6,31.068,0.0
Locomotion_1,X6,31.216,0.0
Locomotion_1,X6,31.364,0.0
Locomotion_1,X6,31.512,0.0
Locomotion_1,X6,31.659,0.0
Locomotion_1,X6,31.807,0.0
Locomotion_1,X6,31.955,0.0
Locomotion_1,X6,32.102,0.0
Locomotion_1,X6,32.25,0.0
Locomotion_1,X6,32.398,0.0
Locomotion_1,X6,32.546,0.0
Locomotion_1,X6,32.693,0.0
Locomotion_1,X6,32.841,0.0
Locomotion_1,X6,32.989,0.0
Locomotion_1,X6,33.136,0.0
Locomotion_1,X6,33.284,0.0
Locomotion_1,X6,33.432,0.0
Locomotion_1,X6,33.58,0.0
Locomotion_1,X6,33.727,0.0
Locomotion_1,X6,33.875,0.0
Locomotion_1,X6,34.023,0.0
Locomotion_1,X6,34.17,0.0
Locomotion_1,X6,34.318,0.0
Locomotion_1,X6,34.466,0.0
Locomotion_1,X6,34.614,0.0
Locomotion_1,X6,34.761,0.0
Locomotion_1,X6,34.909,0.0
Locomotion_1,X6,35.057,0.0
Locomotion_1,X6,35.204,0.0
Locomotion_1,X6,35.352,0.0
Locomotion_1,X6,35.5,0.0
Locomotion_1,X6,35.647,0.0
Locomotion_1,X6,35.795,0.0
Locomotion_1,X6,35.943,0.0
Locomotion_1,X6,36.091,0.0
Locomotion_1,X6,36.238,0.0
Locomotion_1,X6,36.386,0.0
Locomotion_1,X6,36.534,0.0
Locomotion_1,X6,36.681,0.0
Locomotion_1,X6,36.829,0.0
Locomotion_1,X6,36.977,0.0
Locomotion_1,X6,37.125,0.0
Locomotion_1,X6,37.272,0.0
Locomotion_1,X6,37.42,0.0
Locomotion_1,X6,37.568,0.0
Locomotion_1,X6,37.715,0.0
Locomotion_1,X6,37.863,0.0
Locomotion_1,X6,38.011,0.0
Locomotion_1,X6,38.159,0.0
Locomotion_1,X6,38.306,0.0
Locomotion_1,X6,38.454,0.0
Locomotion_1,X6,38.602,0.0
Locomotion_1,X6,38.749,0.0
Locomotion_1,X6,38.897,0.0
Locomotion_1,X6,39.045,0.0
Locomotion_1,X6,39.193,0.0
Locomotion_1,X6,39.34,0.0
Locomotion_1,X6,39.488,0.0
Locomotion_1,X6,39.636,0.0
Locomotion_1,X6,39.783,0.0
Locomotion_1,X6,39.931,0.0
Locomotion_1,X6,40.079,0.0
Locomotion_1,X6,40.227,0.0
Locomotion_1,X6,40.374,0.0
Locomotion_1,X6,40.522,0.0
Locomotion_1,X6,40.67,0.0
Locomotion_1,X6,40.817,0.0
Locomotion_1,X6,40.965,0.0
Locomotion_1,X6,41.113,0.0
Locomotion_1,X6,41.26,0.0
Locomotion_1,X6,41.408,0.0
Locomotion_1,X6,41.556,0.0
Locomotion_1,X6,41.704,0.0
Locomotion_1,X6,41.851,0.0
Locomotion_1,X6,41.999,0.0
Locomotion_1,X6,42.147,0.0
Locomotion_1,X6,42.294,0.0
Locomotion_1,X6,42.442,0.0
Locomotion_1,X6,42.59,0.0
Locomotion_1,X6,42.738,0.0
Locomotion_1,X6,42.885,0.0
Locomotion_1,X6,43.033,0.0
Locomotion_1,X6,43.181,0.0
Locomotion_1,X6,43.328,0.0
Locomotion_1,X6,43.476,0.0
Locomotion_1,X6,43.624,0.0
Locomotion_1,X6,43.772,0.0
Locomotion_1,X6,43.919,0.0
Locomotion_1,X6,44.067,0.0
Locomotion_1,X6,44.215,0.0
Locomotion_1,X6,44.362,0.0
Locomotion_1,X6,44.51,0.0
Locomotion_1,X6,44.658,0.0
Locomotion_1,X6,44.806,0.0
Locomotion_1,X6,44.953,0.0
Locomotion_1,X6,45.101,0.0
Locomotion_1,X6,45.249,0.0
Locomotion_1,X6,45.396,0.0
Locomotion_1,X6,45.544,0.0
Locomotion_1,X6,45.692,0.0
Locomotion_1,X6,45.839,0.0
Locomotion_1,X6,45.987,0.0
Locomotion_1,X6,46.135,0.0
Locomotion_1,X6,46.283,0.0
Locomotion_1,X6,46.43,0.0
Locomotion_1,X6,46.578,0.0
Locomotion_1,X6,46.726,0.0
Locomotion_1,X6,46.873,0.0
Locomotion_1,X6,47.021,0.0
Locomotion_1,X6,47.169,0.0
Locomotion_1,X6,47.317,0.0
Locomotion_1,X6,47.464,0.0
Locomotion_1,X6,47.612,0.0
Locomotion_1,X6,47.76,0.0
Locomotion_1,X6,47.907,0.0
Locomotion_1,X6,48.055,0.0
Locomotion_1,X6,48.203,0.0
Locomotion_1,X6,48.351,0.0
Locomotion_1,X6,48.498,0.0
Locomotion_1,X6,48.646,0.0
Locomotion_1,X6,48.794,0.0
Locomotion_1,X6,48.941,0.0
Locomotion_1,X6,49.089,0.0
Locomotion_1,X6,49.237,0.0
Locomotion_1,X6,49.385,0.0
Locomotion_1,X6,49.532,0.0
Locomotion_1,X6,49.68,0.0
Locomotion_1,X6,49.828,0.0
Locomotion_1,X6,49.975,0.0
Locomotion_1,X6,50.123,0.0
Locomotion_1,X6,50.271,0.0
Locomotion_1,X6,50.419,0.0
Locomotion_1,X6,50.566,0.0
Locomotion_1,X6,50.714,0.0
Locomotion_1,X6,50.862,0.0
Locomotion_1,X6,51.009,0.0
Locomotion_1,X6,51.157,0.0
Locomotion_1,X6,51.305,0.0
Locomotion_1,X6,51.452,0.0
Locomotion_1,X6,51.6,0.0
Locomotion_1,X6,51.748,0.0
Locomotion_1,X6,51.896,0.0
Locomotion_1,X6,52.043,0.0
Locomotion_1,X6,52.191,0.0
Locomotion_1,X6,52.339,0.0
Locomotion_1,X6,52.486,0.0
Locomotion_1,X6,52.634,0.0
Locomotion_1,X6,52.782,0.0
Locomotion_1,X6,52.93,0.0
Locomotion_1,X6,53.077,0.0
Locomotion_1,X6,53.225,0.0
Locomotion_1,X6,53.373,0.0
Locomotion_1,X6,53.52,0.0
Locomotion_1,X6,53.668,0.0
Locomotion_1,X6,53.816,0.0
Locomotion_1,X6,53.964,0.0
Locomotion_1,X6,54.111,0.0
Locomotion_1,X6,54.259,0.0
Locomotion_1,X6,54.407,0.0
Locomotion_1,X6,54.554,0.0
Locomotion_1,X6,54.702,0.0
Locomotion_1,X6,54.85,0.0
Locomotion_1,X6,54.998,0.0
Locomotion_1,X6,55.145,0.0
Locomotion_1,X6,55.293,0.0
Locomotion_1,X6,55.441,0.0
Locomotion_1,X6,55.588,0.0
Locomotion_1,X6,55.736,0.0
Locomotion_1,X6,55.884,0.0
Locomotion_1,X6,56.032,0.0
Locomotion_1,X6,56.179,0.0
Locomotion_1,X6,56.327,0.0
Locomotion_1,X6,56.475,0.0
Locomotion_1,X6,56.622,0.0
Locomotion_1,X6,56.77,0.0
Locomotion_1,X6,56.918,0.0
Locomotion_1,X6,57.065,0.0
Locomotion_1,X6,57.213,0.0
Locomotion_1,X6,57.361,0.0
Locomotion_1,X6,57.509,0.0
Locomotion_1,X6,57.656,0.0
Locomotion_1,X6,57.804,0.0
Locomotion_1,X6,57.952,0.0
Locomotion_1,X6,58.099,0.0
Locomotion_1,X6,58.247,0.0
Locomotion_1,X6,58.395,0.0
Locomotion_1,X6,58.543,0.0
Locomotion_1,X6,58.69,0.0
Locomotion_1,X6,58.838,0.0
Locomotion_1,X6,58.986,0.0
Locomotion_1,X6,59.133,0.0
Locomotion_1,X6,59.281,0.0
Locomotion_1,X6,59.429,0.0
Locomotion_1,X6,59.577,0.0
Locomotion_1,X6,59.724,0.0
Locomotion_1,X6,59.872,0.0
Locomotion_1,X6,60.02,0.0
Locomotion_1,X6,60.167,0.0
Locomotion_1,X6,60.315,0.0
Locomotion_1,X6,60.463,0.0
Locomotion_1,X6,60.611,0.0
Locomotion_1,X6,60.758,0.0
Locomotion_1,X6,60.906,0.0
Locomotion_1,X6,61.054,0.0
Locomotion_1,X6,61.201,0.0
Locomotion_1,X6,61.349,0.0
Locomotion_1,X6,61.497,0.0
Locomotion_1,X6,61.644,0.0
Locomotion_1,X6,61.792,0.0
Locomotion_1,X6,61.94,0.0
Locomotion_1,X6,62.088,0.0
Locomotion_1,X6,62.235,0.0
Locomotion_1,X6,62.383,0.0
Locomotion_1,X6,62.531,0.0
Locomotion_1,X6,62.678,0.0
Locomotion_1,X6,62.826,0.0
Locomotion_1,X6,62.974,0.0
Locomotion_1,X6,63.122,0.0
Locomotion_1,X6,63.269,0.0
Locomotion_1,X6,63.417,0.0
Locomotion_1,X6,63.565,0.0
Locomotion_1,X6,63.712,0.0
Locomotion_1,X6,63.86,0.0
Locomotion_1,X6,64.008,0.0
Locomotion_1,X6,64.156,0.0
Locomotion_1,X6,64.303,0.0
Locomotion_1,X6,64.451,0.0
Locomotion_1,X6,64.599,0.0
Locomotion_1,X6,64.746,0.0
Locomotion_1,X6,64.894,0.0
Locomotion_1,X6,65.042,0.0
Locomotion_1,X6,65.19,0.0
Locomotion_1,X6,65.337,0.0
Locomotion_1,X6,65.485,0.0
Locomotion_1,X6,65.633,0.0
Locomotion_1,X6,65.78,0.0
Locomotion_1,X6,65.928,0.0
Locomotion_1,X6,66.076,0.0
Locomotion_1,X6,66.224,0.0
Locomotion_1,X6,66.371,0.0
Locomotion_1,X6,66.519,0.0
Locomotion_1,X6,66.667,0.0
Locomotion_1,X6,66.814,0.0
Locomotion_1,X6,66.962,0.0
Locomotion_1,X6,67.11,0.0
Locomotion_1,X6,67.257,0.0
Locomotion_1,X6,67.405,0.0
Locomotion_1,X6,67.553,0.0
Locomotion_1,X6,67.701,0.0
Locomotion_1,X6,67.848,0.0
Locomotion_1,X6,67.996,0.0
Locomotion_1,X6,68.144,0.0
Locomotion_1,X6,68.291,0.0
Locomotion_1,X6,68.439,0.0
Locomotion_1,X6,68.587,0.0
Locomotion_1,X6,68.735,0.0
Locomotion_1,X6,68.882,0.0
Locomotion_1,X6,69.03,0.0
Locomotion_1,X6,69.178,0.0
Locomotion_1,X6,69.325,0.0
Locomotion_1,X6,69.473,0.0
Locomotion_1,X6,69.621,0.0
Locomotion_1,X6,69.769,0.0
Locomotion_1,X6,69.916,0.0
Locomotion_1,X6,70.064,0.0
Locomotion_1,X6,70.212,0.0
Locomotion_1,X6,70.359,0.0
Locomotion_1,X6,70.507,0.0
Locomotion_1,X6,70.655,0.0
Locomotion_1,X6,70.803,0.0
Locomotion_1,X6,70.95,0.0
Locomotion_1,X6,71.098,0.0
Locomotion_1,X6,71.246,0.0
Locomotion_1,X6,71.393,0.0
Locomotion_1,X6,71.541,0.0
Locomotion_1,X6,71.689,0.0
Locomotion_1,X6,71.836,0.0
Locomotion_1,X6,71.984,0.0
Locomotion_1,X6,72.132,0.0
Locomotion_1,X6,72.28,0.0
Locomotion_1,X6,72.427,0.0
Locomotion_1,X6,72.575,0.0
Locomotion_1,X6,72.723,0.0
Locomotion_1,X6,72.87,0.0
Locomotion_1,X6,73.018,0.0
Locomotion_1,X6,73.166,0.0
Locomotion_1,X6,73.314,0.0
Locomotion_1,X6,73.461,0.0
Locomotion_1,X6,73.609,0.0
Locomotion_1,X6,73.757,0.0
Locomotion_1,X6,73.904,0.0
Locomotion_1,X6,74.052,0.0
Locomotion_1,X6,74.2,0.0
Locomotion_1,X6,74.348,0.0
Locomotion_1,X6,74.495,0.0
Locomotion_1,X6,74.643,0.0
Locomotion_1,X6,74.791,0.0
Locomotion_1,X6,74.938,0.0
Locomotion_1,X6,75.086,0.0
Locomotion_1,X6,75.234,0.0
Locomotion_1,X6,75.382,0.0
Locomotion_1,X6,75.529,0.0
Locomotion_1,X6,75.677,0.0
Locomotion_1,X6,75.825,0.0
Locomotion_1,X6,75.972,0.0
Locomotion_1,X6,76.12,0.0
Locomotion_1,X6,76.268,0.0
Locomotion_1,X6,76.416,0.0
Locomotion_1,X6,76.563,0.0
Locomotion_1,X6,76.711,0.0
Locomotion_1,X6,76.859,0.0
Locomotion_1,X6,77.006,0.0
Locomotion_1,X6,77.154,0.0
Locomotion_1,X6,77.302,0.0
Locomotion_1,X6,77.449,0.0
Locomotion_1,X6,77.597,0.0
Locomotion_1,X6,77.745,0.0
Locomotion_1,X6,77.893,0.0
Locomotion_1,X6,78.04,0.0
Locomotion_1,X6,78.188,0.0
Locomotion_1,X6,78.336,0.0
Locomotion_1,X6,78.483,0.0
Locomotion_1,X6,78.631,0.0
Locomotion_1,X6,78.779,0.0
Locomotion_1,X6,78.927,0.0
Locomotion_1,X6,79.074,0.0
Locomotion_1,X6,79.222,0.0
Locomotion_1,X6,79.37,0.0
Locomotion_1,X6,79.517,0.0
Locomotion_1,X6,79.665,0.0
Locomotion_1,X6,79.813,0.0
Locomotion_1,X6,79.961,0.0
Locomotion_1,X6,80.108,0.0
Locomotion_1,X6,80.256,0.0
Locomotion_1,X6,80.404,0.0
Locomotion_1,X6,80.551,0.0
Locomotion_1,X6,80.699,0.0
Locomotion_1,X6,80.847,0.0
Locomotion_1,X6,80.995,0.0
Locomotion_1,X6,81.142,0.0
Locomotion_1,X6,81.29,0.0
Locomotion_1,X6,81.438,0.0
Locomotion_1,X6,81.585,0.0
Locomotion_1,X6,81.733,0.0
Locomotion_1,X6,81.881,0.0
Locomotion_1,X6,82.029,0.0
Locomotion_1,X6,82.176,0.0
Locomotion_1,X6,82.324,0.0
Locomotion_1,X6,82.472,0.0
Locomotion_1,X6,82.619,0.0
Locomotion_1,X6,82.767,0.0
Locomotion_1,X6,82.915,0.0
Locomotion_1,X6,83.062,0.0
Locomotion_1,X6,83.21,0.0
Locomotion_1,X6,83.358,0.0
Locomotion_1,X6,83.506,0.0
Locomotion_1,X6,83.653,0.0
Locomotion_1,X6,83.801,0.0
Locomotion_1,X6,83.949,0.0
Locomotion_1,X6,84.096,0.0
Locomotion_1,X6,84.244,0.0
Locomotion_1,X6,84.392,0.0
Locomotion_1,X6,84.54,0.0
Locomotion_1,X6,84.687,0.0
Locomotion_1,X6,84.835,0.0
Locomotion_1,X6,84.983,0.0
Locomotion_1,X6,85.13,0.0
Locomotion_1,X6,85.278,0.0
Locomotion_1,X6,85.426,0.0
Locomotion_1,X6,85.574,0.0
Locomotion_1,X6,85.721,0.0
Locomotion_1,X6,85.869,0.0
Locomotion_1,X6,86.017,0.0
Locomotion_1,X6,86.164,0.0
Locomotion_1,X6,86.312,0.0
Locomotion_1,X6,86.46,0.0
Locomotion_1,X6,86.608,0.0
Locomotion_1,X6,86.755,0.0
Locomotion_1,X6,86.903,0.0
Locomotion_1,X6,87.051,0.0
Locomotion_1,X6,87.198,0.0
Locomotion_1,X6,87.346,0.0
Locomotion_1,X6,87.494,0.0
Locomotion_1,X6,87.641,0.0
Locomotion_1,X6,87.789,0.0
Locomotion_1,X6,87.937,0.0
Locomotion_1,X6,88.085,0.0
Locomotion_1,X6,88.232,0.0
Locomotion_1,X6,88.38,0.0
Locomotion_1,X6,88.528,0.0
Locomotion_1,X6,88.675,0.0
Locomotion_1,X6,88.823,0.0
Locomotion_1,X6,88.971,0.0
Locomotion_1,X6,89.119,0.0
Locomotion_1,X6,89.266,0.0
Locomotion_1,X6,89.414,0.0
Locomotion_1,X6,89.562,0.0
Locomotion_1,X6,89.709,0.0
Locomotion_1,X6,89.857,0.0
Locomotion_1,X6,90.005,0.0
Locomotion_1,X6,90.153,0.0
Locomotion_1,X6,90.3,0.0
Locomotion_1,X6,90.448,0.0
Locomotion_1,X6,90.596,0.0
Locomotion_1,X6,90.743,0.0
Locomotion_1,X6,90.891,0.0
Locomotion_1,X6,91.039,0.0
Locomotion_1,X6,91.187,0.0
Locomotion_1,X6,91.334,0.0
Locomotion_1,X6,91.482,0.0
Locomotion_1,X6,91.63,0.0
Locomotion_1,X6,91.777,0.0
Locomotion_1,X6,91.925,0.0
Locomotion_1,X6,92.073,0.0
Locomotion_1,X6,92.221,0.0
Locomotion_1,X6,92.368,0.0
Locomotion_1,X6,92.516,0.0
Locomotion_1,X6,92.664,0.0
Locomotion_1,X6,92.811,0.0
Locomotion_1,X6,92.959,0.0
Locomotion_1,X6,93.107,0.0
Locomotion_1,X6,93.254,0.0
Locomotion_1,X6,93.402,0.0
Locomotion_1,X6,93.55,0.0
Locomotion_1,X6,93.698,0.0
Locomotion_1,X6,93.845,0.0
Locomotion_1,X6,93.993,0.0
Locomotion_1,X6,94.141,0.0
Locomotion_1,X6,94.288,0.0
Locomotion_1,X6,94.436,0.0
Locomotion_1,X6,94.584,0.0
Locomotion_1,X6,94.732,0.0
Locomotion_1,X6,94.879,0.0
Locomotion_1,X6,95.027,0.0
Locomotion_1,X6,95.175,0.0
Locomotion_1,X6,95.322,0.0
Locomotion_1,X6,95.47,0.0
Locomotion_1,X6,95.618,0.0
Locomotion_1,X6,95.766,0.0
Locomotion_1,X6,95.913,0.0
Locomotion_1,X6,96.061,0.0
Locomotion_1,X6,96.209,0.0
Locomotion_1,X6,96.356,0.0
Locomotion_1,X6,96.504,0.0
Locomotion_1,X6,96.652,0.0
Locomotion_1,X6,96.8,0.0
Locomotion_1,X6,96.947,0.0
Locomotion_1,X6,97.095,0.0
Locomotion_1,X6,97.243,0.0
Locomotion_1,X6,97.39,0.0
Locomotion_1,X6,97.538,0.0
Locomotion_1,X6,97.686,0.0
Locomotion_1,X6,97.834,0.0
Locomotion_1,X6,97.981,0.0
Locomotion_1,X6,98.129,0.0
Locomotion_1,X6,98.277,0.0
Locomotion_1,X6,98.424,0.0
Locomotion_1,X6,98.572,0.0
Locomotion_1,X6,98.72,0.0
Locomotion_1,X6,98.867,0.0
Locomotion_1,X6,99.015,0.0
Locomotion_1,X6,99.163,0.0
Locomotion_1,X6,99.311,0.0
Locomotion_1,X6,99.458,0.0
Locomotion_1,X6,99.606,0.0
Locomotion_1,X6,99.754,0.0
Locomotion_1,X6,99.901,0.0
Locomotion_1,X6,100.049,0.0
Locomotion_1,X6,100.197,0.0
Locomotion_1,X6,100.345,0.0
Locomotion_1,X6,100.492,0.0
Locomotion_1,X6,100.64,0.0
Locomotion_1,X6,100.788,0.0
Locomotion_1,X6,100.935,0.0
Locomotion_1,X6,101.083,0.0
Locomotion_1,X6,101.231,0.0
Locomotion_1,X6,101.379,0.0
Locomotion_1,X6,101.526,0.0
Locomotion_1,X6,101.674,0.0
Locomotion_1,X6,101.822,0.0
Locomotion_1,X6,101.969,0.0
Locomotion_1,X6,102.117,0.0
Locomotion_1,X6,102.265,0.0
Locomotion_1,X6,102.413,0.0
Locomotion_1,X6,102.56,0.0
Locomotion_1,X6,102.708,0.0
Locomotion_1,X6,102.856,0.0
Locomotion_1,X6,103.003,0.0
Locomotion_1,X6,103.151,0.0
Locomotion_1,X6,103.299,0.0
Locomotion_1,X6,103.446,0.0
Locomotion_1,X6,103.594,0.0
Locomotion_1,X6,103.742,0.0
Locomotion_1,X6,103.89,0.0
Locomotion_1,X6,104.037,0.0
Locomotion_1,X6,104.185,0.0
Locomotion_1,X6,104.333,0.0
Locomotion_1,X6,104.48,0.0
Locomotion_1,X6,104.628,0.0
Locomotion_1,X6,104.776,0.0
Locomotion_1,X6,104.924,0.0
Locomotion_1,X6,105.071,0.0
Locomotion_1,X6,105.219,0.0
Locomotion_1,X6,105.367,0.0
Locomotion_1,X6,105.514,0.0
Locomotion_1,X6,105.662,0.0
Locomotion_1,X6,105.81,0.0
Locomotion_1,X6,105.958,0.0
Locomotion_1,X6,106.105,0.0
Locomotion_1,X6,106.253,0.0
Locomotion_1,X6,106.401,0.0
Locomotion_1,X6,106.548,0.0
Locomotion_1,X6,106.696,0.0
Locomotion_1,X6,106.844,0.0
Locomotion_1,X6,106.992,0.0
Locomotion_1,X6,107.139,0.0
Locomotion_1,X6,107.287,0.0
Locomotion_1,X6,107.435,0.0
Locomotion_1,X6,107.582,0.0
Locomotion_1,X6,107.73,0.0549
Locomotion_1,X6,107.878,0.9725
Locomotion_1,X7,0.049,1.0
Locomotion_1,X7,0.197,0.0549
Locomotion_1,X7,0.345,0.0
Locomotion_1,X7,0.492,0.0
Locomotion_1,X7,0.64,0.0
Locomotion_1,X7,0.788,0.0
Locomotion_1,X7,0.936,0.0
Locomotion_1,X7,1.083,0.0
Locomotion_1,X7,1.231,0.0
Locomotion_1,X7,1.379,0.0
Locomotion_1,X7,1.526,0.0
Locomotion_1,X7,1.674,0.0
Locomotion_1,X7,1.822,0.0
Locomotion_1,X7,1.97,0.0
Locomotion_1,X7,2.117,0.0
Locomotion_1,X7,2.265,0.0
Locomotion_1,X7,2.413,0.0
Locomotion_1,X7,2.56,0.0
Locomotion_1,X7,2.708,0.0
Locomotion_1,X7,2.856,0.0
Locomotion_1,X7,3.004,0.0
Locomotion_1,X7,3.151,0.0
Locomotion_1,X7,3.299,0.0
Locomotion_1,X7,3.447,0.0
Locomotion_1,X7,3.594,0.0
Locomotion_1,X7,3.742,0.0
Locomotion_1,X7,3.89,0.0
Locomotion_1,X7,4.037,0.0
Locomotion_1,X7,4.185,0.0
Locomotion_1,X7,4.333,0.0
Locomotion_1,X7,4.481,0.0
Locomotion_1,X7,4.628,0.0
Locomotion_1,X7,4.776,0.0
Locomotion_1,X7,4.924,0.0
Locomotion_1,X7,5.071,0.0
Locomotion_1,X7,5.219,0.0
Locomotion_1,X7,5.367,0.0
Locomotion_1,X7,5.515,0.0
Locomotion_1,X7,5.662,0.0
Locomotion_1,X7,5.81,0.0
Locomotion_1,X7,5.958,0.0
Locomotion_1,X7,6.105,0.0
Locomotion_1,X7,6.253,0.0
Locomotion_1,X7,6.401,0.0
Locomotion_1,X7,6.549,0.0
Locomotion_1,X7,6.696,0.0
Locomotion_1,X7,6.844,0.0
Locomotion_1,X7,6.992,0.0
Locomotion_1,X7,7.139,0.0
Locomotion_1,X7,7.287,0.0
Locomotion_1,X7,7.435,0.0
Locomotion_1,X7,7.583,0.0
Locomotion_1,X7,7.73,0.0
Locomotion_1,X7,7.878,0.0
Locomotion_1,X7,8.026,0.0
Locomotion_1,X7,8.173,0.0
Locomotion_1,X7,8.321,0.0
Locomotion_1,X7,8.469,0.0
Locomotion_1,X7,8.617,0.0
Locomotion_1,X7,8.764,0.0
Locomotion_1,X7,8.912,0.0
Locomotion_1,X7,9.06,0.0
Locomotion_1,X7,9.207,0.0
Locomotion_1,X7,9.355,0.0
Locomotion_1,X7,9.503,0.0
Locomotion_1,X7,9.65,0.0
Locomotion_1,X7,9.798,0.0
Locomotion_1,X7,9.946,0.0
Locomotion_1,X7,10.094,0.0
Locomotion_1,X7,10.241,0.0
Locomotion_1,X7,10.389,0.0
Locomotion_1,X7,10.537,0.0
Locomotion_1,X7,10.684,0.0
Locomotion_1,X7,10.832,0.0
Locomotion_1,X7,10.98,0.0
Locomotion_1,X7,11.128,0.0
Locomotion_1,X7,11.275,0.0
Locomotion_1,X7,11.423,0.0
Locomotion_1,X7,11.571,0.0
Locomotion_1,X7,11.718,0.0
Locomotion_1,X7,11.866,0.0
Locomotion_1,X7,12.014,0.0
Locomotion_1,X7,12.162,0.0
Locomotion_1,X7,12.309,0.0
Locomotion_1,X7,12.457,0.0
Locomotion_1,X7,12.605,0.0
Locomotion_1,X7,12.752,0.0
Locomotion_1,X7,12.9,0.0
Locomotion_1,X7,13.048,0.0
Locomotion_1,X7,13.196,0.0
Locomotion_1,X7,13.343,0.0
Locomotion_1,X7,13.491,0.0
Locomotion_1,X7,13.639,0.0
Locomotion_1,X7,13.786,0.0
Locomotion_1,X7,13.934,0.0
Locomotion_1,X7,14.082,0.0
Locomotion_1,X7,14.23,0.0
Locomotion_1,X7,14.377,0.0
Locomotion_1,X7,14.525,0.0
Locomotion_1,X7,14.673,0.0
Locomotion_1,X7,14.82,0.0
Locomotion_1,X7,14.968,0.0
Locomotion_1,X7,15.116,0.0
Locomotion_1,X7,15.263,0.0
Locomotion_1,X7,15.411,0.0
Locomotion_1,X7,15.559,0.0
Locomotion_1,X7,15.707,0.0
Locomotion_1,X7,15.854,0.0
Locomotion_1,X7,16.002,0.0
Locomotion_1,X7,16.15,0.0
Locomotion_1,X7,16.297,0.0
Locomotion_1,X7,16.445,0.0
Locomotion_1,X7,16.593,0.0
Locomotion_1,X7,16.741,0.0
Locomotion_1,X7,16.888,0.0
Locomotion_1,X7,17.036,0.0
Locomotion_1,X7,17.184,0.0
Locomotion_1,X7,17.331,0.0
Locomotion_1,X7,17.479,0.0
Locomotion_1,X7,17.627,0.0
Locomotion_1,X7,17.775,0.0
Locomotion_1,X7,17.922,0.0
Locomotion_1,X7,18.07,0.0
Locomotion_1,X7,18.218,0.0
Locomotion_1,X7,18.365,0.0
Locomotion_1,X7,18.513,0.0
Locomotion_1,X7,18.661,0.0
Locomotion_1,X7,18.809,0.0
Locomotion_1,X7,18.956,0.0
Locomotion_1,X7,19.104,0.0
Locomotion_1,X7,19.252,0.0
Locomotion_1,X7,19.399,0.0
Locomotion_1,X7,19.547,0.0
Locomotion_1,X7,19.695,0.0
Locomotion_1,X7,19.842,0.0
Locomotion_1,X7,19.99,0.0
Locomotion_1,X7,20.138,0.0
Locomotion_1,X7,20.286,0.0
Locomotion_1,X7,20.433,0.0
Locomotion_1,X7,20.581,0.0
Locomotion_1,X7,20.729,0.0
Locomotion_1,X7,20.876,0.0
Locomotion_1,X7,21.024,0.0
Locomotion_1,X7,21.172,0.0
Locomotion_1,X7,21.32,0.0
Locomotion_1,X7,21.467,0.0
Locomotion_1,X7,21.615,0.0
Locomotion_1,X7,21.763,0.0
Locomotion_1,X7,21.91,0.0
Locomotion_1,X7,22.058,0.0
Locomotion_1,X7,22.206,0.0
Locomotion_1,X7,22.354,0.0
Locomotion_1,X7,22.501,0.0
Locomotion_1,X7,22.649,0.0
Locomotion_1,X7,22.797,0.0
Locomotion_1,X7,22.944,0.0
Locomotion_1,X7,23.092,0.0
Locomotion_1,X7,23.24,0.0
Locomotion_1,X7,23.388,0.0
Locomotion_1,X7,23.535,0.0
Locomotion_1,X7,23.683,0.0
Locomotion_1,X7,23.831,0.0
Locomotion_1,X7,23.978,0.0
Locomotion_1,X7,24.126,0.0
Locomotion_1,X7,24.274,0.0
Locomotion_1,X7,24.422,0.0
Locomotion_1,X7,24.569,0.0
Locomotion_1,X7,24.717,0.0
Locomotion_1,X7,24.865,0.0
Locomotion_1,X7,25.012,0.0
Locomotion_1,X7,25.16,0.0
Locomotion_1,X7,25.308,0.0
Locomotion_1,X7,25.455,0.0
Locomotion_1,X7,25.603,0.0
Locomotion_1,X7,25.751,0.0
Locomotion_1,X7,25.899,0.0
Locomotion_1,X7,26.046,0.0
Locomotion_1,X7,26.194,0.0
Locomotion_1,X7,26.342,0.0
Locomotion_1,X7,26.489,0.0
Locomotion_1,X7,26.637,0.0
Locomotion_1,X7,26.785,0.0
Locomotion_1,X7,26.933,0.0
Locomotion_1,X7,27.08,0.0
Locomotion_1,X7,27.228,0.0
Locomotion_1,X7,27.376,0.0
Locomotion_1,X7,27.523,0.0
Locomotion_1,X7,27.671,0.0
Locomotion_1,X7,27.819,0.0
Locomotion_1,X7,27.967,0.0
Locomotion_1,X7,28.114,0.0
Locomotion_1,X7,28.262,0.0
Locomotion_1,X7,28.41,0.0
Locomotion_1,X7,28.557,0.0
Locomotion_1,X7,28.705,0.0
Locomotion_1,X7,28.853,0.0
Locomotion_1,X7,29.001,0.0
Locomotion_1,X7,29.148,0.0
Locomotion_1,X7,29.296,0.0
Locomotion_1,X7,29.444,0.0
Locomotion_1,X7,29.591,0.0
Locomotion_1,X7,29.739,0.0
Locomotion_1,X7,29.887,0.0
Locomotion_1,X7,30.034,0.0
Locomotion_1,X7,30.182,0.0
Locomotion_1,X7,30.33,0.0
Locomotion_1,X7,30.478,0.0
Locomotion_1,X7,30.625,0.0
Locomotion_1,X7,30.773,0.0
Locomotion_1,X7,30.921,0.0
Locomotion_1,X7,31.068,0.0
Locomotion_1,X7,31.216,0.0
Locomotion_1,X7,31.364,0.0
Locomotion_1,X7,31.512,0.0
Locomotion_1,X7,31.659,0.0
Locomotion_1,X7,31.807,0.0
Locomotion_1,X7,31.955,0.0
Locomotion_1,X7,32.102,0.0
Locomotion_1,X7,32.25,0.0
Locomotion_1,X7,32.398,0.0
Locomotion_1,X7,32.546,0.0
Locomotion_1,X7,32.693,0.0
Locomotion_1,X7,32.841,0.0
Locomotion_1,X7,32.989,0.0
Locomotion_1,X7,33.136,0.0
Locomotion_1,X7,33.284,0.0
Locomotion_1,X7,33.432,0.0
Locomotion_1,X7,33.58,0.0
Locomotion_1,X7,33.727,0.0
Locomotion_1,X7,33.875,0.0
Locomotion_1,X7,34.023,0.0
Locomotion_1,X7,34.17,0.0
Locomotion_1,X7,34.318,0.0
Locomotion_1,X7,34.466,0.0
Locomotion_1,X7,34.614,0.0
Locomotion_1,X7,34.761,0.0
Locomotion_1,X7,34.909,0.0
Locomotion_1,X7,35.057,0.0
Locomotion_1,X7,35.204,0.0
Locomotion_1,X7,35.352,0.0
Locomotion_1,X7,35.5,0.0
Locomotion_1,X7,35.647,0.0
Locomotion_1,X7,35.795,0.0
Locomotion_1,X7,35.943,0.0
Locomotion_1,X7,36.091,0.0
Locomotion_1,X7,36.238,0.0
Locomotion_1,X7,36.386,0.0
Locomotion_1,X7,36.534,0.0
Locomotion_1,X7,36.681,0.0
Locomotion_1,X7,36.829,0.0
Locomotion_1,X7,36.977,0.0
Locomotion_1,X7,37.125,0.0
Locomotion_1,X7,37.272,0.0
Locomotion_1,X7,37.42,0.0
Locomotion_1,X7,37.568,0.0
Locomotion_1,X7,37.715,0.0
Locomotion_1,X7,37.863,0.0
Locomotion_1,X7,38.011,0.0
Locomotion_1,X7,38.159,0.0
Locomotion_1,X7,38.306,0.0
Locomotion_1,X7,38.454,0.0
Locomotion_1,X7,38.602,0.0
Locomotion_1,X7,38.749,0.0
Locomotion_1,X7,38.897,0.0
Locomotion_1,X7,39.045,0.0
Locomotion_1,X7,39.193,0.0
Locomotion_1,X7,39.34,0.0
Locomotion_1,X7,39.488,0.0
Locomotion_1,X7,39.636,0.0
Locomotion_1,X7,39.783,0.0
Locomotion_1,X7,39.931,0.0
Locomotion_1,X7,40.079,0.0
Locomotion_1,X7,40.227,0.0
Locomotion_1,X7,40.374,0.0
Locomotion_1,X7,40.522,0.0
Locomotion_1,X7,40.67,0.0
Locomotion_1,X7,40.817,0.0
Locomotion_1,X7,40.965,0.0
Locomotion_1,X7,41.113,0.0
Locomotion_1,X7,41.26,0.0
Locomotion_1,X7,41.408,0.0
Locomotion_1,X7,41.556,0.0
Locomotion_1,X7,41.704,0.0
Locomotion_1,X7,41.851,0.0
Locomotion_1,X7,41.999,0.0
Locomotion_1,X7,42.147,0.0
Locomotion_1,X7,42.294,0.0
Locomotion_1,X7,42.442,0.0
Locomotion_1,X7,42.59,0.0
Locomotion_1,X7,42.738,0.0
Locomotion_1,X7,42.885,0.0
Locomotion_1,X7,43.033,0.0
Locomotion_1,X7,43.181,0.0
Locomotion_1,X7,43.328,0.0
Locomotion_1,X7,43.476,0.0
Locomotion_1,X7,43.624,0.0
Locomotion_1,X7,43.772,0.0
Locomotion_1,X7,43.919,0.0
Locomotion_1,X7,44.067,0.0
Locomotion_1,X7,44.215,0.0
Locomotion_1,X7,44.362,0.0
Locomotion_1,X7,44.51,0.0
Locomotion_1,X7,44.658,0.0
Locomotion_1,X7,44.806,0.0
Locomotion_1,X7,44.953,0.0
Locomotion_1,X7,45.101,0.0
Locomotion_1,X7,45.249,0.0
Locomotion_1,X7,45.396,0.0
Locomotion_1,X7,45.544,0.0
Locomotion_1,X7,45.692,0.0
Locomotion_1,X7,45.839,0.0
Locomotion_1,X7,45.987,0.0
Locomotion_1,X7,46.135,0.0
Locomotion_1,X7,46.283,0.0
Locomotion_1,X7,46.43,0.0
Locomotion_1,X7,46.578,0.0
Locomotion_1,X7,46.726,0.0
Locomotion_1,X7,46.873,0.0
Locomotion_1,X7,47.021,0.0
Locomotion_1,X7,47.169,0.0
Locomotion_1,X7,47.317,0.0
Locomotion_1,X7,47.464,0.0
Locomotion_1,X7,47.612,0.0
Locomotion_1,X7,47.76,0.0
Locomotion_1,X7,47.907,0.0
Locomotion_1,X7,48.055,0.0
Locomotion_1,X7,48.203,0.0
Locomotion_1,X7,48.351,0.0
Locomotion_1,X7,48.498,0.0
Locomotion_1,X7,48.646,0.0
Locomotion_1,X7,48.794,0.0
Locomotion_1,X7,48.941,0.0
Locomotion_1,X7,49.089,0.0
Locomotion_1,X7,49.237,0.0
Locomotion_1,X7,49.385,0.0
Locomotion_1,X7,49.532,0.0
Locomotion_1,X7,49.68,0.0
Locomotion_1,X7,49.828,0.0
Locomotion_1,X7,49.975,0.0
Locomotion_1,X7,50.123,0.0
Locomotion_1,X7,50.271,0.0
Locomotion_1,X7,50.419,0.0
Locomotion_1,X7,50.566,0.0
Locomotion_1,X7,50.714,0.0
Locomotion_1,X7,50.862,0.0
Locomotion_1,X7,51.009,0.0
Locomotion_1,X7,51.157,0.0
Locomotion_1,X7,51.305,0.0
Locomotion_1,X7,51.452,0.0
Locomotion_1,X7,51.6,0.0
Locomotion_1,X7,51.748,0.0
Locomotion_1,X7,51.896,0.0
Locomotion_1,X7,52.043,0.0
Locomotion_1,X7,52.191,0.0
Locomotion_1,X7,52.339,0.0
Locomotion_1,X7,52.486,0.0
Locomotion_1,X7,52.634,0.0
Locomotion_1,X7,52.782,0.0
Locomotion_1,X7,52.93,0.0
Locomotion_1,X7,53.077,0.0
Locomotion_1,X7,53.225,0.0
Locomotion_1,X7,53.373,0.0
Locomotion_1,X7,53.52,0.0
Locomotion_1,X7,53.668,0.0
Locomotion_1,X7,53.816,0.0
Locomotion_1,X7,53.964,0.0
Locomotion_1,X7,54.111,0.0
Locomotion_1,X7,54.259,0.0
Locomotion_1,X7,54.407,0.0
Locomotion_1,X7,54.554,0.0
Locomotion_1,X7,54.702,0.0
Locomotion_1,X7,54.85,0.0
Locomotion_1,X7,54.998,0.0
Locomotion_1,X7,55.145,0.0
Locomotion_1,X7,55.293,0.0
Locomotion_1,X7,55.441,0.0
Locomotion_1,X7,55.588,0.0
Locomotion_1,X7,55.736,0.0
Locomotion_1,X7,55.884,0.0
Locomotion_1,X7,56.032,0.0
Locomotion_1,X7,56.179,0.0
Locomotion_1,X7,56.327,0.0
Locomotion_1,X7,56.475,0.0
Locomotion_1,X7,56.622,0.0
Locomotion_1,X7,56.77,0.0
Locomotion_1,X7,56.918,0.0
Locomotion_1,X7,57.065,0.0
Locomotion_1,X7,57.213,0.0
Locomotion_1,X7,57.361,0.0
Locomotion_1,X7,57.509,0.0
Locomotion_1,X7,57.656,0.0
Locomotion_1,X7,57.804,0.0
Locomotion_1,X7,57.952,0.0
Locomotion_1,X7,58.099,0.0
Locomotion_1,X7,58.247,0.0
Locomotion_1,X7,58.395,0.0
Locomotion_1,X7,58.543,0.0
Locomotion_1,X7,58.69,0.0
Locomotion_1,X7,58.838,0.0
Locomotion_1,X7,58.986,0.0
Locomotion_1,X7,59.133,0.0
Locomotion_1,X7,59.281,0.0
Locomotion_1,X7,59.429,0.0
Locomotion_1,X7,59.577,0.0
Locomotion_1,X7,59.724,0.0
Locomotion_1,X7,59.872,0.0
Locomotion_1,X7,60.02,0.0
Locomotion_1,X7,60.167,0.0
Locomotion_1,X7,60.315,0.0
Locomotion_1,X7,60.463,0.0
Locomotion_1,X7,60.611,0.0
Locomotion_1,X7,60.758,0.0
Locomotion_1,X7,60.906,0.0
Locomotion_1,X7,61.054,0.0
Locomotion_1,X7,61.201,0.0
Locomotion_1,X7,61.349,0.0
Locomotion_1,X7,61.497,0.0
Locomotion_1,X7,61.644,0.0
Locomotion_1,X7,61.792,0.0
Locomotion_1,X7,61.94,0.0
Locomotion_1,X7,62.088,0.0
Locomotion_1,X7,62.235,0.0
Locomotion_1,X7,62.383,0.0
Locomotion_1,X7,62.531,0.0
Locomotion_1,X7,62.678,0.0
Locomotion_1,X7,62.826,0.0
Locomotion_1,X7,62.974,0.0
Locomotion_1,X7,63.122,0.0
Locomotion_1,X7,63.269,0.0
Locomotion_1,X7,63.417,0.0
Locomotion_1,X7,63.565,0.0
Locomotion_1,X7,63.712,0.0
Locomotion_1,X7,63.86,0.0
Locomotion_1,X7,64.008,0.0
Locomotion_1,X7,64.156,0.0
Locomotion_1,X7,64.303,0.0
Locomotion_1,X7,64.451,0.0
Locomotion_1,X7,64.599,0.0
Locomotion_1,X7,64.746,0.0
Locomotion_1,X7,64.894,0.0
Locomotion_1,X7,65.042,0.0
Locomotion_1,X7,65.19,0.0
Locomotion_1,X7,65.337,0.0
Locomotion_1,X7,65.485,0.0
Locomotion_1,X7,65.633,0.0
Locomotion_1,X7,65.78,0.0
Locomotion_1,X7,65.928,0.0
Locomotion_1,X7,66.076,0.0
Locomotion_1,X7,66.224,0.0
Locomotion_1,X7,66.371,0.0
Locomotion_1,X7,66.519,0.0
Locomotion_1,X7,66.667,0.0
Locomotion_1,X7,66.814,0.0
Locomotion_1,X7,66.962,0.0
Locomotion_1,X7,67.11,0.0
Locomotion_1,X7,67.257,0.0
Locomotion_1,X7,67.405,0.0
Locomotion_1,X7,67.553,0.0
Locomotion_1,X7,67.701,0.0
Locomotion_1,X7,67.848,0.0
Locomotion_1,X7,67.996,0.0
Locomotion_1,X7,68.144,0.0
Locomotion_1,X7,68.291,0.0
Locomotion_1,X7,68.439,0.0
Locomotion_1,X7,68.587,0.0
Locomotion_1,X7,68.735,0.0
Locomotion_1,X7,68.882,0.0
Locomotion_1,X7,69.03,0.0
Locomotion_1,X7,69.178,0.0
Locomotion_1,X7,69.325,0.0
Locomotion_1,X7,69.473,0.0
Locomotion_1,X7,69.621,0.0
Locomotion_1,X7,69.769,0.0
Locomotion_1,X7,69.916,0.0
Locomotion_1,X7,70.064,0.0
Locomotion_1,X7,70.212,0.0
Locomotion_1,X7,70.359,0.0
Locomotion_1,X7,70.507,0.0
Locomotion_1,X7,70.655,0.0
Locomotion_1,X7,70.803,0.0
Locomotion_1,X7,70.95,0.0
Locomotion_1,X7,71.098,0.0
Locomotion_1,X7,71.246,0.0
Locomotion_1,X7,71.393,0.0
Locomotion_1,X7,71.541,0.0
Locomotion_1,X7,71.689,0.0
Locomotion_1,X7,71.836,0.0
Locomotion_1,X7,71.984,0.0
Locomotion_1,X7,72.132,0.0
Locomotion_1,X7,72.28,0.0
Locomotion_1,X7,72.427,0.0
Locomotion_1,X7,72.575,0.0
Locomotion_1,X7,72.723,0.0
Locomotion_1,X7,72.87,0.0
Locomotion_1,X7,73.018,0.0
Locomotion_1,X7,73.166,0.0
Locomotion_1,X7,73.314,0.0
Locomotion_1,X7,73.461,0.0
Locomotion_1,X7,73.609,0.0
Locomotion_1,X7,73.757,0.0
Locomotion_1,X7,73.904,0.0
Locomotion_1,X7,74.052,0.0
Locomotion_1,X7,74.2,0.0
Locomotion_1,X7,74.348,0.0
Locomotion_1,X7,74.495,0.0
Locomotion_1,X7,74.643,0.0
Locomotion_1,X7,74.791,0.0
Locomotion_1,X7,74.938,0.0
Locomotion_1,X7,75.086,0.0
Locomotion_1,X7,75.234,0.0
Locomotion_1,X7,75.382,0.0
Locomotion_1,X7,75.529,0.0
Locomotion_1,X7,75.677,0.0
Locomotion_1,X7,75.825,0.0
Locomotion_1,X7,75.972,0.0
Locomotion_1,X7,76.12,0.0
Locomotion_1,X7,76.268,0.0
Locomotion_1,X7,76.416,0.0
Locomotion_1,X7,76.563,0.0
Locomotion_1,X7,76.711,0.0
Locomotion_1,X7,76.859,0.0
Locomotion_1,X7,77.006,0.0
Locomotion_1,X7,77.154,0.0
Locomotion_1,X7,77.302,0.0
Locomotion_1,X7,77.449,0.0
Locomotion_1,X7,77.597,0.0
Locomotion_1,X7,77.745,0.0
Locomotion_1,X7,77.893,0.0
Locomotion_1,X7,78.04,0.0
Locomotion_1,X7,78.188,0.0
Locomotion_1,X7,78.336,0.0
Locomotion_1,X7,78.483,0.0
Locomotion_1,X7,78.631,0.0
Locomotion_1,X7,78.779,0.0
Locomotion_1,X7,78.927,0.0
Locomotion_1,X7,79.074,0.0
Locomotion_1,X7,79.222,0.0
Locomotion_1,X7,79.37,0.0
Locomotion_1,X7,79.517,0.0
Locomotion_1,X7,79.665,0.0
Locomotion_1,X7,79.813,0.0
Locomotion_1,X7,79.961,0.0
Locomotion_1,X7,80.108,0.0
Locomotion_1,X7,80.256,0.0
Locomotion_1,X7,80.404,0.0
Locomotion_1,X7,80.551,0.0
Locomotion_1,X7,80.699,0.0
Locomotion_1,X7,80.847,0.0
Locomotion_1,X7,80.995,0.0
Locomotion_1,X7,81.142,0.0
Locomotion_1,X7,81.29,0.0
Locomotion_1,X7,81.438,0.0
Locomotion_1,X7,81.585,0.0
Locomotion_1,X7,81.733,0.0
Locomotion_1,X7,81.881,0.0
Locomotion_1,X7,82.029,0.0
Locomotion_1,X7,82.176,0.0
Locomotion_1,X7,82.324,0.0
Locomotion_1,X7,82.472,0.0
Locomotion_1,X7,82.619,0.0
Locomotion_1,X7,82.767,0.0
Locomotion_1,X7,82.915,0.0
Locomotion_1,X7,83.062,0.0
Locomotion_1,X7,83.21,0.0
Locomotion_1,X7,83.358,0.0
Locomotion_1,X7,83.506,0.0
Locomotion_1,X7,83.653,0.0
Locomotion_1,X7,83.801,0.0
Locomotion_1,X7,83.949,0.0
Locomotion_1,X7,84.096,0.0
Locomotion_1,X7,84.244,0.0
Locomotion_1,X7,84.392,0.0
Locomotion_1,X7,84.54,0.0
Locomotion_1,X7,84.687,0.0
Locomotion_1,X7,84.835,0.0
Locomotion_1,X7,84.983,0.0
Locomotion_1,X7,85.13,0.0
Locomotion_1,X7,85.278,0.0
Locomotion_1,X7,85.426,0.0
Locomotion_1,X7,85.574,0.0
Locomotion_1,X7,85.721,0.0
Locomotion_1,X7,85.869,0.0
Locomotion_1,X7,86.017,0.0
Locomotion_1,X7,86.164,0.0
Locomotion_1,X7,86.312,0.0
Locomotion_1,X7,86.46,0.0
Locomotion_1,X7,86.608,0.0
Locomotion_1,X7,86.755,0.0
Locomotion_1,X7,86.903,0.0
Locomotion_1,X7,87.051,0.0
Locomotion_1,X7,87.198,0.0
Locomotion_1,X7,87.346,0.0
Locomotion_1,X7,87.494,0.0
Locomotion_1,X7,87.641,0.0
Locomotion_1,X7,87.789,0.0
Locomotion_1,X7,87.937,0.0
Locomotion_1,X7,88.085,0.0
Locomotion_1,X7,88.232,0.0
Locomotion_1,X7,88.38,0.0
Locomotion_1,X7,88.528,0.0
Locomotion_1,X7,88.675,0.0
Locomotion_1,X7,88.823,0.0
Locomotion_1,X7,88.971,0.0
Locomotion_1,X7,89.119,0.0
Locomotion_1,X7,89.266,0.0
Locomotion_1,X7,89.414,0.0
Locomotion_1,X7,89.562,0.0
Locomotion_1,X7,89.709,0.0
Locomotion_1,X7,89.857,0.0
Locomotion_1,X7,90.005,0.0
Locomotion_1,X7,90.153,0.0
Locomotion_1,X7,90.3,0.0
Locomotion_1,X7,90.448,0.0
Locomotion_1,X7,90.596,0.0
Locomotion_1,X7,90.743,0.0
Locomotion_1,X7,90.891,0.0
Locomotion_1,X7,91.039,0.0
Locomotion_1,X7,91.187,0.0
Locomotion_1,X7,91.334,0.0
Locomotion_1,X7,91.482,0.0
Locomotion_1,X7,91.63,0.0
Locomotion_1,X7,91.777,0.0
Locomotion_1,X7,91.925,0.0
Locomotion_1,X7,92.073,0.0
Locomotion_1,X7,92.221,0.0
Locomotion_1,X7,92.368,0.0
Locomotion_1,X7,92.516,0.0
Locomotion_1,X7,92.664,0.0
Locomotion_1,X7,92.811,0.0
Locomotion_1,X7,92.959,0.0
Locomotion_1,X7,93.107,0.0
Locomotion_1,X7,93.254,0.0
Locomotion_1,X7,93.402,0.0
Locomotion_1,X7,93.55,0.0
Locomotion_1,X7,93.698,0.0
Locomotion_1,X7,93.845,0.0
Locomotion_1,X7,93.993,0.0
Locomotion_1,X7,94.141,0.0
Locomotion_1,X7,94.288,0.0
Locomotion_1,X7,94.436,0.0
Locomotion_1,X7,94.584,0.0
Locomotion_1,X7,94.732,0.0
Locomotion_1,X7,94.879,0.0
Locomotion_1,X7,95.027,0.0
Locomotion_1,X7,95.175,0.0
Locomotion_1,X7,95.322,0.0
Locomotion_1,X7,95.47,0.0
Locomotion_1,X7,95.618,0.0
Locomotion_1,X7,95.766,0.0
Locomotion_1,X7,95.913,0.0
Locomotion_1,X7,96.061,0.0
Locomotion_1,X7,96.209,0.0
Locomotion_1,X7,96.356,0.0
Locomotion_1,X7,96.504,0.0
Locomotion_1,X7,96.652,0.0
Locomotion_1,X7,96.8,0.0
Locomotion_1,X7,96.947,0.0
Locomotion_1,X7,97.095,0.0
Locomotion_1,X7,97.243,0.0
Locomotion_1,X7,97.39,0.0
Locomotion_1,X7,97.538,0.0
Locomotion_1,X7,97.686,0.0
Locomotion_1,X7,97.834,0.0
Locomotion_1,X7,97.981,0.0
Locomotion_1,X7,98.129,0.0
Locomotion_1,X7,98.277,0.0
Locomotion_1,X7,98.424,0.0
Locomotion_1,X7,98.572,0.0
Locomotion_1,X7,98.72,0.0
Locomotion_1,X7,98.867,0.0
Locomotion_1,X7,99.015,0.0
Locomotion_1,X7,99.163,0.0
Locomotion_1,X7,99.311,0.0
Locomotion_1,X7,99.458,0.0
Locomotion_1,X7,99.606,0.0
Locomotion_1,X7,99.754,0.0
Locomotion_1,X7,99.901,0.0
Locomotion_1,X7,100.049,0.0
Locomotion_1,X7,100.197,0.0
Locomotion_1,X7,100.345,0.0
Locomotion_1,X7,100.492,0.0
Locomotion_1,X7,100.64,0.0
Locomotion_1,X7,100.788,0.0
Locomotion_1,X7,100.935,0.0
Locomotion_1,X7,101.083,0.0
Locomotion_1,X7,101.231,0.0
Locomotion_1,X7,101.379,0.0
Locomotion_1,X7,101.526,0.0
Locomotion_1,X7,101.674,0.0
Locomotion_1,X7,101.822,0.0
Locomotion_1,X7,101.969,0.0
Locomotion_1,X7,102.117,0.0
Locomotion_1,X7,102.265,0.0
Locomotion_1,X7,102.413,0.0
Locomotion_1,X7,102.56,0.0
Locomotion_1,X7,102.708,0.0
Locomotion_1,X7,102.856,0.0
Locomotion_1,X7,103.003,0.0
Locomotion_1,X7,103.151,0.0
Locomotion_1,X7,103.299,0.0
Locomotion_1,X7,103.446,0.0
Locomotion_1,X7,103.594,0.0
Locomotion_1,X7,103.742,0.0
Locomotion_1,X7,103.89,0.0
Locomotion_1,X7,104.037,0.0
Locomotion_1,X7,104.185,0.0
Locomotion_1,X7,104.333,0.0
Locomotion_1,X7,104.48,0.0
Locomotion_1,X7,104.628,0.0
Locomotion_1,X7,104.776,0.0
Locomotion_1,X7,104.924,0.0
Locomotion_1,X7,105.071,0.0
Locomotion_1,X7,105.219,0.0
Locomotion_1,X7,105.367,0.0
Locomotion_1,X7,105.514,0.0
Locomotion_1,X7,105.662,0.0
Locomotion_1,X7,105.81,0.0
Locomotion_1,X7,105.958,0.0
Locomotion_1,X7,106.105,0.0
Locomotion_1,X7,106.253,0.0
Locomotion_1,X7,106.401,0.0
Locomotion_1,X7,106.548,0.0
Locomotion_1,X7,106.696,0.0
Locomotion_1,X7,106.844,0.0
Locomotion_1,X7,106.992,0.0
Locomotion_1,X7,107.139,0.0
Locomotion_1,X7,107.287,0.0
Locomotion_1,X7,107.435,0.0
Locomotion_1,X7,107.582,0.0
Locomotion_1,X7,107.73,0.0549
Locomotion_1,X7,107.878,0.9725
Locomotion_1,X8,0.049,1.0
Locomotion_1,X8,0.197,0.0549
Locomotion_1,X8,0.345,0.0
Locomotion_1,X8,0.492,0.0
Locomotion_1,X8,0.64,0.0
Locomotion_1,X8,0.788,0.0
Locomotion_1,X8,0.936,0.0
Locomotion_1,X8,1.083,0.0
Locomotion_1,X8,1.231,0.0
Locomotion_1,X8,1.379,0.0
Locomotion_1,X8,1.526,0.0
Locomotion_1,X8,1.674,0.0
Locomotion_1,X8,1.822,0.0
Locomotion_1,X8,1.97,0.0
Locomotion_1,X8,2.117,0.0
Locomotion_1,X8,2.265,0.0
Locomotion_1,X8,2.413,0.0
Locomotion_1,X8,2.56,0.0
Locomotion_1,X8,2.708,0.0
Locomotion_1,X8,2.856,0.0
Locomotion_1,X8,3.004,0.0
Locomotion_1,X8,3.151,0.0
Locomotion_1,X8,3.299,0.0
Locomotion_1,X8,3.447,0.0
Locomotion_1,X8,3.594,0.0
Locomotion_1,X8,3.742,0.0
Locomotion_1,X8,3.89,0.0
Locomotion_1,X8,4.037,0.0
Locomotion_1,X8,4.185,0.0
Locomotion_1,X8,4.333,0.0
Locomotion_1,X8,4.481,0.0
Locomotion_1,X8,4.628,0.0
Locomotion_1,X8,4.776,0.0
Locomotion_1,X8,4.924,0.0
Locomotion_1,X8,5.071,0.0
Locomotion_1,X8,5.219,0.0
Locomotion_1,X8,5.367,0.0
Locomotion_1,X8,5.515,0.0
Locomotion_1,X8,5.662,0.0
Locomotion_1,X8,5.81,0.0
Locomotion_1,X8,5.958,0.0
Locomotion_1,X8,6.105,0.0
Locomotion_1,X8,6.253,0.0
Locomotion_1,X8,6.401,0.0
Locomotion_1,X8,6.549,0.0
Locomotion_1,X8,6.696,0.0
Locomotion_1,X8,6.844,0.0
Locomotion_1,X8,6.992,0.0
Locomotion_1,X8,7.139,0.0
Locomotion_1,X8,7.287,0.0
Locomotion_1,X8,7.435,0.0
Locomotion_1,X8,7.583,0.0
Locomotion_1,X8,7.73,0.0
Locomotion_1,X8,7.878,0.0
Locomotion_1,X8,8.026,0.0
Locomotion_1,X8,8.173,0.0
Locomotion_1,X8,8.321,0.0
Locomotion_1,X8,8.469,0.0
Locomotion_1,X8,8.617,0.0
Locomotion_1,X8,8.764,0.0
Locomotion_1,X8,8.912,0.0
Locomotion_1,X8,9.06,0.0
Locomotion_1,X8,9.207,0.0
Locomotion_1,X8,9.355,0.0
Locomotion_1,X8,9.503,0.0
Locomotion_1,X8,9.65,0.0
Locomotion_1,X8,9.798,0.0
Locomotion_1,X8,9.946,0.0
Locomotion_1,X8,10.094,0.0
Locomotion_1,X8,10.241,0.0
Locomotion_1,X8,10.389,0.0
Locomotion_1,X8,10.537,0.0
Locomotion_1,X8,10.684,0.0
Locomotion_1,X8,10.832,0.0
Locomotion_1,X8,10.98,0.0
Locomotion_1,X8,11.128,0.0
Locomotion_1,X8,11.275,0.0
Locomotion_1,X8,11.423,0.0
Locomotion_1,X8,11.571,0.0
Locomotion_1,X8,11.718,0.0
Locomotion_1,X8,11.866,0.0
Locomotion_1,X8,12.014,0.0
Locomotion_1,X8,12.162,0.0
Locomotion_1,X8,12.309,0.0
Locomotion_1,X8,12.457,0.0
Locomotion_1,X8,12.605,0.0
Locomotion_1,X8,12.752,0.0
Locomotion_1,X8,12.9,0.0
Locomotion_1,X8,13.048,0.0
Locomotion_1,X8,13.196,0.0
Locomotion_1,X8,13.343,0.0
Locomotion_1,X8,13.491,0.0
Locomotion_1,X8,13.639,0.0
Locomotion_1,X8,13.786,0.0
Locomotion_1,X8,13.934,0.0
Locomotion_1,X8,14.082,0.0
Locomotion_1,X8,14.23,0.0
Locomotion_1,X8,14.377,0.0
Locomotion_1,X8,14.525,0.0
Locomotion_1,X8,14.673,0.0
Locomotion_1,X8,14.82,0.0
Locomotion_1,X8,14.968,0.0
Locomotion_1,X8,15.116,0.0
Locomotion_1,X8,15.263,0.0
Locomotion_1,X8,15.411,0.0
Locomotion_1,X8,15.559,0.0
Locomotion_1,X8,15.707,0.0
Locomotion_1,X8,15.854,0.0
Locomotion_1,X8,16.002,0.0
Locomotion_1,X8,16.15,0.0
Locomotion_1,X8,16.297,0.0
Locomotion_1,X8,16.445,0.0
Locomotion_1,X8,16.593,0.0
Locomotion_1,X8,16.741,0.0
Locomotion_1,X8,16.888,0.0
Locomotion_1,X8,17.036,0.0
Locomotion_1,X8,17.184,0.0
Locomotion_1,X8,17.331,0.0
Locomotion_1,X8,17.479,0.0
Locomotion_1,X8,17.627,0.0
Locomotion_1,X8,17.775,0.0
Locomotion_1,X8,17.922,0.0
Locomotion_1,X8,18.07,0.0
Locomotion_1,X8,18.218,0.0
Locomotion_1,X8,18.365,0.0
Locomotion_1,X8,18.513,0.0
Locomotion_1,X8,18.661,0.0
Locomotion_1,X8,18.809,0.0
Locomotion_1,X8,18.956,0.0
Locomotion_1,X8,19.104,0.0
Locomotion_1,X8,19.252,0.0
Locomotion_1,X8,19.399,0.0
Locomotion_1,X8,19.547,0.0
Locomotion_1,X8,19.695,0.0
Locomotion_1,X8,19.842,0.0
Locomotion_1,X8,19.99,0.0
Locomotion_1,X8,20.138,0.0
Locomotion_1,X8,20.286,0.0
Locomotion_1,X8,20.433,0.0
Locomotion_1,X8,20.581,0.0
Locomotion_1,X8,20.729,0.0
Locomotion_1,X8,20.876,0.0
Locomotion_1,X8,21.024,0.0
Locomotion_1,X8,21.172,0.0
Locomotion_1,X8,21.32,0.0
Locomotion_1,X8,21.467,0.0
Locomotion_1,X8,21.615,0.0
Locomotion_1,X8,21.763,0.0
Locomotion_1,X8,21.91,0.0
Locomotion_1,X8,22.058,0.0
Locomotion_1,X8,22.206,0.0
Locomotion_1,X8,22.354,0.0
Locomotion_1,X8,22.501,0.0
Locomotion_1,X8,22.649,0.0
Locomotion_1,X8,22.797,0.0
Locomotion_1,X8,22.944,0.0
Locomotion_1,X8,23.092,0.0
Locomotion_1,X8,23.24,0.0
Locomotion_1,X8,23.388,0.0
Locomotion_1,X8,23.535,0.0
Locomotion_1,X8,23.683,0.0
Locomotion_1,X8,23.831,0.0
Locomotion_1,X8,23.978,0.0
Locomotion_1,X8,24.126,0.0
Locomotion_1,X8,24.274,0.0
Locomotion_1,X8,24.422,0.0
Locomotion_1,X8,24.569,0.0
Locomotion_1,X8,24.717,0.0
Locomotion_1,X8,24.865,0.0
Locomotion_1,X8,25.012,0.0
Locomotion_1,X8,25.16,0.0
Locomotion_1,X8,25.308,0.0
Locomotion_1,X8,25.455,0.0
Locomotion_1,X8,25.603,0.0
Locomotion_1,X8,25.751,0.0
Locomotion_1,X8,25.899,0.0
Locomotion_1,X8,26.046,0.0
Locomotion_1,X8,26.194,0.0
Locomotion_1,X8,26.342,0.0
Locomotion_1,X8,26.489,0.0
Locomotion_1,X8,26.637,0.0
Locomotion_1,X8,26.785,0.0
Locomotion_1,X8,26.933,0.0
Locomotion_1,X8,27.08,0.0
Locomotion_1,X8,27.228,0.0
Locomotion_1,X8,27.376,0.0
Locomotion_1,X8,27.523,0.0
Locomotion_1,X8,27.671,0.0
Locomotion_1,X8,27.819,0.0
Locomotion_1,X8,27.967,0.0
Locomotion_1,X8,28.114,0.0
Locomotion_1,X8,28.262,0.0
Locomotion_1,X8,28.41,0.0
Locomotion_1,X8,28.557,0.0
Locomotion_1,X8,28.705,0.0
Locomotion_1,X8,28.853,0.0
Locomotion_1,X8,29.001,0.0
Locomotion_1,X8,29.148,0.0
Locomotion_1,X8,29.296,0.0
Locomotion_1,X8,29.444,0.0
Locomotion_1,X8,29.591,0.0
Locomotion_1,X8,29.739,0.0
Locomotion_1,X8,29.887,0.0
Locomotion_1,X8,30.034,0.0
Locomotion_1,X8,30.182,0.0
Locomotion_1,X8,30.33,0.0
Locomotion_1,X8,30.478,0.0
Locomotion_1,X8,30.625,0.0
Locomotion_1,X8,30.773,0.0
Locomotion_1,X8,30.921,0.0
Locomotion_1,X8,31.068,0.0
Locomotion_1,X8,31.216,0.0
Locomotion_1,X8,31.364,0.0
Locomotion_1,X8,31.512,0.0
Locomotion_1,X8,31.659,0.0
Locomotion_1,X8,31.807,0.0
Locomotion_1,X8,31.955,0.0
Locomotion_1,X8,32.102,0.0
Locomotion_1,X8,32.25,0.0
Locomotion_1,X8,32.398,0.0
Locomotion_1,X8,32.546,0.0
Locomotion_1,X8,32.693,0.0
Locomotion_1,X8,32.841,0.0
Locomotion_1,X8,32.989,0.0
Locomotion_1,X8,33.136,0.0
Locomotion_1,X8,33.284,0.0
Locomotion_1,X8,33.432,0.0
Locomotion_1,X8,33.58,0.0
Locomotion_1,X8,33.727,0.0
Locomotion_1,X8,33.875,0.0
Locomotion_1,X8,34.023,0.0
Locomotion_1,X8,34.17,0.0
Locomotion_1,X8,34.318,0.0
Locomotion_1,X8,34.466,0.0
Locomotion_1,X8,34.614,0.0
Locomotion_1,X8,34.761,0.0
Locomotion_1,X8,34.909,0.0
Locomotion_1,X8,35.057,0.0
Locomotion_1,X8,35.204,0.0
Locomotion_1,X8,35.352,0.0
Locomotion_1,X8,35.5,0.0
Locomotion_1,X8,35.647,0.0
Locomotion_1,X8,35.795,0.0
Locomotion_1,X8,35.943,0.0
Locomotion_1,X8,36.091,0.0
Locomotion_1,X8,36.238,0.0
Locomotion_1,X8,36.386,0.0
Locomotion_1,X8,36.534,0.0
Locomotion_1,X8,36.681,0.0
Locomotion_1,X8,36.829,0.0
Locomotion_1,X8,36.977,0.0
Locomotion_1,X8,37.125,0.0
Locomotion_1,X8,37.272,0.0
Locomotion_1,X8,37.42,0.0
Locomotion_1,X8,37.568,0.0
Locomotion_1,X8,37.715,0.0
Locomotion_1,X8,37.863,0.0
Locomotion_1,X8,38.011,0.0
Locomotion_1,X8,38.159,0.0
Locomotion_1,X8,38.306,0.0
Locomotion_1,X8,38.454,0.0
Locomotion_1,X8,38.602,0.0
Locomotion_1,X8,38.749,0.0
Locomotion_1,X8,38.897,0.0
Locomotion_1,X8,39.045,0.0
Locomotion_1,X8,39.193,0.0
Locomotion_1,X8,39.34,0.0
Locomotion_1,X8,39.488,0.0
Locomotion_1,X8,39.636,0.0
Locomotion_1,X8,39.783,0.0
Locomotion_1,X8,39.931,0.0
Locomotion_1,X8,40.079,0.0
Locomotion_1,X8,40.227,0.0
Locomotion_1,X8,40.374,0.0
Locomotion_1,X8,40.522,0.0
Locomotion_1,X8,40.67,0.0
Locomotion_1,X8,40.817,0.0
Locomotion_1,X8,40.965,0.0
Locomotion_1,X8,41.113,0.0
Locomotion_1,X8,41.26,0.0
Locomotion_1,X8,41.408,0.0
Locomotion_1,X8,41.556,0.0
Locomotion_1,X8,41.704,0.0
Locomotion_1,X8,41.851,0.0
Locomotion_1,X8,41.999,0.0
Locomotion_1,X8,42.147,0.0
Locomotion_1,X8,42.294,0.0
Locomotion_1,X8,42.442,0.0
Locomotion_1,X8,42.59,0.0
Locomotion_1,X8,42.738,0.0
Locomotion_1,X8,42.885,0.0
Locomotion_1,X8,43.033,0.0
Locomotion_1,X8,43.181,0.0
Locomotion_1,X8,43.328,0.0
Locomotion_1,X8,43.476,0.0
Locomotion_1,X8,43.624,0.0
Locomotion_1,X8,43.772,0.0
Locomotion_1,X8,43.919,0.0
Locomotion_1,X8,44.067,0.0
Locomotion_1,X8,44.215,0.0
Locomotion_1,X8,44.362,0.0
Locomotion_1,X8,44.51,0.0
Locomotion_1,X8,44.658,0.0
Locomotion_1,X8,44.806,0.0
Locomotion_1,X8,44.953,0.0
Locomotion_1,X8,45.101,0.0
Locomotion_1,X8,45.249,0.0
Locomotion_1,X8,45.396,0.0
Locomotion_1,X8,45.544,0.0
Locomotion_1,X8,45.692,0.0
Locomotion_1,X8,45.839,0.0
Locomotion_1,X8,45.987,0.0
Locomotion_1,X8,46.135,0.0
Locomotion_1,X8,46.283,0.0
Locomotion_1,X8,46.43,0.0
Locomotion_1,X8,46.578,0.0
Locomotion_1,X8,46.726,0.0
Locomotion_1,X8,46.873,0.0
Locomotion_1,X8,47.021,0.0
Locomotion_1,X8,47.169,0.0
Locomotion_1,X8,47.317,0.0
Locomotion_1,X8,47.464,0.0
Locomotion_1,X8,47.612,0.0
Locomotion_1,X8,47.76,0.0
Locomotion_1,X8,47.907,0.0
Locomotion_1,X8,48.055,0.0
Locomotion_1,X8,48.203,0.0
Locomotion_1,X8,48.351,0.0
Locomotion_1,X8,48.498,0.0
Locomotion_1,X8,48.646,0.0
Locomotion_1,X8,48.794,0.0
Locomotion_1,X8,48.941,0.0
Locomotion_1,X8,49.089,0.0
Locomotion_1,X8,49.237,0.0
Locomotion_1,X8,49.385,0.0
Locomotion_1,X8,49.532,0.0
Locomotion_1,X8,49.68,0.0
Locomotion_1,X8,49.828,0.0
Locomotion_1,X8,49.975,0.0
Locomotion_1,X8,50.123,0.0
Locomotion_1,X8,50.271,0.0
Locomotion_1,X8,50.419,0.0
Locomotion_1,X8,50.566,0.0
Locomotion_1,X8,50.714,0.0
Locomotion_1,X8,50.862,0.0
Locomotion_1,X8,51.009,0.0
Locomotion_1,X8,51.157,0.0
Locomotion_1,X8,51.305,0.0
Locomotion_1,X8,51.452,0.0
Locomotion_1,X8,51.6,0.0
Locomotion_1,X8,51.748,0.0
Locomotion_1,X8,51.896,0.0
Locomotion_1,X8,52.043,0.0
Locomotion_1,X8,52.191,0.0
Locomotion_1,X8,52.339,0.0
Locomotion_1,X8,52.486,0.0
Locomotion_1,X8,52.634,0.0
Locomotion_1,X8,52.782,0.0
Locomotion_1,X8,52.93,0.0
Locomotion_1,X8,53.077,0.0
Locomotion_1,X8,53.225,0.0
Locomotion_1,X8,53.373,0.0
Locomotion_1,X8,53.52,0.0
Locomotion_1,X8,53.668,0.0
Locomotion_1,X8,53.816,0.0
Locomotion_1,X8,53.964,0.0
Locomotion_1,X8,54.111,0.0
Locomotion_1,X8,54.259,0.0
Locomotion_1,X8,54.407,0.0
Locomotion_1,X8,54.554,0.0
Locomotion_1,X8,54.702,0.0
Locomotion_1,X8,54.85,0.0
Locomotion_1,X8,54.998,0.0
Locomotion_1,X8,55.145,0.0
Locomotion_1,X8,55.293,0.0
Locomotion_1,X8,55.441,0.0
Locomotion_1,X8,55.588,0.0
Locomotion_1,X8,55.736,0.0
Locomotion_1,X8,55.884,0.0
Locomotion_1,X8,56.032,0.0
Locomotion_1,X8,56.179,0.0
Locomotion_1,X8,56.327,0.0
Locomotion_1,X8,56.475,0.0
Locomotion_1,X8,56.622,0.0
Locomotion_1,X8,56.77,0.0
Locomotion_1,X8,56.918,0.0
Locomotion_1,X8,57.065,0.0
Locomotion_1,X8,57.213,0.0
Locomotion_1,X8,57.361,0.0
Locomotion_1,X8,57.509,0.0
Locomotion_1,X8,57.656,0.0
Locomotion_1,X8,57.804,0.0
Locomotion_1,X8,57.952,0.0
Locomotion_1,X8,58.099,0.0
Locomotion_1,X8,58.247,0.0
Locomotion_1,X8,58.395,0.0
Locomotion_1,X8,58.543,0.0
Locomotion_1,X8,58.69,0.0
Locomotion_1,X8,58.838,0.0
Locomotion_1,X8,58.986,0.0
Locomotion_1,X8,59.133,0.0
Locomotion_1,X8,59.281,0.0
Locomotion_1,X8,59.429,0.0
Locomotion_1,X8,59.577,0.0
Locomotion_1,X8,59.724,0.0
Locomotion_1,X8,59.872,0.0
Locomotion_1,X8,60.02,0.0
Locomotion_1,X8,60.167,0.0
Locomotion_1,X8,60.315,0.0
Locomotion_1,X8,60.463,0.0
Locomotion_1,X8,60.611,0.0
Locomotion_1,X8,60.758,0.0
Locomotion_1,X8,60.906,0.0
Locomotion_1,X8,61.054,0.0
Locomotion_1,X8,61.201,0.0
Locomotion_1,X8,61.349,0.0
Locomotion_1,X8,61.497,0.0
Locomotion_1,X8,61.644,0.0
Locomotion_1,X8,61.792,0.0
Locomotion_1,X8,61.94,0.0
Locomotion_1,X8,62.088,0.0
Locomotion_1,X8,62.235,0.0
Locomotion_1,X8,62.383,0.0
Locomotion_1,X8,62.531,0.0
Locomotion_1,X8,62.678,0.0
Locomotion_1,X8,62.826,0.0
Locomotion_1,X8,62.974,0.0
Locomotion_1,X8,63.122,0.0
Locomotion_1,X8,63.269,0.0
Locomotion_1,X8,63.417,0.0
Locomotion_1,X8,63.565,0.0
Locomotion_1,X8,63.712,0.0
Locomotion_1,X8,63.86,0.0
Locomotion_1,X8,64.008,0.0
Locomotion_1,X8,64.156,0.0
Locomotion_1,X8,64.303,0.0
Locomotion_1,X8,64.451,0.0
Locomotion_1,X8,64.599,0.0
Locomotion_1,X8,64.746,0.0
Locomotion_1,X8,64.894,0.0
Locomotion_1,X8,65.042,0.0
Locomotion_1,X8,65.19,0.0
Locomotion_1,X8,65.337,0.0
Locomotion_1,X8,65.485,0.0
Locomotion_1,X8,65.633,0.0
Locomotion_1,X8,65.78,0.0
Locomotion_1,X8,65.928,0.0
Locomotion_1,X8,66.076,0.0
Locomotion_1,X8,66.224,0.0
Locomotion_1,X8,66.371,0.0
Locomotion_1,X8,66.519,0.0
Locomotion_1,X8,66.667,0.0
Locomotion_1,X8,66.814,0.0
Locomotion_1,X8,66.962,0.0
Locomotion_1,X8,67.11,0.0
Locomotion_1,X8,67.257,0.0
Locomotion_1,X8,67.405,0.0
Locomotion_1,X8,67.553,0.0
Locomotion_1,X8,67.701,0.0
Locomotion_1,X8,67.848,0.0
Locomotion_1,X8,67.996,0.0
Locomotion_1,X8,68.144,0.0
Locomotion_1,X8,68.291,0.0
Locomotion_1,X8,68.439,0.0
Locomotion_1,X8,68.587,0.0
Locomotion_1,X8,68.735,0.0
Locomotion_1,X8,68.882,0.0
Locomotion_1,X8,69.03,0.0
Locomotion_1,X8,69.178,0.0
Locomotion_1,X8,69.325,0.0
Locomotion_1,X8,69.473,0.0
Locomotion_1,X8,69.621,0.0
Locomotion_1,X8,69.769,0.0
Locomotion_1,X8,69.916,0.0
Locomotion_1,X8,70.064,0.0
Locomotion_1,X8,70.212,0.0
Locomotion_1,X8,70.359,0.0
Locomotion_1,X8,70.507,0.0
Locomotion_1,X8,70.655,0.0
Locomotion_1,X8,70.803,0.0
Locomotion_1,X8,70.95,0.0
Locomotion_1,X8,71.098,0.0
Locomotion_1,X8,71.246,0.0
Locomotion_1,X8,71.393,0.0
Locomotion_1,X8,71.541,0.0
Locomotion_1,X8,71.689,0.0
Locomotion_1,X8,71.836,0.0
Locomotion_1,X8,71.984,0.0
Locomotion_1,X8,72.132,0.0
Locomotion_1,X8,72.28,0.0
Locomotion_1,X8,72.427,0.0
Locomotion_1,X8,72.575,0.0
Locomotion_1,X8,72.723,0.0
Locomotion_1,X8,72.87,0.0
Locomotion_1,X8,73.018,0.0
Locomotion_1,X8,73.166,0.0
Locomotion_1,X8,73.314,0.0
Locomotion_1,X8,73.461,0.0
Locomotion_1,X8,73.609,0.0
Locomotion_1,X8,73.757,0.0
Locomotion_1,X8,73.904,0.0
Locomotion_1,X8,74.052,0.0
Locomotion_1,X8,74.2,0.0
Locomotion_1,X8,74.348,0.0
Locomotion_1,X8,74.495,0.0
Locomotion_1,X8,74.643,0.0
Locomotion_1,X8,74.791,0.0
Locomotion_1,X8,74.938,0.0
Locomotion_1,X8,75.086,0.0
Locomotion_1,X8,75.234,0.0
Locomotion_1,X8,75.382,0.0
Locomotion_1,X8,75.529,0.0
Locomotion_1,X8,75.677,0.0
Locomotion_1,X8,75.825,0.0
Locomotion_1,X8,75.972,0.0
Locomotion_1,X8,76.12,0.0
Locomotion_1,X8,76.268,0.0
Locomotion_1,X8,76.416,0.0
Locomotion_1,X8,76.563,0.0
Locomotion_1,X8,76.711,0.0
Locomotion_1,X8,76.859,0.0
Locomotion_1,X8,77.006,0.0
Locomotion_1,X8,77.154,0.0
Locomotion_1,X8,77.302,0.0
Locomotion_1,X8,77.449,0.0
Locomotion_1,X8,77.597,0.0
Locomotion_1,X8,77.745,0.0
Locomotion_1,X8,77.893,0.0
Locomotion_1,X8,78.04,0.0
Locomotion_1,X8,78.188,0.0
Locomotion_1,X8,78.336,0.0
Locomotion_1,X8,78.483,0.0
Locomotion_1,X8,78.631,0.0
Locomotion_1,X8,78.779,0.0
Locomotion_1,X8,78.927,0.0
Locomotion_1,X8,79.074,0.0
Locomotion_1,X8,79.222,0.0
Locomotion_1,X8,79.37,0.0
Locomotion_1,X8,79.517,0.0
Locomotion_1,X8,79.665,0.0
Locomotion_1,X8,79.813,0.0
Locomotion_1,X8,79.961,0.0
Locomotion_1,X8,80.108,0.0
Locomotion_1,X8,80.256,0.0
Locomotion_1,X8,80.404,0.0
Locomotion_1,X8,80.551,0.0
Locomotion_1,X8,80.699,0.0
Locomotion_1,X8,80.847,0.0
Locomotion_1,X8,80.995,0.0
Locomotion_1,X8,81.142,0.0
Locomotion_1,X8,81.29,0.0
Locomotion_1,X8,81.438,0.0
Locomotion_1,X8,81.585,0.0
Locomotion_1,X8,81.733,0.0
Locomotion_1,X8,81.881,0.0
Locomotion_1,X8,82.029,0.0
Locomotion_1,X8,82.176,0.0
Locomotion_1,X8,82.324,0.0
Locomotion_1,X8,82.472,0.0
Locomotion_1,X8,82.619,0.0
Locomotion_1,X8,82.767,0.0
Locomotion_1,X8,82.915,0.0
Locomotion_1,X8,83.062,0.0
Locomotion_1,X8,83.21,0.0
Locomotion_1,X8,83.358,0.0
Locomotion_1,X8,83.506,0.0
Locomotion_1,X8,83.653,0.0
Locomotion_1,X8,83.801,0.0
Locomotion_1,X8,83.949,0.0
Locomotion_1,X8,84.096,0.0
Locomotion_1,X8,84.244,0.0
Locomotion_1,X8,84.392,0.0
Locomotion_1,X8,84.54,0.0
Locomotion_1,X8,84.687,0.0
Locomotion_1,X8,84.835,0.0
Locomotion_1,X8,84.983,0.0
Locomotion_1,X8,85.13,0.0
Locomotion_1,X8,85.278,0.0
Locomotion_1,X8,85.426,0.0
Locomotion_1,X8,85.574,0.0
Locomotion_1,X8,85.721,0.0
Locomotion_1,X8,85.869,0.0
Locomotion_1,X8,86.017,0.0
Locomotion_1,X8,86.164,0.0
Locomotion_1,X8,86.312,0.0
Locomotion_1,X8,86.46,0.0
Locomotion_1,X8,86.608,0.0
Locomotion_1,X8,86.755,0.0
Locomotion_1,X8,86.903,0.0
Locomotion_1,X8,87.051,0.0
Locomotion_1,X8,87.198,0.0
Locomotion_1,X8,87.346,0.0
Locomotion_1,X8,87.494,0.0
Locomotion_1,X8,87.641,0.0
Locomotion_1,X8,87.789,0.0
Locomotion_1,X8,87.937,0.0
Locomotion_1,X8,88.085,0.0
Locomotion_1,X8,88.232,0.0
Locomotion_1,X8,88.38,0.0
Locomotion_1,X8,88.528,0.0
Locomotion_1,X8,88.675,0.0
Locomotion_1,X8,88.823,0.0
Locomotion_1,X8,88.971,0.0
Locomotion_1,X8,89.119,0.0
Locomotion_1,X8,89.266,0.0
Locomotion_1,X8,89.414,0.0
Locomotion_1,X8,89.562,0.0
Locomotion_1,X8,89.709,0.0
Locomotion_1,X8,89.857,0.0
Locomotion_1,X8,90.005,0.0
Locomotion_1,X8,90.153,0.0
Locomotion_1,X8,90.3,0.0
Locomotion_1,X8,90.448,0.0
Locomotion_1,X8,90.596,0.0
Locomotion_1,X8,90.743,0.0
Locomotion_1,X8,90.891,0.0
Locomotion_1,X8,91.039,0.0
Locomotion_1,X8,91.187,0.0
Locomotion_1,X8,91.334,0.0
Locomotion_1,X8,91.482,0.0
Locomotion_1,X8,91.63,0.0
Locomotion_1,X8,91.777,0.0
Locomotion_1,X8,91.925,0.0
Locomotion_1,X8,92.073,0.0
Locomotion_1,X8,92.221,0.0
Locomotion_1,X8,92.368,0.0
Locomotion_1,X8,92.516,0.0
Locomotion_1,X8,92.664,0.0
Locomotion_1,X8,92.811,0.0
Locomotion_1,X8,92.959,0.0
Locomotion_1,X8,93.107,0.0
Locomotion_1,X8,93.254,0.0
Locomotion_1,X8,93.402,0.0
Locomotion_1,X8,93.55,0.0
Locomotion_1,X8,93.698,0.0
Locomotion_1,X8,93.845,0.0
Locomotion_1,X8,93.993,0.0
Locomotion_1,X8,94.141,0.0
Locomotion_1,X8,94.288,0.0
Locomotion_1,X8,94.436,0.0
Locomotion_1,X8,94.584,0.0
Locomotion_1,X8,94.732,0.0
Locomotion_1,X8,94.879,0.0
Locomotion_1,X8,95.027,0.0
Locomotion_1,X8,95.175,0.0
Locomotion_1,X8,95.322,0.0
Locomotion_1,X8,95.47,0.0
Locomotion_1,X8,95.618,0.0
Locomotion_1,X8,95.766,0.0
Locomotion_1,X8,95.913,0.0
Locomotion_1,X8,96.061,0.0
Locomotion_1,X8,96.209,0.0
Locomotion_1,X8,96.356,0.0
Locomotion_1,X8,96.504,0.0
Locomotion_1,X8,96.652,0.0
Locomotion_1,X8,96.8,0.0
Locomotion_1,X8,96.947,0.0
Locomotion_1,X8,97.095,0.0
Locomotion_1,X8,97.243,0.0
Locomotion_1,X8,97.39,0.0
Locomotion_1,X8,97.538,0.0
Locomotion_1,X8,97.686,0.0
Locomotion_1,X8,97.834,0.0
Locomotion_1,X8,97.981,0.0
Locomotion_1,X8,98.129,0.0
Locomotion_1,X8,98.277,0.0
Locomotion_1,X8,98.424,0.0
Locomotion_1,X8,98.572,0.0
Locomotion_1,X8,98.72,0.0
Locomotion_1,X8,98.867,0.0
Locomotion_1,X8,99.015,0.0
Locomotion_1,X8,99.163,0.0
Locomotion_1,X8,99.311,0.0
Locomotion_1,X8,99.458,0.0
Locomotion_1,X8,99.606,0.0
Locomotion_1,X8,99.754,0.0
Locomotion_1,X8,99.901,0.0
Locomotion_1,X8,100.049,0.0
Locomotion_1,X8,100.197,0.0
Locomotion_1,X8,100.345,0.0
Locomotion_1,X8,100.492,0.0
Locomotion_1,X8,100.64,0.0
Locomotion_1,X8,100.788,0.0
Locomotion_1,X8,100.935,0.0
Locomotion_1,X8,101.083,0.0
Locomotion_1,X8,101.231,0.0
Locomotion_1,X8,101.379,0.0
Locomotion_1,X8,101.526,0.0
Locomotion_1,X8,101.674,0.0
Locomotion_1,X8,101.822,0.0
Locomotion_1,X8,101.969,0.0
Locomotion_1,X8,102.117,0.0
Locomotion_1,X8,102.265,0.0
Locomotion_1,X8,102.413,0.0
Locomotion_1,X8,102.56,0.0
Locomotion_1,X8,102.708,0.0
Locomotion_1,X8,102.856,0.0
Locomotion_1,X8,103.003,0.0
Locomotion_1,X8,103.151,0.0
Locomotion_1,X8,103.299,0.0
Locomotion_1,X8,103.446,0.0
Locomotion_1,X8,103.594,0.0
Locomotion_1,X8,103.742,0.0
Locomotion_1,X8,103.89,0.0
Locomotion_1,X8,104.037,0.0
Locomotion_1,X8,104.185,0.0
Locomotion_1,X8,104.333,0.0
Locomotion_1,X8,104.48,0.0
Locomotion_1,X8,104.628,0.0
Locomotion_1,X8,104.776,0.0
Locomotion_1,X8,104.924,0.0
Locomotion_1,X8,105.071,0.0
Locomotion_1,X8,105.219,0.0
Locomotion_1,X8,105.367,0.0
Locomotion_1,X8,105.514,0.0
Locomotion_1,X8,105.662,0.0
Locomotion_1,X8,105.81,0.0
Locomotion_1,X8,105.958,0.0
Locomotion_1,X8,106.105,0.0
Locomotion_1,X8,106.253,0.0
Locomotion_1,X8,106.401,0.0
Locomotion_1,X8,106.548,0.0
Locomotion_1,X8,106.696,0.0
Locomotion_1,X8,106.844,0.0
Locomotion_1,X8,106.992,0.0
Locomotion_1,X8,107.139,0.0
Locomotion_1,X8,107.287,0.0
Locomotion_1,X8,107.435,0.0
Locomotion_1,X8,107.582,0.0
Locomotion_1,X8,107.73,0.0549
Locomotion_1,X8,107.878,0.9725
Locomotion_1,X9,0.049,1.0
Locomotion_1,X9,0.197,0.0549
Locomotion_1,X9,0.345,0.0
Locomotion_1,X9,0.492,0.0
Locomotion_1,X9,0.64,0.0
Locomotion_1,X9,0.788,0.0
Locomotion_1,X9,0.936,0.0
Locomotion_1,X9,1.083,0.0
Locomotion_1,X9,1.231,0.0
Locomotion_1,X9,1.379,0.0
Locomotion_1,X9,1.526,0.0
Locomotion_1,X9,1.674,0.0
Locomotion_1,X9,1.822,0.0
Locomotion_1,X9,1.97,0.0
Locomotion_1,X9,2.117,0.0
Locomotion_1,X9,2.265,0.0
Locomotion_1,X9,2.413,0.0
Locomotion_1,X9,2.56,0.0
Locomotion_1,X9,2.708,0.0
Locomotion_1,X9,2.856,0.0
Locomotion_1,X9,3.004,0.0
Locomotion_1,X9,3.151,0.0
Locomotion_1,X9,3.299,0.0
Locomotion_1,X9,3.447,0.0
Locomotion_1,X9,3.594,0.0
Locomotion_1,X9,3.742,0.0
Locomotion_1,X9,3.89,0.0
Locomotion_1,X9,4.037,0.0
Locomotion_1,X9,4.185,0.0
Locomotion_1,X9,4.333,0.0
Locomotion_1,X9,4.481,0.0
Locomotion_1,X9,4.628,0.0
Locomotion_1,X9,4.776,0.0
Locomotion_1,X9,4.924,0.0
Locomotion_1,X9,5.071,0.0
Locomotion_1,X9,5.219,0.0
Locomotion_1,X9,5.367,0.0
Locomotion_1,X9,5.515,0.0
Locomotion_1,X9,5.662,0.0
Locomotion_1,X9,5.81,0.0
Locomotion_1,X9,5.958,0.0
Locomotion_1,X9,6.105,0.0
Locomotion_1,X9,6.253,0.0
Locomotion_1,X9,6.401,0.0
Locomotion_1,X9,6.549,0.0
Locomotion_1,X9,6.696,0.0
Locomotion_1,X9,6.844,0.0
Locomotion_1,X9,6.992,0.0
Locomotion_1,X9,7.139,0.0
Locomotion_1,X9,7.287,0.0
Locomotion_1,X9,7.435,0.0
Locomotion_1,X9,7.583,0.0
Locomotion_1,X9,7.73,0.0
Locomotion_1,X9,7.878,0.0
Locomotion_1,X9,8.026,0.0
Locomotion_1,X9,8.173,0.0
Locomotion_1,X9,8.321,0.0
Locomotion_1,X9,8.469,0.0
Locomotion_1,X9,8.617,0.0
Locomotion_1,X9,8.764,0.0
Locomotion_1,X9,8.912,0.0
Locomotion_1,X9,9.06,0.0
Locomotion_1,X9,9.207,0.0
Locomotion_1,X9,9.355,0.0
Locomotion_1,X9,9.503,0.0
Locomotion_1,X9,9.65,0.0
Locomotion_1,X9,9.798,0.0
Locomotion_1,X9,9.946,0.0
Locomotion_1,X9,10.094,0.0
Locomotion_1,X9,10.241,0.0
Locomotion_1,X9,10.389,0.0
Locomotion_1,X9,10.537,0.0
Locomotion_1,X9,10.684,0.0
Locomotion_1,X9,10.832,0.0
Locomotion_1,X9,10.98,0.0
Locomotion_1,X9,11.128,0.0
Locomotion_1,X9,11.275,0.0
Locomotion_1,X9,11.423,0.0
Locomotion_1,X9,11.571,0.0
Locomotion_1,X9,11.718,0.0
Locomotion_1,X9,11.866,0.0
Locomotion_1,X9,12.014,0.0
Locomotion_1,X9,12.162,0.0
Locomotion_1,X9,12.309,0.0
Locomotion_1,X9,12.457,0.0
Locomotion_1,X9,12.605,0.0
Locomotion_1,X9,12.752,0.0
Locomotion_1,X9,12.9,0.0
Locomotion_1,X9,13.048,0.0
Locomotion_1,X9,13.196,0.0
Locomotion_1,X9,13.343,0.0
Locomotion_1,X9,13.491,0.0
Locomotion_1,X9,13.639,0.0
Locomotion_1,X9,13.786,0.0
Locomotion_1,X9,13.934,0.0
Locomotion_1,X9,14.082,0.0
Locomotion_1,X9,14.23,0.0
Locomotion_1,X9,14.377,0.0
Locomotion_1,X9,14.525,0.0
Locomotion_1,X9,14.673,0.0
Locomotion_1,X9,14.82,0.0
Locomotion_1,X9,14.968,0.0
Locomotion_1,X9,15.116,0.0
Locomotion_1,X9,15.263,0.0
Locomotion_1,X9,15.411,0.0
Locomotion_1,X9,15.559,0.0
Locomotion_1,X9,15.707,0.0
Locomotion_1,X9,15.854,0.0
Locomotion_1,X9,16.002,0.0
Locomotion_1,X9,16.15,0.0
Locomotion_1,X9,16.297,0.0
Locomotion_1,X9,16.445,0.0
Locomotion_1,X9,16.593,0.0
Locomotion_1,X9,16.741,0.0
Locomotion_1,X9,16.888,0.0
Locomotion_1,X9,17.036,0.0
Locomotion_1,X9,17.184,0.0
Locomotion_1,X9,17.331,0.0
Locomotion_1,X9,17.479,0.0
Locomotion_1,X9,17.627,0.0
Locomotion_1,X9,17.775,0.0
Locomotion_1,X9,17.922,0.0
Locomotion_1,X9,18.07,0.0
Locomotion_1,X9,18.218,0.0
Locomotion_1,X9,18.365,0.0
Locomotion_1,X9,18.513,0.0
Locomotion_1,X9,18.661,0.0
Locomotion_1,X9,18.809,0.0
Locomotion_1,X9,18.956,0.0
Locomotion_1,X9,19.104,0.0
Locomotion_1,X9,19.252,0.0
Locomotion_1,X9,19.399,0.0
Locomotion_1,X9,19.547,0.0
Locomotion_1,X9,19.695,0.0
Locomotion_1,X9,19.842,0.0
Locomotion_1,X9,19.99,0.0
Locomotion_1,X9,20.138,0.0
Locomotion_1,X9,20.286,0.0
Locomotion_1,X9,20.433,0.0
Locomotion_1,X9,20.581,0.0
Locomotion_1,X9,20.729,0.0
Locomotion_1,X9,20.876,0.0
Locomotion_1,X9,21.024,0.0
Locomotion_1,X9,21.172,0.0
Locomotion_1,X9,21.32,0.0
Locomotion_1,X9,21.467,0.0
Locomotion_1,X9,21.615,0.0
Locomotion_1,X9,21.763,0.0
Locomotion_1,X9,21.91,0.0
Locomotion_1,X9,22.058,0.0
Locomotion_1,X9,22.206,0.0
Locomotion_1,X9,22.354,0.0
Locomotion_1,X9,22.501,0.0
Locomotion_1,X9,22.649,0.0
Locomotion_1,X9,22.797,0.0
Locomotion_1,X9,22.944,0.0
Locomotion_1,X9,23.092,0.0
Locomotion_1,X9,23.24,0.0
Locomotion_1,X9,23.388,0.0
Locomotion_1,X9,23.535,0.0
Locomotion_1,X9,23.683,0.0
Locomotion_1,X9,23.831,0.0
Locomotion_1,X9,23.978,0.0
Locomotion_1,X9,24.126,0.0
Locomotion_1,X9,24.274,0.0
Locomotion_1,X9,24.422,0.0
Locomotion_1,X9,24.569,0.0
Locomotion_1,X9,24.717,0.0
Locomotion_1,X9,24.865,0.0
Locomotion_1,X9,25.012,0.0
Locomotion_1,X9,25.16,0.0
Locomotion_1,X9,25.308,0.0
Locomotion_1,X9,25.455,0.0
Locomotion_1,X9,25.603,0.0
Locomotion_1,X9,25.751,0.0
Locomotion_1,X9,25.899,0.0
Locomotion_1,X9,26.046,0.0
Locomotion_1,X9,26.194,0.0
Locomotion_1,X9,26.342,0.0
Locomotion_1,X9,26.489,0.0
Locomotion_1,X9,26.637,0.0
Locomotion_1,X9,26.785,0.0
Locomotion_1,X9,26.933,0.0
Locomotion_1,X9,27.08,0.0
Locomotion_1,X9,27.228,0.0
Locomotion_1,X9,27.376,0.0
Locomotion_1,X9,27.523,0.0
Locomotion_1,X9,27.671,0.0
Locomotion_1,X9,27.819,0.0
Locomotion_1,X9,27.967,0.0
Locomotion_1,X9,28.114,0.0
Locomotion_1,X9,28.262,0.0
Locomotion_1,X9,28.41,0.0
Locomotion_1,X9,28.557,0.0
Locomotion_1,X9,28.705,0.0
Locomotion_1,X9,28.853,0.0
Locomotion_1,X9,29.001,0.0
Locomotion_1,X9,29.148,0.0
Locomotion_1,X9,29.296,0.0
Locomotion_1,X9,29.444,0.0
Locomotion_1,X9,29.591,0.0
Locomotion_1,X9,29.739,0.0
Locomotion_1,X9,29.887,0.0
Locomotion_1,X9,30.034,0.0
Locomotion_1,X9,30.182,0.0
Locomotion_1,X9,30.33,0.0
Locomotion_1,X9,30.478,0.0
Locomotion_1,X9,30.625,0.0
Locomotion_1,X9,30.773,0.0
Locomotion_1,X9,30.921,0.0
Locomotion_1,X9,31.068,0.0
Locomotion_1,X9,31.216,0.0
Locomotion_1,X9,31.364,0.0
Locomotion_1,X9,31.512,0.0
Locomotion_1,X9,31.659,0.0
Locomotion_1,X9,31.807,0.0
Locomotion_1,X9,31.955,0.0
Locomotion_1,X9,32.102,0.0
Locomotion_1,X9,32.25,0.0
Locomotion_1,X9,32.398,0.0
Locomotion_1,X9,32.546,0.0
Locomotion_1,X9,32.693,0.0
Locomotion_1,X9,32.841,0.0
Locomotion_1,X9,32.989,0.0
Locomotion_1,X9,33.136,0.0
Locomotion_1,X9,33.284,0.0
Locomotion_1,X9,33.432,0.0
Locomotion_1,X9,33.58,0.0
Locomotion_1,X9,33.727,0.0
Locomotion_1,X9,33.875,0.0
Locomotion_1,X9,34.023,0.0
Locomotion_1,X9,34.17,0.0
Locomotion_1,X9,34.318,0.0
Locomotion_1,X9,34.466,0.0
Locomotion_1,X9,34.614,0.0
Locomotion_1,X9,34.761,0.0
Locomotion_1,X9,34.909,0.0
Locomotion_1,X9,35.057,0.0
Locomotion_1,X9,35.204,0.0
Locomotion_1,X9,35.352,0.0
Locomotion_1,X9,35.5,0.0
Locomotion_1,X9,35.647,0.0
Locomotion_1,X9,35.795,0.0
Locomotion_1,X9,35.943,0.0
Locomotion_1,X9,36.091,0.0
Locomotion_1,X9,36.238,0.0
Locomotion_1,X9,36.386,0.0
Locomotion_1,X9,36.534,0.0
Locomotion_1,X9,36.681,0.0
Locomotion_1,X9,36.829,0.0
Locomotion_1,X9,36.977,0.0
Locomotion_1,X9,37.125,0.0
Locomotion_1,X9,37.272,0.0
Locomotion_1,X9,37.42,0.0
Locomotion_1,X9,37.568,0.0
Locomotion_1,X9,37.715,0.0
Locomotion_1,X9,37.863,0.0
Locomotion_1,X9,38.011,0.0
Locomotion_1,X9,38.159,0.0
Locomotion_1,X9,38.306,0.0
Locomotion_1,X9,38.454,0.0
Locomotion_1,X9,38.602,0.0
Locomotion_1,X9,38.749,0.0
Locomotion_1,X9,38.897,0.0
Locomotion_1,X9,39.045,0.0
Locomotion_1,X9,39.193,0.0
Locomotion_1,X9,39.34,0.0
Locomotion_1,X9,39.488,0.0
Locomotion_1,X9,39.636,0.0
Locomotion_1,X9,39.783,0.0
Locomotion_1,X9,39.931,0.0
Locomotion_1,X9,40.079,0.0
Locomotion_1,X9,40.227,0.0
Locomotion_1,X9,40.374,0.0
Locomotion_1,X9,40.522,0.0
Locomotion_1,X9,40.67,0.0
Locomotion_1,X9,40.817,0.0
Locomotion_1,X9,40.965,0.0
Locomotion_1,X9,41.113,0.0
Locomotion_1,X9,41.26,0.0
Locomotion_1,X9,41.408,0.0
Locomotion_1,X9,41.556,0.0
Locomotion_1,X9,41.704,0.0
Locomotion_1,X9,41.851,0.0
Locomotion_1,X9,41.999,0.0
Locomotion_1,X9,42.147,0.0
Locomotion_1,X9,42.294,0.0
Locomotion_1,X9,42.442,0.0
Locomotion_1,X9,42.59,0.0
Locomotion_1,X9,42.738,0.0
Locomotion_1,X9,42.885,0.0
Locomotion_1,X9,43.033,0.0
Locomotion_1,X9,43.181,0.0
Locomotion_1,X9,43.328,0.0
Locomotion_1,X9,43.476,0.0
Locomotion_1,X9,43.624,0.0
Locomotion_1,X9,43.772,0.0
Locomotion_1,X9,43.919,0.0
Locomotion_1,X9,44.067,0.0
Locomotion_1,X9,44.215,0.0
Locomotion_1,X9,44.362,0.0
Locomotion_1,X9,44.51,0.0
Locomotion_1,X9,44.658,0.0
Locomotion_1,X9,44.806,0.0
Locomotion_1,X9,44.953,0.0
Locomotion_1,X9,45.101,0.0
Locomotion_1,X9,45.249,0.0
Locomotion_1,X9,45.396,0.0
Locomotion_1,X9,45.544,0.0
Locomotion_1,X9,45.692,0.0
Locomotion_1,X9,45.839,0.0
Locomotion_1,X9,45.987,0.0
Locomotion_1,X9,46.135,0.0
Locomotion_1,X9,46.283,0.0
Locomotion_1,X9,46.43,0.0
Locomotion_1,X9,46.578,0.0
Locomotion_1,X9,46.726,0.0
Locomotion_1,X9,46.873,0.0
Locomotion_1,X9,47.021,0.0
Locomotion_1,X9,47.169,0.0
Locomotion_1,X9,47.317,0.0
Locomotion_1,X9,47.464,0.0
Locomotion_1,X9,47.612,0.0
Locomotion_1,X9,47.76,0.0
Locomotion_1,X9,47.907,0.0
Locomotion_1,X9,48.055,0.0
Locomotion_1,X9,48.203,0.0
Locomotion_1,X9,48.351,0.0
Locomotion_1,X9,48.498,0.0
Locomotion_1,X9,48.646,0.0
Locomotion_1,X9,48.794,0.0
Locomotion_1,X9,48.941,0.0
Locomotion_1,X9,49.089,0.0
Locomotion_1,X9,49.237,0.0
Locomotion_1,X9,49.385,0.0
Locomotion_1,X9,49.532,0.0
Locomotion_1,X9,49.68,0.0
Locomotion_1,X9,49.828,0.0
Locomotion_1,X9,49.975,0.0
Locomotion_1,X9,50.123,0.0
Locomotion_1,X9,50.271,0.0
Locomotion_1,X9,50.419,0.0
Locomotion_1,X9,50.566,0.0
Locomotion_1,X9,50.714,0.0
Locomotion_1,X9,50.862,0.0
Locomotion_1,X9,51.009,0.0
Locomotion_1,X9,51.157,0.0
Locomotion_1,X9,51.305,0.0
Locomotion_1,X9,51.452,0.0
Locomotion_1,X9,51.6,0.0
Locomotion_1,X9,51.748,0.0
Locomotion_1,X9,51.896,0.0
Locomotion_1,X9,52.043,0.0
Locomotion_1,X9,52.191,0.0
Locomotion_1,X9,52.339,0.0
Locomotion_1,X9,52.486,0.0
Locomotion_1,X9,52.634,0.0
Locomotion_1,X9,52.782,0.0
Locomotion_1,X9,52.93,0.0
Locomotion_1,X9,53.077,0.0
Locomotion_1,X9,53.225,0.0
Locomotion_1,X9,53.373,0.0
Locomotion_1,X9,53.52,0.0
Locomotion_1,X9,53.668,0.0
Locomotion_1,X9,53.816,0.0
Locomotion_1,X9,53.964,0.0
Locomotion_1,X9,54.111,0.0
Locomotion_1,X9,54.259,0.0
Locomotion_1,X9,54.407,0.0
Locomotion_1,X9,54.554,0.0
Locomotion_1,X9,54.702,0.0
Locomotion_1,X9,54.85,0.0
Locomotion_1,X9,54.998,0.0
Locomotion_1,X9,55.145,0.0
Locomotion_1,X9,55.293,0.0
Locomotion_1,X9,55.441,0.0
Locomotion_1,X9,55.588,0.0
Locomotion_1,X9,55.736,0.0
Locomotion_1,X9,55.884,0.0
Locomotion_1,X9,56.032,0.0
Locomotion_1,X9,56.179,0.0
Locomotion_1,X9,56.327,0.0
Locomotion_1,X9,56.475,0.0
Locomotion_1,X9,56.622,0.0
Locomotion_1,X9,56.77,0.0
Locomotion_1,X9,56.918,0.0
Locomotion_1,X9,57.065,0.0
Locomotion_1,X9,57.213,0.0
Locomotion_1,X9,57.361,0.0
Locomotion_1,X9,57.509,0.0
Locomotion_1,X9,57.656,0.0
Locomotion_1,X9,57.804,0.0
Locomotion_1,X9,57.952,0.0
Locomotion_1,X9,58.099,0.0
Locomotion_1,X9,58.247,0.0
Locomotion_1,X9,58.395,0.0
Locomotion_1,X9,58.543,0.0
Locomotion_1,X9,58.69,0.0
Locomotion_1,X9,58.838,0.0
Locomotion_1,X9,58.986,0.0
Locomotion_1,X9,59.133,0.0
Locomotion_1,X9,59.281,0.0
Locomotion_1,X9,59.429,0.0
Locomotion_1,X9,59.577,0.0
Locomotion_1,X9,59.724,0.0
Locomotion_1,X9,59.872,0.0
Locomotion_1,X9,60.02,0.0
Locomotion_1,X9,60.167,0.0
Locomotion_1,X9,60.315,0.0
Locomotion_1,X9,60.463,0.0
Locomotion_1,X9,60.611,0.0
Locomotion_1,X9,60.758,0.0
Locomotion_1,X9,60.906,0.0
Locomotion_1,X9,61.054,0.0
Locomotion_1,X9,61.201,0.0
Locomotion_1,X9,61.349,0.0
Locomotion_1,X9,61.497,0.0
Locomotion_1,X9,61.644,0.0
Locomotion_1,X9,61.792,0.0
Locomotion_1,X9,61.94,0.0
Locomotion_1,X9,62.088,0.0
Locomotion_1,X9,62.235,0.0
Locomotion_1,X9,62.383,0.0
Locomotion_1,X9,62.531,0.0
Locomotion_1,X9,62.678,0.0
Locomotion_1,X9,62.826,0.0
Locomotion_1,X9,62.974,0.0
Locomotion_1,X9,63.122,0.0
Locomotion_1,X9,63.269,0.0
Locomotion_1,X9,63.417,0.0
Locomotion_1,X9,63.565,0.0
Locomotion_1,X9,63.712,0.0
Locomotion_1,X9,63.86,0.0
Locomotion_1,X9,64.008,0.0
Locomotion_1,X9,64.156,0.0
Locomotion_1,X9,64.303,0.0
Locomotion_1,X9,64.451,0.0
Locomotion_1,X9,64.599,0.0
Locomotion_1,X9,64.746,0.0
Locomotion_1,X9,64.894,0.0
Locomotion_1,X9,65.042,0.0
Locomotion_1,X9,65.19,0.0
Locomotion_1,X9,65.337,0.0
Locomotion_1,X9,65.485,0.0
Locomotion_1,X9,65.633,0.0
Locomotion_1,X9,65.78,0.0
Locomotion_1,X9,65.928,0.0
Locomotion_1,X9,66.076,0.0
Locomotion_1,X9,66.224,0.0
Locomotion_1,X9,66.371,0.0
Locomotion_1,X9,66.519,0.0
Locomotion_1,X9,66.667,0.0
Locomotion_1,X9,66.814,0.0
Locomotion_1,X9,66.962,0.0
Locomotion_1,X9,67.11,0.0
Locomotion_1,X9,67.257,0.0
Locomotion_1,X9,67.405,0.0
Locomotion_1,X9,67.553,0.0
Locomotion_1,X9,67.701,0.0
Locomotion_1,X9,67.848,0.0
Locomotion_1,X9,67.996,0.0
Locomotion_1,X9,68.144,0.0
Locomotion_1,X9,68.291,0.0
Locomotion_1,X9,68.439,0.0
Locomotion_1,X9,68.587,0.0
Locomotion_1,X9,68.735,0.0
Locomotion_1,X9,68.882,0.0
Locomotion_1,X9,69.03,0.0
Locomotion_1,X9,69.178,0.0
Locomotion_1,X9,69.325,0.0
Locomotion_1,X9,69.473,0.0
Locomotion_1,X9,69.621,0.0
Locomotion_1,X9,69.769,0.0
Locomotion_1,X9,69.916,0.0
Locomotion_1,X9,70.064,0.0
Locomotion_1,X9,70.212,0.0
Locomotion_1,X9,70.359,0.0
Locomotion_1,X9,70.507,0.0
Locomotion_1,X9,70.655,0.0
Locomotion_1,X9,70.803,0.0
Locomotion_1,X9,70.95,0.0
Locomotion_1,X9,71.098,0.0
Locomotion_1,X9,71.246,0.0
Locomotion_1,X9,71.393,0.0
Locomotion_1,X9,71.541,0.0
Locomotion_1,X9,71.689,0.0
Locomotion_1,X9,71.836,0.0
Locomotion_1,X9,71.984,0.0
Locomotion_1,X9,72.132,0.0
Locomotion_1,X9,72.28,0.0
Locomotion_1,X9,72.427,0.0
Locomotion_1,X9,72.575,0.0
Locomotion_1,X9,72.723,0.0
Locomotion_1,X9,72.87,0.0
Locomotion_1,X9,73.018,0.0
Locomotion_1,X9,73.166,0.0
Locomotion_1,X9,73.314,0.0
Locomotion_1,X9,73.461,0.0
Locomotion_1,X9,73.609,0.0
Locomotion_1,X9,73.757,0.0
Locomotion_1,X9,73.904,0.0
Locomotion_1,X9,74.052,0.0
Locomotion_1,X9,74.2,0.0
Locomotion_1,X9,74.348,0.0
Locomotion_1,X9,74.495,0.0
Locomotion_1,X9,74.643,0.0
Locomotion_1,X9,74.791,0.0
Locomotion_1,X9,74.938,0.0
Locomotion_1,X9,75.086,0.0
Locomotion_1,X9,75.234,0.0
Locomotion_1,X9,75.382,0.0
Locomotion_1,X9,75.529,0.0
Locomotion_1,X9,75.677,0.0
Locomotion_1,X9,75.825,0.0
Locomotion_1,X9,75.972,0.0
Locomotion_1,X9,76.12,0.0
Locomotion_1,X9,76.268,0.0
Locomotion_1,X9,76.416,0.0
Locomotion_1,X9,76.563,0.0
Locomotion_1,X9,76.711,0.0
Locomotion_1,X9,76.859,0.0
Locomotion_1,X9,77.006,0.0
Locomotion_1,X9,77.154,0.0
Locomotion_1,X9,77.302,0.0
Locomotion_1,X9,77.449,0.0
Locomotion_1,X9,77.597,0.0
Locomotion_1,X9,77.745,0.0
Locomotion_1,X9,77.893,0.0
Locomotion_1,X9,78.04,0.0
Locomotion_1,X9,78.188,0.0
Locomotion_1,X9,78.336,0.0
Locomotion_1,X9,78.483,0.0
Locomotion_1,X9,78.631,0.0
Locomotion_1,X9,78.779,0.0
Locomotion_1,X9,78.927,0.0
Locomotion_1,X9,79.074,0.0
Locomotion_1,X9,79.222,0.0
Locomotion_1,X9,79.37,0.0
Locomotion_1,X9,79.517,0.0
Locomotion_1,X9,79.665,0.0
Locomotion_1,X9,79.813,0.0
Locomotion_1,X9,79.961,0.0
Locomotion_1,X9,80.108,0.0
Locomotion_1,X9,80.256,0.0
Locomotion_1,X9,80.404,0.0
Locomotion_1,X9,80.551,0.0
Locomotion_1,X9,80.699,0.0
Locomotion_1,X9,80.847,0.0
Locomotion_1,X9,80.995,0.0
Locomotion_1,X9,81.142,0.0
Locomotion_1,X9,81.29,0.0
Locomotion_1,X9,81.438,0.0
Locomotion_1,X9,81.585,0.0
Locomotion_1,X9,81.733,0.0
Locomotion_1,X9,81.881,0.0
Locomotion_1,X9,82.029,0.0
Locomotion_1,X9,82.176,0.0
Locomotion_1,X9,82.324,0.0
Locomotion_1,X9,82.472,0.0
Locomotion_1,X9,82.619,0.0
Locomotion_1,X9,82.767,0.0
Locomotion_1,X9,82.915,0.0
Locomotion_1,X9,83.062,0.0
Locomotion_1,X9,83.21,0.0
Locomotion_1,X9,83.358,0.0
Locomotion_1,X9,83.506,0.0
Locomotion_1,X9,83.653,0.0
Locomotion_1,X9,83.801,0.0
Locomotion_1,X9,83.949,0.0
Locomotion_1,X9,84.096,0.0
Locomotion_1,X9,84.244,0.0
Locomotion_1,X9,84.392,0.0
Locomotion_1,X9,84.54,0.0
Locomotion_1,X9,84.687,0.0
Locomotion_1,X9,84.835,0.0
Locomotion_1,X9,84.983,0.0
Locomotion_1,X9,85.13,0.0
Locomotion_1,X9,85.278,0.0
Locomotion_1,X9,85.426,0.0
Locomotion_1,X9,85.574,0.0
Locomotion_1,X9,85.721,0.0
Locomotion_1,X9,85.869,0.0
Locomotion_1,X9,86.017,0.0
Locomotion_1,X9,86.164,0.0
Locomotion_1,X9,86.312,0.0
Locomotion_1,X9,86.46,0.0
Locomotion_1,X9,86.608,0.0
Locomotion_1,X9,86.755,0.0
Locomotion_1,X9,86.903,0.0
Locomotion_1,X9,87.051,0.0
Locomotion_1,X9,87.198,0.0
Locomotion_1,X9,87.346,0.0
Locomotion_1,X9,87.494,0.0
Locomotion_1,X9,87.641,0.0
Locomotion_1,X9,87.789,0.0
Locomotion_1,X9,87.937,0.0
Locomotion_1,X9,88.085,0.0
Locomotion_1,X9,88.232,0.0
Locomotion_1,X9,88.38,0.0
Locomotion_1,X9,88.528,0.0
Locomotion_1,X9,88.675,0.0
Locomotion_1,X9,88.823,0.0
Locomotion_1,X9,88.971,0.0
Locomotion_1,X9,89.119,0.0
Locomotion_1,X9,89.266,0.0
Locomotion_1,X9,89.414,0.0
Locomotion_1,X9,89.562,0.0
Locomotion_1,X9,89.709,0.0
Locomotion_1,X9,89.857,0.0
Locomotion_1,X9,90.005,0.0
Locomotion_1,X9,90.153,0.0
Locomotion_1,X9,90.3,0.0
Locomotion_1,X9,90.448,0.0
Locomotion_1,X9,90.596,0.0
Locomotion_1,X9,90.743,0.0
Locomotion_1,X9,90.891,0.0
Locomotion_1,X9,91.039,0.0
Locomotion_1,X9,91.187,0.0
Locomotion_1,X9,91.334,0.0
Locomotion_1,X9,91.482,0.0
Locomotion_1,X9,91.63,0.0
Locomotion_1,X9,91.777,0.0
Locomotion_1,X9,91.925,0.0
Locomotion_1,X9,92.073,0.0
Locomotion_1,X9,92.221,0.0
Locomotion_1,X9,92.368,0.0
Locomotion_1,X9,92.516,0.0
Locomotion_1,X9,92.664,0.0
Locomotion_1,X9,92.811,0.0
Locomotion_1,X9,92.959,0.0
Locomotion_1,X9,93.107,0.0
Locomotion_1,X9,93.254,0.0
Locomotion_1,X9,93.402,0.0
Locomotion_1,X9,93.55,0.0
Locomotion_1,X9,93.698,0.0
Locomotion_1,X9,93.845,0.0
Locomotion_1,X9,93.993,0.0
Locomotion_1,X9,94.141,0.0
Locomotion_1,X9,94.288,0.0
Locomotion_1,X9,94.436,0.0
Locomotion_1,X9,94.584,0.0
Locomotion_1,X9,94.732,0.0
Locomotion_1,X9,94.879,0.0
Locomotion_1,X9,95.027,0.0
Locomotion_1,X9,95.175,0.0
Locomotion_1,X9,95.322,0.0
Locomotion_1,X9,95.47,0.0
Locomotion_1,X9,95.618,0.0
Locomotion_1,X9,95.766,0.0
Locomotion_1,X9,95.913,0.0
Locomotion_1,X9,96.061,0.0
Locomotion_1,X9,96.209,0.0
Locomotion_1,X9,96.356,0.0
Locomotion_1,X9,96.504,0.0
Locomotion_1,X9,96.652,0.0
Locomotion_1,X9,96.8,0.0
Locomotion_1,X9,96.947,0.0
Locomotion_1,X9,97.095,0.0
Locomotion_1,X9,97.243,0.0
Locomotion_1,X9,97.39,0.0
Locomotion_1,X9,97.538,0.0
Locomotion_1,X9,97.686,0.0
Locomotion_1,X9,97.834,0.0
Locomotion_1,X9,97.981,0.0
Locomotion_1,X9,98.129,0.0
Locomotion_1,X9,98.277,0.0
Locomotion_1,X9,98.424,0.0
Locomotion_1,X9,98.572,0.0
Locomotion_1,X9,98.72,0.0
Locomotion_1,X9,98.867,0.0
Locomotion_1,X9,99.015,0.0
Locomotion_1,X9,99.163,0.0
Locomotion_1,X9,99.311,0.0
Locomotion_1,X9,99.458,0.0
Locomotion_1,X9,99.606,0.0
Locomotion_1,X9,99.754,0.0
Locomotion_1,X9,99.901,0.0
Locomotion_1,X9,100.049,0.0
Locomotion_1,X9,100.197,0.0
Locomotion_1,X9,100.345,0.0
Locomotion_1,X9,100.492,0.0
Locomotion_1,X9,100.64,0.0
Locomotion_1,X9,100.788,0.0
Locomotion_1,X9,100.935,0.0
Locomotion_1,X9,101.083,0.0
Locomotion_1,X9,101.231,0.0
Locomotion_1,X9,101.379,0.0
Locomotion_1,X9,101.526,0.0
Locomotion_1,X9,101.674,0.0
Locomotion_1,X9,101.822,0.0
Locomotion_1,X9,101.969,0.0
Locomotion_1,X9,102.117,0.0
Locomotion_1,X9,102.265,0.0
Locomotion_1,X9,102.413,0.0
Locomotion_1,X9,102.56,0.0
Locomotion_1,X9,102.708,0.0
Locomotion_1,X9,102.856,0.0
Locomotion_1,X9,103.003,0.0
Locomotion_1,X9,103.151,0.0
Locomotion_1,X9,103.299,0.0
Locomotion_1,X9,103.446,0.0
Locomotion_1,X9,103.594,0.0
Locomotion_1,X9,103.742,0.0
Locomotion_1,X9,103.89,0.0
Locomotion_1,X9,104.037,0.0
Locomotion_1,X9,104.185,0.0
Locomotion_1,X9,104.333,0.0
Locomotion_1,X9,104.48,0.0
Locomotion_1,X9,104.628,0.0
Locomotion_1,X9,104.776,0.0
Locomotion_1,X9,104.924,0.0
Locomotion_1,X9,105.071,0.0
Locomotion_1,X9,105.219,0.0
Locomotion_1,X9,105.367,0.0
Locomotion_1,X9,105.514,0.0
Locomotion_1,X9,105.662,0.0
Locomotion_1,X9,105.81,0.0
Locomotion_1,X9,105.958,0.0
Locomotion_1,X9,106.105,0.0
Locomotion_1,X9,106.253,0.0
Locomotion_1,X9,106.401,0.0
Locomotion_1,X9,106.548,0.0
Locomotion_1,X9,106.696,0.0
Locomotion_1,X9,106.844,0.0
Locomotion_1,X9,106.992,0.0
Locomotion_1,X9,107.139,0.0
Locomotion_1,X9,107.287,0.0
Locomotion_1,X9,107.435,0.0
Locomotion_1,X9,107.582,0.0
Locomotion_1,X9,107.73,0.0549
Locomotion_1,X9,107.878,0.9725
Locomotion_1,X10,0.049,1.0
Locomotion_1,X10,0.197,0.0549
Locomotion_1,X10,0.345,0.0
Locomotion_1,X10,0.492,0.0
Locomotion_1,X10,0.64,0.0
Locomotion_1,X10,0.788,0.0
Locomotion_1,X10,0.936,0.0
Locomotion_1,X10,1.083,0.0
Locomotion_1,X10,1.231,0.0
Locomotion_1,X10,1.379,0.0
Locomotion_1,X10,1.526,0.0
Locomotion_1,X10,1.674,0.0
Locomotion_1,X10,1.822,0.0
Locomotion_1,X10,1.97,0.0
Locomotion_1,X10,2.117,0.0
Locomotion_1,X10,2.265,0.0
Locomotion_1,X10,2.413,0.0
Locomotion_1,X10,2.56,0.0
Locomotion_1,X10,2.708,0.0
Locomotion_1,X10,2.856,0.0
Locomotion_1,X10,3.004,0.0
Locomotion_1,X10,3.151,0.0
Locomotion_1,X10,3.299,0.0
Locomotion_1,X10,3.447,0.0
Locomotion_1,X10,3.594,0.0
Locomotion_1,X10,3.742,0.0
Locomotion_1,X10,3.89,0.0
Locomotion_1,X10,4.037,0.0
Locomotion_1,X10,4.185,0.0
Locomotion_1,X10,4.333,0.0
Locomotion_1,X10,4.481,0.0
Locomotion_1,X10,4.628,0.0
Locomotion_1,X10,4.776,0.0
Locomotion_1,X10,4.924,0.0
Locomotion_1,X10,5.071,0.0
Locomotion_1,X10,5.219,0.0
Locomotion_1,X10,5.367,0.0
Locomotion_1,X10,5.515,0.0
Locomotion_1,X10,5.662,0.0
Locomotion_1,X10,5.81,0.0
Locomotion_1,X10,5.958,0.0
Locomotion_1,X10,6.105,0.0
Locomotion_1,X10,6.253,0.0
Locomotion_1,X10,6.401,0.0
Locomotion_1,X10,6.549,0.0
Locomotion_1,X10,6.696,0.0
Locomotion_1,X10,6.844,0.0
Locomotion_1,X10,6.992,0.0
Locomotion_1,X10,7.139,0.0
Locomotion_1,X10,7.287,0.0
Locomotion_1,X10,7.435,0.0
Locomotion_1,X10,7.583,0.0
Locomotion_1,X10,7.73,0.0
Locomotion_1,X10,7.878,0.0
Locomotion_1,X10,8.026,0.0
Locomotion_1,X10,8.173,0.0
Locomotion_1,X10,8.321,0.0
Locomotion_1,X10,8.469,0.0
Locomotion_1,X10,8.617,0.0
Locomotion_1,X10,8.764,0.0
Locomotion_1,X10,8.912,0.0
Locomotion_1,X10,9.06,0.0
Locomotion_1,X10,9.207,0.0
Locomotion_1,X10,9.355,0.0
Locomotion_1,X10,9.503,0.0
Locomotion_1,X10,9.65,0.0
Locomotion_1,X10,9.798,0.0
Locomotion_1,X10,9.946,0.0
Locomotion_1,X10,10.094,0.0
Locomotion_1,X10,10.241,0.0
Locomotion_1,X10,10.389,0.0
Locomotion_1,X10,10.537,0.0
Locomotion_1,X10,10.684,0.0
Locomotion_1,X10,10.832,0.0
Locomotion_1,X10,10.98,0.0
Locomotion_1,X10,11.128,0.0
Locomotion_1,X10,11.275,0.0
Locomotion_1,X10,11.423,0.0
Locomotion_1,X10,11.571,0.0
Locomotion_1,X10,11.718,0.0
Locomotion_1,X10,11.866,0.0
Locomotion_1,X10,12.014,0.0
Locomotion_1,X10,12.162,0.0
Locomotion_1,X10,12.309,0.0
Locomotion_1,X10,12.457,0.0
Locomotion_1,X10,12.605,0.0
Locomotion_1,X10,12.752,0.0
Locomotion_1,X10,12.9,0.0
Locomotion_1,X10,13.048,0.0
Locomotion_1,X10,13.196,0.0
Locomotion_1,X10,13.343,0.0
Locomotion_1,X10,13.491,0.0
Locomotion_1,X10,13.639,0.0
Locomotion_1,X10,13.786,0.0
Locomotion_1,X10,13.934,0.0
Locomotion_1,X10,14.082,0.0
Locomotion_1,X10,14.23,0.0
Locomotion_1,X10,14.377,0.0
Locomotion_1,X10,14.525,0.0
Locomotion_1,X10,14.673,0.0
Locomotion_1,X10,14.82,0.0
Locomotion_1,X10,14.968,0.0
Locomotion_1,X10,15.116,0.0
Locomotion_1,X10,15.263,0.0
Locomotion_1,X10,15.411,0.0
Locomotion_1,X10,15.559,0.0
Locomotion_1,X10,15.707,0.0
Locomotion_1,X10,15.854,0.0
Locomotion_1,X10,16.002,0.0
Locomotion_1,X10,16.15,0.0
Locomotion_1,X10,16.297,0.0
Locomotion_1,X10,16.445,0.0
Locomotion_1,X10,16.593,0.0
Locomotion_1,X10,16.741,0.0
Locomotion_1,X10,16.888,0.0
Locomotion_1,X10,17.036,0.0
Locomotion_1,X10,17.184,0.0
Locomotion_1,X10,17.331,0.0
Locomotion_1,X10,17.479,0.0
Locomotion_1,X10,17.627,0.0
Locomotion_1,X10,17.775,0.0
Locomotion_1,X10,17.922,0.0
Locomotion_1,X10,18.07,0.0
Locomotion_1,X10,18.218,0.0
Locomotion_1,X10,18.365,0.0
Locomotion_1,X10,18.513,0.0
Locomotion_1,X10,18.661,0.0
Locomotion_1,X10,18.809,0.0
Locomotion_1,X10,18.956,0.0
Locomotion_1,X10,19.104,0.0
Locomotion_1,X10,19.252,0.0
Locomotion_1,X10,19.399,0.0
Locomotion_1,X10,19.547,0.0
Locomotion_1,X10,19.695,0.0
Locomotion_1,X10,19.842,0.0
Locomotion_1,X10,19.99,0.0
Locomotion_1,X10,20.138,0.0
Locomotion_1,X10,20.286,0.0
Locomotion_1,X10,20.433,0.0
Locomotion_1,X10,20.581,0.0
Locomotion_1,X10,20.729,0.0
Locomotion_1,X10,20.876,0.0
Locomotion_1,X10,21.024,0.0
Locomotion_1,X10,21.172,0.0
Locomotion_1,X10,21.32,0.0
Locomotion_1,X10,21.467,0.0
Locomotion_1,X10,21.615,0.0
Locomotion_1,X10,21.763,0.0
Locomotion_1,X10,21.91,0.0
Locomotion_1,X10,22.058,0.0
Locomotion_1,X10,22.206,0.0
Locomotion_1,X10,22.354,0.0
Locomotion_1,X10,22.501,0.0
Locomotion_1,X10,22.649,0.0
Locomotion_1,X10,22.797,0.0
Locomotion_1,X10,22.944,0.0
Locomotion_1,X10,23.092,0.0
Locomotion_1,X10,23.24,0.0
Locomotion_1,X10,23.388,0.0
Locomotion_1,X10,23.535,0.0
Locomotion_1,X10,23.683,0.0
Locomotion_1,X10,23.831,0.0
Locomotion_1,X10,23.978,0.0
Locomotion_1,X10,24.126,0.0
Locomotion_1,X10,24.274,0.0
Locomotion_1,X10,24.422,0.0
Locomotion_1,X10,24.569,0.0
Locomotion_1,X10,24.717,0.0
Locomotion_1,X10,24.865,0.0
Locomotion_1,X10,25.012,0.0
Locomotion_1,X10,25.16,0.0
Locomotion_1,X10,25.308,0.0
Locomotion_1,X10,25.455,0.0
Locomotion_1,X10,25.603,0.0
Locomotion_1,X10,25.751,0.0
Locomotion_1,X10,25.899,0.0
Locomotion_1,X10,26.046,0.0
Locomotion_1,X10,26.194,0.0
Locomotion_1,X10,26.342,0.0
Locomotion_1,X10,26.489,0.0
Locomotion_1,X10,26.637,0.0
Locomotion_1,X10,26.785,0.0
Locomotion_1,X10,26.933,0.0
Locomotion_1,X10,27.08,0.0
Locomotion_1,X10,27.228,0.0
Locomotion_1,X10,27.376,0.0
Locomotion_1,X10,27.523,0.0
Locomotion_1,X10,27.671,0.0
Locomotion_1,X10,27.819,0.0
Locomotion_1,X10,27.967,0.0
Locomotion_1,X10,28.114,0.0
Locomotion_1,X10,28.262,0.0
Locomotion_1,X10,28.41,0.0
Locomotion_1,X10,28.557,0.0
Locomotion_1,X10,28.705,0.0
Locomotion_1,X10,28.853,0.0
Locomotion_1,X10,29.001,0.0
Locomotion_1,X10,29.148,0.0
Locomotion_1,X10,29.296,0.0
Locomotion_1,X10,29.444,0.0
Locomotion_1,X10,29.591,0.0
Locomotion_1,X10,29.739,0.0
Locomotion_1,X10,29.887,0.0
Locomotion_1,X10,30.034,0.0
Locomotion_1,X10,30.182,0.0
Locomotion_1,X10,30.33,0.0
Locomotion_1,X10,30.478,0.0
Locomotion_1,X10,30.625,0.0
Locomotion_1,X10,30.773,0.0
Locomotion_1,X10,30.921,0.0
Locomotion_1,X10,31.068,0.0
Locomotion_1,X10,31.216,0.0
Locomotion_1,X10,31.364,0.0
Locomotion_1,X10,31.512,0.0
Locomotion_1,X10,31.659,0.0
Locomotion_1,X10,31.807,0.0
Locomotion_1,X10,31.955,0.0
Locomotion_1,X10,32.102,0.0
Locomotion_1,X10,32.25,0.0
Locomotion_1,X10,32.398,0.0
Locomotion_1,X10,32.546,0.0
Locomotion_1,X10,32.693,0.0
Locomotion_1,X10,32.841,0.0
Locomotion_1,X10,32.989,0.0
Locomotion_1,X10,33.136,0.0
Locomotion_1,X10,33.284,0.0
Locomotion_1,X10,33.432,0.0
Locomotion_1,X10,33.58,0.0
Locomotion_1,X10,33.727,0.0
Locomotion_1,X10,33.875,0.0
Locomotion_1,X10,34.023,0.0
Locomotion_1,X10,34.17,0.0
Locomotion_1,X10,34.318,0.0
Locomotion_1,X10,34.466,0.0
Locomotion_1,X10,34.614,0.0
Locomotion_1,X10,34.761,0.0
Locomotion_1,X10,34.909,0.0
Locomotion_1,X10,35.057,0.0
Locomotion_1,X10,35.204,0.0
Locomotion_1,X10,35.352,0.0
Locomotion_1,X10,35.5,0.0
Locomotion_1,X10,35.647,0.0
Locomotion_1,X10,35.795,0.0
Locomotion_1,X10,35.943,0.0
Locomotion_1,X10,36.091,0.0
Locomotion_1,X10,36.238,0.0
Locomotion_1,X10,36.386,0.0
Locomotion_1,X10,36.534,0.0
Locomotion_1,X10,36.681,0.0
Locomotion_1,X10,36.829,0.0
Locomotion_1,X10,36.977,0.0
Locomotion_1,X10,37.125,0.0
Locomotion_1,X10,37.272,0.0
Locomotion_1,X10,37.42,0.0
Locomotion_1,X10,37.568,0.0
Locomotion_1,X10,37.715,0.0
Locomotion_1,X10,37.863,0.0
Locomotion_1,X10,38.011,0.0
Locomotion_1,X10,38.159,0.0
Locomotion_1,X10,38.306,0.0
Locomotion_1,X10,38.454,0.0
Locomotion_1,X10,38.602,0.0
Locomotion_1,X10,38.749,0.0
Locomotion_1,X10,38.897,0.0
Locomotion_1,X10,39.045,0.0
Locomotion_1,X10,39.193,0.0
Locomotion_1,X10,39.34,0.0
Locomotion_1,X10,39.488,0.0
Locomotion_1,X10,39.636,0.0
Locomotion_1,X10,39.783,0.0
Locomotion_1,X10,39.931,0.0
Locomotion_1,X10,40.079,0.0
Locomotion_1,X10,40.227,0.0
Locomotion_1,X10,40.374,0.0
Locomotion_1,X10,40.522,0.0
Locomotion_1,X10,40.67,0.0
Locomotion_1,X10,40.817,0.0
Locomotion_1,X10,40.965,0.0
Locomotion_1,X10,41.113,0.0
Locomotion_1,X10,41.26,0.0
Locomotion_1,X10,41.408,0.0
Locomotion_1,X10,41.556,0.0
Locomotion_1,X10,41.704,0.0
Locomotion_1,X10,41.851,0.0
Locomotion_1,X10,41.999,0.0
Locomotion_1,X10,42.147,0.0
Locomotion_1,X10,42.294,0.0
Locomotion_1,X10,42.442,0.0
Locomotion_1,X10,42.59,0.0
Locomotion_1,X10,42.738,0.0
Locomotion_1,X10,42.885,0.0
Locomotion_1,X10,43.033,0.0
Locomotion_1,X10,43.181,0.0
Locomotion_1,X10,43.328,0.0
Locomotion_1,X10,43.476,0.0
Locomotion_1,X10,43.624,0.0
Locomotion_1,X10,43.772,0.0
Locomotion_1,X10,43.919,0.0
Locomotion_1,X10,44.067,0.0
Locomotion_1,X10,44.215,0.0
Locomotion_1,X10,44.362,0.0
Locomotion_1,X10,44.51,0.0
Locomotion_1,X10,44.658,0.0
Locomotion_1,X10,44.806,0.0
Locomotion_1,X10,44.953,0.0
Locomotion_1,X10,45.101,0.0
Locomotion_1,X10,45.249,0.0
Locomotion_1,X10,45.396,0.0
Locomotion_1,X10,45.544,0.0
Locomotion_1,X10,45.692,0.0
Locomotion_1,X10,45.839,0.0
Locomotion_1,X10,45.987,0.0
Locomotion_1,X10,46.135,0.0
Locomotion_1,X10,46.283,0.0
Locomotion_1,X10,46.43,0.0
Locomotion_1,X10,46.578,0.0
Locomotion_1,X10,46.726,0.0
Locomotion_1,X10,46.873,0.0
Locomotion_1,X10,47.021,0.0
Locomotion_1,X10,47.169,0.0
Locomotion_1,X10,47.317,0.0
Locomotion_1,X10,47.464,0.0
Locomotion_1,X10,47.612,0.0
Locomotion_1,X10,47.76,0.0
Locomotion_1,X10,47.907,0.0
Locomotion_1,X10,48.055,0.0
Locomotion_1,X10,48.203,0.0
Locomotion_1,X10,48.351,0.0
Locomotion_1,X10,48.498,0.0
Locomotion_1,X10,48.646,0.0
Locomotion_1,X10,48.794,0.0
Locomotion_1,X10,48.941,0.0
Locomotion_1,X10,49.089,0.0
Locomotion_1,X10,49.237,0.0
Locomotion_1,X10,49.385,0.0
Locomotion_1,X10,49.532,0.0
Locomotion_1,X10,49.68,0.0
Locomotion_1,X10,49.828,0.0
Locomotion_1,X10,49.975,0.0
Locomotion_1,X10,50.123,0.0
Locomotion_1,X10,50.271,0.0
Locomotion_1,X10,50.419,0.0
Locomotion_1,X10,50.566,0.0
Locomotion_1,X10,50.714,0.0
Locomotion_1,X10,50.862,0.0
Locomotion_1,X10,51.009,0.0
Locomotion_1,X10,51.157,0.0
Locomotion_1,X10,51.305,0.0
Locomotion_1,X10,51.452,0.0
Locomotion_1,X10,51.6,0.0
Locomotion_1,X10,51.748,0.0
Locomotion_1,X10,51.896,0.0
Locomotion_1,X10,52.043,0.0
Locomotion_1,X10,52.191,0.0
Locomotion_1,X10,52.339,0.0
Locomotion_1,X10,52.486,0.0
Locomotion_1,X10,52.634,0.0
Locomotion_1,X10,52.782,0.0
Locomotion_1,X10,52.93,0.0
Locomotion_1,X10,53.077,0.0
Locomotion_1,X10,53.225,0.0
Locomotion_1,X10,53.373,0.0
Locomotion_1,X10,53.52,0.0
Locomotion_1,X10,53.668,0.0
Locomotion_1,X10,53.816,0.0
Locomotion_1,X10,53.964,0.0
Locomotion_1,X10,54.111,0.0
Locomotion_1,X10,54.259,0.0
Locomotion_1,X10,54.407,0.0
Locomotion_1,X10,54.554,0.0
Locomotion_1,X10,54.702,0.0
Locomotion_1,X10,54.85,0.0
Locomotion_1,X10,54.998,0.0
Locomotion_1,X10,55.145,0.0
Locomotion_1,X10,55.293,0.0
Locomotion_1,X10,55.441,0.0
Locomotion_1,X10,55.588,0.0
Locomotion_1,X10,55.736,0.0
Locomotion_1,X10,55.884,0.0
Locomotion_1,X10,56.032,0.0
Locomotion_1,X10,56.179,0.0
Locomotion_1,X10,56.327,0.0
Locomotion_1,X10,56.475,0.0
Locomotion_1,X10,56.622,0.0
Locomotion_1,X10,56.77,0.0
Locomotion_1,X10,56.918,0.0
Locomotion_1,X10,57.065,0.0
Locomotion_1,X10,57.213,0.0
Locomotion_1,X10,57.361,0.0
Locomotion_1,X10,57.509,0.0
Locomotion_1,X10,57.656,0.0
Locomotion_1,X10,57.804,0.0
Locomotion_1,X10,57.952,0.0
Locomotion_1,X10,58.099,0.0
Locomotion_1,X10,58.247,0.0
Locomotion_1,X10,58.395,0.0
Locomotion_1,X10,58.543,0.0
Locomotion_1,X10,58.69,0.0
Locomotion_1,X10,58.838,0.0
Locomotion_1,X10,58.986,0.0
Locomotion_1,X10,59.133,0.0
Locomotion_1,X10,59.281,0.0
Locomotion_1,X10,59.429,0.0
Locomotion_1,X10,59.577,0.0
Locomotion_1,X10,59.724,0.0
Locomotion_1,X10,59.872,0.0
Locomotion_1,X10,60.02,0.0
Locomotion_1,X10,60.167,0.0
Locomotion_1,X10,60.315,0.0
Locomotion_1,X10,60.463,0.0
Locomotion_1,X10,60.611,0.0
Locomotion_1,X10,60.758,0.0
Locomotion_1,X10,60.906,0.0
Locomotion_1,X10,61.054,0.0
Locomotion_1,X10,61.201,0.0
Locomotion_1,X10,61.349,0.0
Locomotion_1,X10,61.497,0.0
Locomotion_1,X10,61.644,0.0
Locomotion_1,X10,61.792,0.0
Locomotion_1,X10,61.94,0.0
Locomotion_1,X10,62.088,0.0
Locomotion_1,X10,62.235,0.0
Locomotion_1,X10,62.383,0.0
Locomotion_1,X10,62.531,0.0
Locomotion_1,X10,62.678,0.0
Locomotion_1,X10,62.826,0.0
Locomotion_1,X10,62.974,0.0
Locomotion_1,X10,63.122,0.0
Locomotion_1,X10,63.269,0.0
Locomotion_1,X10,63.417,0.0
Locomotion_1,X10,63.565,0.0
Locomotion_1,X10,63.712,0.0
Locomotion_1,X10,63.86,0.0
Locomotion_1,X10,64.008,0.0
Locomotion_1,X10,64.156,0.0
Locomotion_1,X10,64.303,0.0
Locomotion_1,X10,64.451,0.0
Locomotion_1,X10,64.599,0.0
Locomotion_1,X10,64.746,0.0
Locomotion_1,X10,64.894,0.0
Locomotion_1,X10,65.042,0.0
Locomotion_1,X10,65.19,0.0
Locomotion_1,X10,65.337,0.0
Locomotion_1,X10,65.485,0.0
Locomotion_1,X10,65.633,0.0
Locomotion_1,X10,65.78,0.0
Locomotion_1,X10,65.928,0.0
Locomotion_1,X10,66.076,0.0
Locomotion_1,X10,66.224,0.0
Locomotion_1,X10,66.371,0.0
Locomotion_1,X10,66.519,0.0
Locomotion_1,X10,66.667,0.0
Locomotion_1,X10,66.814,0.0
Locomotion_1,X10,66.962,0.0
Locomotion_1,X10,67.11,0.0
Locomotion_1,X10,67.257,0.0
Locomotion_1,X10,67.405,0.0
Locomotion_1,X10,67.553,0.0
Locomotion_1,X10,67.701,0.0
Locomotion_1,X10,67.848,0.0
Locomotion_1,X10,67.996,0.0
Locomotion_1,X10,68.144,0.0
Locomotion_1,X10,68.291,0.0
Locomotion_1,X10,68.439,0.0
Locomotion_1,X10,68.587,0.0
Locomotion_1,X10,68.735,0.0
Locomotion_1,X10,68.882,0.0
Locomotion_1,X10,69.03,0.0
Locomotion_1,X10,69.178,0.0
Locomotion_1,X10,69.325,0.0
Locomotion_1,X10,69.473,0.0
Locomotion_1,X10,69.621,0.0
Locomotion_1,X10,69.769,0.0
Locomotion_1,X10,69.916,0.0
Locomotion_1,X10,70.064,0.0
Locomotion_1,X10,70.212,0.0
Locomotion_1,X10,70.359,0.0
Locomotion_1,X10,70.507,0.0
Locomotion_1,X10,70.655,0.0
Locomotion_1,X10,70.803,0.0
Locomotion_1,X10,70.95,0.0
Locomotion_1,X10,71.098,0.0
Locomotion_1,X10,71.246,0.0
Locomotion_1,X10,71.393,0.0
Locomotion_1,X10,71.541,0.0
Locomotion_1,X10,71.689,0.0
Locomotion_1,X10,71.836,0.0
Locomotion_1,X10,71.984,0.0
Locomotion_1,X10,72.132,0.0
Locomotion_1,X10,72.28,0.0
Locomotion_1,X10,72.427,0.0
Locomotion_1,X10,72.575,0.0
Locomotion_1,X10,72.723,0.0
Locomotion_1,X10,72.87,0.0
Locomotion_1,X10,73.018,0.0
Locomotion_1,X10,73.166,0.0
Locomotion_1,X10,73.314,0.0
Locomotion_1,X10,73.461,0.0
Locomotion_1,X10,73.609,0.0
Locomotion_1,X10,73.757,0.0
Locomotion_1,X10,73.904,0.0
Locomotion_1,X10,74.052,0.0
Locomotion_1,X10,74.2,0.0
Locomotion_1,X10,74.348,0.0
Locomotion_1,X10,74.495,0.0
Locomotion_1,X10,74.643,0.0
Locomotion_1,X10,74.791,0.0
Locomotion_1,X10,74.938,0.0
Locomotion_1,X10,75.086,0.0
Locomotion_1,X10,75.234,0.0
Locomotion_1,X10,75.382,0.0
Locomotion_1,X10,75.529,0.0
Locomotion_1,X10,75.677,0.0
Locomotion_1,X10,75.825,0.0
Locomotion_1,X10,75.972,0.0
Locomotion_1,X10,76.12,0.0
Locomotion_1,X10,76.268,0.0
Locomotion_1,X10,76.416,0.0
Locomotion_1,X10,76.563,0.0
Locomotion_1,X10,76.711,0.0
Locomotion_1,X10,76.859,0.0
Locomotion_1,X10,77.006,0.0
Locomotion_1,X10,77.154,0.0
Locomotion_1,X10,77.302,0.0
Locomotion_1,X10,77.449,0.0
Locomotion_1,X10,77.597,0.0
Locomotion_1,X10,77.745,0.0
Locomotion_1,X10,77.893,0.0
Locomotion_1,X10,78.04,0.0
Locomotion_1,X10,78.188,0.0
Locomotion_1,X10,78.336,0.0
Locomotion_1,X10,78.483,0.0
Locomotion_1,X10,78.631,0.0
Locomotion_1,X10,78.779,0.0
Locomotion_1,X10,78.927,0.0
Locomotion_1,X10,79.074,0.0
Locomotion_1,X10,79.222,0.0
Locomotion_1,X10,79.37,0.0
Locomotion_1,X10,79.517,0.0
Locomotion_1,X10,79.665,0.0
Locomotion_1,X10,79.813,0.0
Locomotion_1,X10,79.961,0.0
Locomotion_1,X10,80.108,0.0
Locomotion_1,X10,80.256,0.0
Locomotion_1,X10,80.404,0.0
Locomotion_1,X10,80.551,0.0
Locomotion_1,X10,80.699,0.0
Locomotion_1,X10,80.847,0.0
Locomotion_1,X10,80.995,0.0
Locomotion_1,X10,81.142,0.0
Locomotion_1,X10,81.29,0.0
Locomotion_1,X10,81.438,0.0
Locomotion_1,X10,81.585,0.0
Locomotion_1,X10,81.733,0.0
Locomotion_1,X10,81.881,0.0
Locomotion_1,X10,82.029,0.0
Locomotion_1,X10,82.176,0.0
Locomotion_1,X10,82.324,0.0
Locomotion_1,X10,82.472,0.0
Locomotion_1,X10,82.619,0.0
Locomotion_1,X10,82.767,0.0
Locomotion_1,X10,82.915,0.0
Locomotion_1,X10,83.062,0.0
Locomotion_1,X10,83.21,0.0
Locomotion_1,X10,83.358,0.0
Locomotion_1,X10,83.506,0.0
Locomotion_1,X10,83.653,0.0
Locomotion_1,X10,83.801,0.0
Locomotion_1,X10,83.949,0.0
Locomotion_1,X10,84.096,0.0
Locomotion_1,X10,84.244,0.0
Locomotion_1,X10,84.392,0.0
Locomotion_1,X10,84.54,0.0
Locomotion_1,X10,84.687,0.0
Locomotion_1,X10,84.835,0.0
Locomotion_1,X10,84.983,0.0
Locomotion_1,X10,85.13,0.0
Locomotion_1,X10,85.278,0.0
Locomotion_1,X10,85.426,0.0
Locomotion_1,X10,85.574,0.0
Locomotion_1,X10,85.721,0.0
Locomotion_1,X10,85.869,0.0
Locomotion_1,X10,86.017,0.0
Locomotion_1,X10,86.164,0.0
Locomotion_1,X10,86.312,0.0
Locomotion_1,X10,86.46,0.0
Locomotion_1,X10,86.608,0.0
Locomotion_1,X10,86.755,0.0
Locomotion_1,X10,86.903,0.0
Locomotion_1,X10,87.051,0.0
Locomotion_1,X10,87.198,0.0
Locomotion_1,X10,87.346,0.0
Locomotion_1,X10,87.494,0.0
Locomotion_1,X10,87.641,0.0
Locomotion_1,X10,87.789,0.0
Locomotion_1,X10,87.937,0.0
Locomotion_1,X10,88.085,0.0
Locomotion_1,X10,88.232,0.0
Locomotion_1,X10,88.38,0.0
Locomotion_1,X10,88.528,0.0
Locomotion_1,X10,88.675,0.0
Locomotion_1,X10,88.823,0.0
Locomotion_1,X10,88.971,0.0
Locomotion_1,X10,89.119,0.0
Locomotion_1,X10,89.266,0.0
Locomotion_1,X10,89.414,0.0
Locomotion_1,X10,89.562,0.0
Locomotion_1,X10,89.709,0.0
Locomotion_1,X10,89.857,0.0
Locomotion_1,X10,90.005,0.0
Locomotion_1,X10,90.153,0.0
Locomotion_1,X10,90.3,0.0
Locomotion_1,X10,90.448,0.0
Locomotion_1,X10,90.596,0.0
Locomotion_1,X10,90.743,0.0
Locomotion_1,X10,90.891,0.0
Locomotion_1,X10,91.039,0.0
Locomotion_1,X10,91.187,0.0
Locomotion_1,X10,91.334,0.0
Locomotion_1,X10,91.482,0.0
Locomotion_1,X10,91.63,0.0
Locomotion_1,X10,91.777,0.0
Locomotion_1,X10,91.925,0.0
Locomotion_1,X10,92.073,0.0
Locomotion_1,X10,92.221,0.0
Locomotion_1,X10,92.368,0.0
Locomotion_1,X10,92.516,0.0
Locomotion_1,X10,92.664,0.0
Locomotion_1,X10,92.811,0.0
Locomotion_1,X10,92.959,0.0
Locomotion_1,X10,93.107,0.0
Locomotion_1,X10,93.254,0.0
Locomotion_1,X10,93.402,0.0
Locomotion_1,X10,93.55,0.0
Locomotion_1,X10,93.698,0.0
Locomotion_1,X10,93.845,0.0
Locomotion_1,X10,93.993,0.0
Locomotion_1,X10,94.141,0.0
Locomotion_1,X10,94.288,0.0
Locomotion_1,X10,94.436,0.0
Locomotion_1,X10,94.584,0.0
Locomotion_1,X10,94.732,0.0
Locomotion_1,X10,94.879,0.0
Locomotion_1,X10,95.027,0.0
Locomotion_1,X10,95.175,0.0
Locomotion_1,X10,95.322,0.0
Locomotion_1,X10,95.47,0.0
Locomotion_1,X10,95.618,0.0
Locomotion_1,X10,95.766,0.0
Locomotion_1,X10,95.913,0.0
Locomotion_1,X10,96.061,0.0
Locomotion_1,X10,96.209,0.0
Locomotion_1,X10,96.356,0.0
Locomotion_1,X10,96.504,0.0
Locomotion_1,X10,96.652,0.0
Locomotion_1,X10,96.8,0.0
Locomotion_1,X10,96.947,0.0
Locomotion_1,X10,97.095,0.0
Locomotion_1,X10,97.243,0.0
Locomotion_1,X10,97.39,0.0
Locomotion_1,X10,97.538,0.0
Locomotion_1,X10,97.686,0.0
Locomotion_1,X10,97.834,0.0
Locomotion_1,X10,97.981,0.0
Locomotion_1,X10,98.129,0.0
Locomotion_1,X10,98.277,0.0
Locomotion_1,X10,98.424,0.0
Locomotion_1,X10,98.572,0.0
Locomotion_1,X10,98.72,0.0
Locomotion_1,X10,98.867,0.0
Locomotion_1,X10,99.015,0.0
Locomotion_1,X10,99.163,0.0
Locomotion_1,X10,99.311,0.0
Locomotion_1,X10,99.458,0.0
Locomotion_1,X10,99.606,0.0
Locomotion_1,X10,99.754,0.0
Locomotion_1,X10,99.901,0.0
Locomotion_1,X10,100.049,0.0
Locomotion_1,X10,100.197,0.0
Locomotion_1,X10,100.345,0.0
Locomotion_1,X10,100.492,0.0
Locomotion_1,X10,100.64,0.0
Locomotion_1,X10,100.788,0.0
Locomotion_1,X10,100.935,0.0
Locomotion_1,X10,101.083,0.0
Locomotion_1,X10,101.231,0.0
Locomotion_1,X10,101.379,0.0
Locomotion_1,X10,101.526,0.0
Locomotion_1,X10,101.674,0.0
Locomotion_1,X10,101.822,0.0
Locomotion_1,X10,101.969,0.0
Locomotion_1,X10,102.117,0.0
Locomotion_1,X10,102.265,0.0
Locomotion_1,X10,102.413,0.0
Locomotion_1,X10,102.56,0.0
Locomotion_1,X10,102.708,0.0
Locomotion_1,X10,102.856,0.0
Locomotion_1,X10,103.003,0.0
Locomotion_1,X10,103.151,0.0
Locomotion_1,X10,103.299,0.0
Locomotion_1,X10,103.446,0.0
Locomotion_1,X10,103.594,0.0
Locomotion_1,X10,103.742,0.0
Locomotion_1,X10,103.89,0.0
Locomotion_1,X10,104.037,0.0
Locomotion_1,X10,104.185,0.0
Locomotion_1,X10,104.333,0.0
Locomotion_1,X10,104.48,0.0
Locomotion_1,X10,104.628,0.0
Locomotion_1,X10,104.776,0.0
Locomotion_1,X10,104.924,0.0
Locomotion_1,X10,105.071,0.0
Locomotion_1,X10,105.219,0.0
Locomotion_1,X10,105.367,0.0
Locomotion_1,X10,105.514,0.0
Locomotion_1,X10,105.662,0.0
Locomotion_1,X10,105.81,0.0
Locomotion_1,X10,105.958,0.0
Locomotion_1,X10,106.105,0.0
Locomotion_1,X10,106.253,0.0
Locomotion_1,X10,106.401,0.0
Locomotion_1,X10,106.548,0.0
Locomotion_1,X10,106.696,0.0
Locomotion_1,X10,106.844,0.0
Locomotion_1,X10,106.992,0.0
Locomotion_1,X10,107.139,0.0
Locomotion_1,X10,107.287,0.0
Locomotion_1,X10,107.435,0.0
Locomotion_1,X10,107.582,0.0
Locomotion_1,X10,107.73,0.0549
Locomotion_1,X10,107.878,0.9725
Locomotion_1,X11,0.049,1.0
Locomotion_1,X11,0.197,0.0549
Locomotion_1,X11,0.345,0.0
Locomotion_1,X11,0.492,0.0
Locomotion_1,X11,0.64,0.0
Locomotion_1,X11,0.788,0.0
Locomotion_1,X11,0.936,0.0
Locomotion_1,X11,1.083,0.0
Locomotion_1,X11,1.231,0.0
Locomotion_1,X11,1.379,0.0
Locomotion_1,X11,1.526,0.0
Locomotion_1,X11,1.674,0.0
Locomotion_1,X11,1.822,0.0
Locomotion_1,X11,1.97,0.0
Locomotion_1,X11,2.117,0.0
Locomotion_1,X11,2.265,0.0
Locomotion_1,X11,2.413,0.0
Locomotion_1,X11,2.56,0.0
Locomotion_1,X11,2.708,0.0
Locomotion_1,X11,2.856,0.0
Locomotion_1,X11,3.004,0.0
Locomotion_1,X11,3.151,0.0
Locomotion_1,X11,3.299,0.0
Locomotion_1,X11,3.447,0.0
Locomotion_1,X11,3.594,0.0
Locomotion_1,X11,3.742,0.0
Locomotion_1,X11,3.89,0.0
Locomotion_1,X11,4.037,0.0
Locomotion_1,X11,4.185,0.0
Locomotion_1,X11,4.333,0.0
Locomotion_1,X11,4.481,0.0
Locomotion_1,X11,4.628,0.0
Locomotion_1,X11,4.776,0.0
Locomotion_1,X11,4.924,0.0
Locomotion_1,X11,5.071,0.0
Locomotion_1,X11,5.219,0.0
Locomotion_1,X11,5.367,0.0
Locomotion_1,X11,5.515,0.0
Locomotion_1,X11,5.662,0.0
Locomotion_1,X11,5.81,0.0
Locomotion_1,X11,5.958,0.0
Locomotion_1,X11,6.105,0.0
Locomotion_1,X11,6.253,0.0
Locomotion_1,X11,6.401,0.0
Locomotion_1,X11,6.549,0.0
Locomotion_1,X11,6.696,0.0
Locomotion_1,X11,6.844,0.0
Locomotion_1,X11,6.992,0.0
Locomotion_1,X11,7.139,0.0
Locomotion_1,X11,7.287,0.0
Locomotion_1,X11,7.435,0.0
Locomotion_1,X11,7.583,0.0
Locomotion_1,X11,7.73,0.0
Locomotion_1,X11,7.878,0.0
Locomotion_1,X11,8.026,0.0
Locomotion_1,X11,8.173,0.0
Locomotion_1,X11,8.321,0.0
Locomotion_1,X11,8.469,0.0
Locomotion_1,X11,8.617,0.0
Locomotion_1,X11,8.764,0.0
Locomotion_1,X11,8.912,0.0
Locomotion_1,X11,9.06,0.0
Locomotion_1,X11,9.207,0.0
Locomotion_1,X11,9.355,0.0
Locomotion_1,X11,9.503,0.0
Locomotion_1,X11,9.65,0.0
Locomotion_1,X11,9.798,0.0
Locomotion_1,X11,9.946,0.0
Locomotion_1,X11,10.094,0.0
Locomotion_1,X11,10.241,0.0
Locomotion_1,X11,10.389,0.0
Locomotion_1,X11,10.537,0.0
Locomotion_1,X11,10.684,0.0
Locomotion_1,X11,10.832,0.0
Locomotion_1,X11,10.98,0.0
Locomotion_1,X11,11.128,0.0
Locomotion_1,X11,11.275,0.0
Locomotion_1,X11,11.423,0.0
Locomotion_1,X11,11.571,0.0
Locomotion_1,X11,11.718,0.0
Locomotion_1,X11,11.866,0.0
Locomotion_1,X11,12.014,0.0
Locomotion_1,X11,12.162,0.0
Locomotion_1,X11,12.309,0.0
Locomotion_1,X11,12.457,0.0
Locomotion_1,X11,12.605,0.0
Locomotion_1,X11,12.752,0.0
Locomotion_1,X11,12.9,0.0
Locomotion_1,X11,13.048,0.0
Locomotion_1,X11,13.196,0.0
Locomotion_1,X11,13.343,0.0
Locomotion_1,X11,13.491,0.0
Locomotion_1,X11,13.639,0.0
Locomotion_1,X11,13.786,0.0
Locomotion_1,X11,13.934,0.0
Locomotion_1,X11,14.082,0.0
Locomotion_1,X11,14.23,0.0
Locomotion_1,X11,14.377,0.0
Locomotion_1,X11,14.525,0.0
Locomotion_1,X11,14.673,0.0
Locomotion_1,X11,14.82,0.0
Locomotion_1,X11,14.968,0.0
Locomotion_1,X11,15.116,0.0
Locomotion_1,X11,15.263,0.0
Locomotion_1,X11,15.411,0.0
Locomotion_1,X11,15.559,0.0
Locomotion_1,X11,15.707,0.0
Locomotion_1,X11,15.854,0.0
Locomotion_1,X11,16.002,0.0
Locomotion_1,X11,16.15,0.0
Locomotion_1,X11,16.297,0.0
Locomotion_1,X11,16.445,0.0
Locomotion_1,X11,16.593,0.0
Locomotion_1,X11,16.741,0.0
Locomotion_1,X11,16.888,0.0
Locomotion_1,X11,17.036,0.0
Locomotion_1,X11,17.184,0.0
Locomotion_1,X11,17.331,0.0
Locomotion_1,X11,17.479,0.0
Locomotion_1,X11,17.627,0.0
Locomotion_1,X11,17.775,0.0
Locomotion_1,X11,17.922,0.0
Locomotion_1,X11,18.07,0.0
Locomotion_1,X11,18.218,0.0
Locomotion_1,X11,18.365,0.0
Locomotion_1,X11,18.513,0.0
Locomotion_1,X11,18.661,0.0
Locomotion_1,X11,18.809,0.0
Locomotion_1,X11,18.956,0.0
Locomotion_1,X11,19.104,0.0
Locomotion_1,X11,19.252,0.0
Locomotion_1,X11,19.399,0.0
Locomotion_1,X11,19.547,0.0
Locomotion_1,X11,19.695,0.0
Locomotion_1,X11,19.842,0.0
Locomotion_1,X11,19.99,0.0
Locomotion_1,X11,20.138,0.0
Locomotion_1,X11,20.286,0.0
Locomotion_1,X11,20.433,0.0
Locomotion_1,X11,20.581,0.0
Locomotion_1,X11,20.729,0.0
Locomotion_1,X11,20.876,0.0
Locomotion_1,X11,21.024,0.0
Locomotion_1,X11,21.172,0.0
Locomotion_1,X11,21.32,0.0
Locomotion_1,X11,21.467,0.0
Locomotion_1,X11,21.615,0.0
Locomotion_1,X11,21.763,0.0
Locomotion_1,X11,21.91,0.0
Locomotion_1,X11,22.058,0.0
Locomotion_1,X11,22.206,0.0
Locomotion_1,X11,22.354,0.0
Locomotion_1,X11,22.501,0.0
Locomotion_1,X11,22.649,0.0
Locomotion_1,X11,22.797,0.0
Locomotion_1,X11,22.944,0.0
Locomotion_1,X11,23.092,0.0
Locomotion_1,X11,23.24,0.0
Locomotion_1,X11,23.388,0.0
Locomotion_1,X11,23.535,0.0
Locomotion_1,X11,23.683,0.0
Locomotion_1,X11,23.831,0.0
Locomotion_1,X11,23.978,0.0
Locomotion_1,X11,24.126,0.0
Locomotion_1,X11,24.274,0.0
Locomotion_1,X11,24.422,0.0
Locomotion_1,X11,24.569,0.0
Locomotion_1,X11,24.717,0.0
Locomotion_1,X11,24.865,0.0
Locomotion_1,X11,25.012,0.0
Locomotion_1,X11,25.16,0.0
Locomotion_1,X11,25.308,0.0
Locomotion_1,X11,25.455,0.0
Locomotion_1,X11,25.603,0.0
Locomotion_1,X11,25.751,0.0
Locomotion_1,X11,25.899,0.0
Locomotion_1,X11,26.046,0.0
Locomotion_1,X11,26.194,0.0
Locomotion_1,X11,26.342,0.0
Locomotion_1,X11,26.489,0.0
Locomotion_1,X11,26.637,0.0
Locomotion_1,X11,26.785,0.0
Locomotion_1,X11,26.933,0.0
Locomotion_1,X11,27.08,0.0
Locomotion_1,X11,27.228,0.0
Locomotion_1,X11,27.376,0.0
Locomotion_1,X11,27.523,0.0
Locomotion_1,X11,27.671,0.0
Locomotion_1,X11,27.819,0.0
Locomotion_1,X11,27.967,0.0
Locomotion_1,X11,28.114,0.0
Locomotion_1,X11,28.262,0.0
Locomotion_1,X11,28.41,0.0
Locomotion_1,X11,28.557,0.0
Locomotion_1,X11,28.705,0.0
Locomotion_1,X11,28.853,0.0
Locomotion_1,X11,29.001,0.0
Locomotion_1,X11,29.148,0.0
Locomotion_1,X11,29.296,0.0
Locomotion_1,X11,29.444,0.0
Locomotion_1,X11,29.591,0.0
Locomotion_1,X11,29.739,0.0
Locomotion_1,X11,29.887,0.0
Locomotion_1,X11,30.034,0.0
Locomotion_1,X11,30.182,0.0
Locomotion_1,X11,30.33,0.0
Locomotion_1,X11,30.478,0.0
Locomotion_1,X11,30.625,0.0
Locomotion_1,X11,30.773,0.0
Locomotion_1,X11,30.921,0.0
Locomotion_1,X11,31.068,0.0
Locomotion_1,X11,31.216,0.0
Locomotion_1,X11,31.364,0.0
Locomotion_1,X11,31.512,0.0
Locomotion_1,X11,31.659,0.0
Locomotion_1,X11,31.807,0.0
Locomotion_1,X11,31.955,0.0
Locomotion_1,X11,32.102,0.0
Locomotion_1,X11,32.25,0.0
Locomotion_1,X11,32.398,0.0
Locomotion_1,X11,32.546,0.0
Locomotion_1,X11,32.693,0.0
Locomotion_1,X11,32.841,0.0
Locomotion_1,X11,32.989,0.0
Locomotion_1,X11,33.136,0.0
Locomotion_1,X11,33.284,0.0
Locomotion_1,X11,33.432,0.0
Locomotion_1,X11,33.58,0.0
Locomotion_1,X11,33.727,0.0
Locomotion_1,X11,33.875,0.0
Locomotion_1,X11,34.023,0.0
Locomotion_1,X11,34.17,0.0
Locomotion_1,X11,34.318,0.0
Locomotion_1,X11,34.466,0.0
Locomotion_1,X11,34.614,0.0
Locomotion_1,X11,34.761,0.0
Locomotion_1,X11,34.909,0.0
Locomotion_1,X11,35.057,0.0
Locomotion_1,X11,35.204,0.0
Locomotion_1,X11,35.352,0.0
Locomotion_1,X11,35.5,0.0
Locomotion_1,X11,35.647,0.0
Locomotion_1,X11,35.795,0.0
Locomotion_1,X11,35.943,0.0
Locomotion_1,X11,36.091,0.0
Locomotion_1,X11,36.238,0.0
Locomotion_1,X11,36.386,0.0
Locomotion_1,X11,36.534,0.0
Locomotion_1,X11,36.681,0.0
Locomotion_1,X11,36.829,0.0
Locomotion_1,X11,36.977,0.0
Locomotion_1,X11,37.125,0.0
Locomotion_1,X11,37.272,0.0
Locomotion_1,X11,37.42,0.0
Locomotion_1,X11,37.568,0.0
Locomotion_1,X11,37.715,0.0
Locomotion_1,X11,37.863,0.0
Locomotion_1,X11,38.011,0.0
Locomotion_1,X11,38.159,0.0
Locomotion_1,X11,38.306,0.0
Locomotion_1,X11,38.454,0.0
Locomotion_1,X11,38.602,0.0
Locomotion_1,X11,38.749,0.0
Locomotion_1,X11,38.897,0.0
Locomotion_1,X11,39.045,0.0
Locomotion_1,X11,39.193,0.0
Locomotion_1,X11,39.34,0.0
Locomotion_1,X11,39.488,0.0
Locomotion_1,X11,39.636,0.0
Locomotion_1,X11,39.783,0.0
Locomotion_1,X11,39.931,0.0
Locomotion_1,X11,40.079,0.0
Locomotion_1,X11,40.227,0.0
Locomotion_1,X11,40.374,0.0
Locomotion_1,X11,40.522,0.0
Locomotion_1,X11,40.67,0.0
Locomotion_1,X11,40.817,0.0
Locomotion_1,X11,40.965,0.0
Locomotion_1,X11,41.113,0.0
Locomotion_1,X11,41.26,0.0
Locomotion_1,X11,41.408,0.0
Locomotion_1,X11,41.556,0.0
Locomotion_1,X11,41.704,0.0
Locomotion_1,X11,41.851,0.0
Locomotion_1,X11,41.999,0.0
Locomotion_1,X11,42.147,0.0
Locomotion_1,X11,42.294,0.0
Locomotion_1,X11,42.442,0.0
Locomotion_1,X11,42.59,0.0
Locomotion_1,X11,42.738,0.0
Locomotion_1,X11,42.885,0.0
Locomotion_1,X11,43.033,0.0
Locomotion_1,X11,43.181,0.0
Locomotion_1,X11,43.328,0.0
Locomotion_1,X11,43.476,0.0
Locomotion_1,X11,43.624,0.0
Locomotion_1,X11,43.772,0.0
Locomotion_1,X11,43.919,0.0
Locomotion_1,X11,44.067,0.0
Locomotion_1,X11,44.215,0.0
Locomotion_1,X11,44.362,0.0
Locomotion_1,X11,44.51,0.0
Locomotion_1,X11,44.658,0.0
Locomotion_1,X11,44.806,0.0
Locomotion_1,X11,44.953,0.0
Locomotion_1,X11,45.101,0.0
Locomotion_1,X11,45.249,0.0
Locomotion_1,X11,45.396,0.0
Locomotion_1,X11,45.544,0.0
Locomotion_1,X11,45.692,0.0
Locomotion_1,X11,45.839,0.0
Locomotion_1,X11,45.987,0.0
Locomotion_1,X11,46.135,0.0
Locomotion_1,X11,46.283,0.0
Locomotion_1,X11,46.43,0.0
Locomotion_1,X11,46.578,0.0
Locomotion_1,X11,46.726,0.0
Locomotion_1,X11,46.873,0.0
Locomotion_1,X11,47.021,0.0
Locomotion_1,X11,47.169,0.0
Locomotion_1,X11,47.317,0.0
Locomotion_1,X11,47.464,0.0
Locomotion_1,X11,47.612,0.0
Locomotion_1,X11,47.76,0.0
Locomotion_1,X11,47.907,0.0
Locomotion_1,X11,48.055,0.0
Locomotion_1,X11,48.203,0.0
Locomotion_1,X11,48.351,0.0
Locomotion_1,X11,48.498,0.0
Locomotion_1,X11,48.646,0.0
Locomotion_1,X11,48.794,0.0
Locomotion_1,X11,48.941,0.0
Locomotion_1,X11,49.089,0.0
Locomotion_1,X11,49.237,0.0
Locomotion_1,X11,49.385,0.0
Locomotion_1,X11,49.532,0.0
Locomotion_1,X11,49.68,0.0
Locomotion_1,X11,49.828,0.0
Locomotion_1,X11,49.975,0.0
Locomotion_1,X11,50.123,0.0
Locomotion_1,X11,50.271,0.0
Locomotion_1,X11,50.419,0.0
Locomotion_1,X11,50.566,0.0
Locomotion_1,X11,50.714,0.0
Locomotion_1,X11,50.862,0.0
Locomotion_1,X11,51.009,0.0
Locomotion_1,X11,51.157,0.0
Locomotion_1,X11,51.305,0.0
Locomotion_1,X11,51.452,0.0
Locomotion_1,X11,51.6,0.0
Locomotion_1,X11,51.748,0.0
Locomotion_1,X11,51.896,0.0
Locomotion_1,X11,52.043,0.0
Locomotion_1,X11,52.191,0.0
Locomotion_1,X11,52.339,0.0
Locomotion_1,X11,52.486,0.0
Locomotion_1,X11,52.634,0.0
Locomotion_1,X11,52.782,0.0
Locomotion_1,X11,52.93,0.0
Locomotion_1,X11,53.077,0.0
Locomotion_1,X11,53.225,0.0
Locomotion_1,X11,53.373,0.0
Locomotion_1,X11,53.52,0.0
Locomotion_1,X11,53.668,0.0
Locomotion_1,X11,53.816,0.0
Locomotion_1,X11,53.964,0.0
Locomotion_1,X11,54.111,0.0
Locomotion_1,X11,54.259,0.0
Locomotion_1,X11,54.407,0.0
Locomotion_1,X11,54.554,0.0
Locomotion_1,X11,54.702,0.0
Locomotion_1,X11,54.85,0.0
Locomotion_1,X11,54.998,0.0
Locomotion_1,X11,55.145,0.0
Locomotion_1,X11,55.293,0.0
Locomotion_1,X11,55.441,0.0
Locomotion_1,X11,55.588,0.0
Locomotion_1,X11,55.736,0.0
Locomotion_1,X11,55.884,0.0
Locomotion_1,X11,56.032,0.0
Locomotion_1,X11,56.179,0.0
Locomotion_1,X11,56.327,0.0
Locomotion_1,X11,56.475,0.0
Locomotion_1,X11,56.622,0.0
Locomotion_1,X11,56.77,0.0
Locomotion_1,X11,56.918,0.0
Locomotion_1,X11,57.065,0.0
Locomotion_1,X11,57.213,0.0
Locomotion_1,X11,57.361,0.0
Locomotion_1,X11,57.509,0.0
Locomotion_1,X11,57.656,0.0
Locomotion_1,X11,57.804,0.0
Locomotion_1,X11,57.952,0.0
Locomotion_1,X11,58.099,0.0
Locomotion_1,X11,58.247,0.0
Locomotion_1,X11,58.395,0.0
Locomotion_1,X11,58.543,0.0
Locomotion_1,X11,58.69,0.0
Locomotion_1,X11,58.838,0.0
Locomotion_1,X11,58.986,0.0
Locomotion_1,X11,59.133,0.0
Locomotion_1,X11,59.281,0.0
Locomotion_1,X11,59.429,0.0
Locomotion_1,X11,59.577,0.0
Locomotion_1,X11,59.724,0.0
Locomotion_1,X11,59.872,0.0
Locomotion_1,X11,60.02,0.0
Locomotion_1,X11,60.167,0.0
Locomotion_1,X11,60.315,0.0
Locomotion_1,X11,60.463,0.0
Locomotion_1,X11,60.611,0.0
Locomotion_1,X11,60.758,0.0
Locomotion_1,X11,60.906,0.0
Locomotion_1,X11,61.054,0.0
Locomotion_1,X11,61.201,0.0
Locomotion_1,X11,61.349,0.0
Locomotion_1,X11,61.497,0.0
Locomotion_1,X11,61.644,0.0
Locomotion_1,X11,61.792,0.0
Locomotion_1,X11,61.94,0.0
Locomotion_1,X11,62.088,0.0
Locomotion_1,X11,62.235,0.0
Locomotion_1,X11,62.383,0.0
Locomotion_1,X11,62.531,0.0
Locomotion_1,X11,62.678,0.0
Locomotion_1,X11,62.826,0.0
Locomotion_1,X11,62.974,0.0
Locomotion_1,X11,63.122,0.0
Locomotion_1,X11,63.269,0.0
Locomotion_1,X11,63.417,0.0
Locomotion_1,X11,63.565,0.0
Locomotion_1,X11,63.712,0.0
Locomotion_1,X11,63.86,0.0
Locomotion_1,X11,64.008,0.0
Locomotion_1,X11,64.156,0.0
Locomotion_1,X11,64.303,0.0
Locomotion_1,X11,64.451,0.0
Locomotion_1,X11,64.599,0.0
Locomotion_1,X11,64.746,0.0
Locomotion_1,X11,64.894,0.0
Locomotion_1,X11,65.042,0.0
Locomotion_1,X11,65.19,0.0
Locomotion_1,X11,65.337,0.0
Locomotion_1,X11,65.485,0.0
Locomotion_1,X11,65.633,0.0
Locomotion_1,X11,65.78,0.0
Locomotion_1,X11,65.928,0.0
Locomotion_1,X11,66.076,0.0
Locomotion_1,X11,66.224,0.0
Locomotion_1,X11,66.371,0.0
Locomotion_1,X11,66.519,0.0
Locomotion_1,X11,66.667,0.0
Locomotion_1,X11,66.814,0.0
Locomotion_1,X11,66.962,0.0
Locomotion_1,X11,67.11,0.0
Locomotion_1,X11,67.257,0.0
Locomotion_1,X11,67.405,0.0
Locomotion_1,X11,67.553,0.0
Locomotion_1,X11,67.701,0.0
Locomotion_1,X11,67.848,0.0
Locomotion_1,X11,67.996,0.0
Locomotion_1,X11,68.144,0.0
Locomotion_1,X11,68.291,0.0
Locomotion_1,X11,68.439,0.0
Locomotion_1,X11,68.587,0.0
Locomotion_1,X11,68.735,0.0
Locomotion_1,X11,68.882,0.0
Locomotion_1,X11,69.03,0.0
Locomotion_1,X11,69.178,0.0
Locomotion_1,X11,69.325,0.0
Locomotion_1,X11,69.473,0.0
Locomotion_1,X11,69.621,0.0
Locomotion_1,X11,69.769,0.0
Locomotion_1,X11,69.916,0.0
Locomotion_1,X11,70.064,0.0
Locomotion_1,X11,70.212,0.0
Locomotion_1,X11,70.359,0.0
Locomotion_1,X11,70.507,0.0
Locomotion_1,X11,70.655,0.0
Locomotion_1,X11,70.803,0.0
Locomotion_1,X11,70.95,0.0
Locomotion_1,X11,71.098,0.0
Locomotion_1,X11,71.246,0.0
Locomotion_1,X11,71.393,0.0
Locomotion_1,X11,71.541,0.0
Locomotion_1,X11,71.689,0.0
Locomotion_1,X11,71.836,0.0
Locomotion_1,X11,71.984,0.0
Locomotion_1,X11,72.132,0.0
Locomotion_1,X11,72.28,0.0
Locomotion_1,X11,72.427,0.0
Locomotion_1,X11,72.575,0.0
Locomotion_1,X11,72.723,0.0
Locomotion_1,X11,72.87,0.0
Locomotion_1,X11,73.018,0.0
Locomotion_1,X11,73.166,0.0
Locomotion_1,X11,73.314,0.0
Locomotion_1,X11,73.461,0.0
Locomotion_1,X11,73.609,0.0
Locomotion_1,X11,73.757,0.0
Locomotion_1,X11,73.904,0.0
Locomotion_1,X11,74.052,0.0
Locomotion_1,X11,74.2,0.0
Locomotion_1,X11,74.348,0.0
Locomotion_1,X11,74.495,0.0
Locomotion_1,X11,74.643,0.0
Locomotion_1,X11,74.791,0.0
Locomotion_1,X11,74.938,0.0
Locomotion_1,X11,75.086,0.0
Locomotion_1,X11,75.234,0.0
Locomotion_1,X11,75.382,0.0
Locomotion_1,X11,75.529,0.0
Locomotion_1,X11,75.677,0.0
Locomotion_1,X11,75.825,0.0
Locomotion_1,X11,75.972,0.0
Locomotion_1,X11,76.12,0.0
Locomotion_1,X11,76.268,0.0
Locomotion_1,X11,76.416,0.0
Locomotion_1,X11,76.563,0.0
Locomotion_1,X11,76.711,0.0
Locomotion_1,X11,76.859,0.0
Locomotion_1,X11,77.006,0.0
Locomotion_1,X11,77.154,0.0
Locomotion_1,X11,77.302,0.0
Locomotion_1,X11,77.449,0.0
Locomotion_1,X11,77.597,0.0
Locomotion_1,X11,77.745,0.0
Locomotion_1,X11,77.893,0.0
Locomotion_1,X11,78.04,0.0
Locomotion_1,X11,78.188,0.0
Locomotion_1,X11,78.336,0.0
Locomotion_1,X11,78.483,0.0
Locomotion_1,X11,78.631,0.0
Locomotion_1,X11,78.779,0.0
Locomotion_1,X11,78.927,0.0
Locomotion_1,X11,79.074,0.0
Locomotion_1,X11,79.222,0.0
Locomotion_1,X11,79.37,0.0
Locomotion_1,X11,79.517,0.0
Locomotion_1,X11,79.665,0.0
Locomotion_1,X11,79.813,0.0
Locomotion_1,X11,79.961,0.0
Locomotion_1,X11,80.108,0.0
Locomotion_1,X11,80.256,0.0
Locomotion_1,X11,80.404,0.0
Locomotion_1,X11,80.551,0.0
Locomotion_1,X11,80.699,0.0
Locomotion_1,X11,80.847,0.0
Locomotion_1,X11,80.995,0.0
Locomotion_1,X11,81.142,0.0
Locomotion_1,X11,81.29,0.0
Locomotion_1,X11,81.438,0.0
Locomotion_1,X11,81.585,0.0
Locomotion_1,X11,81.733,0.0
Locomotion_1,X11,81.881,0.0
Locomotion_1,X11,82.029,0.0
Locomotion_1,X11,82.176,0.0
Locomotion_1,X11,82.324,0.0
Locomotion_1,X11,82.472,0.0
Locomotion_1,X11,82.619,0.0
Locomotion_1,X11,82.767,0.0
Locomotion_1,X11,82.915,0.0
Locomotion_1,X11,83.062,0.0
Locomotion_1,X11,83.21,0.0
Locomotion_1,X11,83.358,0.0
Locomotion_1,X11,83.506,0.0
Locomotion_1,X11,83.653,0.0
Locomotion_1,X11,83.801,0.0
Locomotion_1,X11,83.949,0.0
Locomotion_1,X11,84.096,0.0
Locomotion_1,X11,84.244,0.0
Locomotion_1,X11,84.392,0.0
Locomotion_1,X11,84.54,0.0
Locomotion_1,X11,84.687,0.0
Locomotion_1,X11,84.835,0.0
Locomotion_1,X11,84.983,0.0
Locomotion_1,X11,85.13,0.0
Locomotion_1,X11,85.278,0.0
Locomotion_1,X11,85.426,0.0
Locomotion_1,X11,85.574,0.0
Locomotion_1,X11,85.721,0.0
Locomotion_1,X11,85.869,0.0
Locomotion_1,X11,86.017,0.0
Locomotion_1,X11,86.164,0.0
Locomotion_1,X11,86.312,0.0
Locomotion_1,X11,86.46,0.0
Locomotion_1,X11,86.608,0.0
Locomotion_1,X11,86.755,0.0
Locomotion_1,X11,86.903,0.0
Locomotion_1,X11,87.051,0.0
Locomotion_1,X11,87.198,0.0
Locomotion_1,X11,87.346,0.0
Locomotion_1,X11,87.494,0.0
Locomotion_1,X11,87.641,0.0
Locomotion_1,X11,87.789,0.0
Locomotion_1,X11,87.937,0.0
Locomotion_1,X11,88.085,0.0
Locomotion_1,X11,88.232,0.0
Locomotion_1,X11,88.38,0.0
Locomotion_1,X11,88.528,0.0
Locomotion_1,X11,88.675,0.0
Locomotion_1,X11,88.823,0.0
Locomotion_1,X11,88.971,0.0
Locomotion_1,X11,89.119,0.0
Locomotion_1,X11,89.266,0.0
Locomotion_1,X11,89.414,0.0
Locomotion_1,X11,89.562,0.0
Locomotion_1,X11,89.709,0.0
Locomotion_1,X11,89.857,0.0
Locomotion_1,X11,90.005,0.0
Locomotion_1,X11,90.153,0.0
Locomotion_1,X11,90.3,0.0
Locomotion_1,X11,90.448,0.0
Locomotion_1,X11,90.596,0.0
Locomotion_1,X11,90.743,0.0
Locomotion_1,X11,90.891,0.0
Locomotion_1,X11,91.039,0.0
Locomotion_1,X11,91.187,0.0
Locomotion_1,X11,91.334,0.0
Locomotion_1,X11,91.482,0.0
Locomotion_1,X11,91.63,0.0
Locomotion_1,X11,91.777,0.0
Locomotion_1,X11,91.925,0.0
Locomotion_1,X11,92.073,0.0
Locomotion_1,X11,92.221,0.0
Locomotion_1,X11,92.368,0.0
Locomotion_1,X11,92.516,0.0
Locomotion_1,X11,92.664,0.0
Locomotion_1,X11,92.811,0.0
Locomotion_1,X11,92.959,0.0
Locomotion_1,X11,93.107,0.0
Locomotion_1,X11,93.254,0.0
Locomotion_1,X11,93.402,0.0
Locomotion_1,X11,93.55,0.0
Locomotion_1,X11,93.698,0.0
Locomotion_1,X11,93.845,0.0
Locomotion_1,X11,93.993,0.0
Locomotion_1,X11,94.141,0.0
Locomotion_1,X11,94.288,0.0
Locomotion_1,X11,94.436,0.0
Locomotion_1,X11,94.584,0.0
Locomotion_1,X11,94.732,0.0
Locomotion_1,X11,94.879,0.0
Locomotion_1,X11,95.027,0.0
Locomotion_1,X11,95.175,0.0
Locomotion_1,X11,95.322,0.0
Locomotion_1,X11,95.47,0.0
Locomotion_1,X11,95.618,0.0
Locomotion_1,X11,95.766,0.0
Locomotion_1,X11,95.913,0.0
Locomotion_1,X11,96.061,0.0
Locomotion_1,X11,96.209,0.0
Locomotion_1,X11,96.356,0.0
Locomotion_1,X11,96.504,0.0
Locomotion_1,X11,96.652,0.0
Locomotion_1,X11,96.8,0.0
Locomotion_1,X11,96.947,0.0
Locomotion_1,X11,97.095,0.0
Locomotion_1,X11,97.243,0.0
Locomotion_1,X11,97.39,0.0
Locomotion_1,X11,97.538,0.0
Locomotion_1,X11,97.686,0.0
Locomotion_1,X11,97.834,0.0
Locomotion_1,X11,97.981,0.0
Locomotion_1,X11,98.129,0.0
Locomotion_1,X11,98.277,0.0
Locomotion_1,X11,98.424,0.0
Locomotion_1,X11,98.572,0.0
Locomotion_1,X11,98.72,0.0
Locomotion_1,X11,98.867,0.0
Locomotion_1,X11,99.015,0.0
Locomotion_1,X11,99.163,0.0
Locomotion_1,X11,99.311,0.0
Locomotion_1,X11,99.458,0.0
Locomotion_1,X11,99.606,0.0
Locomotion_1,X11,99.754,0.0
Locomotion_1,X11,99.901,0.0
Locomotion_1,X11,100.049,0.0
Locomotion_1,X11,100.197,0.0
Locomotion_1,X11,100.345,0.0
Locomotion_1,X11,100.492,0.0
Locomotion_1,X11,100.64,0.0
Locomotion_1,X11,100.788,0.0
Locomotion_1,X11,100.935,0.0
Locomotion_1,X11,101.083,0.0
Locomotion_1,X11,101.231,0.0
Locomotion_1,X11,101.379,0.0
Locomotion_1,X11,101.526,0.0
Locomotion_1,X11,101.674,0.0
Locomotion_1,X11,101.822,0.0
Locomotion_1,X11,101.969,0.0
Locomotion_1,X11,102.117,0.0
Locomotion_1,X11,102.265,0.0
Locomotion_1,X11,102.413,0.0
Locomotion_1,X11,102.56,0.0
Locomotion_1,X11,102.708,0.0
Locomotion_1,X11,102.856,0.0
Locomotion_1,X11,103.003,0.0
Locomotion_1,X11,103.151,0.0
Locomotion_1,X11,103.299,0.0
Locomotion_1,X11,103.446,0.0
Locomotion_1,X11,103.594,0.0
Locomotion_1,X11,103.742,0.0
Locomotion_1,X11,103.89,0.0
Locomotion_1,X11,104.037,0.0
Locomotion_1,X11,104.185,0.0
Locomotion_1,X11,104.333,0.0
Locomotion_1,X11,104.48,0.0
Locomotion_1,X11,104.628,0.0
Locomotion_1,X11,104.776,0.0
Locomotion_1,X11,104.924,0.0
Locomotion_1,X11,105.071,0.0
Locomotion_1,X11,105.219,0.0
Locomotion_1,X11,105.367,0.0
Locomotion_1,X11,105.514,0.0
Locomotion_1,X11,105.662,0.0
Locomotion_1,X11,105.81,0.0
Locomotion_1,X11,105.958,0.0
Locomotion_1,X11,106.105,0.0
Locomotion_1,X11,106.253,0.0
Locomotion_1,X11,106.401,0.0
Locomotion_1,X11,106.548,0.0
Locomotion_1,X11,106.696,0.0
Locomotion_1,X11,106.844,0.0
Locomotion_1,X11,106.992,0.0
Locomotion_1,X11,107.139,0.0
Locomotion_1,X11,107.287,0.0
Locomotion_1,X11,107.435,0.0
Locomotion_1,X11,107.582,0.0
Locomotion_1,X11,107.73,0.0549
Locomotion_1,X11,107.878,0.9725
Locomotion_1,X12,0.049,1.0
Locomotion_1,X12,0.197,0.0549
Locomotion_1,X12,0.345,0.0
Locomotion_1,X12,0.492,0.0
Locomotion_1,X12,0.64,0.0
Locomotion_1,X12,0.788,0.0
Locomotion_1,X12,0.936,0.0
Locomotion_1,X12,1.083,0.0
Locomotion_1,X12,1.231,0.0
Locomotion_1,X12,1.379,0.0
Locomotion_1,X12,1.526,0.0
Locomotion_1,X12,1.674,0.0
Locomotion_1,X12,1.822,0.0
Locomotion_1,X12,1.97,0.0
Locomotion_1,X12,2.117,0.0
Locomotion_1,X12,2.265,0.0
Locomotion_1,X12,2.413,0.0
Locomotion_1,X12,2.56,0.0
Locomotion_1,X12,2.708,0.0
Locomotion_1,X12,2.856,0.0
Locomotion_1,X12,3.004,0.0
Locomotion_1,X12,3.151,0.0
Locomotion_1,X12,3.299,0.0
Locomotion_1,X12,3.447,0.0
Locomotion_1,X12,3.594,0.0
Locomotion_1,X12,3.742,0.0
Locomotion_1,X12,3.89,0.0
Locomotion_1,X12,4.037,0.0
Locomotion_1,X12,4.185,0.0
Locomotion_1,X12,4.333,0.0
Locomotion_1,X12,4.481,0.0
Locomotion_1,X12,4.628,0.0
Locomotion_1,X12,4.776,0.0
Locomotion_1,X12,4.924,0.0
Locomotion_1,X12,5.071,0.0
Locomotion_1,X12,5.219,0.0
Locomotion_1,X12,5.367,0.0
Locomotion_1,X12,5.515,0.0
Locomotion_1,X12,5.662,0.0
Locomotion_1,X12,5.81,0.0
Locomotion_1,X12,5.958,0.0
Locomotion_1,X12,6.105,0.0
Locomotion_1,X12,6.253,0.0
Locomotion_1,X12,6.401,0.0
Locomotion_1,X12,6.549,0.0
Locomotion_1,X12,6.696,0.0
Locomotion_1,X12,6.844,0.0
Locomotion_1,X12,6.992,0.0
Locomotion_1,X12,7.139,0.0
Locomotion_1,X12,7.287,0.0
Locomotion_1,X12,7.435,0.0
Locomotion_1,X12,7.583,0.0
Locomotion_1,X12,7.73,0.0
Locomotion_1,X12,7.878,0.0
Locomotion_1,X12,8.026,0.0
Locomotion_1,X12,8.173,0.0
Locomotion_1,X12,8.321,0.0
Locomotion_1,X12,8.469,0.0
Locomotion_1,X12,8.617,0.0
Locomotion_1,X12,8.764,0.0
Locomotion_1,X12,8.912,0.0
Locomotion_1,X12,9.06,0.0
Locomotion_1,X12,9.207,0.0
Locomotion_1,X12,9.355,0.0
Locomotion_1,X12,9.503,0.0
Locomotion_1,X12,9.65,0.0
Locomotion_1,X12,9.798,0.0
Locomotion_1,X12,9.946,0.0
Locomotion_1,X12,10.094,0.0
Locomotion_1,X12,10.241,0.0
Locomotion_1,X12,10.389,0.0
Locomotion_1,X12,10.537,0.0
Locomotion_1,X12,10.684,0.0
Locomotion_1,X12,10.832,0.0
Locomotion_1,X12,10.98,0.0
Locomotion_1,X12,11.128,0.0
Locomotion_1,X12,11.275,0.0
Locomotion_1,X12,11.423,0.0
Locomotion_1,X12,11.571,0.0
Locomotion_1,X12,11.718,0.0
Locomotion_1,X12,11.866,0.0
Locomotion_1,X12,12.014,0.0
Locomotion_1,X12,12.162,0.0
Locomotion_1,X12,12.309,0.0
Locomotion_1,X12,12.457,0.0
Locomotion_1,X12,12.605,0.0
Locomotion_1,X12,12.752,0.0
Locomotion_1,X12,12.9,0.0
Locomotion_1,X12,13.048,0.0
Locomotion_1,X12,13.196,0.0
Locomotion_1,X12,13.343,0.0
Locomotion_1,X12,13.491,0.0
Locomotion_1,X12,13.639,0.0
Locomotion_1,X12,13.786,0.0
Locomotion_1,X12,13.934,0.0
Locomotion_1,X12,14.082,0.0
Locomotion_1,X12,14.23,0.0
Locomotion_1,X12,14.377,0.0
Locomotion_1,X12,14.525,0.0
Locomotion_1,X12,14.673,0.0
Locomotion_1,X12,14.82,0.0
Locomotion_1,X12,14.968,0.0
Locomotion_1,X12,15.116,0.0
Locomotion_1,X12,15.263,0.0
Locomotion_1,X12,15.411,0.0
Locomotion_1,X12,15.559,0.0
Locomotion_1,X12,15.707,0.0
Locomotion_1,X12,15.854,0.0
Locomotion_1,X12,16.002,0.0
Locomotion_1,X12,16.15,0.0
Locomotion_1,X12,16.297,0.0
Locomotion_1,X12,16.445,0.0
Locomotion_1,X12,16.593,0.0
Locomotion_1,X12,16.741,0.0
Locomotion_1,X12,16.888,0.0
Locomotion_1,X12,17.036,0.0
Locomotion_1,X12,17.184,0.0
Locomotion_1,X12,17.331,0.0
Locomotion_1,X12,17.479,0.0
Locomotion_1,X12,17.627,0.0
Locomotion_1,X12,17.775,0.0
Locomotion_1,X12,17.922,0.0
Locomotion_1,X12,18.07,0.0
Locomotion_1,X12,18.218,0.0
Locomotion_1,X12,18.365,0.0
Locomotion_1,X12,18.513,0.0
Locomotion_1,X12,18.661,0.0
Locomotion_1,X12,18.809,0.0
Locomotion_1,X12,18.956,0.0
Locomotion_1,X12,19.104,0.0
Locomotion_1,X12,19.252,0.0
Locomotion_1,X12,19.399,0.0
Locomotion_1,X12,19.547,0.0
Locomotion_1,X12,19.695,0.0
Locomotion_1,X12,19.842,0.0
Locomotion_1,X12,19.99,0.0
Locomotion_1,X12,20.138,0.0
Locomotion_1,X12,20.286,0.0
Locomotion_1,X12,20.433,0.0
Locomotion_1,X12,20.581,0.0
Locomotion_1,X12,20.729,0.0
Locomotion_1,X12,20.876,0.0
Locomotion_1,X12,21.024,0.0
Locomotion_1,X12,21.172,0.0
Locomotion_1,X12,21.32,0.0
Locomotion_1,X12,21.467,0.0
Locomotion_1,X12,21.615,0.0
Locomotion_1,X12,21.763,0.0
Locomotion_1,X12,21.91,0.0
Locomotion_1,X12,22.058,0.0
Locomotion_1,X12,22.206,0.0
Locomotion_1,X12,22.354,0.0
Locomotion_1,X12,22.501,0.0
Locomotion_1,X12,22.649,0.0
Locomotion_1,X12,22.797,0.0
Locomotion_1,X12,22.944,0.0
Locomotion_1,X12,23.092,0.0
Locomotion_1,X12,23.24,0.0
Locomotion_1,X12,23.388,0.0
Locomotion_1,X12,23.535,0.0
Locomotion_1,X12,23.683,0.0
Locomotion_1,X12,23.831,0.0
Locomotion_1,X12,23.978,0.0
Locomotion_1,X12,24.126,0.0
Locomotion_1,X12,24.274,0.0
Locomotion_1,X12,24.422,0.0
Locomotion_1,X12,24.569,0.0
Locomotion_1,X12,24.717,0.0
Locomotion_1,X12,24.865,0.0
Locomotion_1,X12,25.012,0.0
Locomotion_1,X12,25.16,0.0
Locomotion_1,X12,25.308,0.0
Locomotion_1,X12,25.455,0.0
Locomotion_1,X12,25.603,0.0
Locomotion_1,X12,25.751,0.0
Locomotion_1,X12,25.899,0.0
Locomotion_1,X12,26.046,0.0
Locomotion_1,X12,26.194,0.0
Locomotion_1,X12,26.342,0.0
Locomotion_1,X12,26.489,0.0
Locomotion_1,X12,26.637,0.0
Locomotion_1,X12,26.785,0.0
Locomotion_1,X12,26.933,0.0
Locomotion_1,X12,27.08,0.0
Locomotion_1,X12,27.228,0.0
Locomotion_1,X12,27.376,0.0
Locomotion_1,X12,27.523,0.0
Locomotion_1,X12,27.671,0.0
Locomotion_1,X12,27.819,0.0
Locomotion_1,X12,27.967,0.0
Locomotion_1,X12,28.114,0.0
Locomotion_1,X12,28.262,0.0
Locomotion_1,X12,28.41,0.0
Locomotion_1,X12,28.557,0.0
Locomotion_1,X12,28.705,0.0
Locomotion_1,X12,28.853,0.0
Locomotion_1,X12,29.001,0.0
Locomotion_1,X12,29.148,0.0
Locomotion_1,X12,29.296,0.0
Locomotion_1,X12,29.444,0.0
Locomotion_1,X12,29.591,0.0
Locomotion_1,X12,29.739,0.0
Locomotion_1,X12,29.887,0.0
Locomotion_1,X12,30.034,0.0
Locomotion_1,X12,30.182,0.0
Locomotion_1,X12,30.33,0.0
Locomotion_1,X12,30.478,0.0
Locomotion_1,X12,30.625,0.0
Locomotion_1,X12,30.773,0.0
Locomotion_1,X12,30.921,0.0
Locomotion_1,X12,31.068,0.0
Locomotion_1,X12,31.216,0.0
Locomotion_1,X12,31.364,0.0
Locomotion_1,X12,31.512,0.0
Locomotion_1,X12,31.659,0.0
Locomotion_1,X12,31.807,0.0
Locomotion_1,X12,31.955,0.0
Locomotion_1,X12,32.102,0.0
Locomotion_1,X12,32.25,0.0
Locomotion_1,X12,32.398,0.0
Locomotion_1,X12,32.546,0.0
Locomotion_1,X12,32.693,0.0
Locomotion_1,X12,32.841,0.0
Locomotion_1,X12,32.989,0.0
Locomotion_1,X12,33.136,0.0
Locomotion_1,X12,33.284,0.0
Locomotion_1,X12,33.432,0.0
Locomotion_1,X12,33.58,0.0
Locomotion_1,X12,33.727,0.0
Locomotion_1,X12,33.875,0.0
Locomotion_1,X12,34.023,0.0
Locomotion_1,X12,34.17,0.0
Locomotion_1,X12,34.318,0.0
Locomotion_1,X12,34.466,0.0
Locomotion_1,X12,34.614,0.0
Locomotion_1,X12,34.761,0.0
Locomotion_1,X12,34.909,0.0
Locomotion_1,X12,35.057,0.0
Locomotion_1,X12,35.204,0.0
Locomotion_1,X12,35.352,0.0
Locomotion_1,X12,35.5,0.0
Locomotion_1,X12,35.647,0.0
Locomotion_1,X12,35.795,0.0
Locomotion_1,X12,35.943,0.0
Locomotion_1,X12,36.091,0.0
Locomotion_1,X12,36.238,0.0
Locomotion_1,X12,36.386,0.0
Locomotion_1,X12,36.534,0.0
Locomotion_1,X12,36.681,0.0
Locomotion_1,X12,36.829,0.0
Locomotion_1,X12,36.977,0.0
Locomotion_1,X12,37.125,0.0
Locomotion_1,X12,37.272,0.0
Locomotion_1,X12,37.42,0.0
Locomotion_1,X12,37.568,0.0
Locomotion_1,X12,37.715,0.0
Locomotion_1,X12,37.863,0.0
Locomotion_1,X12,38.011,0.0
Locomotion_1,X12,38.159,0.0
Locomotion_1,X12,38.306,0.0
Locomotion_1,X12,38.454,0.0
Locomotion_1,X12,38.602,0.0
Locomotion_1,X12,38.749,0.0
Locomotion_1,X12,38.897,0.0
Locomotion_1,X12,39.045,0.0
Locomotion_1,X12,39.193,0.0
Locomotion_1,X12,39.34,0.0
Locomotion_1,X12,39.488,0.0
Locomotion_1,X12,39.636,0.0
Locomotion_1,X12,39.783,0.0
Locomotion_1,X12,39.931,0.0
Locomotion_1,X12,40.079,0.0
Locomotion_1,X12,40.227,0.0
Locomotion_1,X12,40.374,0.0
Locomotion_1,X12,40.522,0.0
Locomotion_1,X12,40.67,0.0
Locomotion_1,X12,40.817,0.0
Locomotion_1,X12,40.965,0.0
Locomotion_1,X12,41.113,0.0
Locomotion_1,X12,41.26,0.0
Locomotion_1,X12,41.408,0.0
Locomotion_1,X12,41.556,0.0
Locomotion_1,X12,41.704,0.0
Locomotion_1,X12,41.851,0.0
Locomotion_1,X12,41.999,0.0
Locomotion_1,X12,42.147,0.0
Locomotion_1,X12,42.294,0.0
Locomotion_1,X12,42.442,0.0
Locomotion_1,X12,42.59,0.0
Locomotion_1,X12,42.738,0.0
Locomotion_1,X12,42.885,0.0
Locomotion_1,X12,43.033,0.0
Locomotion_1,X12,43.181,0.0
Locomotion_1,X12,43.328,0.0
Locomotion_1,X12,43.476,0.0
Locomotion_1,X12,43.624,0.0
Locomotion_1,X12,43.772,0.0
Locomotion_1,X12,43.919,0.0
Locomotion_1,X12,44.067,0.0
Locomotion_1,X12,44.215,0.0
Locomotion_1,X12,44.362,0.0
Locomotion_1,X12,44.51,0.0
Locomotion_1,X12,44.658,0.0
Locomotion_1,X12,44.806,0.0
Locomotion_1,X12,44.953,0.0
Locomotion_1,X12,45.101,0.0
Locomotion_1,X12,45.249,0.0
Locomotion_1,X12,45.396,0.0
Locomotion_1,X12,45.544,0.0
Locomotion_1,X12,45.692,0.0
Locomotion_1,X12,45.839,0.0
Locomotion_1,X12,45.987,0.0
Locomotion_1,X12,46.135,0.0
Locomotion_1,X12,46.283,0.0
Locomotion_1,X12,46.43,0.0
Locomotion_1,X12,46.578,0.0
Locomotion_1,X12,46.726,0.0
Locomotion_1,X12,46.873,0.0
Locomotion_1,X12,47.021,0.0
Locomotion_1,X12,47.169,0.0
Locomotion_1,X12,47.317,0.0
Locomotion_1,X12,47.464,0.0
Locomotion_1,X12,47.612,0.0
Locomotion_1,X12,47.76,0.0
Locomotion_1,X12,47.907,0.0
Locomotion_1,X12,48.055,0.0
Locomotion_1,X12,48.203,0.0
Locomotion_1,X12,48.351,0.0
Locomotion_1,X12,48.498,0.0
Locomotion_1,X12,48.646,0.0
Locomotion_1,X12,48.794,0.0
Locomotion_1,X12,48.941,0.0
Locomotion_1,X12,49.089,0.0
Locomotion_1,X12,49.237,0.0
Locomotion_1,X12,49.385,0.0
Locomotion_1,X12,49.532,0.0
Locomotion_1,X12,49.68,0.0
Locomotion_1,X12,49.828,0.0
Locomotion_1,X12,49.975,0.0
Locomotion_1,X12,50.123,0.0
Locomotion_1,X12,50.271,0.0
Locomotion_1,X12,50.419,0.0
Locomotion_1,X12,50.566,0.0
Locomotion_1,X12,50.714,0.0
Locomotion_1,X12,50.862,0.0
Locomotion_1,X12,51.009,0.0
Locomotion_1,X12,51.157,0.0
Locomotion_1,X12,51.305,0.0
Locomotion_1,X12,51.452,0.0
Locomotion_1,X12,51.6,0.0
Locomotion_1,X12,51.748,0.0
Locomotion_1,X12,51.896,0.0
Locomotion_1,X12,52.043,0.0
Locomotion_1,X12,52.191,0.0
Locomotion_1,X12,52.339,0.0
Locomotion_1,X12,52.486,0.0
Locomotion_1,X12,52.634,0.0
Locomotion_1,X12,52.782,0.0
Locomotion_1,X12,52.93,0.0
Locomotion_1,X12,53.077,0.0
Locomotion_1,X12,53.225,0.0
Locomotion_1,X12,53.373,0.0
Locomotion_1,X12,53.52,0.0
Locomotion_1,X12,53.668,0.0
Locomotion_1,X12,53.816,0.0
Locomotion_1,X12,53.964,0.0
Locomotion_1,X12,54.111,0.0
Locomotion_1,X12,54.259,0.0
Locomotion_1,X12,54.407,0.0
Locomotion_1,X12,54.554,0.0
Locomotion_1,X12,54.702,0.0
Locomotion_1,X12,54.85,0.0
Locomotion_1,X12,54.998,0.0
Locomotion_1,X12,55.145,0.0
Locomotion_1,X12,55.293,0.0
Locomotion_1,X12,55.441,0.0
Locomotion_1,X12,55.588,0.0
Locomotion_1,X12,55.736,0.0
Locomotion_1,X12,55.884,0.0
Locomotion_1,X12,56.032,0.0
Locomotion_1,X12,56.179,0.0
Locomotion_1,X12,56.327,0.0
Locomotion_1,X12,56.475,0.0
Locomotion_1,X12,56.622,0.0
Locomotion_1,X12,56.77,0.0
Locomotion_1,X12,56.918,0.0
Locomotion_1,X12,57.065,0.0
Locomotion_1,X12,57.213,0.0
Locomotion_1,X12,57.361,0.0
Locomotion_1,X12,57.509,0.0
Locomotion_1,X12,57.656,0.0
Locomotion_1,X12,57.804,0.0
Locomotion_1,X12,57.952,0.0
Locomotion_1,X12,58.099,0.0
Locomotion_1,X12,58.247,0.0
Locomotion_1,X12,58.395,0.0
Locomotion_1,X12,58.543,0.0
Locomotion_1,X12,58.69,0.0
Locomotion_1,X12,58.838,0.0
Locomotion_1,X12,58.986,0.0
Locomotion_1,X12,59.133,0.0
Locomotion_1,X12,59.281,0.0
Locomotion_1,X12,59.429,0.0
Locomotion_1,X12,59.577,0.0
Locomotion_1,X12,59.724,0.0
Locomotion_1,X12,59.872,0.0
Locomotion_1,X12,60.02,0.0
Locomotion_1,X12,60.167,0.0
Locomotion_1,X12,60.315,0.0
Locomotion_1,X12,60.463,0.0
Locomotion_1,X12,60.611,0.0
Locomotion_1,X12,60.758,0.0
Locomotion_1,X12,60.906,0.0
Locomotion_1,X12,61.054,0.0
Locomotion_1,X12,61.201,0.0
Locomotion_1,X12,61.349,0.0
Locomotion_1,X12,61.497,0.0
Locomotion_1,X12,61.644,0.0
Locomotion_1,X12,61.792,0.0
Locomotion_1,X12,61.94,0.0
Locomotion_1,X12,62.088,0.0
Locomotion_1,X12,62.235,0.0
Locomotion_1,X12,62.383,0.0
Locomotion_1,X12,62.531,0.0
Locomotion_1,X12,62.678,0.0
Locomotion_1,X12,62.826,0.0
Locomotion_1,X12,62.974,0.0
Locomotion_1,X12,63.122,0.0
Locomotion_1,X12,63.269,0.0
Locomotion_1,X12,63.417,0.0
Locomotion_1,X12,63.565,0.0
Locomotion_1,X12,63.712,0.0
Locomotion_1,X12,63.86,0.0
Locomotion_1,X12,64.008,0.0
Locomotion_1,X12,64.156,0.0
Locomotion_1,X12,64.303,0.0
Locomotion_1,X12,64.451,0.0
Locomotion_1,X12,64.599,0.0
Locomotion_1,X12,64.746,0.0
Locomotion_1,X12,64.894,0.0
Locomotion_1,X12,65.042,0.0
Locomotion_1,X12,65.19,0.0
Locomotion_1,X12,65.337,0.0
Locomotion_1,X12,65.485,0.0
Locomotion_1,X12,65.633,0.0
Locomotion_1,X12,65.78,0.0
Locomotion_1,X12,65.928,0.0
Locomotion_1,X12,66.076,0.0
Locomotion_1,X12,66.224,0.0
Locomotion_1,X12,66.371,0.0
Locomotion_1,X12,66.519,0.0
Locomotion_1,X12,66.667,0.0
Locomotion_1,X12,66.814,0.0
Locomotion_1,X12,66.962,0.0
Locomotion_1,X12,67.11,0.0
Locomotion_1,X12,67.257,0.0
Locomotion_1,X12,67.405,0.0
Locomotion_1,X12,67.553,0.0
Locomotion_1,X12,67.701,0.0
Locomotion_1,X12,67.848,0.0
Locomotion_1,X12,67.996,0.0
Locomotion_1,X12,68.144,0.0
Locomotion_1,X12,68.291,0.0
Locomotion_1,X12,68.439,0.0
Locomotion_1,X12,68.587,0.0
Locomotion_1,X12,68.735,0.0
Locomotion_1,X12,68.882,0.0
Locomotion_1,X12,69.03,0.0
Locomotion_1,X12,69.178,0.0
Locomotion_1,X12,69.325,0.0
Locomotion_1,X12,69.473,0.0
Locomotion_1,X12,69.621,0.0
Locomotion_1,X12,69.769,0.0
Locomotion_1,X12,69.916,0.0
Locomotion_1,X12,70.064,0.0
Locomotion_1,X12,70.212,0.0
Locomotion_1,X12,70.359,0.0
Locomotion_1,X12,70.507,0.0
Locomotion_1,X12,70.655,0.0
Locomotion_1,X12,70.803,0.0
Locomotion_1,X12,70.95,0.0
Locomotion_1,X12,71.098,0.0
Locomotion_1,X12,71.246,0.0
Locomotion_1,X12,71.393,0.0
Locomotion_1,X12,71.541,0.0
Locomotion_1,X12,71.689,0.0
Locomotion_1,X12,71.836,0.0
Locomotion_1,X12,71.984,0.0
Locomotion_1,X12,72.132,0.0
Locomotion_1,X12,72.28,0.0
Locomotion_1,X12,72.427,0.0
Locomotion_1,X12,72.575,0.0
Locomotion_1,X12,72.723,0.0
Locomotion_1,X12,72.87,0.0
Locomotion_1,X12,73.018,0.0
Locomotion_1,X12,73.166,0.0
Locomotion_1,X12,73.314,0.0
Locomotion_1,X12,73.461,0.0
Locomotion_1,X12,73.609,0.0
Locomotion_1,X12,73.757,0.0
Locomotion_1,X12,73.904,0.0
Locomotion_1,X12,74.052,0.0
Locomotion_1,X12,74.2,0.0
Locomotion_1,X12,74.348,0.0
Locomotion_1,X12,74.495,0.0
Locomotion_1,X12,74.643,0.0
Locomotion_1,X12,74.791,0.0
Locomotion_1,X12,74.938,0.0
Locomotion_1,X12,75.086,0.0
Locomotion_1,X12,75.234,0.0
Locomotion_1,X12,75.382,0.0
Locomotion_1,X12,75.529,0.0
Locomotion_1,X12,75.677,0.0
Locomotion_1,X12,75.825,0.0
Locomotion_1,X12,75.972,0.0
Locomotion_1,X12,76.12,0.0
Locomotion_1,X12,76.268,0.0
Locomotion_1,X12,76.416,0.0
Locomotion_1,X12,76.563,0.0
Locomotion_1,X12,76.711,0.0
Locomotion_1,X12,76.859,0.0
Locomotion_1,X12,77.006,0.0
Locomotion_1,X12,77.154,0.0
Locomotion_1,X12,77.302,0.0
Locomotion_1,X12,77.449,0.0
Locomotion_1,X12,77.597,0.0
Locomotion_1,X12,77.745,0.0
Locomotion_1,X12,77.893,0.0
Locomotion_1,X12,78.04,0.0
Locomotion_1,X12,78.188,0.0
Locomotion_1,X12,78.336,0.0
Locomotion_1,X12,78.483,0.0
Locomotion_1,X12,78.631,0.0
Locomotion_1,X12,78.779,0.0
Locomotion_1,X12,78.927,0.0
Locomotion_1,X12,79.074,0.0
Locomotion_1,X12,79.222,0.0
Locomotion_1,X12,79.37,0.0
Locomotion_1,X12,79.517,0.0
Locomotion_1,X12,79.665,0.0
Locomotion_1,X12,79.813,0.0
Locomotion_1,X12,79.961,0.0
Locomotion_1,X12,80.108,0.0
Locomotion_1,X12,80.256,0.0
Locomotion_1,X12,80.404,0.0
Locomotion_1,X12,80.551,0.0
Locomotion_1,X12,80.699,0.0
Locomotion_1,X12,80.847,0.0
Locomotion_1,X12,80.995,0.0
Locomotion_1,X12,81.142,0.0
Locomotion_1,X12,81.29,0.0
Locomotion_1,X12,81.438,0.0
Locomotion_1,X12,81.585,0.0
Locomotion_1,X12,81.733,0.0
Locomotion_1,X12,81.881,0.0
Locomotion_1,X12,82.029,0.0
Locomotion_1,X12,82.176,0.0
Locomotion_1,X12,82.324,0.0
Locomotion_1,X12,82.472,0.0
Locomotion_1,X12,82.619,0.0
Locomotion_1,X12,82.767,0.0
Locomotion_1,X12,82.915,0.0
Locomotion_1,X12,83.062,0.0
Locomotion_1,X12,83.21,0.0
Locomotion_1,X12,83.358,0.0
Locomotion_1,X12,83.506,0.0
Locomotion_1,X12,83.653,0.0
Locomotion_1,X12,83.801,0.0
Locomotion_1,X12,83.949,0.0
Locomotion_1,X12,84.096,0.0
Locomotion_1,X12,84.244,0.0
Locomotion_1,X12,84.392,0.0
Locomotion_1,X12,84.54,0.0
Locomotion_1,X12,84.687,0.0
Locomotion_1,X12,84.835,0.0
Locomotion_1,X12,84.983,0.0
Locomotion_1,X12,85.13,0.0
Locomotion_1,X12,85.278,0.0
Locomotion_1,X12,85.426,0.0
Locomotion_1,X12,85.574,0.0
Locomotion_1,X12,85.721,0.0
Locomotion_1,X12,85.869,0.0
Locomotion_1,X12,86.017,0.0
Locomotion_1,X12,86.164,0.0
Locomotion_1,X12,86.312,0.0
Locomotion_1,X12,86.46,0.0
Locomotion_1,X12,86.608,0.0
Locomotion_1,X12,86.755,0.0
Locomotion_1,X12,86.903,0.0
Locomotion_1,X12,87.051,0.0
Locomotion_1,X12,87.198,0.0
Locomotion_1,X12,87.346,0.0
Locomotion_1,X12,87.494,0.0
Locomotion_1,X12,87.641,0.0
Locomotion_1,X12,87.789,0.0
Locomotion_1,X12,87.937,0.0
Locomotion_1,X12,88.085,0.0
Locomotion_1,X12,88.232,0.0
Locomotion_1,X12,88.38,0.0
Locomotion_1,X12,88.528,0.0
Locomotion_1,X12,88.675,0.0
Locomotion_1,X12,88.823,0.0
Locomotion_1,X12,88.971,0.0
Locomotion_1,X12,89.119,0.0
Locomotion_1,X12,89.266,0.0
Locomotion_1,X12,89.414,0.0
Locomotion_1,X12,89.562,0.0
Locomotion_1,X12,89.709,0.0
Locomotion_1,X12,89.857,0.0
Locomotion_1,X12,90.005,0.0
Locomotion_1,X12,90.153,0.0
Locomotion_1,X12,90.3,0.0
Locomotion_1,X12,90.448,0.0
Locomotion_1,X12,90.596,0.0
Locomotion_1,X12,90.743,0.0
Locomotion_1,X12,90.891,0.0
Locomotion_1,X12,91.039,0.0
Locomotion_1,X12,91.187,0.0
Locomotion_1,X12,91.334,0.0
Locomotion_1,X12,91.482,0.0
Locomotion_1,X12,91.63,0.0
Locomotion_1,X12,91.777,0.0
Locomotion_1,X12,91.925,0.0
Locomotion_1,X12,92.073,0.0
Locomotion_1,X12,92.221,0.0
Locomotion_1,X12,92.368,0.0
Locomotion_1,X12,92.516,0.0
Locomotion_1,X12,92.664,0.0
Locomotion_1,X12,92.811,0.0
Locomotion_1,X12,92.959,0.0
Locomotion_1,X12,93.107,0.0
Locomotion_1,X12,93.254,0.0
Locomotion_1,X12,93.402,0.0
Locomotion_1,X12,93.55,0.0
Locomotion_1,X12,93.698,0.0
Locomotion_1,X12,93.845,0.0
Locomotion_1,X12,93.993,0.0
Locomotion_1,X12,94.141,0.0
Locomotion_1,X12,94.288,0.0
Locomotion_1,X12,94.436,0.0
Locomotion_1,X12,94.584,0.0
Locomotion_1,X12,94.732,0.0
Locomotion_1,X12,94.879,0.0
Locomotion_1,X12,95.027,0.0
Locomotion_1,X12,95.175,0.0
Locomotion_1,X12,95.322,0.0
Locomotion_1,X12,95.47,0.0
Locomotion_1,X12,95.618,0.0
Locomotion_1,X12,95.766,0.0
Locomotion_1,X12,95.913,0.0
Locomotion_1,X12,96.061,0.0
Locomotion_1,X12,96.209,0.0
Locomotion_1,X12,96.356,0.0
Locomotion_1,X12,96.504,0.0
Locomotion_1,X12,96.652,0.0
Locomotion_1,X12,96.8,0.0
Locomotion_1,X12,96.947,0.0
Locomotion_1,X12,97.095,0.0
Locomotion_1,X12,97.243,0.0
Locomotion_1,X12,97.39,0.0
Locomotion_1,X12,97.538,0.0
Locomotion_1,X12,97.686,0.0
Locomotion_1,X12,97.834,0.0
Locomotion_1,X12,97.981,0.0
Locomotion_1,X12,98.129,0.0
Locomotion_1,X12,98.277,0.0
Locomotion_1,X12,98.424,0.0
Locomotion_1,X12,98.572,0.0
Locomotion_1,X12,98.72,0.0
Locomotion_1,X12,98.867,0.0
Locomotion_1,X12,99.015,0.0
Locomotion_1,X12,99.163,0.0
Locomotion_1,X12,99.311,0.0
Locomotion_1,X12,99.458,0.0
Locomotion_1,X12,99.606,0.0
Locomotion_1,X12,99.754,0.0
Locomotion_1,X12,99.901,0.0
Locomotion_1,X12,100.049,0.0
Locomotion_1,X12,100.197,0.0
Locomotion_1,X12,100.345,0.0
Locomotion_1,X12,100.492,0.0
Locomotion_1,X12,100.64,0.0
Locomotion_1,X12,100.788,0.0
Locomotion_1,X12,100.935,0.0
Locomotion_1,X12,101.083,0.0
Locomotion_1,X12,101.231,0.0
Locomotion_1,X12,101.379,0.0
Locomotion_1,X12,101.526,0.0
Locomotion_1,X12,101.674,0.0
Locomotion_1,X12,101.822,0.0
Locomotion_1,X12,101.969,0.0
Locomotion_1,X12,102.117,0.0
Locomotion_1,X12,102.265,0.0
Locomotion_1,X12,102.413,0.0
Locomotion_1,X12,102.56,0.0
Locomotion_1,X12,102.708,0.0
Locomotion_1,X12,102.856,0.0
Locomotion_1,X12,103.003,0.0
Locomotion_1,X12,103.151,0.0
Locomotion_1,X12,103.299,0.0
Locomotion_1,X12,103.446,0.0
Locomotion_1,X12,103.594,0.0
Locomotion_1,X12,103.742,0.0
Locomotion_1,X12,103.89,0.0
Locomotion_1,X12,104.037,0.0
Locomotion_1,X12,104.185,0.0
Locomotion_1,X12,104.333,0.0
Locomotion_1,X12,104.48,0.0
Locomotion_1,X12,104.628,0.0
Locomotion_1,X12,104.776,0.0
Locomotion_1,X12,104.924,0.0
Locomotion_1,X12,105.071,0.0
Locomotion_1,X12,105.219,0.0
Locomotion_1,X12,105.367,0.0
Locomotion_1,X12,105.514,0.0
Locomotion_1,X12,105.662,0.0
Locomotion_1,X12,105.81,0.0
Locomotion_1,X12,105.958,0.0
Locomotion_1,X12,106.105,0.0
Locomotion_1,X12,106.253,0.0
Locomotion_1,X12,106.401,0.0
Locomotion_1,X12,106.548,0.0
Locomotion_1,X12,106.696,0.0
Locomotion_1,X12,106.844,0.0
Locomotion_1,X12,106.992,0.0
Locomotion_1,X12,107.139,0.0
Locomotion_1,X12,107.287,0.0
Locomotion_1,X12,107.435,0.0
Locomotion_1,X12,107.582,0.0
Locomotion_1,X12,107.73,0.0549
Locomotion_1,X12,107.878,0.9725
Locomotion_1,X13,0.049,1.0
Locomotion_1,X13,0.197,1.0
Locomotion_1,X13,0.345,1.0
Locomotion_1,X13,0.492,1.0
Locomotion_1,X13,0.64,1.0
Locomotion_1,X13,0.788,1.0
Locomotion_1,X13,0.936,1.0
Locomotion_1,X13,1.083,1.0
Locomotion_1,X13,1.231,1.0
Locomotion_1,X13,1.379,1.0
Locomotion_1,X13,1.526,1.0
Locomotion_1,X13,1.674,1.0
Locomotion_1,X13,1.822,1.0
Locomotion_1,X13,1.97,1.0
Locomotion_1,X13,2.117,1.0
Locomotion_1,X13,2.265,1.0
Locomotion_1,X13,2.413,1.0
Locomotion_1,X13,2.56,1.0
Locomotion_1,X13,2.708,1.0
Locomotion_1,X13,2.856,1.0
Locomotion_1,X13,3.004,1.0
Locomotion_1,X13,3.151,1.0
Locomotion_1,X13,3.299,1.0
Locomotion_1,X13,3.447,1.0
Locomotion_1,X13,3.594,1.0
Locomotion_1,X13,3.742,1.0
Locomotion_1,X13,3.89,1.0
Locomotion_1,X13,4.037,1.0
Locomotion_1,X13,4.185,1.0
Locomotion_1,X13,4.333,1.0
Locomotion_1,X13,4.481,1.0
Locomotion_1,X13,4.628,1.0
Locomotion_1,X13,4.776,1.0
Locomotion_1,X13,4.924,1.0
Locomotion_1,X13,5.071,1.0
Locomotion_1,X13,5.219,1.0
Locomotion_1,X13,5.367,1.0
Locomotion_1,X13,5.515,1.0
Locomotion_1,X13,5.662,1.0
Locomotion_1,X13,5.81,1.0
Locomotion_1,X13,5.958,1.0
Locomotion_1,X13,6.105,1.0
Locomotion_1,X13,6.253,1.0
Locomotion_1,X13,6.401,1.0
Locomotion_1,X13,6.549,1.0
Locomotion_1,X13,6.696,1.0
Locomotion_1,X13,6.844,1.0
Locomotion_1,X13,6.992,1.0
Locomotion_1,X13,7.139,1.0
Locomotion_1,X13,7.287,1.0
Locomotion_1,X13,7.435,1.0
Locomotion_1,X13,7.583,1.0
Locomotion_1,X13,7.73,1.0
Locomotion_1,X13,7.878,1.0
Locomotion_1,X13,8.026,1.0
Locomotion_1,X13,8.173,1.0
Locomotion_1,X13,8.321,1.0
Locomotion_1,X13,8.469,1.0
Locomotion_1,X13,8.617,1.0
Locomotion_1,X13,8.764,1.0
Locomotion_1,X13,8.912,1.0
Locomotion_1,X13,9.06,1.0
Locomotion_1,X13,9.207,1.0
Locomotion_1,X13,9.355,1.0
Locomotion_1,X13,9.503,1.0
Locomotion_1,X13,9.65,1.0
Locomotion_1,X13,9.798,1.0
Locomotion_1,X13,9.946,1.0
Locomotion_1,X13,10.094,1.0
Locomotion_1,X13,10.241,1.0
Locomotion_1,X13,10.389,1.0
Locomotion_1,X13,10.537,1.0
Locomotion_1,X13,10.684,1.0
Locomotion_1,X13,10.832,1.0
Locomotion_1,X13,10.98,1.0
Locomotion_1,X13,11.128,1.0
Locomotion_1,X13,11.275,1.0
Locomotion_1,X13,11.423,1.0
Locomotion_1,X13,11.571,1.0
Locomotion_1,X13,11.718,1.0
Locomotion_1,X13,11.866,1.0
Locomotion_1,X13,12.014,1.0
Locomotion_1,X13,12.162,1.0
Locomotion_1,X13,12.309,1.0
Locomotion_1,X13,12.457,1.0
Locomotion_1,X13,12.605,1.0
Locomotion_1,X13,12.752,1.0
Locomotion_1,X13,12.9,1.0
Locomotion_1,X13,13.048,1.0
Locomotion_1,X13,13.196,1.0
Locomotion_1,X13,13.343,1.0
Locomotion_1,X13,13.491,1.0
Locomotion_1,X13,13.639,1.0
Locomotion_1,X13,13.786,1.0
Locomotion_1,X13,13.934,1.0
Locomotion_1,X13,14.082,1.0
Locomotion_1,X13,14.23,1.0
Locomotion_1,X13,14.377,1.0
Locomotion_1,X13,14.525,1.0
Locomotion_1,X13,14.673,1.0
Locomotion_1,X13,14.82,1.0
Locomotion_1,X13,14.968,1.0
Locomotion_1,X13,15.116,1.0
Locomotion_1,X13,15.263,1.0
Locomotion_1,X13,15.411,1.0
Locomotion_1,X13,15.559,1.0
Locomotion_1,X13,15.707,1.0
Locomotion_1,X13,15.854,1.0
Locomotion_1,X13,16.002,1.0
Locomotion_1,X13,16.15,1.0
Locomotion_1,X13,16.297,1.0
Locomotion_1,X13,16.445,1.0
Locomotion_1,X13,16.593,1.0
Locomotion_1,X13,16.741,1.0
Locomotion_1,X13,16.888,1.0
Locomotion_1,X13,17.036,1.0
Locomotion_1,X13,17.184,1.0
Locomotion_1,X13,17.331,1.0
Locomotion_1,X13,17.479,1.0
Locomotion_1,X13,17.627,1.0
Locomotion_1,X13,17.775,1.0
Locomotion_1,X13,17.922,1.0
Locomotion_1,X13,18.07,1.0
Locomotion_1,X13,18.218,1.0
Locomotion_1,X13,18.365,1.0
Locomotion_1,X13,18.513,1.0
Locomotion_1,X13,18.661,1.0
Locomotion_1,X13,18.809,1.0
Locomotion_1,X13,18.956,1.0
Locomotion_1,X13,19.104,1.0
Locomotion_1,X13,19.252,1.0
Locomotion_1,X13,19.399,1.0
Locomotion_1,X13,19.547,1.0
Locomotion_1,X13,19.695,1.0
Locomotion_1,X13,19.842,1.0
Locomotion_1,X13,19.99,1.0
Locomotion_1,X13,20.138,1.0
Locomotion_1,X13,20.286,1.0
Locomotion_1,X13,20.433,1.0
Locomotion_1,X13,20.581,1.0
Locomotion_1,X13,20.729,1.0
Locomotion_1,X13,20.876,1.0
Locomotion_1,X13,21.024,1.0
Locomotion_1,X13,21.172,1.0
Locomotion_1,X13,21.32,1.0
Locomotion_1,X13,21.467,1.0
Locomotion_1,X13,21.615,1.0
Locomotion_1,X13,21.763,1.0
Locomotion_1,X13,21.91,1.0
Locomotion_1,X13,22.058,1.0
Locomotion_1,X13,22.206,1.0
Locomotion_1,X13,22.354,1.0
Locomotion_1,X13,22.501,1.0
Locomotion_1,X13,22.649,1.0
Locomotion_1,X13,22.797,1.0
Locomotion_1,X13,22.944,1.0
Locomotion_1,X13,23.092,1.0
Locomotion_1,X13,23.24,1.0
Locomotion_1,X13,23.388,1.0
Locomotion_1,X13,23.535,1.0
Locomotion_1,X13,23.683,1.0
Locomotion_1,X13,23.831,1.0
Locomotion_1,X13,23.978,1.0
Locomotion_1,X13,24.126,1.0
Locomotion_1,X13,24.274,1.0
Locomotion_1,X13,24.422,1.0
Locomotion_1,X13,24.569,1.0
Locomotion_1,X13,24.717,1.0
Locomotion_1,X13,24.865,1.0
Locomotion_1,X13,25.012,1.0
Locomotion_1,X13,25.16,1.0
Locomotion_1,X13,25.308,1.0
Locomotion_1,X13,25.455,1.0
Locomotion_1,X13,25.603,1.0
Locomotion_1,X13,25.751,1.0
Locomotion_1,X13,25.899,1.0
Locomotion_1,X13,26.046,1.0
Locomotion_1,X13,26.194,1.0
Locomotion_1,X13,26.342,1.0
Locomotion_1,X13,26.489,1.0
Locomotion_1,X13,26.637,1.0
Locomotion_1,X13,26.785,1.0
Locomotion_1,X13,26.933,1.0
Locomotion_1,X13,27.08,1.0
Locomotion_1,X13,27.228,1.0
Locomotion_1,X13,27.376,1.0
Locomotion_1,X13,27.523,1.0
Locomotion_1,X13,27.671,1.0
Locomotion_1,X13,27.819,1.0
Locomotion_1,X13,27.967,1.0
Locomotion_1,X13,28.114,1.0
Locomotion_1,X13,28.262,1.0
Locomotion_1,X13,28.41,1.0
Locomotion_1,X13,28.557,1.0
Locomotion_1,X13,28.705,1.0
Locomotion_1,X13,28.853,1.0
Locomotion_1,X13,29.001,1.0
Locomotion_1,X13,29.148,1.0
Locomotion_1,X13,29.296,1.0
Locomotion_1,X13,29.444,1.0
Locomotion_1,X13,29.591,1.0
Locomotion_1,X13,29.739,1.0
Locomotion_1,X13,29.887,1.0
Locomotion_1,X13,30.034,1.0
Locomotion_1,X13,30.182,1.0
Locomotion_1,X13,30.33,1.0
Locomotion_1,X13,30.478,1.0
Locomotion_1,X13,30.625,1.0
Locomotion_1,X13,30.773,1.0
Locomotion_1,X13,30.921,1.0
Locomotion_1,X13,31.068,1.0
Locomotion_1,X13,31.216,1.0
Locomotion_1,X13,31.364,1.0
Locomotion_1,X13,31.512,1.0
Locomotion_1,X13,31.659,1.0
Locomotion_1,X13,31.807,1.0
Locomotion_1,X13,31.955,1.0
Locomotion_1,X13,32.102,1.0
Locomotion_1,X13,32.25,1.0
Locomotion_1,X13,32.398,1.0
Locomotion_1,X13,32.546,1.0
Locomotion_1,X13,32.693,1.0
Locomotion_1,X13,32.841,1.0
Locomotion_1,X13,32.989,1.0
Locomotion_1,X13,33.136,1.0
Locomotion_1,X13,33.284,1.0
Locomotion_1,X13,33.432,1.0
Locomotion_1,X13,33.58,1.0
Locomotion_1,X13,33.727,1.0
Locomotion_1,X13,33.875,1.0
Locomotion_1,X13,34.023,1.0
Locomotion_1,X13,34.17,1.0
Locomotion_1,X13,34.318,1.0
Locomotion_1,X13,34.466,1.0
Locomotion_1,X13,34.614,1.0
Locomotion_1,X13,34.761,1.0
Locomotion_1,X13,34.909,1.0
Locomotion_1,X13,35.057,1.0
Locomotion_1,X13,35.204,1.0
Locomotion_1,X13,35.352,1.0
Locomotion_1,X13,35.5,1.0
Locomotion_1,X13,35.647,1.0
Locomotion_1,X13,35.795,1.0
Locomotion_1,X13,35.943,1.0
Locomotion_1,X13,36.091,1.0
Locomotion_1,X13,36.238,1.0
Locomotion_1,X13,36.386,1.0
Locomotion_1,X13,36.534,1.0
Locomotion_1,X13,36.681,1.0
Locomotion_1,X13,36.829,1.0
Locomotion_1,X13,36.977,1.0
Locomotion_1,X13,37.125,1.0
Locomotion_1,X13,37.272,1.0
Locomotion_1,X13,37.42,1.0
Locomotion_1,X13,37.568,1.0
Locomotion_1,X13,37.715,1.0
Locomotion_1,X13,37.863,1.0
Locomotion_1,X13,38.011,1.0
Locomotion_1,X13,38.159,1.0
Locomotion_1,X13,38.306,1.0
Locomotion_1,X13,38.454,1.0
Locomotion_1,X13,38.602,1.0
Locomotion_1,X13,38.749,1.0
Locomotion_1,X13,38.897,1.0
Locomotion_1,X13,39.045,1.0
Locomotion_1,X13,39.193,1.0
Locomotion_1,X13,39.34,1.0
Locomotion_1,X13,39.488,1.0
Locomotion_1,X13,39.636,1.0
Locomotion_1,X13,39.783,1.0
Locomotion_1,X13,39.931,1.0
Locomotion_1,X13,40.079,1.0
Locomotion_1,X13,40.227,1.0
Locomotion_1,X13,40.374,1.0
Locomotion_1,X13,40.522,1.0
Locomotion_1,X13,40.67,1.0
Locomotion_1,X13,40.817,1.0
Locomotion_1,X13,40.965,1.0
Locomotion_1,X13,41.113,1.0
Locomotion_1,X13,41.26,1.0
Locomotion_1,X13,41.408,1.0
Locomotion_1,X13,41.556,1.0
Locomotion_1,X13,41.704,1.0
Locomotion_1,X13,41.851,1.0
Locomotion_1,X13,41.999,1.0
Locomotion_1,X13,42.147,1.0
Locomotion_1,X13,42.294,1.0
Locomotion_1,X13,42.442,1.0
Locomotion_1,X13,42.59,1.0
Locomotion_1,X13,42.738,1.0
Locomotion_1,X13,42.885,1.0
Locomotion_1,X13,43.033,1.0
Locomotion_1,X13,43.181,1.0
Locomotion_1,X13,43.328,1.0
Locomotion_1,X13,43.476,1.0
Locomotion_1,X13,43.624,1.0
Locomotion_1,X13,43.772,1.0
Locomotion_1,X13,43.919,1.0
Locomotion_1,X13,44.067,1.0
Locomotion_1,X13,44.215,1.0
Locomotion_1,X13,44.362,1.0
Locomotion_1,X13,44.51,1.0
Locomotion_1,X13,44.658,1.0
Locomotion_1,X13,44.806,1.0
Locomotion_1,X13,44.953,1.0
Locomotion_1,X13,45.101,1.0
Locomotion_1,X13,45.249,1.0
Locomotion_1,X13,45.396,1.0
Locomotion_1,X13,45.544,1.0
Locomotion_1,X13,45.692,1.0
Locomotion_1,X13,45.839,1.0
Locomotion_1,X13,45.987,1.0
Locomotion_1,X13,46.135,1.0
Locomotion_1,X13,46.283,1.0
Locomotion_1,X13,46.43,1.0
Locomotion_1,X13,46.578,1.0
Locomotion_1,X13,46.726,1.0
Locomotion_1,X13,46.873,1.0
Locomotion_1,X13,47.021,1.0
Locomotion_1,X13,47.169,1.0
Locomotion_1,X13,47.317,1.0
Locomotion_1,X13,47.464,1.0
Locomotion_1,X13,47.612,1.0
Locomotion_1,X13,47.76,1.0
Locomotion_1,X13,47.907,1.0
Locomotion_1,X13,48.055,1.0
Locomotion_1,X13,48.203,1.0
Locomotion_1,X13,48.351,1.0
Locomotion_1,X13,48.498,1.0
Locomotion_1,X13,48.646,1.0
Locomotion_1,X13,48.794,1.0
Locomotion_1,X13,48.941,1.0
Locomotion_1,X13,49.089,1.0
Locomotion_1,X13,49.237,1.0
Locomotion_1,X13,49.385,1.0
Locomotion_1,X13,49.532,1.0
Locomotion_1,X13,49.68,1.0
Locomotion_1,X13,49.828,1.0
Locomotion_1,X13,49.975,1.0
Locomotion_1,X13,50.123,1.0
Locomotion_1,X13,50.271,1.0
Locomotion_1,X13,50.419,1.0
Locomotion_1,X13,50.566,1.0
Locomotion_1,X13,50.714,1.0
Locomotion_1,X13,50.862,1.0
Locomotion_1,X13,51.009,1.0
Locomotion_1,X13,51.157,1.0
Locomotion_1,X13,51.305,1.0
Locomotion_1,X13,51.452,1.0
Locomotion_1,X13,51.6,1.0
Locomotion_1,X13,51.748,1.0
Locomotion_1,X13,51.896,1.0
Locomotion_1,X13,52.043,1.0
Locomotion_1,X13,52.191,1.0
Locomotion_1,X13,52.339,1.0
Locomotion_1,X13,52.486,1.0
Locomotion_1,X13,52.634,1.0
Locomotion_1,X13,52.782,1.0
Locomotion_1,X13,52.93,1.0
Locomotion_1,X13,53.077,1.0
Locomotion_1,X13,53.225,1.0
Locomotion_1,X13,53.373,1.0
Locomotion_1,X13,53.52,1.0
Locomotion_1,X13,53.668,1.0
Locomotion_1,X13,53.816,1.0
Locomotion_1,X13,53.964,1.0
Locomotion_1,X13,54.111,1.0
Locomotion_1,X13,54.259,1.0
Locomotion_1,X13,54.407,1.0
Locomotion_1,X13,54.554,1.0
Locomotion_1,X13,54.702,1.0
Locomotion_1,X13,54.85,1.0
Locomotion_1,X13,54.998,1.0
Locomotion_1,X13,55.145,1.0
Locomotion_1,X13,55.293,1.0
Locomotion_1,X13,55.441,1.0
Locomotion_1,X13,55.588,1.0
Locomotion_1,X13,55.736,1.0
Locomotion_1,X13,55.884,1.0
Locomotion_1,X13,56.032,1.0
Locomotion_1,X13,56.179,1.0
Locomotion_1,X13,56.327,1.0
Locomotion_1,X13,56.475,1.0
Locomotion_1,X13,56.622,1.0
Locomotion_1,X13,56.77,1.0
Locomotion_1,X13,56.918,1.0
Locomotion_1,X13,57.065,1.0
Locomotion_1,X13,57.213,1.0
Locomotion_1,X13,57.361,1.0
Locomotion_1,X13,57.509,1.0
Locomotion_1,X13,57.656,1.0
Locomotion_1,X13,57.804,1.0
Locomotion_1,X13,57.952,1.0
Locomotion_1,X13,58.099,1.0
Locomotion_1,X13,58.247,1.0
Locomotion_1,X13,58.395,1.0
Locomotion_1,X13,58.543,1.0
Locomotion_1,X13,58.69,1.0
Locomotion_1,X13,58.838,1.0
Locomotion_1,X13,58.986,1.0
Locomotion_1,X13,59.133,1.0
Locomotion_1,X13,59.281,1.0
Locomotion_1,X13,59.429,1.0
Locomotion_1,X13,59.577,1.0
Locomotion_1,X13,59.724,1.0
Locomotion_1,X13,59.872,1.0
Locomotion_1,X13,60.02,1.0
Locomotion_1,X13,60.167,1.0
Locomotion_1,X13,60.315,1.0
Locomotion_1,X13,60.463,1.0
Locomotion_1,X13,60.611,1.0
Locomotion_1,X13,60.758,1.0
Locomotion_1,X13,60.906,1.0
Locomotion_1,X13,61.054,1.0
Locomotion_1,X13,61.201,1.0
Locomotion_1,X13,61.349,1.0
Locomotion_1,X13,61.497,1.0
Locomotion_1,X13,61.644,1.0
Locomotion_1,X13,61.792,1.0
Locomotion_1,X13,61.94,1.0
Locomotion_1,X13,62.088,1.0
Locomotion_1,X13,62.235,1.0
Locomotion_1,X13,62.383,1.0
Locomotion_1,X13,62.531,1.0
Locomotion_1,X13,62.678,1.0
Locomotion_1,X13,62.826,1.0
Locomotion_1,X13,62.974,1.0
Locomotion_1,X13,63.122,1.0
Locomotion_1,X13,63.269,1.0
Locomotion_1,X13,63.417,1.0
Locomotion_1,X13,63.565,1.0
Locomotion_1,X13,63.712,1.0
Locomotion_1,X13,63.86,1.0
Locomotion_1,X13,64.008,1.0
Locomotion_1,X13,64.156,1.0
Locomotion_1,X13,64.303,1.0
Locomotion_1,X13,64.451,1.0
Locomotion_1,X13,64.599,1.0
Locomotion_1,X13,64.746,1.0
Locomotion_1,X13,64.894,1.0
Locomotion_1,X13,65.042,1.0
Locomotion_1,X13,65.19,1.0
Locomotion_1,X13,65.337,1.0
Locomotion_1,X13,65.485,1.0
Locomotion_1,X13,65.633,1.0
Locomotion_1,X13,65.78,1.0
Locomotion_1,X13,65.928,1.0
Locomotion_1,X13,66.076,1.0
Locomotion_1,X13,66.224,1.0
Locomotion_1,X13,66.371,1.0
Locomotion_1,X13,66.519,1.0
Locomotion_1,X13,66.667,1.0
Locomotion_1,X13,66.814,1.0
Locomotion_1,X13,66.962,1.0
Locomotion_1,X13,67.11,1.0
Locomotion_1,X13,67.257,1.0
Locomotion_1,X13,67.405,1.0
Locomotion_1,X13,67.553,1.0
Locomotion_1,X13,67.701,1.0
Locomotion_1,X13,67.848,1.0
Locomotion_1,X13,67.996,1.0
Locomotion_1,X13,68.144,1.0
Locomotion_1,X13,68.291,1.0
Locomotion_1,X13,68.439,1.0
Locomotion_1,X13,68.587,1.0
Locomotion_1,X13,68.735,1.0
Locomotion_1,X13,68.882,1.0
Locomotion_1,X13,69.03,1.0
Locomotion_1,X13,69.178,1.0
Locomotion_1,X13,69.325,1.0
Locomotion_1,X13,69.473,1.0
Locomotion_1,X13,69.621,1.0
Locomotion_1,X13,69.769,1.0
Locomotion_1,X13,69.916,1.0
Locomotion_1,X13,70.064,1.0
Locomotion_1,X13,70.212,1.0
Locomotion_1,X13,70.359,1.0
Locomotion_1,X13,70.507,1.0
Locomotion_1,X13,70.655,1.0
Locomotion_1,X13,70.803,1.0
Locomotion_1,X13,70.95,1.0
Locomotion_1,X13,71.098,1.0
Locomotion_1,X13,71.246,1.0
Locomotion_1,X13,71.393,1.0
Locomotion_1,X13,71.541,1.0
Locomotion_1,X13,71.689,1.0
Locomotion_1,X13,71.836,1.0
Locomotion_1,X13,71.984,1.0
Locomotion_1,X13,72.132,1.0
Locomotion_1,X13,72.28,1.0
Locomotion_1,X13,72.427,1.0
Locomotion_1,X13,72.575,1.0
Locomotion_1,X13,72.723,1.0
Locomotion_1,X13,72.87,1.0
Locomotion_1,X13,73.018,1.0
Locomotion_1,X13,73.166,1.0
Locomotion_1,X13,73.314,1.0
Locomotion_1,X13,73.461,1.0
Locomotion_1,X13,73.609,1.0
Locomotion_1,X13,73.757,1.0
Locomotion_1,X13,73.904,1.0
Locomotion_1,X13,74.052,1.0
Locomotion_1,X13,74.2,1.0
Locomotion_1,X13,74.348,1.0
Locomotion_1,X13,74.495,1.0
Locomotion_1,X13,74.643,1.0
Locomotion_1,X13,74.791,1.0
Locomotion_1,X13,74.938,1.0
Locomotion_1,X13,75.086,1.0
Locomotion_1,X13,75.234,1.0
Locomotion_1,X13,75.382,1.0
Locomotion_1,X13,75.529,1.0
Locomotion_1,X13,75.677,1.0
Locomotion_1,X13,75.825,1.0
Locomotion_1,X13,75.972,1.0
Locomotion_1,X13,76.12,1.0
Locomotion_1,X13,76.268,1.0
Locomotion_1,X13,76.416,1.0
Locomotion_1,X13,76.563,1.0
Locomotion_1,X13,76.711,1.0
Locomotion_1,X13,76.859,1.0
Locomotion_1,X13,77.006,1.0
Locomotion_1,X13,77.154,1.0
Locomotion_1,X13,77.302,1.0
Locomotion_1,X13,77.449,1.0
Locomotion_1,X13,77.597,1.0
Locomotion_1,X13,77.745,1.0
Locomotion_1,X13,77.893,1.0
Locomotion_1,X13,78.04,1.0
Locomotion_1,X13,78.188,1.0
Locomotion_1,X13,78.336,1.0
Locomotion_1,X13,78.483,1.0
Locomotion_1,X13,78.631,1.0
Locomotion_1,X13,78.779,1.0
Locomotion_1,X13,78.927,1.0
Locomotion_1,X13,79.074,1.0
Locomotion_1,X13,79.222,1.0
Locomotion_1,X13,79.37,1.0
Locomotion_1,X13,79.517,1.0
Locomotion_1,X13,79.665,1.0
Locomotion_1,X13,79.813,1.0
Locomotion_1,X13,79.961,1.0
Locomotion_1,X13,80.108,1.0
Locomotion_1,X13,80.256,1.0
Locomotion_1,X13,80.404,1.0
Locomotion_1,X13,80.551,1.0
Locomotion_1,X13,80.699,1.0
Locomotion_1,X13,80.847,1.0
Locomotion_1,X13,80.995,1.0
Locomotion_1,X13,81.142,1.0
Locomotion_1,X13,81.29,1.0
Locomotion_1,X13,81.438,1.0
Locomotion_1,X13,81.585,1.0
Locomotion_1,X13,81.733,1.0
Locomotion_1,X13,81.881,1.0
Locomotion_1,X13,82.029,1.0
Locomotion_1,X13,82.176,1.0
Locomotion_1,X13,82.324,1.0
Locomotion_1,X13,82.472,1.0
Locomotion_1,X13,82.619,1.0
Locomotion_1,X13,82.767,1.0
Locomotion_1,X13,82.915,1.0
Locomotion_1,X13,83.062,1.0
Locomotion_1,X13,83.21,1.0
Locomotion_1,X13,83.358,1.0
Locomotion_1,X13,83.506,1.0
Locomotion_1,X13,83.653,1.0
Locomotion_1,X13,83.801,1.0
Locomotion_1,X13,83.949,1.0
Locomotion_1,X13,84.096,1.0
Locomotion_1,X13,84.244,1.0
Locomotion_1,X13,84.392,1.0
Locomotion_1,X13,84.54,1.0
Locomotion_1,X13,84.687,1.0
Locomotion_1,X13,84.835,1.0
Locomotion_1,X13,84.983,1.0
Locomotion_1,X13,85.13,1.0
Locomotion_1,X13,85.278,1.0
Locomotion_1,X13,85.426,1.0
Locomotion_1,X13,85.574,1.0
Locomotion_1,X13,85.721,1.0
Locomotion_1,X13,85.869,1.0
Locomotion_1,X13,86.017,1.0
Locomotion_1,X13,86.164,1.0
Locomotion_1,X13,86.312,1.0
Locomotion_1,X13,86.46,1.0
Locomotion_1,X13,86.608,1.0
Locomotion_1,X13,86.755,1.0
Locomotion_1,X13,86.903,1.0
Locomotion_1,X13,87.051,1.0
Locomotion_1,X13,87.198,1.0
Locomotion_1,X13,87.346,1.0
Locomotion_1,X13,87.494,1.0
Locomotion_1,X13,87.641,1.0
Locomotion_1,X13,87.789,1.0
Locomotion_1,X13,87.937,1.0
Locomotion_1,X13,88.085,1.0
Locomotion_1,X13,88.232,1.0
Locomotion_1,X13,88.38,1.0
Locomotion_1,X13,88.528,1.0
Locomotion_1,X13,88.675,1.0
Locomotion_1,X13,88.823,1.0
Locomotion_1,X13,88.971,1.0
Locomotion_1,X13,89.119,1.0
Locomotion_1,X13,89.266,1.0
Locomotion_1,X13,89.414,1.0
Locomotion_1,X13,89.562,1.0
Locomotion_1,X13,89.709,1.0
Locomotion_1,X13,89.857,1.0
Locomotion_1,X13,90.005,1.0
Locomotion_1,X13,90.153,1.0
Locomotion_1,X13,90.3,1.0
Locomotion_1,X13,90.448,1.0
Locomotion_1,X13,90.596,1.0
Locomotion_1,X13,90.743,1.0
Locomotion_1,X13,90.891,1.0
Locomotion_1,X13,91.039,1.0
Locomotion_1,X13,91.187,1.0
Locomotion_1,X13,91.334,1.0
Locomotion_1,X13,91.482,1.0
Locomotion_1,X13,91.63,1.0
Locomotion_1,X13,91.777,1.0
Locomotion_1,X13,91.925,1.0
Locomotion_1,X13,92.073,1.0
Locomotion_1,X13,92.221,1.0
Locomotion_1,X13,92.368,1.0
Locomotion_1,X13,92.516,1.0
Locomotion_1,X13,92.664,1.0
Locomotion_1,X13,92.811,1.0
Locomotion_1,X13,92.959,1.0
Locomotion_1,X13,93.107,1.0
Locomotion_1,X13,93.254,1.0
Locomotion_1,X13,93.402,1.0
Locomotion_1,X13,93.55,1.0
Locomotion_1,X13,93.698,1.0
Locomotion_1,X13,93.845,1.0
Locomotion_1,X13,93.993,1.0
Locomotion_1,X13,94.141,1.0
Locomotion_1,X13,94.288,1.0
Locomotion_1,X13,94.436,1.0
Locomotion_1,X13,94.584,1.0
Locomotion_1,X13,94.732,1.0
Locomotion_1,X13,94.879,1.0
Locomotion_1,X13,95.027,1.0
Locomotion_1,X13,95.175,1.0
Locomotion_1,X13,95.322,1.0
Locomotion_1,X13,95.47,1.0
Locomotion_1,X13,95.618,1.0
Locomotion_1,X13,95.766,1.0
Locomotion_1,X13,95.913,1.0
Locomotion_1,X13,96.061,1.0
Locomotion_1,X13,96.209,1.0
Locomotion_1,X13,96.356,1.0
Locomotion_1,X13,96.504,1.0
Locomotion_1,X13,96.652,1.0
Locomotion_1,X13,96.8,1.0
Locomotion_1,X13,96.947,1.0
Locomotion_1,X13,97.095,1.0
Locomotion_1,X13,97.243,1.0
Locomotion_1,X13,97.39,1.0
Locomotion_1,X13,97.538,1.0
Locomotion_1,X13,97.686,1.0
Locomotion_1,X13,97.834,1.0
Locomotion_1,X13,97.981,1.0
Locomotion_1,X13,98.129,1.0
Locomotion_1,X13,98.277,1.0
Locomotion_1,X13,98.424,1.0
Locomotion_1,X13,98.572,1.0
Locomotion_1,X13,98.72,1.0
Locomotion_1,X13,98.867,1.0
Locomotion_1,X13,99.015,1.0
Locomotion_1,X13,99.163,1.0
Locomotion_1,X13,99.311,1.0
Locomotion_1,X13,99.458,1.0
Locomotion_1,X13,99.606,1.0
Locomotion_1,X13,99.754,1.0
Locomotion_1,X13,99.901,1.0
Locomotion_1,X13,100.049,1.0
Locomotion_1,X13,100.197,1.0
Locomotion_1,X13,100.345,1.0
Locomotion_1,X13,100.492,1.0
Locomotion_1,X13,100.64,1.0
Locomotion_1,X13,100.788,1.0
Locomotion_1,X13,100.935,1.0
Locomotion_1,X13,101.083,1.0
Locomotion_1,X13,101.231,1.0
Locomotion_1,X13,101.379,1.0
Locomotion_1,X13,101.526,1.0
Locomotion_1,X13,101.674,1.0
Locomotion_1,X13,101.822,1.0
Locomotion_1,X13,101.969,1.0
Locomotion_1,X13,102.117,1.0
Locomotion_1,X13,102.265,1.0
Locomotion_1,X13,102.413,1.0
Locomotion_1,X13,102.56,1.0
Locomotion_1,X13,102.708,1.0
Locomotion_1,X13,102.856,1.0
Locomotion_1,X13,103.003,1.0
Locomotion_1,X13,103.151,1.0
Locomotion_1,X13,103.299,1.0
Locomotion_1,X13,103.446,1.0
Locomotion_1,X13,103.594,1.0
Locomotion_1,X13,103.742,1.0
Locomotion_1,X13,103.89,1.0
Locomotion_1,X13,104.037,1.0
Locomotion_1,X13,104.185,1.0
Locomotion_1,X13,104.333,1.0
Locomotion_1,X13,104.48,1.0
Locomotion_1,X13,104.628,1.0
Locomotion_1,X13,104.776,1.0
Locomotion_1,X13,104.924,1.0
Locomotion_1,X13,105.071,1.0
Locomotion_1,X13,105.219,1.0
Locomotion_1,X13,105.367,1.0
Locomotion_1,X13,105.514,1.0
Locomotion_1,X13,105.662,1.0
Locomotion_1,X13,105.81,1.0
Locomotion_1,X13,105.958,1.0
Locomotion_1,X13,106.105,1.0
Locomotion_1,X13,106.253,1.0
Locomotion_1,X13,106.401,1.0
Locomotion_1,X13,106.548,1.0
Locomotion_1,X13,106.696,1.0
Locomotion_1,X13,106.844,1.0
Locomotion_1,X13,106.992,1.0
Locomotion_1,X13,107.139,1.0
Locomotion_1,X13,107.287,1.0
Locomotion_1,X13,107.435,1.0
Locomotion_1,X13,107.582,1.0
Locomotion_1,X13,107.73,1.0
Locomotion_1,X13,107.878,1.0
Locomotion_2,X17,0.049,1.0
Locomotion_2,X17,0.197,0.0549
Locomotion_2,X17,0.345,0.0
Locomotion_2,X17,0.492,0.0
Locomotion_2,X17,0.64,0.0
Locomotion_2,X17,0.788,0.0
Locomotion_2,X17,0.936,0.0
Locomotion_2,X17,1.083,0.0
Locomotion_2,X17,1.231,0.0
Locomotion_2,X17,1.379,0.0
Locomotion_2,X17,1.526,0.0
Locomotion_2,X17,1.674,0.0
Locomotion_2,X17,1.822,0.0
Locomotion_2,X17,1.97,0.0
Locomotion_2,X17,2.117,0.0
Locomotion_2,X17,2.265,0.0
Locomotion_2,X17,2.413,0.0
Locomotion_2,X17,2.56,0.0
Locomotion_2,X17,2.708,0.0
Locomotion_2,X17,2.856,0.0
Locomotion_2,X17,3.004,0.0
Locomotion_2,X17,3.151,0.0
Locomotion_2,X17,3.299,0.0
Locomotion_2,X17,3.447,0.0
Locomotion_2,X17,3.594,0.0
Locomotion_2,X17,3.742,0.0
Locomotion_2,X17,3.89,0.0
Locomotion_2,X17,4.037,0.0
Locomotion_2,X17,4.185,0.0
Locomotion_2,X17,4.333,0.0
Locomotion_2,X17,4.481,0.0
Locomotion_2,X17,4.628,0.0
Locomotion_2,X17,4.776,0.0
Locomotion_2,X17,4.924,0.0
Locomotion_2,X17,5.071,0.0
Locomotion_2,X17,5.219,0.0
Locomotion_2,X17,5.367,0.0
Locomotion_2,X17,5.515,0.0
Locomotion_2,X17,5.662,0.0
Locomotion_2,X17,5.81,0.0
Locomotion_2,X17,5.958,0.0
Locomotion_2,X17,6.105,0.0
Locomotion_2,X17,6.253,0.0
Locomotion_2,X17,6.401,0.0
Locomotion_2,X17,6.549,0.0
Locomotion_2,X17,6.696,0.0
Locomotion_2,X17,6.844,0.0
Locomotion_2,X17,6.992,0.0
Locomotion_2,X17,7.139,0.0
Locomotion_2,X17,7.287,0.0
Locomotion_2,X17,7.435,0.0
Locomotion_2,X17,7.583,0.0
Locomotion_2,X17,7.73,0.0
Locomotion_2,X17,7.878,0.0
Locomotion_2,X17,8.026,0.0
Locomotion_2,X17,8.173,0.0
Locomotion_2,X17,8.321,0.0
Locomotion_2,X17,8.469,0.0
Locomotion_2,X17,8.617,0.0
Locomotion_2,X17,8.764,0.0
Locomotion_2,X17,8.912,0.0
Locomotion_2,X17,9.06,0.0
Locomotion_2,X17,9.207,0.0
Locomotion_2,X17,9.355,0.0
Locomotion_2,X17,9.503,0.0
Locomotion_2,X17,9.65,0.0
Locomotion_2,X17,9.798,0.0
Locomotion_2,X17,9.946,0.0
Locomotion_2,X17,10.094,0.0
Locomotion_2,X17,10.241,0.0
Locomotion_2,X17,10.389,0.0
Locomotion_2,X17,10.537,0.0
Locomotion_2,X17,10.684,0.0
Locomotion_2,X17,10.832,0.0
Locomotion_2,X17,10.98,0.0
Locomotion_2,X17,11.128,0.0
Locomotion_2,X17,11.275,0.0
Locomotion_2,X17,11.423,0.0
Locomotion_2,X17,11.571,0.0
Locomotion_2,X17,11.718,0.0
Locomotion_2,X17,11.866,0.0
Locomotion_2,X17,12.014,0.0
Locomotion_2,X17,12.162,0.0
Locomotion_2,X17,12.309,0.0
Locomotion_2,X17,12.457,0.0
Locomotion_2,X17,12.605,0.0
Locomotion_2,X17,12.752,0.0
Locomotion_2,X17,12.9,0.0
Locomotion_2,X17,13.048,0.0
Locomotion_2,X17,13.196,0.0
Locomotion_2,X17,13.343,0.0
Locomotion_2,X17,13.491,0.0
Locomotion_2,X17,13.639,0.0
Locomotion_2,X17,13.786,0.0
Locomotion_2,X17,13.934,0.0
Locomotion_2,X17,14.082,0.0
Locomotion_2,X17,14.23,0.0
Locomotion_2,X17,14.377,0.0
Locomotion_2,X17,14.525,0.0
Locomotion_2,X17,14.673,0.0
Locomotion_2,X17,14.82,0.0
Locomotion_2,X17,14.968,0.0
Locomotion_2,X17,15.116,0.0
Locomotion_2,X17,15.263,0.0
Locomotion_2,X17,15.411,0.0
Locomotion_2,X17,15.559,0.0
Locomotion_2,X17,15.707,0.0
Locomotion_2,X17,15.854,0.0
Locomotion_2,X17,16.002,0.0
Locomotion_2,X17,16.15,0.0
Locomotion_2,X17,16.297,0.0
Locomotion_2,X17,16.445,0.0
Locomotion_2,X17,16.593,0.0
Locomotion_2,X17,16.741,0.0
Locomotion_2,X17,16.888,0.0
Locomotion_2,X17,17.036,0.0
Locomotion_2,X17,17.184,0.0
Locomotion_2,X17,17.331,0.0
Locomotion_2,X17,17.479,0.0
Locomotion_2,X17,17.627,0.0
Locomotion_2,X17,17.775,0.0
Locomotion_2,X17,17.922,0.0
Locomotion_2,X17,18.07,0.0
Locomotion_2,X17,18.218,0.0
Locomotion_2,X17,18.365,0.0
Locomotion_2,X17,18.513,0.0
Locomotion_2,X17,18.661,0.0
Locomotion_2,X17,18.809,0.0
Locomotion_2,X17,18.956,0.0
Locomotion_2,X17,19.104,0.0
Locomotion_2,X17,19.252,0.0
Locomotion_2,X17,19.399,0.0
Locomotion_2,X17,19.547,0.0
Locomotion_2,X17,19.695,0.0
Locomotion_2,X17,19.842,0.0
Locomotion_2,X17,19.99,0.0
Locomotion_2,X17,20.138,0.0
Locomotion_2,X17,20.286,0.0
Locomotion_2,X17,20.433,0.0
Locomotion_2,X17,20.581,0.0
Locomotion_2,X17,20.729,0.0
Locomotion_2,X17,20.876,0.0
Locomotion_2,X17,21.024,0.0
Locomotion_2,X17,21.172,0.0
Locomotion_2,X17,21.32,0.0
Locomotion_2,X17,21.467,0.0
Locomotion_2,X17,21.615,0.0
Locomotion_2,X17,21.763,0.0
Locomotion_2,X17,21.91,0.0
Locomotion_2,X17,22.058,0.0
Locomotion_2,X17,22.206,0.0
Locomotion_2,X17,22.354,0.0
Locomotion_2,X17,22.501,0.0
Locomotion_2,X17,22.649,0.0
Locomotion_2,X17,22.797,0.0
Locomotion_2,X17,22.944,0.0
Locomotion_2,X17,23.092,0.0
Locomotion_2,X17,23.24,0.0
Locomotion_2,X17,23.388,0.0
Locomotion_2,X17,23.535,0.0
Locomotion_2,X17,23.683,0.0
Locomotion_2,X17,23.831,0.0
Locomotion_2,X17,23.978,0.0
Locomotion_2,X17,24.126,0.0
Locomotion_2,X17,24.274,0.0
Locomotion_2,X17,24.422,0.0
Locomotion_2,X17,24.569,0.0
Locomotion_2,X17,24.717,0.0
Locomotion_2,X17,24.865,0.0
Locomotion_2,X17,25.012,0.0
Locomotion_2,X17,25.16,0.0
Locomotion_2,X17,25.308,0.0
Locomotion_2,X17,25.455,0.0
Locomotion_2,X17,25.603,0.0
Locomotion_2,X17,25.751,0.0
Locomotion_2,X17,25.899,0.0
Locomotion_2,X17,26.046,0.0
Locomotion_2,X17,26.194,0.0
Locomotion_2,X17,26.342,0.0
Locomotion_2,X17,26.489,0.0
Locomotion_2,X17,26.637,0.0
Locomotion_2,X17,26.785,0.0
Locomotion_2,X17,26.933,0.0
Locomotion_2,X17,27.08,0.0
Locomotion_2,X17,27.228,0.0
Locomotion_2,X17,27.376,0.0
Locomotion_2,X17,27.523,0.0
Locomotion_2,X17,27.671,0.0
Locomotion_2,X17,27.819,0.0
Locomotion_2,X17,27.967,0.0
Locomotion_2,X17,28.114,0.0
Locomotion_2,X17,28.262,0.0
Locomotion_2,X17,28.41,0.0
Locomotion_2,X17,28.557,0.0
Locomotion_2,X17,28.705,0.0
Locomotion_2,X17,28.853,0.0
Locomotion_2,X17,29.001,0.0
Locomotion_2,X17,29.148,0.0
Locomotion_2,X17,29.296,0.0
Locomotion_2,X17,29.444,0.0
Locomotion_2,X17,29.591,0.0
Locomotion_2,X17,29.739,0.0
Locomotion_2,X17,29.887,0.0
Locomotion_2,X17,30.034,0.0
Locomotion_2,X17,30.182,0.0
Locomotion_2,X17,30.33,0.0
Locomotion_2,X17,30.478,0.0
Locomotion_2,X17,30.625,0.0
Locomotion_2,X17,30.773,0.0
Locomotion_2,X17,30.921,0.0
Locomotion_2,X17,31.068,0.0
Locomotion_2,X17,31.216,0.0
Locomotion_2,X17,31.364,0.0
Locomotion_2,X17,31.512,0.0
Locomotion_2,X17,31.659,0.0
Locomotion_2,X17,31.807,0.0
Locomotion_2,X17,31.955,0.0
Locomotion_2,X17,32.102,0.0
Locomotion_2,X17,32.25,0.0
Locomotion_2,X17,32.398,0.0
Locomotion_2,X17,32.546,0.0
Locomotion_2,X17,32.693,0.0
Locomotion_2,X17,32.841,0.0
Locomotion_2,X17,32.989,0.0
Locomotion_2,X17,33.136,0.0
Locomotion_2,X17,33.284,0.0
Locomotion_2,X17,33.432,0.0
Locomotion_2,X17,33.58,0.0
Locomotion_2,X17,33.727,0.0
Locomotion_2,X17,33.875,0.0
Locomotion_2,X17,34.023,0.0
Locomotion_2,X17,34.17,0.0
Locomotion_2,X17,34.318,0.0
Locomotion_2,X17,34.466,0.0
Locomotion_2,X17,34.614,0.0
Locomotion_2,X17,34.761,0.0
Locomotion_2,X17,34.909,0.0
Locomotion_2,X17,35.057,0.0
Locomotion_2,X17,35.204,0.0
Locomotion_2,X17,35.352,0.0
Locomotion_2,X17,35.5,0.0
Locomotion_2,X17,35.647,0.0
Locomotion_2,X17,35.795,0.0
Locomotion_2,X17,35.943,0.0
Locomotion_2,X17,36.091,0.0
Locomotion_2,X17,36.238,0.0
Locomotion_2,X17,36.386,0.0
Locomotion_2,X17,36.534,0.0
Locomotion_2,X17,36.681,0.0
Locomotion_2,X17,36.829,0.0
Locomotion_2,X17,36.977,0.0
Locomotion_2,X17,37.125,0.0
Locomotion_2,X17,37.272,0.0
Locomotion_2,X17,37.42,0.0
Locomotion_2,X17,37.568,0.0
Locomotion_2,X17,37.715,0.0
Locomotion_2,X17,37.863,0.0
Locomotion_2,X17,38.011,0.0
Locomotion_2,X17,38.159,0.0
Locomotion_2,X17,38.306,0.0
Locomotion_2,X17,38.454,0.0
Locomotion_2,X17,38.602,0.0
Locomotion_2,X17,38.749,0.0
Locomotion_2,X17,38.897,0.0
Locomotion_2,X17,39.045,0.0
Locomotion_2,X17,39.193,0.0
Locomotion_2,X17,39.34,0.0
Locomotion_2,X17,39.488,0.0
Locomotion_2,X17,39.636,0.0
Locomotion_2,X17,39.783,0.0
Locomotion_2,X17,39.931,0.0
Locomotion_2,X17,40.079,0.0
Locomotion_2,X17,40.227,0.0
Locomotion_2,X17,40.374,0.0
Locomotion_2,X17,40.522,0.0
Locomotion_2,X17,40.67,0.0
Locomotion_2,X17,40.817,0.0
Locomotion_2,X17,40.965,0.0
Locomotion_2,X17,41.113,0.0
Locomotion_2,X17,41.26,0.0
Locomotion_2,X17,41.408,0.0
Locomotion_2,X17,41.556,0.0
Locomotion_2,X17,41.704,0.0
Locomotion_2,X17,41.851,0.0
Locomotion_2,X17,41.999,0.0
Locomotion_2,X17,42.147,0.0
Locomotion_2,X17,42.294,0.0
Locomotion_2,X17,42.442,0.0
Locomotion_2,X17,42.59,0.0
Locomotion_2,X17,42.738,0.0
Locomotion_2,X17,42.885,0.0
Locomotion_2,X17,43.033,0.0
Locomotion_2,X17,43.181,0.0
Locomotion_2,X17,43.328,0.0
Locomotion_2,X17,43.476,0.0
Locomotion_2,X17,43.624,0.0
Locomotion_2,X17,43.772,0.0
Locomotion_2,X17,43.919,0.0
Locomotion_2,X17,44.067,0.0
Locomotion_2,X17,44.215,0.0
Locomotion_2,X17,44.362,0.0
Locomotion_2,X17,44.51,0.0
Locomotion_2,X17,44.658,0.0
Locomotion_2,X17,44.806,0.0
Locomotion_2,X17,44.953,0.0
Locomotion_2,X17,45.101,0.0
Locomotion_2,X17,45.249,0.0
Locomotion_2,X17,45.396,0.0
Locomotion_2,X17,45.544,0.0
Locomotion_2,X17,45.692,0.0
Locomotion_2,X17,45.839,0.0
Locomotion_2,X17,45.987,0.0
Locomotion_2,X17,46.135,0.0
Locomotion_2,X17,46.283,0.0
Locomotion_2,X17,46.43,0.0
Locomotion_2,X17,46.578,0.0
Locomotion_2,X17,46.726,0.0
Locomotion_2,X17,46.873,0.0
Locomotion_2,X17,47.021,0.0
Locomotion_2,X17,47.169,0.0
Locomotion_2,X17,47.317,0.0
Locomotion_2,X17,47.464,0.0
Locomotion_2,X17,47.612,0.0
Locomotion_2,X17,47.76,0.0
Locomotion_2,X17,47.907,0.0
Locomotion_2,X17,48.055,0.0
Locomotion_2,X17,48.203,0.0
Locomotion_2,X17,48.351,0.0
Locomotion_2,X17,48.498,0.0
Locomotion_2,X17,48.646,0.0
Locomotion_2,X17,48.794,0.0
Locomotion_2,X17,48.941,0.0
Locomotion_2,X17,49.089,0.0
Locomotion_2,X17,49.237,0.0
Locomotion_2,X17,49.385,0.0
Locomotion_2,X17,49.532,0.0
Locomotion_2,X17,49.68,0.0
Locomotion_2,X17,49.828,0.0
Locomotion_2,X17,49.975,0.0
Locomotion_2,X17,50.123,0.0
Locomotion_2,X17,50.271,0.0
Locomotion_2,X17,50.419,0.0
Locomotion_2,X17,50.566,0.0
Locomotion_2,X17,50.714,0.0
Locomotion_2,X17,50.862,0.0
Locomotion_2,X17,51.009,0.0
Locomotion_2,X17,51.157,0.0
Locomotion_2,X17,51.305,0.0
Locomotion_2,X17,51.452,0.0
Locomotion_2,X17,51.6,0.0
Locomotion_2,X17,51.748,0.0
Locomotion_2,X17,51.896,0.0
Locomotion_2,X17,52.043,0.0
Locomotion_2,X17,52.191,0.0
Locomotion_2,X17,52.339,0.0
Locomotion_2,X17,52.486,0.0
Locomotion_2,X17,52.634,0.0
Locomotion_2,X17,52.782,0.0
Locomotion_2,X17,52.93,0.0
Locomotion_2,X17,53.077,0.0
Locomotion_2,X17,53.225,0.0
Locomotion_2,X17,53.373,0.0
Locomotion_2,X17,53.52,0.0
Locomotion_2,X17,53.668,0.0
Locomotion_2,X17,53.816,0.0
Locomotion_2,X17,53.964,0.0
Locomotion_2,X17,54.111,0.0
Locomotion_2,X17,54.259,0.0
Locomotion_2,X17,54.407,0.0
Locomotion_2,X17,54.554,0.0
Locomotion_2,X17,54.702,0.0
Locomotion_2,X17,54.85,0.0
Locomotion_2,X17,54.998,0.0
Locomotion_2,X17,55.145,0.0
Locomotion_2,X17,55.293,0.0
Locomotion_2,X17,55.441,0.0
Locomotion_2,X17,55.588,0.0
Locomotion_2,X17,55.736,0.0
Locomotion_2,X17,55.884,0.0
Locomotion_2,X17,56.032,0.0
Locomotion_2,X17,56.179,0.0
Locomotion_2,X17,56.327,0.0
Locomotion_2,X17,56.475,0.0
Locomotion_2,X17,56.622,0.0
Locomotion_2,X17,56.77,0.0
Locomotion_2,X17,56.918,0.0
Locomotion_2,X17,57.065,0.0
Locomotion_2,X17,57.213,0.0
Locomotion_2,X17,57.361,0.0
Locomotion_2,X17,57.509,0.0
Locomotion_2,X17,57.656,0.0
Locomotion_2,X17,57.804,0.0
Locomotion_2,X17,57.952,0.0
Locomotion_2,X17,58.099,0.0
Locomotion_2,X17,58.247,0.0
Locomotion_2,X17,58.395,0.0
Locomotion_2,X17,58.543,0.0
Locomotion_2,X17,58.69,0.0
Locomotion_2,X17,58.838,0.0
Locomotion_2,X17,58.986,0.0
Locomotion_2,X17,59.133,0.0
Locomotion_2,X17,59.281,0.0
Locomotion_2,X17,59.429,0.0
Locomotion_2,X17,59.577,0.0
Locomotion_2,X17,59.724,0.0
Locomotion_2,X17,59.872,0.0
Locomotion_2,X17,60.02,0.0
Locomotion_2,X17,60.167,0.0
Locomotion_2,X17,60.315,0.0
Locomotion_2,X17,60.463,0.0
Locomotion_2,X17,60.611,0.0
Locomotion_2,X17,60.758,0.0
Locomotion_2,X17,60.906,0.0
Locomotion_2,X17,61.054,0.0
Locomotion_2,X17,61.201,0.0
Locomotion_2,X17,61.349,0.0
Locomotion_2,X17,61.497,0.0
Locomotion_2,X17,61.644,0.0
Locomotion_2,X17,61.792,0.0
Locomotion_2,X17,61.94,0.0
Locomotion_2,X17,62.088,0.0
Locomotion_2,X17,62.235,0.0
Locomotion_2,X17,62.383,0.0
Locomotion_2,X17,62.531,0.0
Locomotion_2,X17,62.678,0.0
Locomotion_2,X17,62.826,0.0
Locomotion_2,X17,62.974,0.0
Locomotion_2,X17,63.122,0.0
Locomotion_2,X17,63.269,0.0
Locomotion_2,X17,63.417,0.0
Locomotion_2,X17,63.565,0.0
Locomotion_2,X17,63.712,0.0
Locomotion_2,X17,63.86,0.0
Locomotion_2,X17,64.008,0.0
Locomotion_2,X17,64.156,0.0
Locomotion_2,X17,64.303,0.0
Locomotion_2,X17,64.451,0.0
Locomotion_2,X17,64.599,0.0
Locomotion_2,X17,64.746,0.0
Locomotion_2,X17,64.894,0.0
Locomotion_2,X17,65.042,0.0
Locomotion_2,X17,65.19,0.0
Locomotion_2,X17,65.337,0.0
Locomotion_2,X17,65.485,0.0
Locomotion_2,X17,65.633,0.0
Locomotion_2,X17,65.78,0.0
Locomotion_2,X17,65.928,0.0
Locomotion_2,X17,66.076,0.0
Locomotion_2,X17,66.224,0.0
Locomotion_2,X17,66.371,0.0
Locomotion_2,X17,66.519,0.0
Locomotion_2,X17,66.667,0.0
Locomotion_2,X17,66.814,0.0
Locomotion_2,X17,66.962,0.0
Locomotion_2,X17,67.11,0.0
Locomotion_2,X17,67.257,0.0
Locomotion_2,X17,67.405,0.0
Locomotion_2,X17,67.553,0.0
Locomotion_2,X17,67.701,0.0
Locomotion_2,X17,67.848,0.0
Locomotion_2,X17,67.996,0.0
Locomotion_2,X17,68.144,0.0
Locomotion_2,X17,68.291,0.0
Locomotion_2,X17,68.439,0.0
Locomotion_2,X17,68.587,0.0
Locomotion_2,X17,68.735,0.0
Locomotion_2,X17,68.882,0.0
Locomotion_2,X17,69.03,0.0
Locomotion_2,X17,69.178,0.0
Locomotion_2,X17,69.325,0.0
Locomotion_2,X17,69.473,0.0
Locomotion_2,X17,69.621,0.0
Locomotion_2,X17,69.769,0.0
Locomotion_2,X17,69.916,0.0
Locomotion_2,X17,70.064,0.0
Locomotion_2,X17,70.212,0.0
Locomotion_2,X17,70.359,0.0
Locomotion_2,X17,70.507,0.0
Locomotion_2,X17,70.655,0.0
Locomotion_2,X17,70.803,0.0
Locomotion_2,X17,70.95,0.0
Locomotion_2,X17,71.098,0.0
Locomotion_2,X17,71.246,0.0
Locomotion_2,X17,71.393,0.0
Locomotion_2,X17,71.541,0.0
Locomotion_2,X17,71.689,0.0
Locomotion_2,X17,71.836,0.0
Locomotion_2,X17,71.984,0.0
Locomotion_2,X17,72.132,0.0
Locomotion_2,X17,72.28,0.0
Locomotion_2,X17,72.427,0.0
Locomotion_2,X17,72.575,0.0
Locomotion_2,X17,72.723,0.0
Locomotion_2,X17,72.87,0.0
Locomotion_2,X17,73.018,0.0
Locomotion_2,X17,73.166,0.0
Locomotion_2,X17,73.314,0.0
Locomotion_2,X17,73.461,0.0
Locomotion_2,X17,73.609,0.0
Locomotion_2,X17,73.757,0.0
Locomotion_2,X17,73.904,0.0
Locomotion_2,X17,74.052,0.0
Locomotion_2,X17,74.2,0.0
Locomotion_2,X17,74.348,0.0
Locomotion_2,X17,74.495,0.0
Locomotion_2,X17,74.643,0.0
Locomotion_2,X17,74.791,0.0
Locomotion_2,X17,74.938,0.0
Locomotion_2,X17,75.086,0.0
Locomotion_2,X17,75.234,0.0
Locomotion_2,X17,75.382,0.0
Locomotion_2,X17,75.529,0.0
Locomotion_2,X17,75.677,0.0
Locomotion_2,X17,75.825,0.0
Locomotion_2,X17,75.972,0.0
Locomotion_2,X17,76.12,0.0
Locomotion_2,X17,76.268,0.0
Locomotion_2,X17,76.416,0.0
Locomotion_2,X17,76.563,0.0
Locomotion_2,X17,76.711,0.0
Locomotion_2,X17,76.859,0.0
Locomotion_2,X17,77.006,0.0
Locomotion_2,X17,77.154,0.0
Locomotion_2,X17,77.302,0.0
Locomotion_2,X17,77.449,0.0
Locomotion_2,X17,77.597,0.0
Locomotion_2,X17,77.745,0.0
Locomotion_2,X17,77.893,0.0
Locomotion_2,X17,78.04,0.0
Locomotion_2,X17,78.188,0.0
Locomotion_2,X17,78.336,0.0
Locomotion_2,X17,78.483,0.0
Locomotion_2,X17,78.631,0.0
Locomotion_2,X17,78.779,0.0
Locomotion_2,X17,78.927,0.0
Locomotion_2,X17,79.074,0.0
Locomotion_2,X17,79.222,0.0
Locomotion_2,X17,79.37,0.0
Locomotion_2,X17,79.517,0.0
Locomotion_2,X17,79.665,0.0
Locomotion_2,X17,79.813,0.0
Locomotion_2,X17,79.961,0.0
Locomotion_2,X17,80.108,0.0
Locomotion_2,X17,80.256,0.0
Locomotion_2,X17,80.404,0.0
Locomotion_2,X17,80.551,0.0
Locomotion_2,X17,80.699,0.0
Locomotion_2,X17,80.847,0.0
Locomotion_2,X17,80.995,0.0
Locomotion_2,X17,81.142,0.0
Locomotion_2,X17,81.29,0.0
Locomotion_2,X17,81.438,0.0
Locomotion_2,X17,81.585,0.0
Locomotion_2,X17,81.733,0.0
Locomotion_2,X17,81.881,0.0
Locomotion_2,X17,82.029,0.0
Locomotion_2,X17,82.176,0.0
Locomotion_2,X17,82.324,0.0
Locomotion_2,X17,82.472,0.0
Locomotion_2,X17,82.619,0.0
Locomotion_2,X17,82.767,0.0
Locomotion_2,X17,82.915,0.0
Locomotion_2,X17,83.062,0.0
Locomotion_2,X17,83.21,0.0
Locomotion_2,X17,83.358,0.0
Locomotion_2,X17,83.506,0.0
Locomotion_2,X17,83.653,0.0
Locomotion_2,X17,83.801,0.0
Locomotion_2,X17,83.949,0.0
Locomotion_2,X17,84.096,0.0
Locomotion_2,X17,84.244,0.0
Locomotion_2,X17,84.392,0.0
Locomotion_2,X17,84.54,0.0
Locomotion_2,X17,84.687,0.0
Locomotion_2,X17,84.835,0.0
Locomotion_2,X17,84.983,0.0
Locomotion_2,X17,85.13,0.0
Locomotion_2,X17,85.278,0.0
Locomotion_2,X17,85.426,0.0
Locomotion_2,X17,85.574,0.0
Locomotion_2,X17,85.721,0.0
Locomotion_2,X17,85.869,0.0
Locomotion_2,X17,86.017,0.0
Locomotion_2,X17,86.164,0.0
Locomotion_2,X17,86.312,0.0
Locomotion_2,X17,86.46,0.0
Locomotion_2,X17,86.608,0.0
Locomotion_2,X17,86.755,0.0
Locomotion_2,X17,86.903,0.0
Locomotion_2,X17,87.051,0.0
Locomotion_2,X17,87.198,0.0
Locomotion_2,X17,87.346,0.0
Locomotion_2,X17,87.494,0.0
Locomotion_2,X17,87.641,0.0
Locomotion_2,X17,87.789,0.0
Locomotion_2,X17,87.937,0.0
Locomotion_2,X17,88.085,0.0
Locomotion_2,X17,88.232,0.0
Locomotion_2,X17,88.38,0.0
Locomotion_2,X17,88.528,0.0
Locomotion_2,X17,88.675,0.0
Locomotion_2,X17,88.823,0.0
Locomotion_2,X17,88.971,0.0
Locomotion_2,X17,89.119,0.0
Locomotion_2,X17,89.266,0.0
Locomotion_2,X17,89.414,0.0
Locomotion_2,X17,89.562,0.0
Locomotion_2,X17,89.709,0.0
Locomotion_2,X17,89.857,0.0
Locomotion_2,X17,90.005,0.0
Locomotion_2,X17,90.153,0.0
Locomotion_2,X17,90.3,0.0
Locomotion_2,X17,90.448,0.0
Locomotion_2,X17,90.596,0.0
Locomotion_2,X17,90.743,0.0
Locomotion_2,X17,90.891,0.0
Locomotion_2,X17,91.039,0.0
Locomotion_2,X17,91.187,0.0
Locomotion_2,X17,91.334,0.0
Locomotion_2,X17,91.482,0.0
Locomotion_2,X17,91.63,0.0
Locomotion_2,X17,91.777,0.0
Locomotion_2,X17,91.925,0.0
Locomotion_2,X17,92.073,0.0
Locomotion_2,X17,92.221,0.0
Locomotion_2,X17,92.368,0.0
Locomotion_2,X17,92.516,0.0
Locomotion_2,X17,92.664,0.0
Locomotion_2,X17,92.811,0.0
Locomotion_2,X17,92.959,0.0
Locomotion_2,X17,93.107,0.0
Locomotion_2,X17,93.254,0.0
Locomotion_2,X17,93.402,0.0
Locomotion_2,X17,93.55,0.0
Locomotion_2,X17,93.698,0.0
Locomotion_2,X17,93.845,0.0
Locomotion_2,X17,93.993,0.0
Locomotion_2,X17,94.141,0.0
Locomotion_2,X17,94.288,0.0
Locomotion_2,X17,94.436,0.0
Locomotion_2,X17,94.584,0.0
Locomotion_2,X17,94.732,0.0
Locomotion_2,X17,94.879,0.0
Locomotion_2,X17,95.027,0.0
Locomotion_2,X17,95.175,0.0
Locomotion_2,X17,95.322,0.0
Locomotion_2,X17,95.47,0.0
Locomotion_2,X17,95.618,0.0
Locomotion_2,X17,95.766,0.0
Locomotion_2,X17,95.913,0.0
Locomotion_2,X17,96.061,0.0
Locomotion_2,X17,96.209,0.0
Locomotion_2,X17,96.356,0.0
Locomotion_2,X17,96.504,0.0
Locomotion_2,X17,96.652,0.0
Locomotion_2,X17,96.8,0.0
Locomotion_2,X17,96.947,0.0
Locomotion_2,X17,97.095,0.0
Locomotion_2,X17,97.243,0.0
Locomotion_2,X17,97.39,0.0
Locomotion_2,X17,97.538,0.0
Locomotion_2,X17,97.686,0.0
Locomotion_2,X17,97.834,0.0
Locomotion_2,X17,97.981,0.0
Locomotion_2,X17,98.129,0.0
Locomotion_2,X17,98.277,0.0
Locomotion_2,X17,98.424,0.0
Locomotion_2,X17,98.572,0.0
Locomotion_2,X17,98.72,0.0
Locomotion_2,X17,98.867,0.0
Locomotion_2,X17,99.015,0.0
Locomotion_2,X17,99.163,0.0
Locomotion_2,X17,99.311,0.0
Locomotion_2,X17,99.458,0.0
Locomotion_2,X17,99.606,0.0
Locomotion_2,X17,99.754,0.0
Locomotion_2,X17,99.901,0.0
Locomotion_2,X17,100.049,0.0
Locomotion_2,X17,100.197,0.0
Locomotion_2,X17,100.345,0.0
Locomotion_2,X17,100.492,0.0
Locomotion_2,X17,100.64,0.0
Locomotion_2,X17,100.788,0.0
Locomotion_2,X17,100.935,0.0
Locomotion_2,X17,101.083,0.0
Locomotion_2,X17,101.231,0.0
Locomotion_2,X17,101.379,0.0
Locomotion_2,X17,101.526,0.0
Locomotion_2,X17,101.674,0.0
Locomotion_2,X17,101.822,0.0
Locomotion_2,X17,101.969,0.0
Locomotion_2,X17,102.117,0.0
Locomotion_2,X17,102.265,0.0
Locomotion_2,X17,102.413,0.0
Locomotion_2,X17,102.56,0.0
Locomotion_2,X17,102.708,0.0
Locomotion_2,X17,102.856,0.0
Locomotion_2,X17,103.003,0.0
Locomotion_2,X17,103.151,0.0
Locomotion_2,X17,103.299,0.0
Locomotion_2,X17,103.446,0.0
Locomotion_2,X17,103.594,0.0
Locomotion_2,X17,103.742,0.0
Locomotion_2,X17,103.89,0.0
Locomotion_2,X17,104.037,0.0
Locomotion_2,X17,104.185,0.0
Locomotion_2,X17,104.333,0.0
Locomotion_2,X17,104.48,0.0
Locomotion_2,X17,104.628,0.0
Locomotion_2,X17,104.776,0.0
Locomotion_2,X17,104.924,0.0
Locomotion_2,X17,105.071,0.0
Locomotion_2,X17,105.219,0.0
Locomotion_2,X17,105.367,0.0
Locomotion_2,X17,105.514,0.0
Locomotion_2,X17,105.662,0.0
Locomotion_2,X17,105.81,0.0
Locomotion_2,X17,105.958,0.0
Locomotion_2,X17,106.105,0.0
Locomotion_2,X17,106.253,0.0
Locomotion_2,X17,106.401,0.0
Locomotion_2,X17,106.548,0.0
Locomotion_2,X17,106.696,0.0
Locomotion_2,X17,106.844,0.0
Locomotion_2,X17,106.992,0.0
Locomotion_2,X17,107.139,0.0
Locomotion_2,X17,107.287,0.0
Locomotion_2,X17,107.435,0.0
Locomotion_2,X17,107.582,0.0
Locomotion_2,X17,107.73,0.0549
Locomotion_2,X17,107.878,0.9725
Decision_1,X0,-0.022,1.0
Decision_1,X0,0.131,0.0549
Decision_1,X0,0.285,0.0
Decision_1,X0,0.438,0.0
Decision_1,X0,0.591,0.0
Decision_1,X0,0.744,0.0
Decision_1,X0,0.897,0.0
Decision_1,X0,1.051,0.0
Decision_1,X0,1.204,0.0
Decision_1,X0,1.357,0.0
Decision_1,X0,1.51,0.0
Decision_1,X0,1.663,0.0
Decision_1,X0,1.817,0.0
Decision_1,X0,1.97,0.0
Decision_1,X0,2.123,0.0
Decision_1,X0,2.276,0.0
Decision_1,X0,2.429,0.0
Decision_1,X0,2.583,0.0
Decision_1,X0,2.736,0.0
Decision_1,X0,2.889,0.0
Decision_1,X0,3.042,0.0
Decision_1,X0,3.196,0.0
Decision_1,X0,3.349,0.0
Decision_1,X0,3.502,0.0
Decision_1,X0,3.655,0.0
Decision_1,X0,3.808,0.0
Decision_1,X0,3.962,0.0
Decision_1,X0,4.115,0.0
Decision_1,X0,4.268,0.0
Decision_1,X0,4.421,0.0
Decision_1,X0,4.574,0.0
Decision_1,X0,4.728,0.0
Decision_1,X0,4.881,0.0
Decision_1,X0,5.034,0.0
Decision_1,X0,5.187,0.0
Decision_1,X0,5.34,0.0
Decision_1,X0,5.494,0.0
Decision_1,X0,5.647,0.0
Decision_1,X0,5.8,0.0
Decision_1,X0,5.953,0.0
Decision_1,X0,6.106,0.0
Decision_1,X0,6.26,0.0
Decision_1,X0,6.413,0.0
Decision_1,X0,6.566,0.0
Decision_1,X0,6.719,0.0
Decision_1,X0,6.872,0.0
Decision_1,X0,7.026,0.0
Decision_1,X0,7.179,0.0
Decision_1,X0,7.332,0.0
Decision_1,X0,7.485,0.0
Decision_1,X0,7.638,0.0
Decision_1,X0,7.792,0.0
Decision_1,X0,7.945,0.0
Decision_1,X0,8.098,0.0
Decision_1,X0,8.251,0.0
Decision_1,X0,8.405,0.0
Decision_1,X0,8.558,0.0
Decision_1,X0,8.711,0.0
Decision_1,X0,8.864,0.0
Decision_1,X0,9.017,0.0
Decision_1,X0,9.171,0.0
Decision_1,X0,9.324,0.0
Decision_1,X0,9.477,0.0
Decision_1,X0,9.63,0.0
Decision_1,X0,9.783,0.0
Decision_1,X0,9.937,0.0
Decision_1,X0,10.09,0.0
Decision_1,X0,10.243,0.0
Decision_1,X0,10.396,0.0
Decision_1,X0,10.549,0.0
Decision_1,X0,10.703,0.0
Decision_1,X0,10.856,0.0
Decision_1,X0,11.009,0.0
Decision_1,X0,11.162,0.0
Decision_1,X0,11.315,0.0
Decision_1,X0,11.469,0.0
Decision_1,X0,11.622,0.0
Decision_1,X0,11.775,0.0
Decision_1,X0,11.928,0.0
Decision_1,X0,12.081,0.0
Decision_1,X0,12.235,0.0
Decision_1,X0,12.388,0.0
Decision_1,X0,12.541,0.0
Decision_1,X0,12.694,0.0
Decision_1,X0,12.847,0.0
Decision_1,X0,13.001,0.0
Decision_1,X0,13.154,0.0
Decision_1,X0,13.307,0.0
Decision_1,X0,13.46,0.0
Decision_1,X0,13.614,0.0
Decision_1,X0,13.767,0.0
Decision_1,X0,13.92,0.0
Decision_1,X0,14.073,0.0
Decision_1,X0,14.226,0.0
Decision_1,X0,14.38,0.0
Decision_1,X0,14.533,0.0
Decision_1,X0,14.686,0.0
Decision_1,X0,14.839,0.0
Decision_1,X0,14.992,0.0
Decision_1,X0,15.146,0.0
Decision_1,X0,15.299,0.0
Decision_1,X0,15.452,0.0
Decision_1,X0,15.605,0.0
Decision_1,X0,15.758,0.0
Decision_1,X0,15.912,0.0
Decision_1,X0,16.065,0.0
Decision_1,X0,16.218,0.0
Decision_1,X0,16.371,0.0
Decision_1,X0,16.524,0.0
Decision_1,X0,16.678,0.0
Decision_1,X0,16.831,0.0
Decision_1,X0,16.984,0.0
Decision_1,X0,17.137,0.0
Decision_1,X0,17.29,0.0
Decision_1,X0,17.444,0.0
Decision_1,X0,17.597,0.0
Decision_1,X0,17.75,0.0
Decision_1,X0,17.903,0.0
Decision_1,X0,18.057,0.0
Decision_1,X0,18.21,0.0
Decision_1,X0,18.363,0.0
Decision_1,X0,18.516,0.0
Decision_1,X0,18.669,0.0
Decision_1,X0,18.823,0.0
Decision_1,X0,18.976,0.0
Decision_1,X0,19.129,0.0
Decision_1,X0,19.282,0.0
Decision_1,X0,19.435,0.0
Decision_1,X0,19.589,0.0
Decision_1,X0,19.742,0.0
Decision_1,X0,19.895,0.0
Decision_1,X0,20.048,0.0
Decision_1,X0,20.201,0.0
Decision_1,X0,20.355,0.0
Decision_1,X0,20.508,0.0
Decision_1,X0,20.661,0.0
Decision_1,X0,20.814,0.0
Decision_1,X0,20.967,0.0
Decision_1,X0,21.121,0.0
Decision_1,X0,21.274,0.0
Decision_1,X0,21.427,0.0
Decision_1,X0,21.58,0.0
Decision_1,X0,21.733,0.0
Decision_1,X0,21.887,0.0
Decision_1,X0,22.04,0.0
Decision_1,X0,22.193,0.0
Decision_1,X0,22.346,0.0
Decision_1,X0,22.499,0.0
Decision_1,X0,22.653,0.0
Decision_1,X0,22.806,0.0
Decision_1,X0,22.959,0.0
Decision_1,X0,23.112,0.0
Decision_1,X0,23.266,0.0
Decision_1,X0,23.419,0.0
Decision_1,X0,23.572,0.0
Decision_1,X0,23.725,0.0
Decision_1,X0,23.878,0.0
Decision_1,X0,24.032,0.0
Decision_1,X0,24.185,0.0
Decision_1,X0,24.338,0.0
Decision_1,X0,24.491,0.0824
Decision_1,X0,24.644,0.0
Decision_1,X0,24.798,0.0
Decision_1,X0,24.951,0.0
Decision_1,X0,25.104,0.0
Decision_1,X0,25.257,0.0
Decision_1,X0,25.41,0.0
Decision_1,X0,25.564,0.0
Decision_1,X0,25.717,0.0
Decision_1,X0,25.87,1.0
Decision_1,X0,26.023,0.0
Decision_1,X0,26.176,1.0
Decision_1,X0,26.33,0.0
Decision_1,X0,26.483,1.0
Decision_1,X0,26.636,0.0
Decision_1,X0,26.789,1.0
Decision_1,X0,26.942,0.0
Decision_1,X0,27.096,1.0
Decision_1,X0,27.249,0.0
Decision_1,X0,27.402,1.0
Decision_1,X0,27.555,0.0
Decision_1,X0,27.708,1.0
Decision_1,X0,27.862,0.0
Decision_1,X0,28.015,0.0863
Decision_1,X0,28.168,0.0
Decision_1,X0,28.321,0.0
Decision_1,X0,28.475,0.0863
Decision_1,X0,28.628,0.0
Decision_1,X0,28.781,0.0863
Decision_1,X0,28.934,0.0
Decision_1,X0,29.087,0.0863
Decision_1,X0,29.241,0.0
Decision_1,X0,29.394,0.0863
Decision_1,X0,29.547,0.0
Decision_1,X0,29.7,0.0863
Decision_1,X0,29.853,0.0
Decision_1,X0,30.007,0.0863
Decision_1,X0,30.16,0.0
Decision_1,X0,30.313,0.0863
Decision_1,X0,30.466,0.0
Decision_1,X0,30.619,0.0863
Decision_1,X0,30.773,0.0
Decision_1,X0,30.926,0.0863
Decision_1,X0,31.079,1.0
Decision_1,X0,31.232,0.0863
Decision_1,X0,31.385,1.0
Decision_1,X0,31.539,0.0863
Decision_1,X0,31.692,1.0
Decision_1,X0,31.845,0.0863
Decision_1,X0,31.998,1.0
Decision_1,X0,32.151,0.0863
Decision_1,X0,32.305,1.0
Decision_1,X0,32.458,1.0
Decision_1,X0,32.611,0.0863
Decision_1,X0,32.764,1.0
Decision_1,X0,32.918,0.0863
Decision_1,X0,33.071,1.0
Decision_1,X0,33.224,0.0863
Decision_1,X0,33.377,1.0
Decision_1,X0,33.53,0.0863
Decision_1,X0,33.684,1.0
Decision_1,X0,33.837,0.0863
Decision_1,X0,33.99,1.0
Decision_1,X0,34.143,0.0863
Decision_1,X0,34.296,1.0
Decision_1,X0,34.45,0.0
Decision_1,X0,34.603,1.0
Decision_1,X0,34.756,0.0
Decision_1,X0,34.909,1.0
Decision_1,X0,35.062,0.0
Decision_1,X0,35.216,1.0
Decision_1,X0,35.369,0.0
Decision_1,X0,35.522,1.0
Decision_1,X0,35.675,0.0
Decision_1,X0,35.828,1.0
Decision_1,X0,35.982,0.0
Decision_1,X0,36.135,1.0
Decision_1,X0,36.288,0.0
Decision_1,X0,36.441,1.0
Decision_1,X0,36.594,1.0
Decision_1,X0,36.748,0.0
Decision_1,X0,36.901,1.0
Decision_1,X0,37.054,0.0
Decision_1,X0,37.207,1.0
Decision_1,X0,37.36,0.0
Decision_1,X0,37.514,1.0
Decision_1,X0,37.667,0.0
Decision_1,X0,37.82,0.0863
Decision_1,X0,37.973,0.0
Decision_1,X0,38.127,0.0863
Decision_1,X0,38.28,0.0
Decision_1,X0,38.433,0.0863
Decision_1,X0,38.586,0.0
Decision_1,X0,38.739,0.0863
Decision_1,X0,38.893,0.0
Decision_1,X0,39.046,0.0863
Decision_1,X0,39.199,0.0
Decision_1,X0,39.352,0.0863
Decision_1,X0,39.505,0.0
Decision_1,X0,39.659,0.0863
Decision_1,X0,39.812,0.0
Decision_1,X0,39.965,0.0863
Decision_1,X0,40.118,0.0
Decision_1,X0,40.271,0.0863
Decision_1,X0,40.425,0.0
Decision_1,X0,40.578,0.0863
Decision_1,X0,40.731,0.0863
Decision_1,X0,40.884,0.0863
Decision_1,X0,41.037,0.0
Decision_1,X0,41.191,0.0863
Decision_1,X0,41.344,0.0
Decision_1,X0,41.497,0.0863
Decision_1,X0,41.65,0.0
Decision_1,X0,41.803,0.0863
Decision_1,X0,41.957,0.0
Decision_1,X0,42.11,0.0863
Decision_1,X0,42.263,0.0
Decision_1,X0,42.416,0.0863
Decision_1,X0,42.569,0.0
Decision_1,X0,42.723,0.0863
Decision_1,X0,42.876,0.0
Decision_1,X0,43.029,0.0863
Decision_1,X0,43.182,0.0
Decision_1,X0,43.336,0.0863
Decision_1,X0,43.489,0.0
Decision_1,X0,43.642,0.0863
Decision_1,X0,43.795,0.0
Decision_1,X0,43.948,0.0863
Decision_1,X0,44.102,0.0
Decision_1,X0,44.255,0.0863
Decision_1,X0,44.408,1.0
Decision_1,X0,44.561,0.0863
Decision_1,X0,44.714,1.0
Decision_1,X0,44.868,1.0
Decision_1,X0,45.021,0.0863
Decision_1,X0,45.174,1.0
Decision_1,X0,45.327,0.0863
Decision_1,X0,45.48,1.0
Decision_1,X0,45.634,0.0863
Decision_1,X0,45.787,1.0
Decision_1,X0,45.94,0.0863
Decision_1,X0,46.093,1.0
Decision_1,X0,46.246,0.0863
Decision_1,X0,46.4,1.0
Decision_1,X0,46.553,0.0863
Decision_1,X0,46.706,1.0
Decision_1,X0,46.859,0.0863
Decision_1,X0,47.012,1.0
Decision_1,X0,47.166,0.0863
Decision_1,X0,47.319,1.0
Decision_1,X0,47.472,0.0
Decision_1,X0,47.625,1.0
Decision_1,X0,47.779,0.0
Decision_1,X0,47.932,1.0
Decision_1,X0,48.085,0.0
Decision_1,X0,48.238,1.0
Decision_1,X0,48.391,0.0
Decision_1,X0,48.545,1.0
Decision_1,X0,48.698,0.0
Decision_1,X0,48.851,0.0
Decision_1,X0,49.004,1.0
Decision_1,X0,49.157,0.0
Decision_1,X0,49.311,1.0
Decision_1,X0,49.464,0.0
Decision_1,X0,49.617,1.0
Decision_1,X0,49.77,0.0
Decision_1,X0,49.923,1.0
Decision_1,X0,50.077,0.0
Decision_1,X0,50.23,1.0
Decision_1,X0,50.383,0.0
Decision_1,X0,50.536,1.0
Decision_1,X0,50.689,0.0
Decision_1,X0,50.843,0.0863
Decision_1,X0,50.996,0.0
Decision_1,X0,51.149,0.0863
Decision_1,X0,51.302,0.0
Decision_1,X0,51.455,0.0863
Decision_1,X0,51.609,0.0
Decision_1,X0,51.762,0.0863
Decision_1,X0,51.915,0.0
Decision_1,X0,52.068,0.0863
Decision_1,X0,52.221,0.0
Decision_1,X0,52.375,0.0863
Decision_1,X0,52.528,0.0
Decision_1,X0,52.681,0.0863
Decision_1,X0,52.834,0.0
Decision_1,X0,52.988,0.0
Decision_1,X0,53.141,0.0863
Decision_1,X0,53.294,0.0
Decision_1,X0,53.447,0.0863
Decision_1,X0,53.6,0.0
Decision_1,X0,53.754,0.0863
Decision_1,X0,53.907,0.0
Decision_1,X0,54.06,0.0863
Decision_1,X0,54.213,1.0
Decision_1,X0,54.366,0.0863
Decision_1,X0,54.52,1.0
Decision_1,X0,54.673,0.0863
Decision_1,X0,54.826,1.0
Decision_1,X0,54.979,0.0863
Decision_1,X0,55.132,1.0
Decision_1,X0,55.286,0.0863
Decision_1,X0,55.439,1.0
Decision_1,X0,55.592,0.0863
Decision_1,X0,55.745,1.0
Decision_1,X0,55.898,0.0863
Decision_1,X0,56.052,1.0
Decision_1,X0,56.205,0.0863
Decision_1,X0,56.358,1.0
Decision_1,X0,56.511,0.0863
Decision_1,X0,56.664,1.0
Decision_1,X0,56.818,0.0863
Decision_1,X0,56.971,1.0
Decision_1,X0,57.124,1.0
Decision_1,X0,57.277,1.0
Decision_1,X0,57.431,0.0863
Decision_1,X0,57.584,1.0
Decision_1,X0,57.737,0.0863
Decision_1,X0,57.89,1.0
Decision_1,X0,58.043,0.0863
Decision_1,X0,58.197,1.0
Decision_1,X0,58.35,0.0863
Decision_1,X0,58.503,1.0
Decision_1,X0,58.656,0.0863
Decision_1,X0,58.809,1.0
Decision_1,X0,58.963,0.0863
Decision_1,X0,59.116,1.0
Decision_1,X0,59.269,0.0863
Decision_1,X0,59.422,1.0
Decision_1,X0,59.575,0.0863
Decision_1,X0,59.729,1.0
Decision_1,X0,59.882,0.0863
Decision_1,X0,60.035,1.0
Decision_1,X0,60.188,0.0863
Decision_1,X0,60.341,1.0
Decision_1,X0,60.495,0.0863
Decision_1,X0,60.648,1.0
Decision_1,X0,60.801,0.0
Decision_1,X0,60.954,1.0
Decision_1,X0,61.107,0.0
Decision_1,X0,61.261,0.0
Decision_1,X0,61.414,1.0
Decision_1,X0,61.567,0.0
Decision_1,X0,61.72,1.0
Decision_1,X0,61.873,0.0
Decision_1,X0,62.027,1.0
Decision_1,X0,62.18,0.0
Decision_1,X0,62.333,1.0
Decision_1,X0,62.486,0.0
Decision_1,X0,62.64,1.0
Decision_1,X0,62.793,0.0
Decision_1,X0,62.946,1.0
Decision_1,X0,63.099,0.0
Decision_1,X0,63.252,1.0
Decision_1,X0,63.406,0.0
Decision_1,X0,63.559,1.0
Decision_1,X0,63.712,0.0
Decision_1,X0,63.865,0.0863
Decision_1,X0,64.018,0.0
Decision_1,X0,64.172,0.0863
Decision_1,X0,64.325,0.0
Decision_1,X0,64.478,0.0863
Decision_1,X0,64.631,0.0
Decision_1,X0,64.784,0.0863
Decision_1,X0,64.938,0.0
Decision_1,X0,65.091,0.0863
Decision_1,X0,65.244,0.0863
Decision_1,X0,65.397,0.0
Decision_1,X0,65.55,0.0863
Decision_1,X0,65.704,0.0
Decision_1,X0,65.857,0.0863
Decision_1,X0,66.01,0.0
Decision_1,X0,66.163,0.0863
Decision_1,X0,66.316,0.0
Decision_1,X0,66.47,0.0863
Decision_1,X0,66.623,0.0
Decision_1,X0,66.776,0.0863
Decision_1,X0,66.929,0.0
Decision_1,X0,67.082,0.0863
Decision_1,X0,67.236,1.0
Decision_1,X0,67.389,0.0863
Decision_1,X0,67.542,1.0
Decision_1,X0,67.695,0.0863
Decision_1,X0,67.849,1.0
Decision_1,X0,68.002,0.0863
Decision_1,X0,68.155,1.0
Decision_1,X0,68.308,0.0863
Decision_1,X0,68.461,1.0
Decision_1,X0,68.615,0.0863
Decision_1,X0,68.768,1.0
Decision_1,X0,68.921,0.0863
Decision_1,X0,69.074,1.0
Decision_1,X0,69.227,0.0863
Decision_1,X0,69.381,0.0863
Decision_1,X0,69.534,1.0
Decision_1,X0,69.687,0.0863
Decision_1,X0,69.84,1.0
Decision_1,X0,69.993,0.0863
Decision_1,X0,70.147,1.0
Decision_1,X0,70.3,0.0
Decision_1,X0,70.453,1.0
Decision_1,X0,70.606,0.0
Decision_1,X0,70.759,1.0
Decision_1,X0,70.913,0.0
Decision_1,X0,71.066,1.0
Decision_1,X0,71.219,0.0
Decision_1,X0,71.372,1.0
Decision_1,X0,71.525,0.0
Decision_1,X0,71.679,1.0
Decision_1,X0,71.832,0.0
Decision_1,X0,71.985,1.0
Decision_1,X0,72.138,0.0
Decision_1,X0,72.292,1.0
Decision_1,X0,72.445,0.0
Decision_1,X0,72.598,1.0
Decision_1,X0,72.751,0.0
Decision_1,X0,72.904,1.0
Decision_1,X0,73.058,0.0
Decision_1,X0,73.211,1.0
Decision_1,X0,73.364,1.0
Decision_1,X0,73.517,1.0
Decision_1,X0,73.67,0.0
Decision_1,X0,73.824,1.0
Decision_1,X0,73.977,0.0
Decision_1,X0,74.13,1.0
Decision_1,X0,74.283,0.0
Decision_1,X0,74.436,1.0
Decision_1,X0,74.59,0.0
Decision_1,X0,74.743,1.0
Decision_1,X0,74.896,0.0
Decision_1,X0,75.049,0.0863
Decision_1,X0,75.202,0.0863
Decision_1,X0,75.356,0.0863
Decision_1,X0,75.509,0.0863
Decision_1,X0,75.662,0.0863
Decision_1,X0,75.815,0.0863
Decision_1,X0,75.968,0.0863
Decision_1,X0,76.122,0.0863
Decision_1,X0,76.275,0.0863
Decision_1,X0,76.428,0.0863
Decision_1,X0,76.581,0.0863
Decision_1,X0,76.734,0.0863
Decision_1,X0,76.888,0.0863
Decision_1,X0,77.041,0.0863
Decision_1,X0,77.194,0.0863
Decision_1,X0,77.347,0.0863
Decision_1,X0,77.501,0.0863
Decision_1,X0,77.654,0.0863
Decision_1,X0,77.807,0.0863
Decision_1,X0,77.96,0.0863
Decision_1,X0,78.113,0.0863
Decision_1,X0,78.267,0.0863
Decision_1,X0,78.42,0.0863
Decision_1,X0,78.573,0.0863
Decision_1,X0,78.726,0.0863
Decision_1,X0,78.879,0.0863
Decision_1,X0,79.033,0.0863
Decision_1,X0,79.186,0.0863
Decision_1,X0,79.339,0.0863
Decision_1,X0,79.492,0.0863
Decision_1,X0,79.645,0.0863
Decision_1,X0,79.799,0.0863
Decision_1,X0,79.952,0.0863
Decision_1,X0,80.105,0.0863
Decision_1,X0,80.258,0.0863
Decision_1,X0,80.411,0.0863
Decision_1,X0,80.565,0.0863
Decision_1,X0,80.718,0.0863
Decision_1,X0,80.871,0.0863
Decision_1,X0,81.024,0.0863
Decision_1,X0,81.177,0.0863
Decision_1,X0,81.331,0.0863
Decision_1,X0,81.484,0.0863
Decision_1,X0,81.637,0.0863
Decision_1,X0,81.79,0.0863
Decision_1,X0,81.943,0.0863
Decision_1,X0,82.097,0.0863
Decision_1,X0,82.25,0.0863
Decision_1,X0,82.403,0.0863
Decision_1,X0,82.556,0.0863
Decision_1,X0,82.71,0.0863
Decision_1,X0,82.863,0.0863
Decision_1,X0,83.016,0.0863
Decision_1,X0,83.169,0.0863
Decision_1,X0,83.322,0.0863
Decision_1,X0,83.476,0.0863
Decision_1,X0,83.629,0.0863
Decision_1,X0,83.782,0.0863
Decision_1,X0,83.935,0.0863
Decision_1,X0,84.088,0.0863
Decision_1,X0,84.242,0.0863
Decision_1,X0,84.395,0.0863
Decision_1,X0,84.548,0.0863
Decision_1,X0,84.701,0.0863
Decision_1,X0,84.854,0.0863
Decision_1,X0,85.008,0.0863
Decision_1,X0,85.161,0.0863
Decision_1,X0,85.314,0.0863
Decision_1,X0,85.467,0.0863
Decision_1,X0,85.62,0.0863
Decision_1,X0,85.774,0.0863
Decision_1,X0,85.927,0.0863
Decision_1,X0,86.08,0.0863
Decision_1,X0,86.233,0.0863
Decision_1,X0,86.386,0.0863
Decision_1,X0,86.54,0.0863
Decision_1,X0,86.693,0.0863
Decision_1,X0,86.846,0.0863
Decision_1,X0,86.999,0.0863
Decision_1,X0,87.153,0.0863
Decision_1,X0,87.306,0.0863
Decision_1,X0,87.459,0.0863
Decision_1,X0,87.612,0.0863
Decision_1,X0,87.765,0.0863
Decision_1,X0,87.919,0.1098
Decision_1,X0,88.072,0.0314
Decision_1,X0,88.225,0.0
Decision_1,X0,88.378,0.0
Decision_1,X0,88.531,0.0
Decision_1,X0,88.685,0.0
Decision_1,X0,88.838,0.0
Decision_1,X0,88.991,0.0
Decision_1,X0,89.144,0.0
Decision_1,X0,89.297,0.0
Decision_1,X0,89.451,0.0
Decision_1,X0,89.604,0.0
Decision_1,X0,89.757,0.0
Decision_1,X0,89.91,0.0
Decision_1,X0,90.063,0.0
Decision_1,X0,90.217,0.0
Decision_1,X0,90.37,0.0
Decision_1,X0,90.523,0.0
Decision_1,X0,90.676,0.0
Decision_1,X0,90.829,0.0
Decision_1,X0,90.983,0.0
Decision_1,X0,91.136,0.0
Decision_1,X0,91.289,0.0
Decision_1,X0,91.442,0.0
Decision_1,X0,91.595,0.0
Decision_1,X0,91.749,0.0
Decision_1,X0,91.902,0.0
Decision_1,X0,92.055,0.0
Decision_1,X0,92.208,0.0
Decision_1,X0,92.362,0.0
Decision_1,X0,92.515,0.0
Decision_1,X0,92.668,0.0
Decision_1,X0,92.821,0.0
Decision_1,X0,92.974,0.0
Decision_1,X0,93.128,0.0
Decision_1,X0,93.281,0.0
Decision_1,X0,93.434,0.0
Decision_1,X0,93.587,0.0
Decision_1,X0,93.74,0.0
Decision_1,X0,93.894,0.0
Decision_1,X0,94.047,0.0
Decision_1,X0,94.2,0.0
Decision_1,X0,94.353,0.0
Decision_1,X0,94.506,0.0
Decision_1,X0,94.66,0.0
Decision_1,X0,94.813,0.0
Decision_1,X0,94.966,0.0
Decision_1,X0,95.119,0.0
Decision_1,X0,95.272,0.0
Decision_1,X0,95.426,0.0
Decision_1,X0,95.579,0.0
Decision_1,X0,95.732,0.0
Decision_1,X0,95.885,0.0
Decision_1,X0,96.038,0.0
Decision_1,X0,96.192,0.0
Decision_1,X0,96.345,0.0
Decision_1,X0,96.498,0.0
Decision_1,X0,96.651,0.0
Decision_1,X0,96.804,0.0
Decision_1,X0,96.958,0.0
Decision_1,X0,97.111,0.0
Decision_1,X0,97.264,0.0
Decision_1,X0,97.417,0.0
Decision_1,X0,97.571,0.0
Decision_1,X0,97.724,0.0
Decision_1,X0,97.877,0.0
Decision_1,X0,98.03,0.0
Decision_1,X0,98.183,0.0
Decision_1,X0,98.337,0.0
Decision_1,X0,98.49,0.0
Decision_1,X0,98.643,0.0
Decision_1,X0,98.796,0.0
Decision_1,X0,98.949,0.0
Decision_1,X0,99.103,0.0
Decision_1,X0,99.256,0.0
Decision_1,X0,99.409,0.0
Decision_1,X0,99.562,0.0
Decision_1,X0,99.715,0.0
Decision_1,X0,99.869,0.0
Decision_1,X0,100.022,0.0
Decision_1,X0,100.175,0.0
Decision_1,X0,100.328,0.0
Decision_1,X0,100.481,0.0
Decision_1,X0,100.635,0.0
Decision_1,X0,100.788,0.0
Decision_1,X0,100.941,0.0
Decision_1,X0,101.094,0.0
Decision_1,X0,101.247,0.0
Decision_1,X0,101.401,0.0
Decision_1,X0,101.554,0.0
Decision_1,X0,101.707,0.0
Decision_1,X0,101.86,0.0
Decision_1,X0,102.014,0.0
Decision_1,X0,102.167,0.0
Decision_1,X0,102.32,0.0
Decision_1,X0,102.473,0.0
Decision_1,X0,102.626,0.0
Decision_1,X0,102.78,0.0
Decision_1,X0,102.933,0.0
Decision_1,X0,103.086,0.0
Decision_1,X0,103.239,0.0
Decision_1,X0,103.392,0.0
Decision_1,X0,103.546,0.0
Decision_1,X0,103.699,0.0
Decision_1,X0,103.852,0.0
Decision_1,X0,104.005,0.0
Decision_1,X0,104.158,0.0
Decision_1,X0,104.312,0.0
Decision_1,X0,104.465,0.0
Decision_1,X0,104.618,0.0
Decision_1,X0,104.771,0.0
Decision_1,X0,104.924,0.0
Decision_1,X0,105.078,0.0
Decision_1,X0,105.231,0.0
Decision_1,X0,105.384,0.0
Decision_1,X0,105.537,0.0
Decision_1,X0,105.69,0.0
Decision_1,X0,105.844,0.0
Decision_1,X0,105.997,0.0
Decision_1,X0,106.15,0.0
Decision_1,X0,106.303,0.0
Decision_1,X0,106.456,0.0
Decision_1,X0,106.61,0.0
Decision_1,X0,106.763,0.0
Decision_1,X0,106.916,0.0
Decision_1,X0,107.069,0.0
Decision_1,X0,107.223,0.0
Decision_1,X0,107.376,0.0
Decision_1,X0,107.529,0.0
Decision_1,X0,107.682,0.1373
Decision_1,X0,107.835,1.0
Decision_1,X1,-0.022,1.0
Decision_1,X1,0.131,0.0549
Decision_1,X1,0.285,0.0
Decision_1,X1,0.438,0.0
Decision_1,X1,0.591,0.0
Decision_1,X1,0.744,0.0
Decision_1,X1,0.897,0.0
Decision_1,X1,1.051,0.0
Decision_1,X1,1.204,0.0
Decision_1,X1,1.357,0.0
Decision_1,X1,1.51,0.0
Decision_1,X1,1.663,0.0
Decision_1,X1,1.817,0.0
Decision_1,X1,1.97,0.0
Decision_1,X1,2.123,0.0
Decision_1,X1,2.276,0.0
Decision_1,X1,2.429,0.0
Decision_1,X1,2.583,0.0
Decision_1,X1,2.736,0.0
Decision_1,X1,2.889,0.0
Decision_1,X1,3.042,0.0
Decision_1,X1,3.196,0.0
Decision_1,X1,3.349,0.0
Decision_1,X1,3.502,0.0
Decision_1,X1,3.655,0.0
Decision_1,X1,3.808,0.0
Decision_1,X1,3.962,0.0
Decision_1,X1,4.115,0.0
Decision_1,X1,4.268,0.0
Decision_1,X1,4.421,0.0
Decision_1,X1,4.574,0.0
Decision_1,X1,4.728,0.0
Decision_1,X1,4.881,0.0
Decision_1,X1,5.034,0.0
Decision_1,X1,5.187,0.0
Decision_1,X1,5.34,0.0
Decision_1,X1,5.494,0.0
Decision_1,X1,5.647,0.0
Decision_1,X1,5.8,0.0
Decision_1,X1,5.953,0.0
Decision_1,X1,6.106,0.0
Decision_1,X1,6.26,0.0
Decision_1,X1,6.413,0.0
Decision_1,X1,6.566,0.0
Decision_1,X1,6.719,0.0
Decision_1,X1,6.872,0.0
Decision_1,X1,7.026,0.0
Decision_1,X1,7.179,0.0
Decision_1,X1,7.332,0.0
Decision_1,X1,7.485,0.0
Decision_1,X1,7.638,0.0
Decision_1,X1,7.792,0.0
Decision_1,X1,7.945,0.0
Decision_1,X1,8.098,0.0
Decision_1,X1,8.251,0.0
Decision_1,X1,8.405,0.0
Decision_1,X1,8.558,0.0
Decision_1,X1,8.711,0.0
Decision_1,X1,8.864,0.0
Decision_1,X1,9.017,0.0
Decision_1,X1,9.171,0.0
Decision_1,X1,9.324,0.0
Decision_1,X1,9.477,0.0
Decision_1,X1,9.63,0.0
Decision_1,X1,9.783,0.0
Decision_1,X1,9.937,0.0
Decision_1,X1,10.09,0.0
Decision_1,X1,10.243,0.0
Decision_1,X1,10.396,0.0
Decision_1,X1,10.549,0.0
Decision_1,X1,10.703,0.0
Decision_1,X1,10.856,0.0
Decision_1,X1,11.009,0.0
Decision_1,X1,11.162,0.0
Decision_1,X1,11.315,0.0
Decision_1,X1,11.469,0.0
Decision_1,X1,11.622,0.0
Decision_1,X1,11.775,0.0
Decision_1,X1,11.928,0.0
Decision_1,X1,12.081,0.0
Decision_1,X1,12.235,0.0
Decision_1,X1,12.388,0.0
Decision_1,X1,12.541,0.0
Decision_1,X1,12.694,0.0
Decision_1,X1,12.847,0.0
Decision_1,X1,13.001,0.0
Decision_1,X1,13.154,0.0
Decision_1,X1,13.307,0.0
Decision_1,X1,13.46,0.0
Decision_1,X1,13.614,0.0
Decision_1,X1,13.767,0.0
Decision_1,X1,13.92,0.0
Decision_1,X1,14.073,0.0
Decision_1,X1,14.226,0.0
Decision_1,X1,14.38,0.0
Decision_1,X1,14.533,0.0
Decision_1,X1,14.686,0.0
Decision_1,X1,14.839,0.0
Decision_1,X1,14.992,0.0
Decision_1,X1,15.146,0.0
Decision_1,X1,15.299,0.0
Decision_1,X1,15.452,0.0
Decision_1,X1,15.605,0.0
Decision_1,X1,15.758,0.0
Decision_1,X1,15.912,0.0
Decision_1,X1,16.065,0.0
Decision_1,X1,16.218,0.0
Decision_1,X1,16.371,0.0
Decision_1,X1,16.524,0.0
Decision_1,X1,16.678,0.0
Decision_1,X1,16.831,0.0
Decision_1,X1,16.984,0.0
Decision_1,X1,17.137,0.0
Decision_1,X1,17.29,0.0
Decision_1,X1,17.444,0.0
Decision_1,X1,17.597,0.0
Decision_1,X1,17.75,0.0
Decision_1,X1,17.903,0.0
Decision_1,X1,18.057,0.0
Decision_1,X1,18.21,0.0
Decision_1,X1,18.363,0.0
Decision_1,X1,18.516,0.0
Decision_1,X1,18.669,0.0
Decision_1,X1,18.823,0.0
Decision_1,X1,18.976,0.0
Decision_1,X1,19.129,0.0
Decision_1,X1,19.282,0.0
Decision_1,X1,19.435,0.0
Decision_1,X1,19.589,0.0
Decision_1,X1,19.742,0.0
Decision_1,X1,19.895,0.0
Decision_1,X1,20.048,0.0
Decision_1,X1,20.201,0.0
Decision_1,X1,20.355,0.0
Decision_1,X1,20.508,0.0
Decision_1,X1,20.661,0.0
Decision_1,X1,20.814,0.0
Decision_1,X1,20.967,0.0
Decision_1,X1,21.121,0.0
Decision_1,X1,21.274,0.0
Decision_1,X1,21.427,0.0
Decision_1,X1,21.58,0.0
Decision_1,X1,21.733,0.0
Decision_1,X1,21.887,0.0
Decision_1,X1,22.04,0.0
Decision_1,X1,22.193,0.0
Decision_1,X1,22.346,0.0
Decision_1,X1,22.499,0.0
Decision_1,X1,22.653,0.0
Decision_1,X1,22.806,0.0
Decision_1,X1,22.959,0.0
Decision_1,X1,23.112,0.0
Decision_1,X1,23.266,0.0
Decision_1,X1,23.419,0.0
Decision_1,X1,23.572,0.0
Decision_1,X1,23.725,0.0
Decision_1,X1,23.878,0.0
Decision_1,X1,24.032,0.0
Decision_1,X1,24.185,0.0
Decision_1,X1,24.338,0.0
Decision_1,X1,24.491,0.0
Decision_1,X1,24.644,0.0
Decision_1,X1,24.798,0.0
Decision_1,X1,24.951,0.0
Decision_1,X1,25.104,0.0
Decision_1,X1,25.257,0.0
Decision_1,X1,25.41,0.0
Decision_1,X1,25.564,0.0
Decision_1,X1,25.717,0.0
Decision_1,X1,25.87,0.0
Decision_1,X1,26.023,0.0
Decision_1,X1,26.176,0.0
Decision_1,X1,26.33,0.0
Decision_1,X1,26.483,0.0
Decision_1,X1,26.636,0.0
Decision_1,X1,26.789,0.0
Decision_1,X1,26.942,0.0
Decision_1,X1,27.096,0.0
Decision_1,X1,27.249,0.0
Decision_1,X1,27.402,0.0
Decision_1,X1,27.555,0.0
Decision_1,X1,27.708,0.0
Decision_1,X1,27.862,0.0
Decision_1,X1,28.015,0.0
Decision_1,X1,28.168,0.0
Decision_1,X1,28.321,0.0
Decision_1,X1,28.475,0.0
Decision_1,X1,28.628,0.0
Decision_1,X1,28.781,0.0
Decision_1,X1,28.934,0.0
Decision_1,X1,29.087,0.0
Decision_1,X1,29.241,0.0
Decision_1,X1,29.394,0.0
Decision_1,X1,29.547,0.0
Decision_1,X1,29.7,0.0
Decision_1,X1,29.853,0.0
Decision_1,X1,30.007,0.0
Decision_1,X1,30.16,0.0
Decision_1,X1,30.313,0.0
Decision_1,X1,30.466,0.0
Decision_1,X1,30.619,0.0
Decision_1,X1,30.773,0.0
Decision_1,X1,30.926,0.0
Decision_1,X1,31.079,0.0
Decision_1,X1,31.232,0.0
Decision_1,X1,31.385,0.0
Decision_1,X1,31.539,0.0
Decision_1,X1,31.692,0.0
Decision_1,X1,31.845,0.0
Decision_1,X1,31.998,0.0
Decision_1,X1,32.151,0.0
Decision_1,X1,32.305,0.0
Decision_1,X1,32.458,0.0
Decision_1,X1,32.611,0.0
Decision_1,X1,32.764,0.0
Decision_1,X1,32.918,0.0
Decision_1,X1,33.071,0.0
Decision_1,X1,33.224,0.0
Decision_1,X1,33.377,0.0
Decision_1,X1,33.53,0.0
Decision_1,X1,33.684,0.0
Decision_1,X1,33.837,0.0
Decision_1,X1,33.99,0.0
Decision_1,X1,34.143,0.0
Decision_1,X1,34.296,0.0
Decision_1,X1,34.45,0.0
Decision_1,X1,34.603,0.0
Decision_1,X1,34.756,0.0
Decision_1,X1,34.909,0.0
Decision_1,X1,35.062,0.0
Decision_1,X1,35.216,0.0
Decision_1,X1,35.369,0.0
Decision_1,X1,35.522,0.0
Decision_1,X1,35.675,0.0
Decision_1,X1,35.828,0.0
Decision_1,X1,35.982,0.0
Decision_1,X1,36.135,0.0
Decision_1,X1,36.288,0.0
Decision_1,X1,36.441,0.0
Decision_1,X1,36.594,0.0
Decision_1,X1,36.748,0.0
Decision_1,X1,36.901,0.0
Decision_1,X1,37.054,0.0
Decision_1,X1,37.207,0.0
Decision_1,X1,37.36,0.0
Decision_1,X1,37.514,0.0
Decision_1,X1,37.667,0.0
Decision_1,X1,37.82,0.0
Decision_1,X1,37.973,0.0
Decision_1,X1,38.127,0.0
Decision_1,X1,38.28,0.0
Decision_1,X1,38.433,0.0
Decision_1,X1,38.586,0.0
Decision_1,X1,38.739,0.0
Decision_1,X1,38.893,0.0
Decision_1,X1,39.046,0.0
Decision_1,X1,39.199,0.0
Decision_1,X1,39.352,0.0
Decision_1,X1,39.505,0.0
Decision_1,X1,39.659,0.0
Decision_1,X1,39.812,0.0
Decision_1,X1,39.965,0.0
Decision_1,X1,40.118,0.0
Decision_1,X1,40.271,0.0
Decision_1,X1,40.425,0.0
Decision_1,X1,40.578,0.0
Decision_1,X1,40.731,0.0
Decision_1,X1,40.884,0.0
Decision_1,X1,41.037,0.0
Decision_1,X1,41.191,0.0
Decision_1,X1,41.344,0.0
Decision_1,X1,41.497,0.0
Decision_1,X1,41.65,0.0
Decision_1,X1,41.803,0.0
Decision_1,X1,41.957,0.0
Decision_1,X1,42.11,0.0
Decision_1,X1,42.263,0.0
Decision_1,X1,42.416,0.0
Decision_1,X1,42.569,0.0
Decision_1,X1,42.723,0.0
Decision_1,X1,42.876,0.0
Decision_1,X1,43.029,0.0
Decision_1,X1,43.182,0.0
Decision_1,X1,43.336,0.0
Decision_1,X1,43.489,0.0
Decision_1,X1,43.642,0.0
Decision_1,X1,43.795,0.0
Decision_1,X1,43.948,0.0
Decision_1,X1,44.102,0.0
Decision_1,X1,44.255,0.0
Decision_1,X1,44.408,0.0
Decision_1,X1,44.561,0.0
Decision_1,X1,44.714,0.0
Decision_1,X1,44.868,0.0
Decision_1,X1,45.021,0.0
Decision_1,X1,45.174,0.0
Decision_1,X1,45.327,0.0
Decision_1,X1,45.48,0.0
Decision_1,X1,45.634,0.0
Decision_1,X1,45.787,0.0
Decision_1,X1,45.94,0.0
Decision_1,X1,46.093,0.0
Decision_1,X1,46.246,0.0
Decision_1,X1,46.4,0.0
Decision_1,X1,46.553,0.0
Decision_1,X1,46.706,0.0
Decision_1,X1,46.859,0.0
Decision_1,X1,47.012,0.0
Decision_1,X1,47.166,0.0
Decision_1,X1,47.319,0.0
Decision_1,X1,47.472,0.0
Decision_1,X1,47.625,0.0
Decision_1,X1,47.779,0.0
Decision_1,X1,47.932,0.0
Decision_1,X1,48.085,0.0
Decision_1,X1,48.238,0.0
Decision_1,X1,48.391,0.0
Decision_1,X1,48.545,0.0
Decision_1,X1,48.698,0.0
Decision_1,X1,48.851,0.0
Decision_1,X1,49.004,0.0
Decision_1,X1,49.157,0.0
Decision_1,X1,49.311,0.0
Decision_1,X1,49.464,0.0
Decision_1,X1,49.617,0.0
Decision_1,X1,49.77,0.0
Decision_1,X1,49.923,0.0
Decision_1,X1,50.077,0.0
Decision_1,X1,50.23,0.0
Decision_1,X1,50.383,0.0
Decision_1,X1,50.536,0.0
Decision_1,X1,50.689,0.0
Decision_1,X1,50.843,0.0
Decision_1,X1,50.996,0.0
Decision_1,X1,51.149,0.0
Decision_1,X1,51.302,0.0
Decision_1,X1,51.455,0.0
Decision_1,X1,51.609,0.0
Decision_1,X1,51.762,0.0
Decision_1,X1,51.915,0.0
Decision_1,X1,52.068,0.0
Decision_1,X1,52.221,0.0
Decision_1,X1,52.375,0.0
Decision_1,X1,52.528,0.0
Decision_1,X1,52.681,0.0
Decision_1,X1,52.834,0.0
Decision_1,X1,52.988,0.0
Decision_1,X1,53.141,0.0
Decision_1,X1,53.294,0.0
Decision_1,X1,53.447,0.0
Decision_1,X1,53.6,0.0
Decision_1,X1,53.754,0.0
Decision_1,X1,53.907,0.0
Decision_1,X1,54.06,0.0
Decision_1,X1,54.213,0.0
Decision_1,X1,54.366,0.0
Decision_1,X1,54.52,0.0
Decision_1,X1,54.673,0.0
Decision_1,X1,54.826,0.0
Decision_1,X1,54.979,0.0
Decision_1,X1,55.132,0.0
Decision_1,X1,55.286,0.0
Decision_1,X1,55.439,0.0
Decision_1,X1,55.592,0.0
Decision_1,X1,55.745,0.0
Decision_1,X1,55.898,0.0
Decision_1,X1,56.052,0.0
Decision_1,X1,56.205,0.0
Decision_1,X1,56.358,0.0
Decision_1,X1,56.511,0.0
Decision_1,X1,56.664,0.0
Decision_1,X1,56.818,0.0
Decision_1,X1,56.971,0.0
Decision_1,X1,57.124,0.0
Decision_1,X1,57.277,0.0
Decision_1,X1,57.431,0.0
Decision_1,X1,57.584,0.0
Decision_1,X1,57.737,0.0
Decision_1,X1,57.89,0.0
Decision_1,X1,58.043,0.0
Decision_1,X1,58.197,0.0
Decision_1,X1,58.35,0.0
Decision_1,X1,58.503,0.0
Decision_1,X1,58.656,0.0
Decision_1,X1,58.809,0.0
Decision_1,X1,58.963,0.0
Decision_1,X1,59.116,0.0
Decision_1,X1,59.269,0.0
Decision_1,X1,59.422,0.0
Decision_1,X1,59.575,0.0
Decision_1,X1,59.729,0.0
Decision_1,X1,59.882,0.0
Decision_1,X1,60.035,0.0
Decision_1,X1,60.188,0.0
Decision_1,X1,60.341,0.0
Decision_1,X1,60.495,0.0
Decision_1,X1,60.648,0.0
Decision_1,X1,60.801,0.0
Decision_1,X1,60.954,0.0
Decision_1,X1,61.107,0.0
Decision_1,X1,61.261,0.0
Decision_1,X1,61.414,0.0
Decision_1,X1,61.567,0.0
Decision_1,X1,61.72,0.0
Decision_1,X1,61.873,0.0
Decision_1,X1,62.027,0.0
Decision_1,X1,62.18,0.0
Decision_1,X1,62.333,0.0
Decision_1,X1,62.486,0.0
Decision_1,X1,62.64,0.0
Decision_1,X1,62.793,0.0
Decision_1,X1,62.946,0.0
Decision_1,X1,63.099,0.0
Decision_1,X1,63.252,0.0
Decision_1,X1,63.406,0.0
Decision_1,X1,63.559,0.0
Decision_1,X1,63.712,0.0
Decision_1,X1,63.865,0.0
Decision_1,X1,64.018,0.0
Decision_1,X1,64.172,0.0
Decision_1,X1,64.325,0.0
Decision_1,X1,64.478,0.0
Decision_1,X1,64.631,0.0
Decision_1,X1,64.784,0.0
Decision_1,X1,64.938,0.0
Decision_1,X1,65.091,0.0
Decision_1,X1,65.244,0.0
Decision_1,X1,65.397,0.0
Decision_1,X1,65.55,0.0
Decision_1,X1,65.704,0.0
Decision_1,X1,65.857,0.0
Decision_1,X1,66.01,0.0
Decision_1,X1,66.163,0.0
Decision_1,X1,66.316,0.0
Decision_1,X1,66.47,0.0
Decision_1,X1,66.623,0.0
Decision_1,X1,66.776,0.0
Decision_1,X1,66.929,0.0
Decision_1,X1,67.082,0.0
Decision_1,X1,67.236,0.0
Decision_1,X1,67.389,0.0
Decision_1,X1,67.542,0.0
Decision_1,X1,67.695,0.0
Decision_1,X1,67.849,0.0
Decision_1,X1,68.002,0.0
Decision_1,X1,68.155,0.0
Decision_1,X1,68.308,0.0
Decision_1,X1,68.461,0.0
Decision_1,X1,68.615,0.0
Decision_1,X1,68.768,0.0
Decision_1,X1,68.921,0.0
Decision_1,X1,69.074,0.0
Decision_1,X1,69.227,0.0
Decision_1,X1,69.381,0.0
Decision_1,X1,69.534,0.0
Decision_1,X1,69.687,0.0
Decision_1,X1,69.84,0.0
Decision_1,X1,69.993,0.0
Decision_1,X1,70.147,0.0
Decision_1,X1,70.3,0.0
Decision_1,X1,70.453,0.0
Decision_1,X1,70.606,0.0
Decision_1,X1,70.759,0.0
Decision_1,X1,70.913,0.0
Decision_1,X1,71.066,0.0
Decision_1,X1,71.219,0.0
Decision_1,X1,71.372,0.0
Decision_1,X1,71.525,0.0
Decision_1,X1,71.679,0.0
Decision_1,X1,71.832,0.0
Decision_1,X1,71.985,0.0
Decision_1,X1,72.138,0.0
Decision_1,X1,72.292,0.0
Decision_1,X1,72.445,0.0
Decision_1,X1,72.598,0.0
Decision_1,X1,72.751,0.0
Decision_1,X1,72.904,0.0
Decision_1,X1,73.058,0.0
Decision_1,X1,73.211,0.0
Decision_1,X1,73.364,0.0
Decision_1,X1,73.517,0.0
Decision_1,X1,73.67,0.0
Decision_1,X1,73.824,0.0
Decision_1,X1,73.977,0.0
Decision_1,X1,74.13,0.0
Decision_1,X1,74.283,0.0
Decision_1,X1,74.436,0.0
Decision_1,X1,74.59,0.0
Decision_1,X1,74.743,0.0
Decision_1,X1,74.896,0.0
Decision_1,X1,75.049,0.0
Decision_1,X1,75.202,0.0
Decision_1,X1,75.356,0.0
Decision_1,X1,75.509,0.0
Decision_1,X1,75.662,0.0
Decision_1,X1,75.815,0.0
Decision_1,X1,75.968,0.0
Decision_1,X1,76.122,0.0
Decision_1,X1,76.275,0.0
Decision_1,X1,76.428,0.0
Decision_1,X1,76.581,0.0
Decision_1,X1,76.734,0.0
Decision_1,X1,76.888,0.0
Decision_1,X1,77.041,0.0
Decision_1,X1,77.194,0.0
Decision_1,X1,77.347,0.0
Decision_1,X1,77.501,0.0
Decision_1,X1,77.654,0.0
Decision_1,X1,77.807,0.0
Decision_1,X1,77.96,0.0
Decision_1,X1,78.113,0.0
Decision_1,X1,78.267,0.0
Decision_1,X1,78.42,0.0
Decision_1,X1,78.573,0.0
Decision_1,X1,78.726,0.0
Decision_1,X1,78.879,0.0
Decision_1,X1,79.033,0.0
Decision_1,X1,79.186,0.0
Decision_1,X1,79.339,0.0
Decision_1,X1,79.492,0.0
Decision_1,X1,79.645,0.0
Decision_1,X1,79.799,0.0
Decision_1,X1,79.952,0.0
Decision_1,X1,80.105,0.0
Decision_1,X1,80.258,0.0
Decision_1,X1,80.411,0.0
Decision_1,X1,80.565,0.0
Decision_1,X1,80.718,0.0
Decision_1,X1,80.871,0.0
Decision_1,X1,81.024,0.0
Decision_1,X1,81.177,0.0
Decision_1,X1,81.331,0.0
Decision_1,X1,81.484,0.0
Decision_1,X1,81.637,0.0
Decision_1,X1,81.79,0.0
Decision_1,X1,81.943,0.0
Decision_1,X1,82.097,0.0
Decision_1,X1,82.25,0.0
Decision_1,X1,82.403,0.0
Decision_1,X1,82.556,0.0
Decision_1,X1,82.71,0.0
Decision_1,X1,82.863,0.0
Decision_1,X1,83.016,0.0
Decision_1,X1,83.169,0.0
Decision_1,X1,83.322,0.0
Decision_1,X1,83.476,0.0
Decision_1,X1,83.629,0.0
Decision_1,X1,83.782,0.0
Decision_1,X1,83.935,0.0
Decision_1,X1,84.088,0.0
Decision_1,X1,84.242,0.0
Decision_1,X1,84.395,0.0
Decision_1,X1,84.548,0.0
Decision_1,X1,84.701,0.0
Decision_1,X1,84.854,0.0
Decision_1,X1,85.008,0.0
Decision_1,X1,85.161,0.0
Decision_1,X1,85.314,0.0
Decision_1,X1,85.467,0.0
Decision_1,X1,85.62,0.0
Decision_1,X1,85.774,0.0
Decision_1,X1,85.927,0.0
Decision_1,X1,86.08,0.0
Decision_1,X1,86.233,0.0
Decision_1,X1,86.386,0.0
Decision_1,X1,86.54,0.0
Decision_1,X1,86.693,0.0
Decision_1,X1,86.846,0.0
Decision_1,X1,86.999,0.0
Decision_1,X1,87.153,0.0
Decision_1,X1,87.306,0.0
Decision_1,X1,87.459,0.0
Decision_1,X1,87.612,0.0
Decision_1,X1,87.765,0.0
Decision_1,X1,87.919,0.0
Decision_1,X1,88.072,0.0
Decision_1,X1,88.225,0.0
Decision_1,X1,88.378,0.0
Decision_1,X1,88.531,0.0
Decision_1,X1,88.685,0.0
Decision_1,X1,88.838,0.0
Decision_1,X1,88.991,0.0
Decision_1,X1,89.144,0.0
Decision_1,X1,89.297,0.0
Decision_1,X1,89.451,0.0
Decision_1,X1,89.604,0.0
Decision_1,X1,89.757,0.0
Decision_1,X1,89.91,0.0
Decision_1,X1,90.063,0.0
Decision_1,X1,90.217,0.0
Decision_1,X1,90.37,0.0
Decision_1,X1,90.523,0.0
Decision_1,X1,90.676,0.0
Decision_1,X1,90.829,0.0
Decision_1,X1,90.983,0.0
Decision_1,X1,91.136,0.0
Decision_1,X1,91.289,0.0
Decision_1,X1,91.442,0.0
Decision_1,X1,91.595,0.0
Decision_1,X1,91.749,0.0
Decision_1,X1,91.902,0.0
Decision_1,X1,92.055,0.0
Decision_1,X1,92.208,0.0
Decision_1,X1,92.362,0.0
Decision_1,X1,92.515,0.0
Decision_1,X1,92.668,0.0
Decision_1,X1,92.821,0.0
Decision_1,X1,92.974,0.0
Decision_1,X1,93.128,0.0
Decision_1,X1,93.281,0.0
Decision_1,X1,93.434,0.0
Decision_1,X1,93.587,0.0
Decision_1,X1,93.74,0.0
Decision_1,X1,93.894,0.0
Decision_1,X1,94.047,0.0
Decision_1,X1,94.2,0.0
Decision_1,X1,94.353,0.0
Decision_1,X1,94.506,0.0
Decision_1,X1,94.66,0.0
Decision_1,X1,94.813,0.0
Decision_1,X1,94.966,0.0
Decision_1,X1,95.119,0.0
Decision_1,X1,95.272,0.0
Decision_1,X1,95.426,0.0
Decision_1,X1,95.579,0.0
Decision_1,X1,95.732,0.0
Decision_1,X1,95.885,0.0
Decision_1,X1,96.038,0.0
Decision_1,X1,96.192,0.0
Decision_1,X1,96.345,0.0
Decision_1,X1,96.498,0.0
Decision_1,X1,96.651,0.0
Decision_1,X1,96.804,0.0
Decision_1,X1,96.958,0.0
Decision_1,X1,97.111,0.0
Decision_1,X1,97.264,0.0
Decision_1,X1,97.417,0.0
Decision_1,X1,97.571,0.0
Decision_1,X1,97.724,0.0
Decision_1,X1,97.877,0.0
Decision_1,X1,98.03,0.0
Decision_1,X1,98.183,0.0
Decision_1,X1,98.337,0.0
Decision_1,X1,98.49,0.0
Decision_1,X1,98.643,0.0
Decision_1,X1,98.796,0.0
Decision_1,X1,98.949,0.0
Decision_1,X1,99.103,0.0
Decision_1,X1,99.256,0.0
Decision_1,X1,99.409,0.0
Decision_1,X1,99.562,0.0
Decision_1,X1,99.715,0.0
Decision_1,X1,99.869,0.0
Decision_1,X1,100.022,0.0
Decision_1,X1,100.175,0.0
Decision_1,X1,100.328,0.0
Decision_1,X1,100.481,0.0
Decision_1,X1,100.635,0.0
Decision_1,X1,100.788,0.0
Decision_1,X1,100.941,0.0
Decision_1,X1,101.094,0.0
Decision_1,X1,101.247,0.0
Decision_1,X1,101.401,0.0
Decision_1,X1,101.554,0.0
Decision_1,X1,101.707,0.0
Decision_1,X1,101.86,0.0
Decision_1,X1,102.014,0.0
Decision_1,X1,102.167,0.0
Decision_1,X1,102.32,0.0
Decision_1,X1,102.473,0.0
Decision_1,X1,102.626,0.0
Decision_1,X1,102.78,0.0
Decision_1,X1,102.933,0.0
Decision_1,X1,103.086,0.0
Decision_1,X1,103.239,0.0
Decision_1,X1,103.392,0.0
Decision_1,X1,103.546,0.0
Decision_1,X1,103.699,0.0
Decision_1,X1,103.852,0.0
Decision_1,X1,104.005,0.0
Decision_1,X1,104.158,0.0
Decision_1,X1,104.312,0.0
Decision_1,X1,104.465,0.0
Decision_1,X1,104.618,0.0
Decision_1,X1,104.771,0.0
Decision_1,X1,104.924,0.0
Decision_1,X1,105.078,0.0
Decision_1,X1,105.231,0.0
Decision_1,X1,105.384,0.0
Decision_1,X1,105.537,0.0
Decision_1,X1,105.69,0.0
Decision_1,X1,105.844,0.0
Decision_1,X1,105.997,0.0
Decision_1,X1,106.15,0.0
Decision_1,X1,106.303,0.0
Decision_1,X1,106.456,0.0
Decision_1,X1,106.61,0.0
Decision_1,X1,106.763,0.0
Decision_1,X1,106.916,0.0
Decision_1,X1,107.069,0.0
Decision_1,X1,107.223,0.0
Decision_1,X1,107.376,0.0
Decision_1,X1,107.529,0.0
Decision_1,X1,107.682,0.0549
Decision_1,X1,107.835,1.0
Decision_1,X2,-0.022,1.0
Decision_1,X2,0.131,0.0549
Decision_1,X2,0.285,0.0
Decision_1,X2,0.438,0.0
Decision_1,X2,0.591,0.0
Decision_1,X2,0.744,0.0
Decision_1,X2,0.897,0.0
Decision_1,X2,1.051,0.0
Decision_1,X2,1.204,0.0
Decision_1,X2,1.357,0.0
Decision_1,X2,1.51,0.0
Decision_1,X2,1.663,0.0
Decision_1,X2,1.817,0.0
Decision_1,X2,1.97,0.0
Decision_1,X2,2.123,0.0
Decision_1,X2,2.276,0.0
Decision_1,X2,2.429,0.0
Decision_1,X2,2.583,0.0
Decision_1,X2,2.736,0.0
Decision_1,X2,2.889,0.0
Decision_1,X2,3.042,0.0
Decision_1,X2,3.196,0.0
Decision_1,X2,3.349,0.0
Decision_1,X2,3.502,0.0
Decision_1,X2,3.655,0.0
Decision_1,X2,3.808,0.0
Decision_1,X2,3.962,0.0
Decision_1,X2,4.115,0.0
Decision_1,X2,4.268,0.0
Decision_1,X2,4.421,0.0
Decision_1,X2,4.574,0.0
Decision_1,X2,4.728,0.0
Decision_1,X2,4.881,0.0
Decision_1,X2,5.034,0.0
Decision_1,X2,5.187,0.0
Decision_1,X2,5.34,0.0
Decision_1,X2,5.494,0.0
Decision_1,X2,5.647,0.0
Decision_1,X2,5.8,0.0
Decision_1,X2,5.953,0.0
Decision_1,X2,6.106,0.0
Decision_1,X2,6.26,0.0
Decision_1,X2,6.413,0.0
Decision_1,X2,6.566,0.0
Decision_1,X2,6.719,0.0
Decision_1,X2,6.872,0.0
Decision_1,X2,7.026,0.0
Decision_1,X2,7.179,0.0
Decision_1,X2,7.332,0.0
Decision_1,X2,7.485,0.0
Decision_1,X2,7.638,0.0
Decision_1,X2,7.792,0.0
Decision_1,X2,7.945,0.0
Decision_1,X2,8.098,0.0
Decision_1,X2,8.251,0.0
Decision_1,X2,8.405,0.0
Decision_1,X2,8.558,0.0
Decision_1,X2,8.711,0.0
Decision_1,X2,8.864,0.0
Decision_1,X2,9.017,0.0
Decision_1,X2,9.171,0.0
Decision_1,X2,9.324,0.0
Decision_1,X2,9.477,0.0
Decision_1,X2,9.63,0.0
Decision_1,X2,9.783,0.0
Decision_1,X2,9.937,0.0
Decision_1,X2,10.09,0.0
Decision_1,X2,10.243,0.0
Decision_1,X2,10.396,0.0
Decision_1,X2,10.549,0.0
Decision_1,X2,10.703,0.0
Decision_1,X2,10.856,0.0
Decision_1,X2,11.009,0.0
Decision_1,X2,11.162,0.0
Decision_1,X2,11.315,0.0
Decision_1,X2,11.469,0.0
Decision_1,X2,11.622,0.0
Decision_1,X2,11.775,0.0
Decision_1,X2,11.928,0.0
Decision_1,X2,12.081,0.0
Decision_1,X2,12.235,0.0
Decision_1,X2,12.388,0.0
Decision_1,X2,12.541,0.0
Decision_1,X2,12.694,0.0
Decision_1,X2,12.847,0.0
Decision_1,X2,13.001,0.0
Decision_1,X2,13.154,0.0
Decision_1,X2,13.307,0.0
Decision_1,X2,13.46,0.0
Decision_1,X2,13.614,0.0
Decision_1,X2,13.767,0.0
Decision_1,X2,13.92,0.0
Decision_1,X2,14.073,0.0
Decision_1,X2,14.226,0.0
Decision_1,X2,14.38,0.0
Decision_1,X2,14.533,0.0
Decision_1,X2,14.686,0.0
Decision_1,X2,14.839,0.0
Decision_1,X2,14.992,0.0
Decision_1,X2,15.146,0.0
Decision_1,X2,15.299,0.0
Decision_1,X2,15.452,0.0
Decision_1,X2,15.605,0.0
Decision_1,X2,15.758,0.0
Decision_1,X2,15.912,0.0
Decision_1,X2,16.065,0.0
Decision_1,X2,16.218,0.0
Decision_1,X2,16.371,0.0
Decision_1,X2,16.524,0.0
Decision_1,X2,16.678,0.0
Decision_1,X2,16.831,0.0
Decision_1,X2,16.984,0.0
Decision_1,X2,17.137,0.0
Decision_1,X2,17.29,0.0
Decision_1,X2,17.444,0.0
Decision_1,X2,17.597,0.0
Decision_1,X2,17.75,0.0
Decision_1,X2,17.903,0.0
Decision_1,X2,18.057,0.0
Decision_1,X2,18.21,0.0
Decision_1,X2,18.363,0.0
Decision_1,X2,18.516,0.0
Decision_1,X2,18.669,0.0
Decision_1,X2,18.823,0.0
Decision_1,X2,18.976,0.0
Decision_1,X2,19.129,0.0
Decision_1,X2,19.282,0.0
Decision_1,X2,19.435,0.0
Decision_1,X2,19.589,0.0
Decision_1,X2,19.742,0.0
Decision_1,X2,19.895,0.0
Decision_1,X2,20.048,0.0
Decision_1,X2,20.201,0.0
Decision_1,X2,20.355,0.0
Decision_1,X2,20.508,0.0
Decision_1,X2,20.661,0.0
Decision_1,X2,20.814,0.0
Decision_1,X2,20.967,0.0
Decision_1,X2,21.121,0.0
Decision_1,X2,21.274,0.0
Decision_1,X2,21.427,0.0
Decision_1,X2,21.58,0.0
Decision_1,X2,21.733,0.0
Decision_1,X2,21.887,0.0
Decision_1,X2,22.04,0.0
Decision_1,X2,22.193,0.0
Decision_1,X2,22.346,0.0
Decision_1,X2,22.499,0.0
Decision_1,X2,22.653,0.0
Decision_1,X2,22.806,0.0
Decision_1,X2,22.959,0.0
Decision_1,X2,23.112,0.0
Decision_1,X2,23.266,0.0
Decision_1,X2,23.419,0.0
Decision_1,X2,23.572,0.0
Decision_1,X2,23.725,0.0
Decision_1,X2,23.878,0.0
Decision_1,X2,24.032,0.0
Decision_1,X2,24.185,0.0
Decision_1,X2,24.338,0.0
Decision_1,X2,24.491,0.0
Decision_1,X2,24.644,0.0
Decision_1,X2,24.798,0.0
Decision_1,X2,24.951,0.0
Decision_1,X2,25.104,0.0
Decision_1,X2,25.257,0.0
Decision_1,X2,25.41,0.0
Decision_1,X2,25.564,0.0
Decision_1,X2,25.717,0.0
Decision_1,X2,25.87,0.0
Decision_1,X2,26.023,0.0
Decision_1,X2,26.176,0.0
Decision_1,X2,26.33,0.0
Decision_1,X2,26.483,0.0
Decision_1,X2,26.636,0.0
Decision_1,X2,26.789,0.0
Decision_1,X2,26.942,0.0
Decision_1,X2,27.096,0.0
Decision_1,X2,27.249,0.0
Decision_1,X2,27.402,0.0
Decision_1,X2,27.555,0.0
Decision_1,X2,27.708,0.0
Decision_1,X2,27.862,0.0
Decision_1,X2,28.015,0.0
Decision_1,X2,28.168,0.0
Decision_1,X2,28.321,0.0
Decision_1,X2,28.475,0.0
Decision_1,X2,28.628,0.0
Decision_1,X2,28.781,0.0
Decision_1,X2,28.934,0.0
Decision_1,X2,29.087,0.0
Decision_1,X2,29.241,0.0
Decision_1,X2,29.394,0.0
Decision_1,X2,29.547,0.0
Decision_1,X2,29.7,0.0
Decision_1,X2,29.853,0.0
Decision_1,X2,30.007,0.0
Decision_1,X2,30.16,0.0
Decision_1,X2,30.313,0.0
Decision_1,X2,30.466,0.0
Decision_1,X2,30.619,0.0
Decision_1,X2,30.773,0.0
Decision_1,X2,30.926,0.0
Decision_1,X2,31.079,0.0
Decision_1,X2,31.232,0.0
Decision_1,X2,31.385,0.0
Decision_1,X2,31.539,0.0
Decision_1,X2,31.692,0.0
Decision_1,X2,31.845,0.0
Decision_1,X2,31.998,0.0
Decision_1,X2,32.151,0.0
Decision_1,X2,32.305,0.0
Decision_1,X2,32.458,0.0
Decision_1,X2,32.611,0.0
Decision_1,X2,32.764,0.0
Decision_1,X2,32.918,0.0
Decision_1,X2,33.071,0.0
Decision_1,X2,33.224,0.0
Decision_1,X2,33.377,0.0
Decision_1,X2,33.53,0.0
Decision_1,X2,33.684,0.0
Decision_1,X2,33.837,0.0
Decision_1,X2,33.99,0.0
Decision_1,X2,34.143,0.0
Decision_1,X2,34.296,0.0
Decision_1,X2,34.45,0.0
Decision_1,X2,34.603,0.0
Decision_1,X2,34.756,0.0
Decision_1,X2,34.909,0.0
Decision_1,X2,35.062,0.0
Decision_1,X2,35.216,0.0
Decision_1,X2,35.369,0.0
Decision_1,X2,35.522,0.0
Decision_1,X2,35.675,0.0
Decision_1,X2,35.828,0.0
Decision_1,X2,35.982,0.0
Decision_1,X2,36.135,0.0
Decision_1,X2,36.288,0.0
Decision_1,X2,36.441,0.0
Decision_1,X2,36.594,0.0
Decision_1,X2,36.748,0.0
Decision_1,X2,36.901,0.0
Decision_1,X2,37.054,0.0
Decision_1,X2,37.207,0.0
Decision_1,X2,37.36,0.0
Decision_1,X2,37.514,0.0
Decision_1,X2,37.667,0.0
Decision_1,X2,37.82,0.0
Decision_1,X2,37.973,0.0
Decision_1,X2,38.127,0.0
Decision_1,X2,38.28,0.0
Decision_1,X2,38.433,0.0
Decision_1,X2,38.586,0.0
Decision_1,X2,38.739,0.0
Decision_1,X2,38.893,0.0
Decision_1,X2,39.046,0.0
Decision_1,X2,39.199,0.0
Decision_1,X2,39.352,0.0
Decision_1,X2,39.505,0.0
Decision_1,X2,39.659,0.0
Decision_1,X2,39.812,0.0
Decision_1,X2,39.965,0.0
Decision_1,X2,40.118,0.0
Decision_1,X2,40.271,0.0
Decision_1,X2,40.425,0.0
Decision_1,X2,40.578,0.0
Decision_1,X2,40.731,0.0
Decision_1,X2,40.884,0.0
Decision_1,X2,41.037,0.0
Decision_1,X2,41.191,0.0
Decision_1,X2,41.344,0.0
Decision_1,X2,41.497,0.0
Decision_1,X2,41.65,0.0
Decision_1,X2,41.803,0.0
Decision_1,X2,41.957,0.0
Decision_1,X2,42.11,0.0
Decision_1,X2,42.263,0.0
Decision_1,X2,42.416,0.0
Decision_1,X2,42.569,0.0
Decision_1,X2,42.723,0.0
Decision_1,X2,42.876,0.0
Decision_1,X2,43.029,0.0
Decision_1,X2,43.182,0.0
Decision_1,X2,43.336,0.0
Decision_1,X2,43.489,0.0
Decision_1,X2,43.642,0.0
Decision_1,X2,43.795,0.0
Decision_1,X2,43.948,0.0
Decision_1,X2,44.102,0.0
Decision_1,X2,44.255,0.0
Decision_1,X2,44.408,0.0
Decision_1,X2,44.561,0.0
Decision_1,X2,44.714,0.0
Decision_1,X2,44.868,0.0
Decision_1,X2,45.021,0.0
Decision_1,X2,45.174,0.0
Decision_1,X2,45.327,0.0
Decision_1,X2,45.48,0.0
Decision_1,X2,45.634,0.0
Decision_1,X2,45.787,0.0
Decision_1,X2,45.94,0.0
Decision_1,X2,46.093,0.0
Decision_1,X2,46.246,0.0
Decision_1,X2,46.4,0.0
Decision_1,X2,46.553,0.0
Decision_1,X2,46.706,0.0
Decision_1,X2,46.859,0.0
Decision_1,X2,47.012,0.0
Decision_1,X2,47.166,0.0
Decision_1,X2,47.319,0.0
Decision_1,X2,47.472,0.0
Decision_1,X2,47.625,0.0
Decision_1,X2,47.779,0.0
Decision_1,X2,47.932,0.0
Decision_1,X2,48.085,0.0
Decision_1,X2,48.238,0.0
Decision_1,X2,48.391,0.0
Decision_1,X2,48.545,0.0
Decision_1,X2,48.698,0.0
Decision_1,X2,48.851,0.0
Decision_1,X2,49.004,0.0
Decision_1,X2,49.157,0.0
Decision_1,X2,49.311,0.0
Decision_1,X2,49.464,0.0
Decision_1,X2,49.617,0.0
Decision_1,X2,49.77,0.0
Decision_1,X2,49.923,0.0
Decision_1,X2,50.077,0.0
Decision_1,X2,50.23,0.0
Decision_1,X2,50.383,0.0
Decision_1,X2,50.536,0.0
Decision_1,X2,50.689,0.0
Decision_1,X2,50.843,0.0
Decision_1,X2,50.996,0.0
Decision_1,X2,51.149,0.0
Decision_1,X2,51.302,0.0
Decision_1,X2,51.455,0.0
Decision_1,X2,51.609,0.0
Decision_1,X2,51.762,0.0
Decision_1,X2,51.915,0.0
Decision_1,X2,52.068,0.0
Decision_1,X2,52.221,0.0
Decision_1,X2,52.375,0.0
Decision_1,X2,52.528,0.0
Decision_1,X2,52.681,0.0
Decision_1,X2,52.834,0.0
Decision_1,X2,52.988,0.0
Decision_1,X2,53.141,0.0
Decision_1,X2,53.294,0.0
Decision_1,X2,53.447,0.0
Decision_1,X2,53.6,0.0
Decision_1,X2,53.754,0.0
Decision_1,X2,53.907,0.0
Decision_1,X2,54.06,0.0
Decision_1,X2,54.213,0.0
Decision_1,X2,54.366,0.0
Decision_1,X2,54.52,0.0
Decision_1,X2,54.673,0.0
Decision_1,X2,54.826,0.0
Decision_1,X2,54.979,0.0
Decision_1,X2,55.132,0.0
Decision_1,X2,55.286,0.0
Decision_1,X2,55.439,0.0
Decision_1,X2,55.592,0.0
Decision_1,X2,55.745,0.0
Decision_1,X2,55.898,0.0
Decision_1,X2,56.052,0.0
Decision_1,X2,56.205,0.0
Decision_1,X2,56.358,0.0
Decision_1,X2,56.511,0.0
Decision_1,X2,56.664,0.0
Decision_1,X2,56.818,0.0
Decision_1,X2,56.971,0.0
Decision_1,X2,57.124,0.0
Decision_1,X2,57.277,0.0
Decision_1,X2,57.431,0.0
Decision_1,X2,57.584,0.0
Decision_1,X2,57.737,0.0
Decision_1,X2,57.89,0.0
Decision_1,X2,58.043,0.0
Decision_1,X2,58.197,0.0
Decision_1,X2,58.35,0.0
Decision_1,X2,58.503,0.0
Decision_1,X2,58.656,0.0
Decision_1,X2,58.809,0.0
Decision_1,X2,58.963,0.0
Decision_1,X2,59.116,0.0
Decision_1,X2,59.269,0.0
Decision_1,X2,59.422,0.0
Decision_1,X2,59.575,0.0
Decision_1,X2,59.729,0.0
Decision_1,X2,59.882,0.0
Decision_1,X2,60.035,0.0
Decision_1,X2,60.188,0.0
Decision_1,X2,60.341,0.0
Decision_1,X2,60.495,0.0
Decision_1,X2,60.648,0.0
Decision_1,X2,60.801,0.0
Decision_1,X2,60.954,0.0
Decision_1,X2,61.107,0.0
Decision_1,X2,61.261,0.0
Decision_1,X2,61.414,0.0
Decision_1,X2,61.567,0.0
Decision_1,X2,61.72,0.0
Decision_1,X2,61.873,0.0
Decision_1,X2,62.027,0.0
Decision_1,X2,62.18,0.0
Decision_1,X2,62.333,0.0
Decision_1,X2,62.486,0.0
Decision_1,X2,62.64,0.0
Decision_1,X2,62.793,0.0
Decision_1,X2,62.946,0.0
Decision_1,X2,63.099,0.0
Decision_1,X2,63.252,0.0
Decision_1,X2,63.406,0.0
Decision_1,X2,63.559,0.0
Decision_1,X2,63.712,0.0
Decision_1,X2,63.865,0.0
Decision_1,X2,64.018,0.0
Decision_1,X2,64.172,0.0
Decision_1,X2,64.325,0.0
Decision_1,X2,64.478,0.0
Decision_1,X2,64.631,0.0
Decision_1,X2,64.784,0.0
Decision_1,X2,64.938,0.0
Decision_1,X2,65.091,0.0
Decision_1,X2,65.244,0.0
Decision_1,X2,65.397,0.0
Decision_1,X2,65.55,0.0
Decision_1,X2,65.704,0.0
Decision_1,X2,65.857,0.0
Decision_1,X2,66.01,0.0
Decision_1,X2,66.163,0.0
Decision_1,X2,66.316,0.0
Decision_1,X2,66.47,0.0
Decision_1,X2,66.623,0.0
Decision_1,X2,66.776,0.0
Decision_1,X2,66.929,0.0
Decision_1,X2,67.082,0.0
Decision_1,X2,67.236,0.0
Decision_1,X2,67.389,0.0
Decision_1,X2,67.542,0.0
Decision_1,X2,67.695,0.0
Decision_1,X2,67.849,0.0
Decision_1,X2,68.002,0.0
Decision_1,X2,68.155,0.0
Decision_1,X2,68.308,0.0
Decision_1,X2,68.461,0.0
Decision_1,X2,68.615,0.0
Decision_1,X2,68.768,0.0
Decision_1,X2,68.921,0.0
Decision_1,X2,69.074,0.0
Decision_1,X2,69.227,0.0
Decision_1,X2,69.381,0.0
Decision_1,X2,69.534,0.0
Decision_1,X2,69.687,0.0
Decision_1,X2,69.84,0.0
Decision_1,X2,69.993,0.0
Decision_1,X2,70.147,0.0
Decision_1,X2,70.3,0.0
Decision_1,X2,70.453,0.0
Decision_1,X2,70.606,0.0
Decision_1,X2,70.759,0.0
Decision_1,X2,70.913,0.0
Decision_1,X2,71.066,0.0
Decision_1,X2,71.219,0.0
Decision_1,X2,71.372,0.0
Decision_1,X2,71.525,0.0
Decision_1,X2,71.679,0.0
Decision_1,X2,71.832,0.0
Decision_1,X2,71.985,0.0
Decision_1,X2,72.138,0.0
Decision_1,X2,72.292,0.0
Decision_1,X2,72.445,0.0
Decision_1,X2,72.598,0.0
Decision_1,X2,72.751,0.0
Decision_1,X2,72.904,0.0
Decision_1,X2,73.058,0.0
Decision_1,X2,73.211,0.0
Decision_1,X2,73.364,0.0
Decision_1,X2,73.517,0.0
Decision_1,X2,73.67,0.0
Decision_1,X2,73.824,0.0
Decision_1,X2,73.977,0.0
Decision_1,X2,74.13,0.0
Decision_1,X2,74.283,0.0
Decision_1,X2,74.436,0.0
Decision_1,X2,74.59,0.0
Decision_1,X2,74.743,0.0
Decision_1,X2,74.896,0.0
Decision_1,X2,75.049,0.0
Decision_1,X2,75.202,0.0
Decision_1,X2,75.356,0.0
Decision_1,X2,75.509,0.0
Decision_1,X2,75.662,0.0
Decision_1,X2,75.815,0.0
Decision_1,X2,75.968,0.0
Decision_1,X2,76.122,0.0
Decision_1,X2,76.275,0.0
Decision_1,X2,76.428,0.0
Decision_1,X2,76.581,0.0
Decision_1,X2,76.734,0.0
Decision_1,X2,76.888,0.0
Decision_1,X2,77.041,0.0
Decision_1,X2,77.194,0.0
Decision_1,X2,77.347,0.0
Decision_1,X2,77.501,0.0
Decision_1,X2,77.654,0.0
Decision_1,X2,77.807,0.0
Decision_1,X2,77.96,0.0
Decision_1,X2,78.113,0.0
Decision_1,X2,78.267,0.0
Decision_1,X2,78.42,0.0
Decision_1,X2,78.573,0.0
Decision_1,X2,78.726,0.0
Decision_1,X2,78.879,0.0
Decision_1,X2,79.033,0.0
Decision_1,X2,79.186,0.0
Decision_1,X2,79.339,0.0
Decision_1,X2,79.492,0.0
Decision_1,X2,79.645,0.0
Decision_1,X2,79.799,0.0
Decision_1,X2,79.952,0.0
Decision_1,X2,80.105,0.0
Decision_1,X2,80.258,0.0
Decision_1,X2,80.411,0.0
Decision_1,X2,80.565,0.0
Decision_1,X2,80.718,0.0
Decision_1,X2,80.871,0.0
Decision_1,X2,81.024,0.0
Decision_1,X2,81.177,0.0
Decision_1,X2,81.331,0.0
Decision_1,X2,81.484,0.0
Decision_1,X2,81.637,0.0
Decision_1,X2,81.79,0.0
Decision_1,X2,81.943,0.0
Decision_1,X2,82.097,0.0
Decision_1,X2,82.25,0.0
Decision_1,X2,82.403,0.0
Decision_1,X2,82.556,0.0
Decision_1,X2,82.71,0.0
Decision_1,X2,82.863,0.0
Decision_1,X2,83.016,0.0
Decision_1,X2,83.169,0.0
Decision_1,X2,83.322,0.0
Decision_1,X2,83.476,0.0
Decision_1,X2,83.629,0.0
Decision_1,X2,83.782,0.0
Decision_1,X2,83.935,0.0
Decision_1,X2,84.088,0.0
Decision_1,X2,84.242,0.0
Decision_1,X2,84.395,0.0
Decision_1,X2,84.548,0.0
Decision_1,X2,84.701,0.0
Decision_1,X2,84.854,0.0
Decision_1,X2,85.008,0.0
Decision_1,X2,85.161,0.0
Decision_1,X2,85.314,0.0
Decision_1,X2,85.467,0.0
Decision_1,X2,85.62,0.0
Decision_1,X2,85.774,0.0
Decision_1,X2,85.927,0.0
Decision_1,X2,86.08,0.0
Decision_1,X2,86.233,0.0
Decision_1,X2,86.386,0.0
Decision_1,X2,86.54,0.0
Decision_1,X2,86.693,0.0
Decision_1,X2,86.846,0.0
Decision_1,X2,86.999,0.0
Decision_1,X2,87.153,0.0
Decision_1,X2,87.306,0.0
Decision_1,X2,87.459,0.0
Decision_1,X2,87.612,0.0
Decision_1,X2,87.765,0.0
Decision_1,X2,87.919,0.0
Decision_1,X2,88.072,0.0
Decision_1,X2,88.225,0.0
Decision_1,X2,88.378,0.0
Decision_1,X2,88.531,0.0
Decision_1,X2,88.685,0.0
Decision_1,X2,88.838,0.0
Decision_1,X2,88.991,0.0
Decision_1,X2,89.144,0.0
Decision_1,X2,89.297,0.0
Decision_1,X2,89.451,0.0
Decision_1,X2,89.604,0.0
Decision_1,X2,89.757,0.0
Decision_1,X2,89.91,0.0
Decision_1,X2,90.063,0.0
Decision_1,X2,90.217,0.0
Decision_1,X2,90.37,0.0
Decision_1,X2,90.523,0.0
Decision_1,X2,90.676,0.0
Decision_1,X2,90.829,0.0
Decision_1,X2,90.983,0.0
Decision_1,X2,91.136,0.0
Decision_1,X2,91.289,0.0
Decision_1,X2,91.442,0.0
Decision_1,X2,91.595,0.0
Decision_1,X2,91.749,0.0
Decision_1,X2,91.902,0.0
Decision_1,X2,92.055,0.0
Decision_1,X2,92.208,0.0
Decision_1,X2,92.362,0.0
Decision_1,X2,92.515,0.0
Decision_1,X2,92.668,0.0
Decision_1,X2,92.821,0.0
Decision_1,X2,92.974,0.0
Decision_1,X2,93.128,0.0
Decision_1,X2,93.281,0.0
Decision_1,X2,93.434,0.0
Decision_1,X2,93.587,0.0
Decision_1,X2,93.74,0.0
Decision_1,X2,93.894,0.0
Decision_1,X2,94.047,0.0
Decision_1,X2,94.2,0.0
Decision_1,X2,94.353,0.0
Decision_1,X2,94.506,0.0
Decision_1,X2,94.66,0.0
Decision_1,X2,94.813,0.0
Decision_1,X2,94.966,0.0
Decision_1,X2,95.119,0.0
Decision_1,X2,95.272,0.0
Decision_1,X2,95.426,0.0
Decision_1,X2,95.579,0.0
Decision_1,X2,95.732,0.0
Decision_1,X2,95.885,0.0
Decision_1,X2,96.038,0.0
Decision_1,X2,96.192,0.0
Decision_1,X2,96.345,0.0
Decision_1,X2,96.498,0.0
Decision_1,X2,96.651,0.0
Decision_1,X2,96.804,0.0
Decision_1,X2,96.958,0.0
Decision_1,X2,97.111,0.0
Decision_1,X2,97.264,0.0
Decision_1,X2,97.417,0.0
Decision_1,X2,97.571,0.0
Decision_1,X2,97.724,0.0
Decision_1,X2,97.877,0.0
Decision_1,X2,98.03,0.0
Decision_1,X2,98.183,0.0
Decision_1,X2,98.337,0.0
Decision_1,X2,98.49,0.0
Decision_1,X2,98.643,0.0
Decision_1,X2,98.796,0.0
Decision_1,X2,98.949,0.0
Decision_1,X2,99.103,0.0
Decision_1,X2,99.256,0.0
Decision_1,X2,99.409,0.0
Decision_1,X2,99.562,0.0
Decision_1,X2,99.715,0.0
Decision_1,X2,99.869,0.0
Decision_1,X2,100.022,0.0
Decision_1,X2,100.175,0.0
Decision_1,X2,100.328,0.0
Decision_1,X2,100.481,0.0
Decision_1,X2,100.635,0.0
Decision_1,X2,100.788,0.0
Decision_1,X2,100.941,0.0
Decision_1,X2,101.094,0.0
Decision_1,X2,101.247,0.0
Decision_1,X2,101.401,0.0
Decision_1,X2,101.554,0.0
Decision_1,X2,101.707,0.0
Decision_1,X2,101.86,0.0
Decision_1,X2,102.014,0.0
Decision_1,X2,102.167,0.0
Decision_1,X2,102.32,0.0
Decision_1,X2,102.473,0.0
Decision_1,X2,102.626,0.0
Decision_1,X2,102.78,0.0
Decision_1,X2,102.933,0.0
Decision_1,X2,103.086,0.0
Decision_1,X2,103.239,0.0
Decision_1,X2,103.392,0.0
Decision_1,X2,103.546,0.0
Decision_1,X2,103.699,0.0
Decision_1,X2,103.852,0.0
Decision_1,X2,104.005,0.0
Decision_1,X2,104.158,0.0
Decision_1,X2,104.312,0.0
Decision_1,X2,104.465,0.0
Decision_1,X2,104.618,0.0
Decision_1,X2,104.771,0.0
Decision_1,X2,104.924,0.0
Decision_1,X2,105.078,0.0
Decision_1,X2,105.231,0.0
Decision_1,X2,105.384,0.0
Decision_1,X2,105.537,0.0
Decision_1,X2,105.69,0.0
Decision_1,X2,105.844,0.0
Decision_1,X2,105.997,0.0
Decision_1,X2,106.15,0.0
Decision_1,X2,106.303,0.0
Decision_1,X2,106.456,0.0
Decision_1,X2,106.61,0.0
Decision_1,X2,106.763,0.0
Decision_1,X2,106.916,0.0
Decision_1,X2,107.069,0.0
Decision_1,X2,107.223,0.0
Decision_1,X2,107.376,0.0
Decision_1,X2,107.529,0.0
Decision_1,X2,107.682,0.0549
Decision_1,X2,107.835,1.0
Decision_1,X3,-0.022,1.0
Decision_1,X3,0.131,0.0549
Decision_1,X3,0.285,0.0
Decision_1,X3,0.438,0.0
Decision_1,X3,0.591,0.0
Decision_1,X3,0.744,0.0
Decision_1,X3,0.897,0.0
Decision_1,X3,1.051,0.0
Decision_1,X3,1.204,0.0
Decision_1,X3,1.357,0.0
Decision_1,X3,1.51,0.0
Decision_1,X3,1.663,0.0
Decision_1,X3,1.817,0.0
Decision_1,X3,1.97,0.0
Decision_1,X3,2.123,0.0
Decision_1,X3,2.276,0.0
Decision_1,X3,2.429,0.0
Decision_1,X3,2.583,0.0
Decision_1,X3,2.736,0.0
Decision_1,X3,2.889,0.0
Decision_1,X3,3.042,0.0
Decision_1,X3,3.196,0.0
Decision_1,X3,3.349,0.0
Decision_1,X3,3.502,0.0
Decision_1,X3,3.655,0.0
Decision_1,X3,3.808,0.0
Decision_1,X3,3.962,0.0
Decision_1,X3,4.115,0.0
Decision_1,X3,4.268,0.0
Decision_1,X3,4.421,0.0
Decision_1,X3,4.574,0.0
Decision_1,X3,4.728,0.0
Decision_1,X3,4.881,0.0
Decision_1,X3,5.034,0.0
Decision_1,X3,5.187,0.0
Decision_1,X3,5.34,0.0
Decision_1,X3,5.494,0.0
Decision_1,X3,5.647,0.0
Decision_1,X3,5.8,0.0
Decision_1,X3,5.953,0.0
Decision_1,X3,6.106,0.0
Decision_1,X3,6.26,0.0
Decision_1,X3,6.413,0.0
Decision_1,X3,6.566,0.0
Decision_1,X3,6.719,0.0
Decision_1,X3,6.872,0.0
Decision_1,X3,7.026,0.0
Decision_1,X3,7.179,0.0
Decision_1,X3,7.332,0.0
Decision_1,X3,7.485,0.0
Decision_1,X3,7.638,0.0
Decision_1,X3,7.792,0.0
Decision_1,X3,7.945,0.0
Decision_1,X3,8.098,0.0
Decision_1,X3,8.251,0.0
Decision_1,X3,8.405,0.0
Decision_1,X3,8.558,0.0
Decision_1,X3,8.711,0.0
Decision_1,X3,8.864,0.0
Decision_1,X3,9.017,0.0
Decision_1,X3,9.171,0.0
Decision_1,X3,9.324,0.0
Decision_1,X3,9.477,0.0
Decision_1,X3,9.63,0.0
Decision_1,X3,9.783,0.0
Decision_1,X3,9.937,0.0
Decision_1,X3,10.09,0.0
Decision_1,X3,10.243,0.0
Decision_1,X3,10.396,0.0
Decision_1,X3,10.549,0.0
Decision_1,X3,10.703,0.0
Decision_1,X3,10.856,0.0
Decision_1,X3,11.009,0.0
Decision_1,X3,11.162,0.0
Decision_1,X3,11.315,0.0
Decision_1,X3,11.469,0.0
Decision_1,X3,11.622,0.0
Decision_1,X3,11.775,0.0
Decision_1,X3,11.928,0.0
Decision_1,X3,12.081,0.0
Decision_1,X3,12.235,0.0
Decision_1,X3,12.388,0.0
Decision_1,X3,12.541,0.0
Decision_1,X3,12.694,0.0
Decision_1,X3,12.847,0.0
Decision_1,X3,13.001,0.0
Decision_1,X3,13.154,0.0
Decision_1,X3,13.307,0.0
Decision_1,X3,13.46,0.0
Decision_1,X3,13.614,0.0
Decision_1,X3,13.767,0.0
Decision_1,X3,13.92,0.0
Decision_1,X3,14.073,0.0
Decision_1,X3,14.226,0.0
Decision_1,X3,14.38,0.0
Decision_1,X3,14.533,0.0
Decision_1,X3,14.686,0.0
Decision_1,X3,14.839,0.0
Decision_1,X3,14.992,0.0
Decision_1,X3,15.146,0.0
Decision_1,X3,15.299,0.0
Decision_1,X3,15.452,0.0
Decision_1,X3,15.605,0.0
Decision_1,X3,15.758,0.0
Decision_1,X3,15.912,0.0
Decision_1,X3,16.065,0.0
Decision_1,X3,16.218,0.0
Decision_1,X3,16.371,0.0
Decision_1,X3,16.524,0.0
Decision_1,X3,16.678,0.0
Decision_1,X3,16.831,0.0
Decision_1,X3,16.984,0.0
Decision_1,X3,17.137,0.0
Decision_1,X3,17.29,0.0
Decision_1,X3,17.444,0.0
Decision_1,X3,17.597,0.0
Decision_1,X3,17.75,0.0
Decision_1,X3,17.903,0.0
Decision_1,X3,18.057,0.0
Decision_1,X3,18.21,0.0
Decision_1,X3,18.363,0.0
Decision_1,X3,18.516,0.0
Decision_1,X3,18.669,0.0
Decision_1,X3,18.823,0.0
Decision_1,X3,18.976,0.0
Decision_1,X3,19.129,0.0
Decision_1,X3,19.282,0.0
Decision_1,X3,19.435,0.0
Decision_1,X3,19.589,0.0
Decision_1,X3,19.742,0.0
Decision_1,X3,19.895,0.0
Decision_1,X3,20.048,0.0
Decision_1,X3,20.201,0.0
Decision_1,X3,20.355,0.0
Decision_1,X3,20.508,0.0
Decision_1,X3,20.661,0.0
Decision_1,X3,20.814,0.0
Decision_1,X3,20.967,0.0
Decision_1,X3,21.121,0.0
Decision_1,X3,21.274,0.0
Decision_1,X3,21.427,0.0
Decision_1,X3,21.58,0.0
Decision_1,X3,21.733,0.0
Decision_1,X3,21.887,0.0
Decision_1,X3,22.04,0.0
Decision_1,X3,22.193,0.0
Decision_1,X3,22.346,0.0
Decision_1,X3,22.499,0.0
Decision_1,X3,22.653,0.0
Decision_1,X3,22.806,0.0
Decision_1,X3,22.959,0.0
Decision_1,X3,23.112,0.0
Decision_1,X3,23.266,0.0
Decision_1,X3,23.419,0.0
Decision_1,X3,23.572,0.0
Decision_1,X3,23.725,0.0
Decision_1,X3,23.878,0.0
Decision_1,X3,24.032,0.0
Decision_1,X3,24.185,0.0
Decision_1,X3,24.338,0.0
Decision_1,X3,24.491,0.0
Decision_1,X3,24.644,0.0
Decision_1,X3,24.798,0.0
Decision_1,X3,24.951,0.0
Decision_1,X3,25.104,0.0
Decision_1,X3,25.257,0.0
Decision_1,X3,25.41,0.0
Decision_1,X3,25.564,0.0
Decision_1,X3,25.717,0.0
Decision_1,X3,25.87,0.0
Decision_1,X3,26.023,0.0
Decision_1,X3,26.176,0.0
Decision_1,X3,26.33,0.0
Decision_1,X3,26.483,0.0
Decision_1,X3,26.636,0.0
Decision_1,X3,26.789,0.0
Decision_1,X3,26.942,0.0
Decision_1,X3,27.096,0.0
Decision_1,X3,27.249,0.0
Decision_1,X3,27.402,0.0
Decision_1,X3,27.555,0.0
Decision_1,X3,27.708,0.0
Decision_1,X3,27.862,0.0
Decision_1,X3,28.015,0.0
Decision_1,X3,28.168,0.0
Decision_1,X3,28.321,0.0
Decision_1,X3,28.475,0.0
Decision_1,X3,28.628,0.0
Decision_1,X3,28.781,0.0
Decision_1,X3,28.934,0.0
Decision_1,X3,29.087,0.0
Decision_1,X3,29.241,0.0
Decision_1,X3,29.394,0.0
Decision_1,X3,29.547,0.0
Decision_1,X3,29.7,0.0
Decision_1,X3,29.853,0.0
Decision_1,X3,30.007,0.0
Decision_1,X3,30.16,0.0
Decision_1,X3,30.313,0.0
Decision_1,X3,30.466,0.0
Decision_1,X3,30.619,0.0
Decision_1,X3,30.773,0.0
Decision_1,X3,30.926,0.0
Decision_1,X3,31.079,0.0
Decision_1,X3,31.232,0.0
Decision_1,X3,31.385,0.0
Decision_1,X3,31.539,0.0
Decision_1,X3,31.692,0.0
Decision_1,X3,31.845,0.0
Decision_1,X3,31.998,0.0
Decision_1,X3,32.151,0.0
Decision_1,X3,32.305,0.0
Decision_1,X3,32.458,0.0
Decision_1,X3,32.611,0.0
Decision_1,X3,32.764,0.0
Decision_1,X3,32.918,0.0
Decision_1,X3,33.071,0.0
Decision_1,X3,33.224,0.0
Decision_1,X3,33.377,0.0
Decision_1,X3,33.53,0.0
Decision_1,X3,33.684,0.0
Decision_1,X3,33.837,0.0
Decision_1,X3,33.99,0.0
Decision_1,X3,34.143,0.0
Decision_1,X3,34.296,0.0
Decision_1,X3,34.45,0.0
Decision_1,X3,34.603,0.0
Decision_1,X3,34.756,0.0
Decision_1,X3,34.909,0.0
Decision_1,X3,35.062,0.0
Decision_1,X3,35.216,0.0
Decision_1,X3,35.369,0.0
Decision_1,X3,35.522,0.0
Decision_1,X3,35.675,0.0
Decision_1,X3,35.828,0.0
Decision_1,X3,35.982,0.0
Decision_1,X3,36.135,0.0
Decision_1,X3,36.288,0.0
Decision_1,X3,36.441,0.0
Decision_1,X3,36.594,0.0
Decision_1,X3,36.748,0.0
Decision_1,X3,36.901,0.0
Decision_1,X3,37.054,0.0
Decision_1,X3,37.207,0.0
Decision_1,X3,37.36,0.0
Decision_1,X3,37.514,0.0
Decision_1,X3,37.667,0.0
Decision_1,X3,37.82,0.0
Decision_1,X3,37.973,0.0
Decision_1,X3,38.127,0.0
Decision_1,X3,38.28,0.0
Decision_1,X3,38.433,0.0
Decision_1,X3,38.586,0.0
Decision_1,X3,38.739,0.0
Decision_1,X3,38.893,0.0
Decision_1,X3,39.046,0.0
Decision_1,X3,39.199,0.0
Decision_1,X3,39.352,0.0
Decision_1,X3,39.505,0.0
Decision_1,X3,39.659,0.0
Decision_1,X3,39.812,0.0
Decision_1,X3,39.965,0.0
Decision_1,X3,40.118,0.0
Decision_1,X3,40.271,0.0
Decision_1,X3,40.425,0.0
Decision_1,X3,40.578,0.0
Decision_1,X3,40.731,0.0
Decision_1,X3,40.884,0.0
Decision_1,X3,41.037,0.0
Decision_1,X3,41.191,0.0
Decision_1,X3,41.344,0.0
Decision_1,X3,41.497,0.0
Decision_1,X3,41.65,0.0
Decision_1,X3,41.803,0.0
Decision_1,X3,41.957,0.0
Decision_1,X3,42.11,0.0
Decision_1,X3,42.263,0.0
Decision_1,X3,42.416,0.0
Decision_1,X3,42.569,0.0
Decision_1,X3,42.723,0.0
Decision_1,X3,42.876,0.0
Decision_1,X3,43.029,0.0
Decision_1,X3,43.182,0.0
Decision_1,X3,43.336,0.0
Decision_1,X3,43.489,0.0
Decision_1,X3,43.642,0.0
Decision_1,X3,43.795,0.0
Decision_1,X3,43.948,0.0
Decision_1,X3,44.102,0.0
Decision_1,X3,44.255,0.0
Decision_1,X3,44.408,0.0
Decision_1,X3,44.561,0.0
Decision_1,X3,44.714,0.0
Decision_1,X3,44.868,0.0
Decision_1,X3,45.021,0.0
Decision_1,X3,45.174,0.0
Decision_1,X3,45.327,0.0
Decision_1,X3,45.48,0.0
Decision_1,X3,45.634,0.0
Decision_1,X3,45.787,0.0
Decision_1,X3,45.94,0.0
Decision_1,X3,46.093,0.0
Decision_1,X3,46.246,0.0
Decision_1,X3,46.4,0.0
Decision_1,X3,46.553,0.0
Decision_1,X3,46.706,0.0
Decision_1,X3,46.859,0.0
Decision_1,X3,47.012,0.0
Decision_1,X3,47.166,0.0
Decision_1,X3,47.319,0.0
Decision_1,X3,47.472,0.0
Decision_1,X3,47.625,0.0
Decision_1,X3,47.779,0.0
Decision_1,X3,47.932,0.0
Decision_1,X3,48.085,0.0
Decision_1,X3,48.238,0.0
Decision_1,X3,48.391,0.0
Decision_1,X3,48.545,0.0
Decision_1,X3,48.698,0.0
Decision_1,X3,48.851,0.0
Decision_1,X3,49.004,0.0
Decision_1,X3,49.157,0.0
Decision_1,X3,49.311,0.0
Decision_1,X3,49.464,0.0
Decision_1,X3,49.617,0.0
Decision_1,X3,49.77,0.0
Decision_1,X3,49.923,0.0
Decision_1,X3,50.077,0.0
Decision_1,X3,50.23,0.0
Decision_1,X3,50.383,0.0
Decision_1,X3,50.536,0.0
Decision_1,X3,50.689,0.0
Decision_1,X3,50.843,0.0
Decision_1,X3,50.996,0.0
Decision_1,X3,51.149,0.0
Decision_1,X3,51.302,0.0
Decision_1,X3,51.455,0.0
Decision_1,X3,51.609,0.0
Decision_1,X3,51.762,0.0
Decision_1,X3,51.915,0.0
Decision_1,X3,52.068,0.0
Decision_1,X3,52.221,0.0
Decision_1,X3,52.375,0.0
Decision_1,X3,52.528,0.0
Decision_1,X3,52.681,0.0
Decision_1,X3,52.834,0.0
Decision_1,X3,52.988,0.0
Decision_1,X3,53.141,0.0
Decision_1,X3,53.294,0.0
Decision_1,X3,53.447,0.0
Decision_1,X3,53.6,0.0
Decision_1,X3,53.754,0.0
Decision_1,X3,53.907,0.0
Decision_1,X3,54.06,0.0
Decision_1,X3,54.213,0.0
Decision_1,X3,54.366,0.0
Decision_1,X3,54.52,0.0
Decision_1,X3,54.673,0.0
Decision_1,X3,54.826,0.0
Decision_1,X3,54.979,0.0
Decision_1,X3,55.132,0.0
Decision_1,X3,55.286,0.0
Decision_1,X3,55.439,0.0
Decision_1,X3,55.592,0.0
Decision_1,X3,55.745,0.0
Decision_1,X3,55.898,0.0
Decision_1,X3,56.052,0.0
Decision_1,X3,56.205,0.0
Decision_1,X3,56.358,0.0
Decision_1,X3,56.511,0.0
Decision_1,X3,56.664,0.0
Decision_1,X3,56.818,0.0
Decision_1,X3,56.971,0.0
Decision_1,X3,57.124,0.0
Decision_1,X3,57.277,0.0
Decision_1,X3,57.431,0.0
Decision_1,X3,57.584,0.0
Decision_1,X3,57.737,0.0
Decision_1,X3,57.89,0.0
Decision_1,X3,58.043,0.0
Decision_1,X3,58.197,0.0
Decision_1,X3,58.35,0.0
Decision_1,X3,58.503,0.0
Decision_1,X3,58.656,0.0
Decision_1,X3,58.809,0.0
Decision_1,X3,58.963,0.0
Decision_1,X3,59.116,0.0
Decision_1,X3,59.269,0.0
Decision_1,X3,59.422,0.0
Decision_1,X3,59.575,0.0
Decision_1,X3,59.729,0.0
Decision_1,X3,59.882,0.0
Decision_1,X3,60.035,0.0
Decision_1,X3,60.188,0.0
Decision_1,X3,60.341,0.0
Decision_1,X3,60.495,0.0
Decision_1,X3,60.648,0.0
Decision_1,X3,60.801,0.0
Decision_1,X3,60.954,0.0
Decision_1,X3,61.107,0.0
Decision_1,X3,61.261,0.0
Decision_1,X3,61.414,0.0
Decision_1,X3,61.567,0.0
Decision_1,X3,61.72,0.0
Decision_1,X3,61.873,0.0
Decision_1,X3,62.027,0.0
Decision_1,X3,62.18,0.0
Decision_1,X3,62.333,0.0
Decision_1,X3,62.486,0.0
Decision_1,X3,62.64,0.0
Decision_1,X3,62.793,0.0
Decision_1,X3,62.946,0.0
Decision_1,X3,63.099,0.0
Decision_1,X3,63.252,0.0
Decision_1,X3,63.406,0.0
Decision_1,X3,63.559,0.0
Decision_1,X3,63.712,0.0
Decision_1,X3,63.865,0.0
Decision_1,X3,64.018,0.0
Decision_1,X3,64.172,0.0
Decision_1,X3,64.325,0.0
Decision_1,X3,64.478,0.0
Decision_1,X3,64.631,0.0
Decision_1,X3,64.784,0.0
Decision_1,X3,64.938,0.0
Decision_1,X3,65.091,0.0
Decision_1,X3,65.244,0.0
Decision_1,X3,65.397,0.0
Decision_1,X3,65.55,0.0
Decision_1,X3,65.704,0.0
Decision_1,X3,65.857,0.0
Decision_1,X3,66.01,0.0
Decision_1,X3,66.163,0.0
Decision_1,X3,66.316,0.0
Decision_1,X3,66.47,0.0
Decision_1,X3,66.623,0.0
Decision_1,X3,66.776,0.0
Decision_1,X3,66.929,0.0
Decision_1,X3,67.082,0.0
Decision_1,X3,67.236,0.0
Decision_1,X3,67.389,0.0
Decision_1,X3,67.542,0.0
Decision_1,X3,67.695,0.0
Decision_1,X3,67.849,0.0
Decision_1,X3,68.002,0.0
Decision_1,X3,68.155,0.0
Decision_1,X3,68.308,0.0
Decision_1,X3,68.461,0.0
Decision_1,X3,68.615,0.0
Decision_1,X3,68.768,0.0
Decision_1,X3,68.921,0.0
Decision_1,X3,69.074,0.0
Decision_1,X3,69.227,0.0
Decision_1,X3,69.381,0.0
Decision_1,X3,69.534,0.0
Decision_1,X3,69.687,0.0
Decision_1,X3,69.84,0.0
Decision_1,X3,69.993,0.0
Decision_1,X3,70.147,0.0
Decision_1,X3,70.3,0.0
Decision_1,X3,70.453,0.0
Decision_1,X3,70.606,0.0
Decision_1,X3,70.759,0.0
Decision_1,X3,70.913,0.0
Decision_1,X3,71.066,0.0
Decision_1,X3,71.219,0.0
Decision_1,X3,71.372,0.0
Decision_1,X3,71.525,0.0
Decision_1,X3,71.679,0.0
Decision_1,X3,71.832,0.0
Decision_1,X3,71.985,0.0
Decision_1,X3,72.138,0.0
Decision_1,X3,72.292,0.0
Decision_1,X3,72.445,0.0
Decision_1,X3,72.598,0.0
Decision_1,X3,72.751,0.0
Decision_1,X3,72.904,0.0
Decision_1,X3,73.058,0.0
Decision_1,X3,73.211,0.0
Decision_1,X3,73.364,0.0
Decision_1,X3,73.517,0.0
Decision_1,X3,73.67,0.0
Decision_1,X3,73.824,0.0
Decision_1,X3,73.977,0.0
Decision_1,X3,74.13,0.0
Decision_1,X3,74.283,0.0
Decision_1,X3,74.436,0.0
Decision_1,X3,74.59,0.0
Decision_1,X3,74.743,0.0
Decision_1,X3,74.896,0.0
Decision_1,X3,75.049,0.0
Decision_1,X3,75.202,0.0
Decision_1,X3,75.356,0.0
Decision_1,X3,75.509,0.0
Decision_1,X3,75.662,0.0
Decision_1,X3,75.815,0.0
Decision_1,X3,75.968,0.0
Decision_1,X3,76.122,0.0
Decision_1,X3,76.275,0.0
Decision_1,X3,76.428,0.0
Decision_1,X3,76.581,0.0
Decision_1,X3,76.734,0.0
Decision_1,X3,76.888,0.0
Decision_1,X3,77.041,0.0
Decision_1,X3,77.194,0.0
Decision_1,X3,77.347,0.0
Decision_1,X3,77.501,0.0
Decision_1,X3,77.654,0.0
Decision_1,X3,77.807,0.0
Decision_1,X3,77.96,0.0
Decision_1,X3,78.113,0.0
Decision_1,X3,78.267,0.0
Decision_1,X3,78.42,0.0
Decision_1,X3,78.573,0.0
Decision_1,X3,78.726,0.0
Decision_1,X3,78.879,0.0
Decision_1,X3,79.033,0.0
Decision_1,X3,79.186,0.0
Decision_1,X3,79.339,0.0
Decision_1,X3,79.492,0.0
Decision_1,X3,79.645,0.0
Decision_1,X3,79.799,0.0
Decision_1,X3,79.952,0.0
Decision_1,X3,80.105,0.0
Decision_1,X3,80.258,0.0
Decision_1,X3,80.411,0.0
Decision_1,X3,80.565,0.0
Decision_1,X3,80.718,0.0
Decision_1,X3,80.871,0.0
Decision_1,X3,81.024,0.0
Decision_1,X3,81.177,0.0
Decision_1,X3,81.331,0.0
Decision_1,X3,81.484,0.0
Decision_1,X3,81.637,0.0
Decision_1,X3,81.79,0.0
Decision_1,X3,81.943,0.0
Decision_1,X3,82.097,0.0
Decision_1,X3,82.25,0.0
Decision_1,X3,82.403,0.0
Decision_1,X3,82.556,0.0
Decision_1,X3,82.71,0.0
Decision_1,X3,82.863,0.0
Decision_1,X3,83.016,0.0
Decision_1,X3,83.169,0.0
Decision_1,X3,83.322,0.0
Decision_1,X3,83.476,0.0
Decision_1,X3,83.629,0.0
Decision_1,X3,83.782,0.0
Decision_1,X3,83.935,0.0
Decision_1,X3,84.088,0.0
Decision_1,X3,84.242,0.0
Decision_1,X3,84.395,0.0
Decision_1,X3,84.548,0.0
Decision_1,X3,84.701,0.0
Decision_1,X3,84.854,0.0
Decision_1,X3,85.008,0.0
Decision_1,X3,85.161,0.0
Decision_1,X3,85.314,0.0
Decision_1,X3,85.467,0.0
Decision_1,X3,85.62,0.0
Decision_1,X3,85.774,0.0
Decision_1,X3,85.927,0.0
Decision_1,X3,86.08,0.0
Decision_1,X3,86.233,0.0
Decision_1,X3,86.386,0.0
Decision_1,X3,86.54,0.0
Decision_1,X3,86.693,0.0
Decision_1,X3,86.846,0.0
Decision_1,X3,86.999,0.0
Decision_1,X3,87.153,0.0
Decision_1,X3,87.306,0.0
Decision_1,X3,87.459,0.0
Decision_1,X3,87.612,0.0
Decision_1,X3,87.765,0.0
Decision_1,X3,87.919,0.0
Decision_1,X3,88.072,0.0
Decision_1,X3,88.225,0.0
Decision_1,X3,88.378,0.0
Decision_1,X3,88.531,0.0
Decision_1,X3,88.685,0.0
Decision_1,X3,88.838,0.0
Decision_1,X3,88.991,0.0
Decision_1,X3,89.144,0.0
Decision_1,X3,89.297,0.0
Decision_1,X3,89.451,0.0
Decision_1,X3,89.604,0.0
Decision_1,X3,89.757,0.0
Decision_1,X3,89.91,0.0
Decision_1,X3,90.063,0.0
Decision_1,X3,90.217,0.0
Decision_1,X3,90.37,0.0
Decision_1,X3,90.523,0.0
Decision_1,X3,90.676,0.0
Decision_1,X3,90.829,0.0
Decision_1,X3,90.983,0.0
Decision_1,X3,91.136,0.0
Decision_1,X3,91.289,0.0
Decision_1,X3,91.442,0.0
Decision_1,X3,91.595,0.0
Decision_1,X3,91.749,0.0
Decision_1,X3,91.902,0.0
Decision_1,X3,92.055,0.0
Decision_1,X3,92.208,0.0
Decision_1,X3,92.362,0.0
Decision_1,X3,92.515,0.0
Decision_1,X3,92.668,0.0
Decision_1,X3,92.821,0.0
Decision_1,X3,92.974,0.0
Decision_1,X3,93.128,0.0
Decision_1,X3,93.281,0.0
Decision_1,X3,93.434,0.0
Decision_1,X3,93.587,0.0
Decision_1,X3,93.74,0.0
Decision_1,X3,93.894,0.0
Decision_1,X3,94.047,0.0
Decision_1,X3,94.2,0.0
Decision_1,X3,94.353,0.0
Decision_1,X3,94.506,0.0
Decision_1,X3,94.66,0.0
Decision_1,X3,94.813,0.0
Decision_1,X3,94.966,0.0
Decision_1,X3,95.119,0.0
Decision_1,X3,95.272,0.0
Decision_1,X3,95.426,0.0
Decision_1,X3,95.579,0.0
Decision_1,X3,95.732,0.0
Decision_1,X3,95.885,0.0
Decision_1,X3,96.038,0.0
Decision_1,X3,96.192,0.0
Decision_1,X3,96.345,0.0
Decision_1,X3,96.498,0.0
Decision_1,X3,96.651,0.0
Decision_1,X3,96.804,0.0
Decision_1,X3,96.958,0.0
Decision_1,X3,97.111,0.0
Decision_1,X3,97.264,0.0
Decision_1,X3,97.417,0.0
Decision_1,X3,97.571,0.0
Decision_1,X3,97.724,0.0
Decision_1,X3,97.877,0.0
Decision_1,X3,98.03,0.0
Decision_1,X3,98.183,0.0
Decision_1,X3,98.337,0.0
Decision_1,X3,98.49,0.0
Decision_1,X3,98.643,0.0
Decision_1,X3,98.796,0.0
Decision_1,X3,98.949,0.0
Decision_1,X3,99.103,0.0
Decision_1,X3,99.256,0.0
Decision_1,X3,99.409,0.0
Decision_1,X3,99.562,0.0
Decision_1,X3,99.715,0.0
Decision_1,X3,99.869,0.0
Decision_1,X3,100.022,0.0
Decision_1,X3,100.175,0.0
Decision_1,X3,100.328,0.0
Decision_1,X3,100.481,0.0
Decision_1,X3,100.635,0.0
Decision_1,X3,100.788,0.0
Decision_1,X3,100.941,0.0
Decision_1,X3,101.094,0.0
Decision_1,X3,101.247,0.0
Decision_1,X3,101.401,0.0
Decision_1,X3,101.554,0.0
Decision_1,X3,101.707,0.0
Decision_1,X3,101.86,0.0
Decision_1,X3,102.014,0.0
Decision_1,X3,102.167,0.0
Decision_1,X3,102.32,0.0
Decision_1,X3,102.473,0.0
Decision_1,X3,102.626,0.0
Decision_1,X3,102.78,0.0
Decision_1,X3,102.933,0.0
Decision_1,X3,103.086,0.0
Decision_1,X3,103.239,0.0
Decision_1,X3,103.392,0.0
Decision_1,X3,103.546,0.0
Decision_1,X3,103.699,0.0
Decision_1,X3,103.852,0.0
Decision_1,X3,104.005,0.0
Decision_1,X3,104.158,0.0
Decision_1,X3,104.312,0.0
Decision_1,X3,104.465,0.0
Decision_1,X3,104.618,0.0
Decision_1,X3,104.771,0.0
Decision_1,X3,104.924,0.0
Decision_1,X3,105.078,0.0
Decision_1,X3,105.231,0.0
Decision_1,X3,105.384,0.0
Decision_1,X3,105.537,0.0
Decision_1,X3,105.69,0.0
Decision_1,X3,105.844,0.0
Decision_1,X3,105.997,0.0
Decision_1,X3,106.15,0.0
Decision_1,X3,106.303,0.0
Decision_1,X3,106.456,0.0
Decision_1,X3,106.61,0.0
Decision_1,X3,106.763,0.0
Decision_1,X3,106.916,0.0
Decision_1,X3,107.069,0.0
Decision_1,X3,107.223,0.0
Decision_1,X3,107.376,0.0
Decision_1,X3,107.529,0.0
Decision_1,X3,107.682,0.0549
Decision_1,X3,107.835,1.0
Decision_1,X4,-0.022,1.0
Decision_1,X4,0.131,0.0549
Decision_1,X4,0.285,0.0
Decision_1,X4,0.438,0.0
Decision_1,X4,0.591,0.0
Decision_1,X4,0.744,0.0
Decision_1,X4,0.897,0.0
Decision_1,X4,1.051,0.0
Decision_1,X4,1.204,0.0
Decision_1,X4,1.357,0.0
Decision_1,X4,1.51,0.0
Decision_1,X4,1.663,0.0
Decision_1,X4,1.817,0.0
Decision_1,X4,1.97,0.0
Decision_1,X4,2.123,0.0
Decision_1,X4,2.276,0.0
Decision_1,X4,2.429,0.0
Decision_1,X4,2.583,0.0
Decision_1,X4,2.736,0.0
Decision_1,X4,2.889,0.0
Decision_1,X4,3.042,0.0
Decision_1,X4,3.196,0.0
Decision_1,X4,3.349,0.0
Decision_1,X4,3.502,0.0
Decision_1,X4,3.655,0.0
Decision_1,X4,3.808,0.0
Decision_1,X4,3.962,0.0
Decision_1,X4,4.115,0.0
Decision_1,X4,4.268,0.0
Decision_1,X4,4.421,0.0
Decision_1,X4,4.574,0.0
Decision_1,X4,4.728,0.0
Decision_1,X4,4.881,0.0
Decision_1,X4,5.034,0.0
Decision_1,X4,5.187,0.0
Decision_1,X4,5.34,0.0
Decision_1,X4,5.494,0.0
Decision_1,X4,5.647,0.0
Decision_1,X4,5.8,0.0
Decision_1,X4,5.953,0.0
Decision_1,X4,6.106,0.0
Decision_1,X4,6.26,0.0
Decision_1,X4,6.413,0.0
Decision_1,X4,6.566,0.0
Decision_1,X4,6.719,0.0
Decision_1,X4,6.872,0.0
Decision_1,X4,7.026,0.0
Decision_1,X4,7.179,0.0
Decision_1,X4,7.332,0.0
Decision_1,X4,7.485,0.0
Decision_1,X4,7.638,0.0
Decision_1,X4,7.792,0.0
Decision_1,X4,7.945,0.0
Decision_1,X4,8.098,0.0
Decision_1,X4,8.251,0.0
Decision_1,X4,8.405,0.0
Decision_1,X4,8.558,0.0
Decision_1,X4,8.711,0.0
Decision_1,X4,8.864,0.0
Decision_1,X4,9.017,0.0
Decision_1,X4,9.171,0.0
Decision_1,X4,9.324,0.0
Decision_1,X4,9.477,0.0
Decision_1,X4,9.63,0.0
Decision_1,X4,9.783,0.0
Decision_1,X4,9.937,0.0
Decision_1,X4,10.09,0.0
Decision_1,X4,10.243,0.0
Decision_1,X4,10.396,0.0
Decision_1,X4,10.549,0.0
Decision_1,X4,10.703,0.0
Decision_1,X4,10.856,0.0
Decision_1,X4,11.009,0.0
Decision_1,X4,11.162,0.0
Decision_1,X4,11.315,0.0
Decision_1,X4,11.469,0.0
Decision_1,X4,11.622,0.0
Decision_1,X4,11.775,0.0
Decision_1,X4,11.928,0.0
Decision_1,X4,12.081,0.0
Decision_1,X4,12.235,0.0
Decision_1,X4,12.388,0.0
Decision_1,X4,12.541,0.0
Decision_1,X4,12.694,0.0
Decision_1,X4,12.847,0.0
Decision_1,X4,13.001,0.0
Decision_1,X4,13.154,0.0
Decision_1,X4,13.307,0.0
Decision_1,X4,13.46,0.0
Decision_1,X4,13.614,0.0
Decision_1,X4,13.767,0.0
Decision_1,X4,13.92,0.0
Decision_1,X4,14.073,0.0
Decision_1,X4,14.226,0.0
Decision_1,X4,14.38,0.0
Decision_1,X4,14.533,0.0
Decision_1,X4,14.686,0.0
Decision_1,X4,14.839,0.0
Decision_1,X4,14.992,0.0
Decision_1,X4,15.146,0.0
Decision_1,X4,15.299,0.0
Decision_1,X4,15.452,0.0
Decision_1,X4,15.605,0.0
Decision_1,X4,15.758,0.0
Decision_1,X4,15.912,0.0
Decision_1,X4,16.065,0.0
Decision_1,X4,16.218,0.0
Decision_1,X4,16.371,0.0
Decision_1,X4,16.524,0.0
Decision_1,X4,16.678,0.0
Decision_1,X4,16.831,0.0
Decision_1,X4,16.984,0.0
Decision_1,X4,17.137,0.0
Decision_1,X4,17.29,0.0
Decision_1,X4,17.444,0.0
Decision_1,X4,17.597,0.0
Decision_1,X4,17.75,0.0
Decision_1,X4,17.903,0.0
Decision_1,X4,18.057,0.0
Decision_1,X4,18.21,0.0
Decision_1,X4,18.363,0.0
Decision_1,X4,18.516,0.0
Decision_1,X4,18.669,0.0
Decision_1,X4,18.823,0.0
Decision_1,X4,18.976,0.0
Decision_1,X4,19.129,0.0
Decision_1,X4,19.282,0.0
Decision_1,X4,19.435,0.0
Decision_1,X4,19.589,0.0
Decision_1,X4,19.742,0.0
Decision_1,X4,19.895,0.0
Decision_1,X4,20.048,0.0
Decision_1,X4,20.201,0.0
Decision_1,X4,20.355,0.0
Decision_1,X4,20.508,0.0
Decision_1,X4,20.661,0.0
Decision_1,X4,20.814,0.0
Decision_1,X4,20.967,0.0
Decision_1,X4,21.121,0.0
Decision_1,X4,21.274,0.0
Decision_1,X4,21.427,0.0
Decision_1,X4,21.58,0.0
Decision_1,X4,21.733,0.0
Decision_1,X4,21.887,0.0
Decision_1,X4,22.04,0.0
Decision_1,X4,22.193,0.0
Decision_1,X4,22.346,0.0
Decision_1,X4,22.499,0.0
Decision_1,X4,22.653,0.0
Decision_1,X4,22.806,0.0
Decision_1,X4,22.959,0.0
Decision_1,X4,23.112,0.0
Decision_1,X4,23.266,0.0
Decision_1,X4,23.419,0.0
Decision_1,X4,23.572,0.0
Decision_1,X4,23.725,0.0
Decision_1,X4,23.878,0.0
Decision_1,X4,24.032,0.0
Decision_1,X4,24.185,0.0
Decision_1,X4,24.338,0.0
Decision_1,X4,24.491,0.0
Decision_1,X4,24.644,0.0
Decision_1,X4,24.798,0.0
Decision_1,X4,24.951,0.0
Decision_1,X4,25.104,0.0
Decision_1,X4,25.257,0.0
Decision_1,X4,25.41,0.0
Decision_1,X4,25.564,0.0
Decision_1,X4,25.717,0.0
Decision_1,X4,25.87,0.0
Decision_1,X4,26.023,0.0
Decision_1,X4,26.176,0.0
Decision_1,X4,26.33,0.0
Decision_1,X4,26.483,0.0
Decision_1,X4,26.636,0.0
Decision_1,X4,26.789,0.0
Decision_1,X4,26.942,0.0
Decision_1,X4,27.096,0.0
Decision_1,X4,27.249,0.0
Decision_1,X4,27.402,0.0
Decision_1,X4,27.555,0.0
Decision_1,X4,27.708,0.0
Decision_1,X4,27.862,0.0
Decision_1,X4,28.015,0.0
Decision_1,X4,28.168,0.0
Decision_1,X4,28.321,0.0
Decision_1,X4,28.475,0.0
Decision_1,X4,28.628,0.0
Decision_1,X4,28.781,0.0
Decision_1,X4,28.934,0.0
Decision_1,X4,29.087,0.0
Decision_1,X4,29.241,0.0
Decision_1,X4,29.394,0.0
Decision_1,X4,29.547,0.0
Decision_1,X4,29.7,0.0
Decision_1,X4,29.853,0.0
Decision_1,X4,30.007,0.0
Decision_1,X4,30.16,0.0
Decision_1,X4,30.313,0.0
Decision_1,X4,30.466,0.0
Decision_1,X4,30.619,0.0
Decision_1,X4,30.773,0.0
Decision_1,X4,30.926,0.0
Decision_1,X4,31.079,0.0
Decision_1,X4,31.232,0.0
Decision_1,X4,31.385,0.0
Decision_1,X4,31.539,0.0
Decision_1,X4,31.692,0.0
Decision_1,X4,31.845,0.0
Decision_1,X4,31.998,0.0
Decision_1,X4,32.151,0.0
Decision_1,X4,32.305,0.0
Decision_1,X4,32.458,0.0
Decision_1,X4,32.611,0.0
Decision_1,X4,32.764,0.0
Decision_1,X4,32.918,0.0
Decision_1,X4,33.071,0.0
Decision_1,X4,33.224,0.0
Decision_1,X4,33.377,0.0
Decision_1,X4,33.53,0.0
Decision_1,X4,33.684,0.0
Decision_1,X4,33.837,0.0
Decision_1,X4,33.99,0.0
Decision_1,X4,34.143,0.0
Decision_1,X4,34.296,0.0
Decision_1,X4,34.45,0.0
Decision_1,X4,34.603,0.0
Decision_1,X4,34.756,0.0
Decision_1,X4,34.909,0.0
Decision_1,X4,35.062,0.0
Decision_1,X4,35.216,0.0
Decision_1,X4,35.369,0.0
Decision_1,X4,35.522,0.0
Decision_1,X4,35.675,0.0
Decision_1,X4,35.828,0.0
Decision_1,X4,35.982,0.0
Decision_1,X4,36.135,0.0
Decision_1,X4,36.288,0.0
Decision_1,X4,36.441,0.0
Decision_1,X4,36.594,0.0
Decision_1,X4,36.748,0.0
Decision_1,X4,36.901,0.0
Decision_1,X4,37.054,0.0
Decision_1,X4,37.207,0.0
Decision_1,X4,37.36,0.0
Decision_1,X4,37.514,0.0
Decision_1,X4,37.667,0.0
Decision_1,X4,37.82,0.0
Decision_1,X4,37.973,0.0
Decision_1,X4,38.127,0.0
Decision_1,X4,38.28,0.0
Decision_1,X4,38.433,0.0
Decision_1,X4,38.586,0.0
Decision_1,X4,38.739,0.0
Decision_1,X4,38.893,0.0
Decision_1,X4,39.046,0.0
Decision_1,X4,39.199,0.0
Decision_1,X4,39.352,0.0
Decision_1,X4,39.505,0.0
Decision_1,X4,39.659,0.0
Decision_1,X4,39.812,0.0
Decision_1,X4,39.965,0.0
Decision_1,X4,40.118,0.0
Decision_1,X4,40.271,0.0
Decision_1,X4,40.425,0.0
Decision_1,X4,40.578,0.0
Decision_1,X4,40.731,0.0
Decision_1,X4,40.884,0.0
Decision_1,X4,41.037,0.0
Decision_1,X4,41.191,0.0
Decision_1,X4,41.344,0.0
Decision_1,X4,41.497,0.0
Decision_1,X4,41.65,0.0
Decision_1,X4,41.803,0.0
Decision_1,X4,41.957,0.0
Decision_1,X4,42.11,0.0
Decision_1,X4,42.263,0.0
Decision_1,X4,42.416,0.0
Decision_1,X4,42.569,0.0
Decision_1,X4,42.723,0.0
Decision_1,X4,42.876,0.0
Decision_1,X4,43.029,0.0
Decision_1,X4,43.182,0.0
Decision_1,X4,43.336,0.0
Decision_1,X4,43.489,0.0
Decision_1,X4,43.642,0.0
Decision_1,X4,43.795,0.0
Decision_1,X4,43.948,0.0
Decision_1,X4,44.102,0.0
Decision_1,X4,44.255,0.0
Decision_1,X4,44.408,0.0
Decision_1,X4,44.561,0.0
Decision_1,X4,44.714,0.0
Decision_1,X4,44.868,0.0
Decision_1,X4,45.021,0.0
Decision_1,X4,45.174,0.0
Decision_1,X4,45.327,0.0
Decision_1,X4,45.48,0.0
Decision_1,X4,45.634,0.0
Decision_1,X4,45.787,0.0
Decision_1,X4,45.94,0.0
Decision_1,X4,46.093,0.0
Decision_1,X4,46.246,0.0
Decision_1,X4,46.4,0.0
Decision_1,X4,46.553,0.0
Decision_1,X4,46.706,0.0
Decision_1,X4,46.859,0.0
Decision_1,X4,47.012,0.0
Decision_1,X4,47.166,0.0
Decision_1,X4,47.319,0.0
Decision_1,X4,47.472,0.0
Decision_1,X4,47.625,0.0
Decision_1,X4,47.779,0.0
Decision_1,X4,47.932,0.0
Decision_1,X4,48.085,0.0
Decision_1,X4,48.238,0.0
Decision_1,X4,48.391,0.0
Decision_1,X4,48.545,0.0
Decision_1,X4,48.698,0.0
Decision_1,X4,48.851,0.0
Decision_1,X4,49.004,0.0
Decision_1,X4,49.157,0.0
Decision_1,X4,49.311,0.0
Decision_1,X4,49.464,0.0
Decision_1,X4,49.617,0.0
Decision_1,X4,49.77,0.0
Decision_1,X4,49.923,0.0
Decision_1,X4,50.077,0.0
Decision_1,X4,50.23,0.0
Decision_1,X4,50.383,0.0
Decision_1,X4,50.536,0.0
Decision_1,X4,50.689,0.0
Decision_1,X4,50.843,0.0
Decision_1,X4,50.996,0.0
Decision_1,X4,51.149,0.0
Decision_1,X4,51.302,0.0
Decision_1,X4,51.455,0.0
Decision_1,X4,51.609,0.0
Decision_1,X4,51.762,0.0
Decision_1,X4,51.915,0.0
Decision_1,X4,52.068,0.0
Decision_1,X4,52.221,0.0
Decision_1,X4,52.375,0.0
Decision_1,X4,52.528,0.0
Decision_1,X4,52.681,0.0
Decision_1,X4,52.834,0.0
Decision_1,X4,52.988,0.0
Decision_1,X4,53.141,0.0
Decision_1,X4,53.294,0.0
Decision_1,X4,53.447,0.0
Decision_1,X4,53.6,0.0
Decision_1,X4,53.754,0.0
Decision_1,X4,53.907,0.0
Decision_1,X4,54.06,0.0
Decision_1,X4,54.213,0.0
Decision_1,X4,54.366,0.0
Decision_1,X4,54.52,0.0
Decision_1,X4,54.673,0.0
Decision_1,X4,54.826,0.0
Decision_1,X4,54.979,0.0
Decision_1,X4,55.132,0.0
Decision_1,X4,55.286,0.0
Decision_1,X4,55.439,0.0
Decision_1,X4,55.592,0.0
Decision_1,X4,55.745,0.0
Decision_1,X4,55.898,0.0
Decision_1,X4,56.052,0.0
Decision_1,X4,56.205,0.0
Decision_1,X4,56.358,0.0
Decision_1,X4,56.511,0.0
Decision_1,X4,56.664,0.0
Decision_1,X4,56.818,0.0
Decision_1,X4,56.971,0.0
Decision_1,X4,57.124,0.0
Decision_1,X4,57.277,0.0
Decision_1,X4,57.431,0.0
Decision_1,X4,57.584,0.0
Decision_1,X4,57.737,0.0
Decision_1,X4,57.89,0.0
Decision_1,X4,58.043,0.0
Decision_1,X4,58.197,0.0
Decision_1,X4,58.35,0.0
Decision_1,X4,58.503,0.0
Decision_1,X4,58.656,0.0
Decision_1,X4,58.809,0.0
Decision_1,X4,58.963,0.0
Decision_1,X4,59.116,0.0
Decision_1,X4,59.269,0.0
Decision_1,X4,59.422,0.0
Decision_1,X4,59.575,0.0
Decision_1,X4,59.729,0.0
Decision_1,X4,59.882,0.0
Decision_1,X4,60.035,0.0
Decision_1,X4,60.188,0.0
Decision_1,X4,60.341,0.0
Decision_1,X4,60.495,0.0
Decision_1,X4,60.648,0.0
Decision_1,X4,60.801,0.0
Decision_1,X4,60.954,0.0
Decision_1,X4,61.107,0.0
Decision_1,X4,61.261,0.0
Decision_1,X4,61.414,0.0
Decision_1,X4,61.567,0.0
Decision_1,X4,61.72,0.0
Decision_1,X4,61.873,0.0
Decision_1,X4,62.027,0.0
Decision_1,X4,62.18,0.0
Decision_1,X4,62.333,0.0
Decision_1,X4,62.486,0.0
Decision_1,X4,62.64,0.0
Decision_1,X4,62.793,0.0
Decision_1,X4,62.946,0.0
Decision_1,X4,63.099,0.0
Decision_1,X4,63.252,0.0
Decision_1,X4,63.406,0.0
Decision_1,X4,63.559,0.0
Decision_1,X4,63.712,0.0
Decision_1,X4,63.865,0.0
Decision_1,X4,64.018,0.0
Decision_1,X4,64.172,0.0
Decision_1,X4,64.325,0.0
Decision_1,X4,64.478,0.0
Decision_1,X4,64.631,0.0
Decision_1,X4,64.784,0.0
Decision_1,X4,64.938,0.0
Decision_1,X4,65.091,0.0
Decision_1,X4,65.244,0.0
Decision_1,X4,65.397,0.0
Decision_1,X4,65.55,0.0
Decision_1,X4,65.704,0.0
Decision_1,X4,65.857,0.0
Decision_1,X4,66.01,0.0
Decision_1,X4,66.163,0.0
Decision_1,X4,66.316,0.0
Decision_1,X4,66.47,0.0
Decision_1,X4,66.623,0.0
Decision_1,X4,66.776,0.0
Decision_1,X4,66.929,0.0
Decision_1,X4,67.082,0.0
Decision_1,X4,67.236,0.0
Decision_1,X4,67.389,0.0
Decision_1,X4,67.542,0.0
Decision_1,X4,67.695,0.0
Decision_1,X4,67.849,0.0
Decision_1,X4,68.002,0.0
Decision_1,X4,68.155,0.0
Decision_1,X4,68.308,0.0
Decision_1,X4,68.461,0.0
Decision_1,X4,68.615,0.0
Decision_1,X4,68.768,0.0
Decision_1,X4,68.921,0.0
Decision_1,X4,69.074,0.0
Decision_1,X4,69.227,0.0
Decision_1,X4,69.381,0.0
Decision_1,X4,69.534,0.0
Decision_1,X4,69.687,0.0
Decision_1,X4,69.84,0.0
Decision_1,X4,69.993,0.0
Decision_1,X4,70.147,0.0
Decision_1,X4,70.3,0.0
Decision_1,X4,70.453,0.0
Decision_1,X4,70.606,0.0
Decision_1,X4,70.759,0.0
Decision_1,X4,70.913,0.0
Decision_1,X4,71.066,0.0
Decision_1,X4,71.219,0.0
Decision_1,X4,71.372,0.0
Decision_1,X4,71.525,0.0
Decision_1,X4,71.679,0.0
Decision_1,X4,71.832,0.0
Decision_1,X4,71.985,0.0
Decision_1,X4,72.138,0.0
Decision_1,X4,72.292,0.0
Decision_1,X4,72.445,0.0
Decision_1,X4,72.598,0.0
Decision_1,X4,72.751,0.0
Decision_1,X4,72.904,0.0
Decision_1,X4,73.058,0.0
Decision_1,X4,73.211,0.0
Decision_1,X4,73.364,0.0
Decision_1,X4,73.517,0.0
Decision_1,X4,73.67,0.0
Decision_1,X4,73.824,0.0
Decision_1,X4,73.977,0.0
Decision_1,X4,74.13,0.0
Decision_1,X4,74.283,0.0
Decision_1,X4,74.436,0.0
Decision_1,X4,74.59,0.0
Decision_1,X4,74.743,0.0
Decision_1,X4,74.896,0.0
Decision_1,X4,75.049,0.0
Decision_1,X4,75.202,0.0
Decision_1,X4,75.356,0.0
Decision_1,X4,75.509,0.0
Decision_1,X4,75.662,0.0
Decision_1,X4,75.815,0.0
Decision_1,X4,75.968,0.0
Decision_1,X4,76.122,0.0
Decision_1,X4,76.275,0.0
Decision_1,X4,76.428,0.0
Decision_1,X4,76.581,0.0
Decision_1,X4,76.734,0.0
Decision_1,X4,76.888,0.0
Decision_1,X4,77.041,0.0
Decision_1,X4,77.194,0.0
Decision_1,X4,77.347,0.0
Decision_1,X4,77.501,0.0
Decision_1,X4,77.654,0.0
Decision_1,X4,77.807,0.0
Decision_1,X4,77.96,0.0
Decision_1,X4,78.113,0.0
Decision_1,X4,78.267,0.0
Decision_1,X4,78.42,0.0
Decision_1,X4,78.573,0.0
Decision_1,X4,78.726,0.0
Decision_1,X4,78.879,0.0
Decision_1,X4,79.033,0.0
Decision_1,X4,79.186,0.0
Decision_1,X4,79.339,0.0
Decision_1,X4,79.492,0.0
Decision_1,X4,79.645,0.0
Decision_1,X4,79.799,0.0
Decision_1,X4,79.952,0.0
Decision_1,X4,80.105,0.0
Decision_1,X4,80.258,0.0
Decision_1,X4,80.411,0.0
Decision_1,X4,80.565,0.0
Decision_1,X4,80.718,0.0
Decision_1,X4,80.871,0.0
Decision_1,X4,81.024,0.0
Decision_1,X4,81.177,0.0
Decision_1,X4,81.331,0.0
Decision_1,X4,81.484,0.0
Decision_1,X4,81.637,0.0
Decision_1,X4,81.79,0.0
Decision_1,X4,81.943,0.0
Decision_1,X4,82.097,0.0
Decision_1,X4,82.25,0.0
Decision_1,X4,82.403,0.0
Decision_1,X4,82.556,0.0
Decision_1,X4,82.71,0.0
Decision_1,X4,82.863,0.0
Decision_1,X4,83.016,0.0
Decision_1,X4,83.169,0.0
Decision_1,X4,83.322,0.0
Decision_1,X4,83.476,0.0
Decision_1,X4,83.629,0.0
Decision_1,X4,83.782,0.0
Decision_1,X4,83.935,0.0
Decision_1,X4,84.088,0.0
Decision_1,X4,84.242,0.0
Decision_1,X4,84.395,0.0
Decision_1,X4,84.548,0.0
Decision_1,X4,84.701,0.0
Decision_1,X4,84.854,0.0
Decision_1,X4,85.008,0.0
Decision_1,X4,85.161,0.0
Decision_1,X4,85.314,0.0
Decision_1,X4,85.467,0.0
Decision_1,X4,85.62,0.0
Decision_1,X4,85.774,0.0
Decision_1,X4,85.927,0.0
Decision_1,X4,86.08,0.0
Decision_1,X4,86.233,0.0
Decision_1,X4,86.386,0.0
Decision_1,X4,86.54,0.0
Decision_1,X4,86.693,0.0
Decision_1,X4,86.846,0.0
Decision_1,X4,86.999,0.0
Decision_1,X4,87.153,0.0
Decision_1,X4,87.306,0.0
Decision_1,X4,87.459,0.0
Decision_1,X4,87.612,0.0
Decision_1,X4,87.765,0.0
Decision_1,X4,87.919,0.0
Decision_1,X4,88.072,0.0
Decision_1,X4,88.225,0.0
Decision_1,X4,88.378,0.0
Decision_1,X4,88.531,0.0
Decision_1,X4,88.685,0.0
Decision_1,X4,88.838,0.0
Decision_1,X4,88.991,0.0
Decision_1,X4,89.144,0.0
Decision_1,X4,89.297,0.0
Decision_1,X4,89.451,0.0
Decision_1,X4,89.604,0.0
Decision_1,X4,89.757,0.0
Decision_1,X4,89.91,0.0
Decision_1,X4,90.063,0.0
Decision_1,X4,90.217,0.0
Decision_1,X4,90.37,0.0
Decision_1,X4,90.523,0.0
Decision_1,X4,90.676,0.0
Decision_1,X4,90.829,0.0
Decision_1,X4,90.983,0.0
Decision_1,X4,91.136,0.0
Decision_1,X4,91.289,0.0
Decision_1,X4,91.442,0.0
Decision_1,X4,91.595,0.0
Decision_1,X4,91.749,0.0
Decision_1,X4,91.902,0.0
Decision_1,X4,92.055,0.0
Decision_1,X4,92.208,0.0
Decision_1,X4,92.362,0.0
Decision_1,X4,92.515,0.0
Decision_1,X4,92.668,0.0
Decision_1,X4,92.821,0.0
Decision_1,X4,92.974,0.0
Decision_1,X4,93.128,0.0
Decision_1,X4,93.281,0.0
Decision_1,X4,93.434,0.0
Decision_1,X4,93.587,0.0
Decision_1,X4,93.74,0.0
Decision_1,X4,93.894,0.0
Decision_1,X4,94.047,0.0
Decision_1,X4,94.2,0.0
Decision_1,X4,94.353,0.0
Decision_1,X4,94.506,0.0
Decision_1,X4,94.66,0.0
Decision_1,X4,94.813,0.0
Decision_1,X4,94.966,0.0
Decision_1,X4,95.119,0.0
Decision_1,X4,95.272,0.0
Decision_1,X4,95.426,0.0
Decision_1,X4,95.579,0.0
Decision_1,X4,95.732,0.0
Decision_1,X4,95.885,0.0
Decision_1,X4,96.038,0.0
Decision_1,X4,96.192,0.0
Decision_1,X4,96.345,0.0
Decision_1,X4,96.498,0.0
Decision_1,X4,96.651,0.0
Decision_1,X4,96.804,0.0
Decision_1,X4,96.958,0.0
Decision_1,X4,97.111,0.0
Decision_1,X4,97.264,0.0
Decision_1,X4,97.417,0.0
Decision_1,X4,97.571,0.0
Decision_1,X4,97.724,0.0
Decision_1,X4,97.877,0.0
Decision_1,X4,98.03,0.0
Decision_1,X4,98.183,0.0
Decision_1,X4,98.337,0.0
Decision_1,X4,98.49,0.0
Decision_1,X4,98.643,0.0
Decision_1,X4,98.796,0.0
Decision_1,X4,98.949,0.0
Decision_1,X4,99.103,0.0
Decision_1,X4,99.256,0.0
Decision_1,X4,99.409,0.0
Decision_1,X4,99.562,0.0
Decision_1,X4,99.715,0.0
Decision_1,X4,99.869,0.0
Decision_1,X4,100.022,0.0
Decision_1,X4,100.175,0.0
Decision_1,X4,100.328,0.0
Decision_1,X4,100.481,0.0
Decision_1,X4,100.635,0.0
Decision_1,X4,100.788,0.0
Decision_1,X4,100.941,0.0
Decision_1,X4,101.094,0.0
Decision_1,X4,101.247,0.0
Decision_1,X4,101.401,0.0
Decision_1,X4,101.554,0.0
Decision_1,X4,101.707,0.0
Decision_1,X4,101.86,0.0
Decision_1,X4,102.014,0.0
Decision_1,X4,102.167,0.0
Decision_1,X4,102.32,0.0
Decision_1,X4,102.473,0.0
Decision_1,X4,102.626,0.0
Decision_1,X4,102.78,0.0
Decision_1,X4,102.933,0.0
Decision_1,X4,103.086,0.0
Decision_1,X4,103.239,0.0
Decision_1,X4,103.392,0.0
Decision_1,X4,103.546,0.0
Decision_1,X4,103.699,0.0
Decision_1,X4,103.852,0.0
Decision_1,X4,104.005,0.0
Decision_1,X4,104.158,0.0
Decision_1,X4,104.312,0.0
Decision_1,X4,104.465,0.0
Decision_1,X4,104.618,0.0
Decision_1,X4,104.771,0.0
Decision_1,X4,104.924,0.0
Decision_1,X4,105.078,0.0
Decision_1,X4,105.231,0.0
Decision_1,X4,105.384,0.0
Decision_1,X4,105.537,0.0
Decision_1,X4,105.69,0.0
Decision_1,X4,105.844,0.0
Decision_1,X4,105.997,0.0
Decision_1,X4,106.15,0.0
Decision_1,X4,106.303,0.0
Decision_1,X4,106.456,0.0
Decision_1,X4,106.61,0.0
Decision_1,X4,106.763,0.0
Decision_1,X4,106.916,0.0
Decision_1,X4,107.069,0.0
Decision_1,X4,107.223,0.0
Decision_1,X4,107.376,0.0
Decision_1,X4,107.529,0.0
Decision_1,X4,107.682,0.0549
Decision_1,X4,107.835,1.0
Decision_2,X14,-0.022,1.0
Decision_2,X14,0.131,0.0549
Decision_2,X14,0.285,0.0
Decision_2,X14,0.438,0.0
Decision_2,X14,0.591,0.0
Decision_2,X14,0.744,0.0
Decision_2,X14,0.897,0.0
Decision_2,X14,1.051,0.0
Decision_2,X14,1.204,0.0
Decision_2,X14,1.357,0.0
Decision_2,X14,1.51,0.0
Decision_2,X14,1.663,0.0
Decision_2,X14,1.817,0.0
Decision_2,X14,1.97,0.0
Decision_2,X14,2.123,0.0
Decision_2,X14,2.276,0.0
Decision_2,X14,2.429,0.0
Decision_2,X14,2.583,0.0
Decision_2,X14,2.736,0.0
Decision_2,X14,2.889,0.0
Decision_2,X14,3.042,0.0
Decision_2,X14,3.196,0.0
Decision_2,X14,3.349,0.0
Decision_2,X14,3.502,0.0
Decision_2,X14,3.655,0.0
Decision_2,X14,3.808,0.0
Decision_2,X14,3.962,0.0
Decision_2,X14,4.115,0.0
Decision_2,X14,4.268,0.0
Decision_2,X14,4.421,0.0
Decision_2,X14,4.574,0.0
Decision_2,X14,4.728,0.0
Decision_2,X14,4.881,0.0
Decision_2,X14,5.034,0.0
Decision_2,X14,5.187,0.0
Decision_2,X14,5.34,0.0
Decision_2,X14,5.494,0.0
Decision_2,X14,5.647,0.0
Decision_2,X14,5.8,0.0
Decision_2,X14,5.953,0.0
Decision_2,X14,6.106,0.0
Decision_2,X14,6.26,0.0
Decision_2,X14,6.413,0.0
Decision_2,X14,6.566,0.0
Decision_2,X14,6.719,0.0
Decision_2,X14,6.872,0.0
Decision_2,X14,7.026,0.0
Decision_2,X14,7.179,0.0
Decision_2,X14,7.332,0.0
Decision_2,X14,7.485,0.0
Decision_2,X14,7.638,0.0
Decision_2,X14,7.792,0.0
Decision_2,X14,7.945,0.0
Decision_2,X14,8.098,0.0
Decision_2,X14,8.251,0.0
Decision_2,X14,8.405,0.0
Decision_2,X14,8.558,0.0
Decision_2,X14,8.711,0.0
Decision_2,X14,8.864,0.0
Decision_2,X14,9.017,0.0
Decision_2,X14,9.171,0.0
Decision_2,X14,9.324,0.0
Decision_2,X14,9.477,0.0
Decision_2,X14,9.63,0.0
Decision_2,X14,9.783,0.0
Decision_2,X14,9.937,0.0
Decision_2,X14,10.09,0.0
Decision_2,X14,10.243,0.0
Decision_2,X14,10.396,0.0
Decision_2,X14,10.549,0.0
Decision_2,X14,10.703,0.0
Decision_2,X14,10.856,0.0
Decision_2,X14,11.009,0.0
Decision_2,X14,11.162,0.0
Decision_2,X14,11.315,0.0
Decision_2,X14,11.469,0.0
Decision_2,X14,11.622,0.0
Decision_2,X14,11.775,0.0
Decision_2,X14,11.928,0.0
Decision_2,X14,12.081,0.0
Decision_2,X14,12.235,0.0
Decision_2,X14,12.388,0.0
Decision_2,X14,12.541,0.0
Decision_2,X14,12.694,0.0
Decision_2,X14,12.847,0.0
Decision_2,X14,13.001,0.0
Decision_2,X14,13.154,0.0
Decision_2,X14,13.307,0.0
Decision_2,X14,13.46,0.0
Decision_2,X14,13.614,0.0
Decision_2,X14,13.767,0.0
Decision_2,X14,13.92,0.0
Decision_2,X14,14.073,0.0
Decision_2,X14,14.226,0.0
Decision_2,X14,14.38,0.0
Decision_2,X14,14.533,0.0
Decision_2,X14,14.686,0.0
Decision_2,X14,14.839,0.0
Decision_2,X14,14.992,0.0
Decision_2,X14,15.146,0.0
Decision_2,X14,15.299,0.0
Decision_2,X14,15.452,0.0
Decision_2,X14,15.605,0.0
Decision_2,X14,15.758,0.0
Decision_2,X14,15.912,0.0
Decision_2,X14,16.065,0.0
Decision_2,X14,16.218,0.0
Decision_2,X14,16.371,0.0
Decision_2,X14,16.524,0.0
Decision_2,X14,16.678,0.0
Decision_2,X14,16.831,0.0
Decision_2,X14,16.984,0.0
Decision_2,X14,17.137,0.0
Decision_2,X14,17.29,0.0
Decision_2,X14,17.444,0.0
Decision_2,X14,17.597,0.0
Decision_2,X14,17.75,0.0
Decision_2,X14,17.903,0.0
Decision_2,X14,18.057,0.0
Decision_2,X14,18.21,0.0
Decision_2,X14,18.363,0.0
Decision_2,X14,18.516,0.0
Decision_2,X14,18.669,0.0
Decision_2,X14,18.823,0.0
Decision_2,X14,18.976,0.0
Decision_2,X14,19.129,0.0
Decision_2,X14,19.282,0.0
Decision_2,X14,19.435,0.0
Decision_2,X14,19.589,0.0
Decision_2,X14,19.742,0.0
Decision_2,X14,19.895,0.0
Decision_2,X14,20.048,0.0
Decision_2,X14,20.201,0.0
Decision_2,X14,20.355,0.0
Decision_2,X14,20.508,0.0
Decision_2,X14,20.661,0.0
Decision_2,X14,20.814,0.0
Decision_2,X14,20.967,0.0
Decision_2,X14,21.121,0.0
Decision_2,X14,21.274,0.0
Decision_2,X14,21.427,0.0
Decision_2,X14,21.58,0.0
Decision_2,X14,21.733,0.0
Decision_2,X14,21.887,0.0
Decision_2,X14,22.04,0.0
Decision_2,X14,22.193,0.0
Decision_2,X14,22.346,0.0
Decision_2,X14,22.499,0.0
Decision_2,X14,22.653,0.0
Decision_2,X14,22.806,0.0
Decision_2,X14,22.959,0.0
Decision_2,X14,23.112,0.0
Decision_2,X14,23.266,0.0
Decision_2,X14,23.419,0.0
Decision_2,X14,23.572,0.0
Decision_2,X14,23.725,0.0
Decision_2,X14,23.878,0.0
Decision_2,X14,24.032,0.0
Decision_2,X14,24.185,0.0
Decision_2,X14,24.338,0.0
Decision_2,X14,24.491,0.0
Decision_2,X14,24.644,0.0
Decision_2,X14,24.798,0.0
Decision_2,X14,24.951,0.0
Decision_2,X14,25.104,0.0
Decision_2,X14,25.257,0.0
Decision_2,X14,25.41,0.0
Decision_2,X14,25.564,0.0
Decision_2,X14,25.717,0.0
Decision_2,X14,25.87,0.0
Decision_2,X14,26.023,0.0
Decision_2,X14,26.176,0.0
Decision_2,X14,26.33,0.0
Decision_2,X14,26.483,0.0
Decision_2,X14,26.636,0.0
Decision_2,X14,26.789,0.0
Decision_2,X14,26.942,0.0
Decision_2,X14,27.096,0.0
Decision_2,X14,27.249,0.0
Decision_2,X14,27.402,0.0
Decision_2,X14,27.555,0.0
Decision_2,X14,27.708,0.0
Decision_2,X14,27.862,0.0
Decision_2,X14,28.015,0.0
Decision_2,X14,28.168,0.0
Decision_2,X14,28.321,0.0
Decision_2,X14,28.475,0.0
Decision_2,X14,28.628,0.0
Decision_2,X14,28.781,0.0
Decision_2,X14,28.934,0.0
Decision_2,X14,29.087,0.0
Decision_2,X14,29.241,0.0
Decision_2,X14,29.394,0.0
Decision_2,X14,29.547,0.0
Decision_2,X14,29.7,0.0
Decision_2,X14,29.853,0.0
Decision_2,X14,30.007,0.0
Decision_2,X14,30.16,0.0
Decision_2,X14,30.313,0.0
Decision_2,X14,30.466,0.0
Decision_2,X14,30.619,0.0
Decision_2,X14,30.773,0.0
Decision_2,X14,30.926,0.0
Decision_2,X14,31.079,0.0
Decision_2,X14,31.232,0.0
Decision_2,X14,31.385,0.0
Decision_2,X14,31.539,0.0
Decision_2,X14,31.692,0.0
Decision_2,X14,31.845,0.0
Decision_2,X14,31.998,0.0
Decision_2,X14,32.151,0.0
Decision_2,X14,32.305,0.0
Decision_2,X14,32.458,0.0
Decision_2,X14,32.611,0.0
Decision_2,X14,32.764,0.0
Decision_2,X14,32.918,0.0
Decision_2,X14,33.071,0.0
Decision_2,X14,33.224,0.0
Decision_2,X14,33.377,0.0
Decision_2,X14,33.53,0.0
Decision_2,X14,33.684,0.0
Decision_2,X14,33.837,0.0
Decision_2,X14,33.99,0.0
Decision_2,X14,34.143,0.0
Decision_2,X14,34.296,0.0
Decision_2,X14,34.45,0.0
Decision_2,X14,34.603,0.0
Decision_2,X14,34.756,0.0
Decision_2,X14,34.909,0.0
Decision_2,X14,35.062,0.0
Decision_2,X14,35.216,0.0
Decision_2,X14,35.369,0.0
Decision_2,X14,35.522,0.0
Decision_2,X14,35.675,0.0
Decision_2,X14,35.828,0.0
Decision_2,X14,35.982,0.0
Decision_2,X14,36.135,0.0
Decision_2,X14,36.288,0.0
Decision_2,X14,36.441,0.0
Decision_2,X14,36.594,0.0
Decision_2,X14,36.748,0.0
Decision_2,X14,36.901,0.0
Decision_2,X14,37.054,0.0
Decision_2,X14,37.207,0.0
Decision_2,X14,37.36,0.0
Decision_2,X14,37.514,0.0
Decision_2,X14,37.667,0.0
Decision_2,X14,37.82,0.0
Decision_2,X14,37.973,0.0
Decision_2,X14,38.127,0.0
Decision_2,X14,38.28,0.0
Decision_2,X14,38.433,0.0
Decision_2,X14,38.586,0.0
Decision_2,X14,38.739,0.0
Decision_2,X14,38.893,0.0
Decision_2,X14,39.046,0.0
Decision_2,X14,39.199,0.0
Decision_2,X14,39.352,0.0
Decision_2,X14,39.505,0.0
Decision_2,X14,39.659,0.0
Decision_2,X14,39.812,0.0
Decision_2,X14,39.965,0.0
Decision_2,X14,40.118,0.0
Decision_2,X14,40.271,0.0
Decision_2,X14,40.425,0.0
Decision_2,X14,40.578,0.0
Decision_2,X14,40.731,0.0
Decision_2,X14,40.884,0.0
Decision_2,X14,41.037,0.0
Decision_2,X14,41.191,0.0
Decision_2,X14,41.344,0.0
Decision_2,X14,41.497,0.0
Decision_2,X14,41.65,0.0
Decision_2,X14,41.803,0.0
Decision_2,X14,41.957,0.0
Decision_2,X14,42.11,0.0
Decision_2,X14,42.263,0.0
Decision_2,X14,42.416,0.0
Decision_2,X14,42.569,0.0
Decision_2,X14,42.723,0.0
Decision_2,X14,42.876,0.0
Decision_2,X14,43.029,0.0
Decision_2,X14,43.182,0.0
Decision_2,X14,43.336,0.0
Decision_2,X14,43.489,0.0
Decision_2,X14,43.642,0.0
Decision_2,X14,43.795,0.0
Decision_2,X14,43.948,0.0
Decision_2,X14,44.102,0.0
Decision_2,X14,44.255,0.0
Decision_2,X14,44.408,0.0
Decision_2,X14,44.561,0.0
Decision_2,X14,44.714,0.0
Decision_2,X14,44.868,0.0
Decision_2,X14,45.021,0.0
Decision_2,X14,45.174,0.0
Decision_2,X14,45.327,0.0
Decision_2,X14,45.48,0.0
Decision_2,X14,45.634,0.0
Decision_2,X14,45.787,0.0
Decision_2,X14,45.94,0.0
Decision_2,X14,46.093,0.0
Decision_2,X14,46.246,0.0
Decision_2,X14,46.4,0.0
Decision_2,X14,46.553,0.0
Decision_2,X14,46.706,0.0
Decision_2,X14,46.859,0.0
Decision_2,X14,47.012,0.0
Decision_2,X14,47.166,0.0
Decision_2,X14,47.319,0.0
Decision_2,X14,47.472,0.0
Decision_2,X14,47.625,0.0
Decision_2,X14,47.779,0.0
Decision_2,X14,47.932,0.0
Decision_2,X14,48.085,0.0
Decision_2,X14,48.238,0.0
Decision_2,X14,48.391,0.0
Decision_2,X14,48.545,0.0
Decision_2,X14,48.698,0.0
Decision_2,X14,48.851,0.0
Decision_2,X14,49.004,0.0
Decision_2,X14,49.157,0.0
Decision_2,X14,49.311,0.0
Decision_2,X14,49.464,0.0
Decision_2,X14,49.617,0.0
Decision_2,X14,49.77,0.0
Decision_2,X14,49.923,0.0
Decision_2,X14,50.077,0.0
Decision_2,X14,50.23,0.0
Decision_2,X14,50.383,0.0
Decision_2,X14,50.536,0.0
Decision_2,X14,50.689,0.0
Decision_2,X14,50.843,0.0
Decision_2,X14,50.996,0.0
Decision_2,X14,51.149,0.0
Decision_2,X14,51.302,0.0
Decision_2,X14,51.455,0.0
Decision_2,X14,51.609,0.0
Decision_2,X14,51.762,0.0
Decision_2,X14,51.915,0.0
Decision_2,X14,52.068,0.0
Decision_2,X14,52.221,0.0
Decision_2,X14,52.375,0.0
Decision_2,X14,52.528,0.0
Decision_2,X14,52.681,0.0
Decision_2,X14,52.834,0.0
Decision_2,X14,52.988,0.0
Decision_2,X14,53.141,0.0
Decision_2,X14,53.294,0.0
Decision_2,X14,53.447,0.0
Decision_2,X14,53.6,0.0
Decision_2,X14,53.754,0.0
Decision_2,X14,53.907,0.0
Decision_2,X14,54.06,0.0
Decision_2,X14,54.213,0.0
Decision_2,X14,54.366,0.0
Decision_2,X14,54.52,0.0
Decision_2,X14,54.673,0.0
Decision_2,X14,54.826,0.0
Decision_2,X14,54.979,0.0
Decision_2,X14,55.132,0.0
Decision_2,X14,55.286,0.0
Decision_2,X14,55.439,0.0
Decision_2,X14,55.592,0.0
Decision_2,X14,55.745,0.0
Decision_2,X14,55.898,0.0
Decision_2,X14,56.052,0.0
Decision_2,X14,56.205,0.0
Decision_2,X14,56.358,0.0
Decision_2,X14,56.511,0.0
Decision_2,X14,56.664,0.0
Decision_2,X14,56.818,0.0
Decision_2,X14,56.971,0.0
Decision_2,X14,57.124,0.0
Decision_2,X14,57.277,0.0
Decision_2,X14,57.431,0.0
Decision_2,X14,57.584,0.0
Decision_2,X14,57.737,0.0
Decision_2,X14,57.89,0.0
Decision_2,X14,58.043,0.0
Decision_2,X14,58.197,0.0
Decision_2,X14,58.35,0.0
Decision_2,X14,58.503,0.0
Decision_2,X14,58.656,0.0
Decision_2,X14,58.809,0.0
Decision_2,X14,58.963,0.0
Decision_2,X14,59.116,0.0
Decision_2,X14,59.269,0.0
Decision_2,X14,59.422,0.0
Decision_2,X14,59.575,0.0
Decision_2,X14,59.729,0.0
Decision_2,X14,59.882,0.0
Decision_2,X14,60.035,0.0
Decision_2,X14,60.188,0.0
Decision_2,X14,60.341,0.0
Decision_2,X14,60.495,0.0
Decision_2,X14,60.648,0.0
Decision_2,X14,60.801,0.0
Decision_2,X14,60.954,0.0
Decision_2,X14,61.107,0.0
Decision_2,X14,61.261,0.0
Decision_2,X14,61.414,0.0
Decision_2,X14,61.567,0.0
Decision_2,X14,61.72,0.0
Decision_2,X14,61.873,0.0
Decision_2,X14,62.027,0.0
Decision_2,X14,62.18,0.0
Decision_2,X14,62.333,0.0
Decision_2,X14,62.486,0.0
Decision_2,X14,62.64,0.0
Decision_2,X14,62.793,0.0
Decision_2,X14,62.946,0.0
Decision_2,X14,63.099,0.0
Decision_2,X14,63.252,0.0
Decision_2,X14,63.406,0.0
Decision_2,X14,63.559,0.0
Decision_2,X14,63.712,0.0
Decision_2,X14,63.865,0.0
Decision_2,X14,64.018,0.0
Decision_2,X14,64.172,0.0
Decision_2,X14,64.325,0.0
Decision_2,X14,64.478,0.0
Decision_2,X14,64.631,0.0
Decision_2,X14,64.784,0.0
Decision_2,X14,64.938,0.0
Decision_2,X14,65.091,0.0
Decision_2,X14,65.244,0.0
Decision_2,X14,65.397,0.0
Decision_2,X14,65.55,0.0
Decision_2,X14,65.704,0.0
Decision_2,X14,65.857,0.0
Decision_2,X14,66.01,0.0
Decision_2,X14,66.163,0.0
Decision_2,X14,66.316,0.0
Decision_2,X14,66.47,0.0
Decision_2,X14,66.623,0.0
Decision_2,X14,66.776,0.0
Decision_2,X14,66.929,0.0
Decision_2,X14,67.082,0.0
Decision_2,X14,67.236,0.0
Decision_2,X14,67.389,0.0
Decision_2,X14,67.542,0.0
Decision_2,X14,67.695,0.0
Decision_2,X14,67.849,0.0
Decision_2,X14,68.002,0.0
Decision_2,X14,68.155,0.0
Decision_2,X14,68.308,0.0
Decision_2,X14,68.461,0.0
Decision_2,X14,68.615,0.0
Decision_2,X14,68.768,0.0
Decision_2,X14,68.921,0.0
Decision_2,X14,69.074,0.0
Decision_2,X14,69.227,0.0
Decision_2,X14,69.381,0.0
Decision_2,X14,69.534,0.0
Decision_2,X14,69.687,0.0
Decision_2,X14,69.84,0.0
Decision_2,X14,69.993,0.0
Decision_2,X14,70.147,0.0
Decision_2,X14,70.3,0.0
Decision_2,X14,70.453,0.0
Decision_2,X14,70.606,0.0
Decision_2,X14,70.759,0.0
Decision_2,X14,70.913,0.0
Decision_2,X14,71.066,0.0
Decision_2,X14,71.219,0.0
Decision_2,X14,71.372,0.0
Decision_2,X14,71.525,0.0
Decision_2,X14,71.679,0.0
Decision_2,X14,71.832,0.0
Decision_2,X14,71.985,0.0
Decision_2,X14,72.138,0.0
Decision_2,X14,72.292,0.0
Decision_2,X14,72.445,0.0
Decision_2,X14,72.598,0.0
Decision_2,X14,72.751,0.0
Decision_2,X14,72.904,0.0
Decision_2,X14,73.058,0.0
Decision_2,X14,73.211,0.0
Decision_2,X14,73.364,0.0
Decision_2,X14,73.517,0.0
Decision_2,X14,73.67,0.0
Decision_2,X14,73.824,0.0
Decision_2,X14,73.977,0.0
Decision_2,X14,74.13,0.0
Decision_2,X14,74.283,0.0
Decision_2,X14,74.436,0.0
Decision_2,X14,74.59,0.0
Decision_2,X14,74.743,0.0
Decision_2,X14,74.896,0.0
Decision_2,X14,75.049,0.0
Decision_2,X14,75.202,0.0
Decision_2,X14,75.356,0.0
Decision_2,X14,75.509,0.0
Decision_2,X14,75.662,0.0
Decision_2,X14,75.815,0.0
Decision_2,X14,75.968,0.0
Decision_2,X14,76.122,0.0
Decision_2,X14,76.275,0.0
Decision_2,X14,76.428,0.0
Decision_2,X14,76.581,0.0
Decision_2,X14,76.734,0.0
Decision_2,X14,76.888,0.0
Decision_2,X14,77.041,0.0
Decision_2,X14,77.194,0.0
Decision_2,X14,77.347,0.0
Decision_2,X14,77.501,0.0
Decision_2,X14,77.654,0.0
Decision_2,X14,77.807,0.0
Decision_2,X14,77.96,0.0
Decision_2,X14,78.113,0.0
Decision_2,X14,78.267,0.0
Decision_2,X14,78.42,0.0
Decision_2,X14,78.573,0.0
Decision_2,X14,78.726,0.0
Decision_2,X14,78.879,0.0
Decision_2,X14,79.033,0.0
Decision_2,X14,79.186,0.0
Decision_2,X14,79.339,0.0
Decision_2,X14,79.492,0.0
Decision_2,X14,79.645,0.0
Decision_2,X14,79.799,0.0
Decision_2,X14,79.952,0.0
Decision_2,X14,80.105,0.0
Decision_2,X14,80.258,0.0
Decision_2,X14,80.411,0.0
Decision_2,X14,80.565,0.0
Decision_2,X14,80.718,0.0
Decision_2,X14,80.871,0.0
Decision_2,X14,81.024,0.0
Decision_2,X14,81.177,0.0
Decision_2,X14,81.331,0.0
Decision_2,X14,81.484,0.0
Decision_2,X14,81.637,0.0
Decision_2,X14,81.79,0.0
Decision_2,X14,81.943,0.0
Decision_2,X14,82.097,0.0
Decision_2,X14,82.25,0.0
Decision_2,X14,82.403,0.0
Decision_2,X14,82.556,0.0
Decision_2,X14,82.71,0.0
Decision_2,X14,82.863,0.0
Decision_2,X14,83.016,0.0
Decision_2,X14,83.169,0.0
Decision_2,X14,83.322,0.0
Decision_2,X14,83.476,0.0
Decision_2,X14,83.629,0.0
Decision_2,X14,83.782,0.0
Decision_2,X14,83.935,0.0
Decision_2,X14,84.088,0.0
Decision_2,X14,84.242,0.0
Decision_2,X14,84.395,0.0
Decision_2,X14,84.548,0.0
Decision_2,X14,84.701,0.0
Decision_2,X14,84.854,0.0
Decision_2,X14,85.008,0.0
Decision_2,X14,85.161,0.0
Decision_2,X14,85.314,0.0
Decision_2,X14,85.467,0.0
Decision_2,X14,85.62,0.0
Decision_2,X14,85.774,0.0
Decision_2,X14,85.927,0.0
Decision_2,X14,86.08,0.0
Decision_2,X14,86.233,0.0
Decision_2,X14,86.386,0.0
Decision_2,X14,86.54,0.0
Decision_2,X14,86.693,0.0
Decision_2,X14,86.846,0.0
Decision_2,X14,86.999,0.0
Decision_2,X14,87.153,0.0
Decision_2,X14,87.306,0.0
Decision_2,X14,87.459,0.0
Decision_2,X14,87.612,0.0
Decision_2,X14,87.765,0.0
Decision_2,X14,87.919,0.0
Decision_2,X14,88.072,0.0
Decision_2,X14,88.225,0.0
Decision_2,X14,88.378,0.0
Decision_2,X14,88.531,0.0
Decision_2,X14,88.685,0.0
Decision_2,X14,88.838,0.0
Decision_2,X14,88.991,0.0
Decision_2,X14,89.144,0.0
Decision_2,X14,89.297,0.0
Decision_2,X14,89.451,0.0
Decision_2,X14,89.604,0.0
Decision_2,X14,89.757,0.0
Decision_2,X14,89.91,0.0
Decision_2,X14,90.063,0.0
Decision_2,X14,90.217,0.0
Decision_2,X14,90.37,0.0
Decision_2,X14,90.523,0.0
Decision_2,X14,90.676,0.0
Decision_2,X14,90.829,0.0
Decision_2,X14,90.983,0.0
Decision_2,X14,91.136,0.0
Decision_2,X14,91.289,0.0
Decision_2,X14,91.442,0.0
Decision_2,X14,91.595,0.0
Decision_2,X14,91.749,0.0
Decision_2,X14,91.902,0.0
Decision_2,X14,92.055,0.0
Decision_2,X14,92.208,0.0
Decision_2,X14,92.362,0.0
Decision_2,X14,92.515,0.0
Decision_2,X14,92.668,0.0
Decision_2,X14,92.821,0.0
Decision_2,X14,92.974,0.0
Decision_2,X14,93.128,0.0
Decision_2,X14,93.281,0.0
Decision_2,X14,93.434,0.0
Decision_2,X14,93.587,0.0
Decision_2,X14,93.74,0.0
Decision_2,X14,93.894,0.0
Decision_2,X14,94.047,0.0
Decision_2,X14,94.2,0.0
Decision_2,X14,94.353,0.0
Decision_2,X14,94.506,0.0
Decision_2,X14,94.66,0.0
Decision_2,X14,94.813,0.0
Decision_2,X14,94.966,0.0
Decision_2,X14,95.119,0.0
Decision_2,X14,95.272,0.0
Decision_2,X14,95.426,0.0
Decision_2,X14,95.579,0.0
Decision_2,X14,95.732,0.0
Decision_2,X14,95.885,0.0
Decision_2,X14,96.038,0.0
Decision_2,X14,96.192,0.0
Decision_2,X14,96.345,0.0
Decision_2,X14,96.498,0.0
Decision_2,X14,96.651,0.0
Decision_2,X14,96.804,0.0
Decision_2,X14,96.958,0.0
Decision_2,X14,97.111,0.0
Decision_2,X14,97.264,0.0
Decision_2,X14,97.417,0.0
Decision_2,X14,97.571,0.0
Decision_2,X14,97.724,0.0
Decision_2,X14,97.877,0.0
Decision_2,X14,98.03,0.0
Decision_2,X14,98.183,0.0
Decision_2,X14,98.337,0.0
Decision_2,X14,98.49,0.0
Decision_2,X14,98.643,0.0
Decision_2,X14,98.796,0.0
Decision_2,X14,98.949,0.0
Decision_2,X14,99.103,0.0
Decision_2,X14,99.256,0.0
Decision_2,X14,99.409,0.0
Decision_2,X14,99.562,0.0
Decision_2,X14,99.715,0.0
Decision_2,X14,99.869,0.0
Decision_2,X14,100.022,0.0
Decision_2,X14,100.175,0.0
Decision_2,X14,100.328,0.0
Decision_2,X14,100.481,0.0
Decision_2,X14,100.635,0.0
Decision_2,X14,100.788,0.0
Decision_2,X14,100.941,0.0
Decision_2,X14,101.094,0.0
Decision_2,X14,101.247,0.0
Decision_2,X14,101.401,0.0
Decision_2,X14,101.554,0.0
Decision_2,X14,101.707,0.0
Decision_2,X14,101.86,0.0
Decision_2,X14,102.014,0.0
Decision_2,X14,102.167,0.0
Decision_2,X14,102.32,0.0
Decision_2,X14,102.473,0.0
Decision_2,X14,102.626,0.0
Decision_2,X14,102.78,0.0
Decision_2,X14,102.933,0.0
Decision_2,X14,103.086,0.0
Decision_2,X14,103.239,0.0
Decision_2,X14,103.392,0.0
Decision_2,X14,103.546,0.0
Decision_2,X14,103.699,0.0
Decision_2,X14,103.852,0.0
Decision_2,X14,104.005,0.0
Decision_2,X14,104.158,0.0
Decision_2,X14,104.312,0.0
Decision_2,X14,104.465,0.0
Decision_2,X14,104.618,0.0
Decision_2,X14,104.771,0.0
Decision_2,X14,104.924,0.0
Decision_2,X14,105.078,0.0
Decision_2,X14,105.231,0.0
Decision_2,X14,105.384,0.0
Decision_2,X14,105.537,0.0
Decision_2,X14,105.69,0.0
Decision_2,X14,105.844,0.0
Decision_2,X14,105.997,0.0
Decision_2,X14,106.15,0.0
Decision_2,X14,106.303,0.0
Decision_2,X14,106.456,0.0
Decision_2,X14,106.61,0.0
Decision_2,X14,106.763,0.0
Decision_2,X14,106.916,0.0
Decision_2,X14,107.069,0.0
Decision_2,X14,107.223,0.0
Decision_2,X14,107.376,0.0
Decision_2,X14,107.529,0.0
Decision_2,X14,107.682,0.0549
Decision_2,X14,107.835,1.0
Decision_2,X15,-0.022,1.0
Decision_2,X15,0.131,0.0549
Decision_2,X15,0.285,0.0
Decision_2,X15,0.438,0.0
Decision_2,X15,0.591,0.0
Decision_2,X15,0.744,0.0
Decision_2,X15,0.897,0.0
Decision_2,X15,1.051,0.0
Decision_2,X15,1.204,0.0
Decision_2,X15,1.357,0.0
Decision_2,X15,1.51,0.0
Decision_2,X15,1.663,0.0
Decision_2,X15,1.817,0.0
Decision_2,X15,1.97,0.0
Decision_2,X15,2.123,0.0
Decision_2,X15,2.276,0.0
Decision_2,X15,2.429,0.0
Decision_2,X15,2.583,0.0
Decision_2,X15,2.736,0.0
Decision_2,X15,2.889,0.0
Decision_2,X15,3.042,0.0
Decision_2,X15,3.196,0.0
Decision_2,X15,3.349,0.0
Decision_2,X15,3.502,0.0
Decision_2,X15,3.655,0.0
Decision_2,X15,3.808,0.0
Decision_2,X15,3.962,0.0
Decision_2,X15,4.115,0.0
Decision_2,X15,4.268,0.0
Decision_2,X15,4.421,0.0
Decision_2,X15,4.574,0.0
Decision_2,X15,4.728,0.0
Decision_2,X15,4.881,0.0
Decision_2,X15,5.034,0.0
Decision_2,X15,5.187,0.0
Decision_2,X15,5.34,0.0
Decision_2,X15,5.494,0.0
Decision_2,X15,5.647,0.0
Decision_2,X15,5.8,0.0
Decision_2,X15,5.953,0.0
Decision_2,X15,6.106,0.0
Decision_2,X15,6.26,0.0
Decision_2,X15,6.413,0.0
Decision_2,X15,6.566,0.0
Decision_2,X15,6.719,0.0
Decision_2,X15,6.872,0.0
Decision_2,X15,7.026,0.0
Decision_2,X15,7.179,0.0
Decision_2,X15,7.332,0.0
Decision_2,X15,7.485,0.0
Decision_2,X15,7.638,0.0
Decision_2,X15,7.792,0.0
Decision_2,X15,7.945,0.0
Decision_2,X15,8.098,0.0
Decision_2,X15,8.251,0.0
Decision_2,X15,8.405,0.0
Decision_2,X15,8.558,0.0
Decision_2,X15,8.711,0.0
Decision_2,X15,8.864,0.0
Decision_2,X15,9.017,0.0
Decision_2,X15,9.171,0.0
Decision_2,X15,9.324,0.0
Decision_2,X15,9.477,0.0
Decision_2,X15,9.63,0.0
Decision_2,X15,9.783,0.0
Decision_2,X15,9.937,0.0
Decision_2,X15,10.09,0.0
Decision_2,X15,10.243,0.0
Decision_2,X15,10.396,0.0
Decision_2,X15,10.549,0.0
Decision_2,X15,10.703,0.0
Decision_2,X15,10.856,0.0
Decision_2,X15,11.009,0.0
Decision_2,X15,11.162,0.0
Decision_2,X15,11.315,0.0
Decision_2,X15,11.469,0.0
Decision_2,X15,11.622,0.0
Decision_2,X15,11.775,0.0
Decision_2,X15,11.928,0.0
Decision_2,X15,12.081,0.0
Decision_2,X15,12.235,0.0
Decision_2,X15,12.388,0.0
Decision_2,X15,12.541,0.0
Decision_2,X15,12.694,0.0
Decision_2,X15,12.847,0.0
Decision_2,X15,13.001,0.0
Decision_2,X15,13.154,0.0
Decision_2,X15,13.307,0.0
Decision_2,X15,13.46,0.0
Decision_2,X15,13.614,0.0
Decision_2,X15,13.767,0.0
Decision_2,X15,13.92,0.0
Decision_2,X15,14.073,0.0
Decision_2,X15,14.226,0.0
Decision_2,X15,14.38,0.0
Decision_2,X15,14.533,0.0
Decision_2,X15,14.686,0.0
Decision_2,X15,14.839,0.0
Decision_2,X15,14.992,0.0
Decision_2,X15,15.146,0.0
Decision_2,X15,15.299,0.0
Decision_2,X15,15.452,0.0
Decision_2,X15,15.605,0.0
Decision_2,X15,15.758,0.0
Decision_2,X15,15.912,0.0
Decision_2,X15,16.065,0.0
Decision_2,X15,16.218,0.0
Decision_2,X15,16.371,0.0
Decision_2,X15,16.524,0.0
Decision_2,X15,16.678,0.0
Decision_2,X15,16.831,0.0
Decision_2,X15,16.984,0.0
Decision_2,X15,17.137,0.0
Decision_2,X15,17.29,0.0
Decision_2,X15,17.444,0.0
Decision_2,X15,17.597,0.0
Decision_2,X15,17.75,0.0
Decision_2,X15,17.903,0.0
Decision_2,X15,18.057,0.0
Decision_2,X15,18.21,0.0
Decision_2,X15,18.363,0.0
Decision_2,X15,18.516,0.0
Decision_2,X15,18.669,0.0
Decision_2,X15,18.823,0.0
Decision_2,X15,18.976,0.0
Decision_2,X15,19.129,0.0
Decision_2,X15,19.282,0.0
Decision_2,X15,19.435,0.0
Decision_2,X15,19.589,0.0
Decision_2,X15,19.742,0.0
Decision_2,X15,19.895,0.0
Decision_2,X15,20.048,0.0
Decision_2,X15,20.201,0.0
Decision_2,X15,20.355,0.0
Decision_2,X15,20.508,0.0
Decision_2,X15,20.661,0.0
Decision_2,X15,20.814,0.0
Decision_2,X15,20.967,0.0
Decision_2,X15,21.121,0.0
Decision_2,X15,21.274,0.0
Decision_2,X15,21.427,0.0
Decision_2,X15,21.58,0.0
Decision_2,X15,21.733,0.0
Decision_2,X15,21.887,0.0
Decision_2,X15,22.04,0.0
Decision_2,X15,22.193,0.0
Decision_2,X15,22.346,0.0
Decision_2,X15,22.499,0.0
Decision_2,X15,22.653,0.0
Decision_2,X15,22.806,0.0
Decision_2,X15,22.959,0.0
Decision_2,X15,23.112,0.0
Decision_2,X15,23.266,0.0
Decision_2,X15,23.419,0.0
Decision_2,X15,23.572,0.0
Decision_2,X15,23.725,0.0
Decision_2,X15,23.878,0.0
Decision_2,X15,24.032,0.0
Decision_2,X15,24.185,0.0
Decision_2,X15,24.338,0.0
Decision_2,X15,24.491,0.0
Decision_2,X15,24.644,1.0
Decision_2,X15,24.798,1.0
Decision_2,X15,24.951,1.0
Decision_2,X15,25.104,1.0
Decision_2,X15,25.257,1.0
Decision_2,X15,25.41,1.0
Decision_2,X15,25.564,1.0
Decision_2,X15,25.717,1.0
Decision_2,X15,25.87,1.0
Decision_2,X15,26.023,1.0
Decision_2,X15,26.176,1.0
Decision_2,X15,26.33,1.0
Decision_2,X15,26.483,1.0
Decision_2,X15,26.636,1.0
Decision_2,X15,26.789,1.0
Decision_2,X15,26.942,1.0
Decision_2,X15,27.096,1.0
Decision_2,X15,27.249,1.0
Decision_2,X15,27.402,1.0
Decision_2,X15,27.555,1.0
Decision_2,X15,27.708,1.0
Decision_2,X15,27.862,1.0
Decision_2,X15,28.015,0.0
Decision_2,X15,28.168,1.0
Decision_2,X15,28.321,1.0
Decision_2,X15,28.475,0.0
Decision_2,X15,28.628,1.0
Decision_2,X15,28.781,0.0
Decision_2,X15,28.934,1.0
Decision_2,X15,29.087,0.0
Decision_2,X15,29.241,1.0
Decision_2,X15,29.394,0.0
Decision_2,X15,29.547,1.0
Decision_2,X15,29.7,0.0
Decision_2,X15,29.853,1.0
Decision_2,X15,30.007,0.0
Decision_2,X15,30.16,1.0
Decision_2,X15,30.313,0.0
Decision_2,X15,30.466,1.0
Decision_2,X15,30.619,0.0
Decision_2,X15,30.773,1.0
Decision_2,X15,30.926,0.0
Decision_2,X15,31.079,1.0
Decision_2,X15,31.232,0.0
Decision_2,X15,31.385,1.0
Decision_2,X15,31.539,0.0
Decision_2,X15,31.692,1.0
Decision_2,X15,31.845,0.0
Decision_2,X15,31.998,1.0
Decision_2,X15,32.151,0.0
Decision_2,X15,32.305,1.0
Decision_2,X15,32.458,1.0
Decision_2,X15,32.611,0.0
Decision_2,X15,32.764,1.0
Decision_2,X15,32.918,0.0
Decision_2,X15,33.071,1.0
Decision_2,X15,33.224,0.0
Decision_2,X15,33.377,1.0
Decision_2,X15,33.53,0.0
Decision_2,X15,33.684,1.0
Decision_2,X15,33.837,0.0
Decision_2,X15,33.99,1.0
Decision_2,X15,34.143,0.0
Decision_2,X15,34.296,1.0
Decision_2,X15,34.45,1.0
Decision_2,X15,34.603,1.0
Decision_2,X15,34.756,1.0
Decision_2,X15,34.909,1.0
Decision_2,X15,35.062,1.0
Decision_2,X15,35.216,1.0
Decision_2,X15,35.369,1.0
Decision_2,X15,35.522,1.0
Decision_2,X15,35.675,1.0
Decision_2,X15,35.828,1.0
Decision_2,X15,35.982,1.0
Decision_2,X15,36.135,1.0
Decision_2,X15,36.288,1.0
Decision_2,X15,36.441,1.0
Decision_2,X15,36.594,1.0
Decision_2,X15,36.748,1.0
Decision_2,X15,36.901,1.0
Decision_2,X15,37.054,1.0
Decision_2,X15,37.207,1.0
Decision_2,X15,37.36,1.0
Decision_2,X15,37.514,1.0
Decision_2,X15,37.667,1.0
Decision_2,X15,37.82,0.0
Decision_2,X15,37.973,1.0
Decision_2,X15,38.127,0.0
Decision_2,X15,38.28,1.0
Decision_2,X15,38.433,0.0
Decision_2,X15,38.586,1.0
Decision_2,X15,38.739,0.0
Decision_2,X15,38.893,1.0
Decision_2,X15,39.046,0.0
Decision_2,X15,39.199,1.0
Decision_2,X15,39.352,0.0
Decision_2,X15,39.505,1.0
Decision_2,X15,39.659,0.0
Decision_2,X15,39.812,1.0
Decision_2,X15,39.965,0.0
Decision_2,X15,40.118,1.0
Decision_2,X15,40.271,0.0
Decision_2,X15,40.425,1.0
Decision_2,X15,40.578,0.0
Decision_2,X15,40.731,0.0
Decision_2,X15,40.884,0.0
Decision_2,X15,41.037,1.0
Decision_2,X15,41.191,0.0
Decision_2,X15,41.344,1.0
Decision_2,X15,41.497,0.0
Decision_2,X15,41.65,1.0
Decision_2,X15,41.803,0.0
Decision_2,X15,41.957,1.0
Decision_2,X15,42.11,0.0
Decision_2,X15,42.263,1.0
Decision_2,X15,42.416,0.0
Decision_2,X15,42.569,1.0
Decision_2,X15,42.723,0.0
Decision_2,X15,42.876,1.0
Decision_2,X15,43.029,0.0
Decision_2,X15,43.182,1.0
Decision_2,X15,43.336,0.0
Decision_2,X15,43.489,1.0
Decision_2,X15,43.642,0.0
Decision_2,X15,43.795,1.0
Decision_2,X15,43.948,0.0
Decision_2,X15,44.102,1.0
Decision_2,X15,44.255,0.0
Decision_2,X15,44.408,1.0
Decision_2,X15,44.561,0.0
Decision_2,X15,44.714,1.0
Decision_2,X15,44.868,1.0
Decision_2,X15,45.021,0.0
Decision_2,X15,45.174,1.0
Decision_2,X15,45.327,0.0
Decision_2,X15,45.48,1.0
Decision_2,X15,45.634,0.0
Decision_2,X15,45.787,1.0
Decision_2,X15,45.94,0.0
Decision_2,X15,46.093,1.0
Decision_2,X15,46.246,0.0
Decision_2,X15,46.4,1.0
Decision_2,X15,46.553,0.0
Decision_2,X15,46.706,1.0
Decision_2,X15,46.859,0.0
Decision_2,X15,47.012,1.0
Decision_2,X15,47.166,0.0
Decision_2,X15,47.319,1.0
Decision_2,X15,47.472,1.0
Decision_2,X15,47.625,1.0
Decision_2,X15,47.779,1.0
Decision_2,X15,47.932,1.0
Decision_2,X15,48.085,1.0
Decision_2,X15,48.238,1.0
Decision_2,X15,48.391,1.0
Decision_2,X15,48.545,1.0
Decision_2,X15,48.698,1.0
Decision_2,X15,48.851,1.0
Decision_2,X15,49.004,1.0
Decision_2,X15,49.157,1.0
Decision_2,X15,49.311,1.0
Decision_2,X15,49.464,1.0
Decision_2,X15,49.617,1.0
Decision_2,X15,49.77,1.0
Decision_2,X15,49.923,1.0
Decision_2,X15,50.077,1.0
Decision_2,X15,50.23,1.0
Decision_2,X15,50.383,1.0
Decision_2,X15,50.536,1.0
Decision_2,X15,50.689,1.0
Decision_2,X15,50.843,0.0
Decision_2,X15,50.996,1.0
Decision_2,X15,51.149,0.0
Decision_2,X15,51.302,1.0
Decision_2,X15,51.455,0.0
Decision_2,X15,51.609,1.0
Decision_2,X15,51.762,0.0
Decision_2,X15,51.915,1.0
Decision_2,X15,52.068,0.0
Decision_2,X15,52.221,1.0
Decision_2,X15,52.375,0.0
Decision_2,X15,52.528,1.0
Decision_2,X15,52.681,0.0
Decision_2,X15,52.834,1.0
Decision_2,X15,52.988,1.0
Decision_2,X15,53.141,0.0
Decision_2,X15,53.294,1.0
Decision_2,X15,53.447,0.0
Decision_2,X15,53.6,1.0
Decision_2,X15,53.754,0.0
Decision_2,X15,53.907,1.0
Decision_2,X15,54.06,0.0
Decision_2,X15,54.213,1.0
Decision_2,X15,54.366,0.0
Decision_2,X15,54.52,1.0
Decision_2,X15,54.673,0.0
Decision_2,X15,54.826,1.0
Decision_2,X15,54.979,0.0
Decision_2,X15,55.132,1.0
Decision_2,X15,55.286,0.0
Decision_2,X15,55.439,1.0
Decision_2,X15,55.592,0.0
Decision_2,X15,55.745,1.0
Decision_2,X15,55.898,0.0
Decision_2,X15,56.052,1.0
Decision_2,X15,56.205,0.0
Decision_2,X15,56.358,1.0
Decision_2,X15,56.511,0.0
Decision_2,X15,56.664,1.0
Decision_2,X15,56.818,0.0
Decision_2,X15,56.971,1.0
Decision_2,X15,57.124,1.0
Decision_2,X15,57.277,1.0
Decision_2,X15,57.431,0.0
Decision_2,X15,57.584,1.0
Decision_2,X15,57.737,0.0
Decision_2,X15,57.89,1.0
Decision_2,X15,58.043,0.0
Decision_2,X15,58.197,1.0
Decision_2,X15,58.35,0.0
Decision_2,X15,58.503,1.0
Decision_2,X15,58.656,0.0
Decision_2,X15,58.809,1.0
Decision_2,X15,58.963,0.0
Decision_2,X15,59.116,1.0
Decision_2,X15,59.269,0.0
Decision_2,X15,59.422,1.0
Decision_2,X15,59.575,0.0
Decision_2,X15,59.729,1.0
Decision_2,X15,59.882,0.0
Decision_2,X15,60.035,1.0
Decision_2,X15,60.188,0.0
Decision_2,X15,60.341,1.0
Decision_2,X15,60.495,0.0
Decision_2,X15,60.648,1.0
Decision_2,X15,60.801,1.0
Decision_2,X15,60.954,1.0
Decision_2,X15,61.107,1.0
Decision_2,X15,61.261,1.0
Decision_2,X15,61.414,1.0
Decision_2,X15,61.567,1.0
Decision_2,X15,61.72,1.0
Decision_2,X15,61.873,1.0
Decision_2,X15,62.027,1.0
Decision_2,X15,62.18,1.0
Decision_2,X15,62.333,1.0
Decision_2,X15,62.486,1.0
Decision_2,X15,62.64,1.0
Decision_2,X15,62.793,1.0
Decision_2,X15,62.946,1.0
Decision_2,X15,63.099,1.0
Decision_2,X15,63.252,1.0
Decision_2,X15,63.406,1.0
Decision_2,X15,63.559,1.0
Decision_2,X15,63.712,1.0
Decision_2,X15,63.865,0.0
Decision_2,X15,64.018,1.0
Decision_2,X15,64.172,0.0
Decision_2,X15,64.325,1.0
Decision_2,X15,64.478,0.0
Decision_2,X15,64.631,1.0
Decision_2,X15,64.784,0.0
Decision_2,X15,64.938,1.0
Decision_2,X15,65.091,0.0
Decision_2,X15,65.244,0.0
Decision_2,X15,65.397,1.0
Decision_2,X15,65.55,0.0
Decision_2,X15,65.704,1.0
Decision_2,X15,65.857,0.0
Decision_2,X15,66.01,1.0
Decision_2,X15,66.163,0.0
Decision_2,X15,66.316,1.0
Decision_2,X15,66.47,0.0
Decision_2,X15,66.623,1.0
Decision_2,X15,66.776,0.0
Decision_2,X15,66.929,1.0
Decision_2,X15,67.082,0.0
Decision_2,X15,67.236,1.0
Decision_2,X15,67.389,0.0
Decision_2,X15,67.542,1.0
Decision_2,X15,67.695,0.0
Decision_2,X15,67.849,1.0
Decision_2,X15,68.002,0.0
Decision_2,X15,68.155,1.0
Decision_2,X15,68.308,0.0
Decision_2,X15,68.461,1.0
Decision_2,X15,68.615,0.0
Decision_2,X15,68.768,1.0
Decision_2,X15,68.921,0.0
Decision_2,X15,69.074,1.0
Decision_2,X15,69.227,0.0
Decision_2,X15,69.381,0.0
Decision_2,X15,69.534,1.0
Decision_2,X15,69.687,0.0
Decision_2,X15,69.84,1.0
Decision_2,X15,69.993,0.0
Decision_2,X15,70.147,1.0
Decision_2,X15,70.3,1.0
Decision_2,X15,70.453,1.0
Decision_2,X15,70.606,1.0
Decision_2,X15,70.759,1.0
Decision_2,X15,70.913,1.0
Decision_2,X15,71.066,1.0
Decision_2,X15,71.219,1.0
Decision_2,X15,71.372,1.0
Decision_2,X15,71.525,1.0
Decision_2,X15,71.679,1.0
Decision_2,X15,71.832,1.0
Decision_2,X15,71.985,1.0
Decision_2,X15,72.138,1.0
Decision_2,X15,72.292,1.0
Decision_2,X15,72.445,1.0
Decision_2,X15,72.598,1.0
Decision_2,X15,72.751,1.0
Decision_2,X15,72.904,1.0
Decision_2,X15,73.058,1.0
Decision_2,X15,73.211,1.0
Decision_2,X15,73.364,1.0
Decision_2,X15,73.517,1.0
Decision_2,X15,73.67,1.0
Decision_2,X15,73.824,1.0
Decision_2,X15,73.977,1.0
Decision_2,X15,74.13,1.0
Decision_2,X15,74.283,1.0
Decision_2,X15,74.436,1.0
Decision_2,X15,74.59,1.0
Decision_2,X15,74.743,1.0
Decision_2,X15,74.896,1.0
Decision_2,X15,75.049,1.0
Decision_2,X15,75.202,1.0
Decision_2,X15,75.356,1.0
Decision_2,X15,75.509,1.0
Decision_2,X15,75.662,1.0
Decision_2,X15,75.815,1.0
Decision_2,X15,75.968,1.0
Decision_2,X15,76.122,1.0
Decision_2,X15,76.275,1.0
Decision_2,X15,76.428,1.0
Decision_2,X15,76.581,1.0
Decision_2,X15,76.734,1.0
Decision_2,X15,76.888,1.0
Decision_2,X15,77.041,1.0
Decision_2,X15,77.194,1.0
Decision_2,X15,77.347,1.0
Decision_2,X15,77.501,1.0
Decision_2,X15,77.654,1.0
Decision_2,X15,77.807,1.0
Decision_2,X15,77.96,1.0
Decision_2,X15,78.113,1.0
Decision_2,X15,78.267,1.0
Decision_2,X15,78.42,1.0
Decision_2,X15,78.573,1.0
Decision_2,X15,78.726,1.0
Decision_2,X15,78.879,1.0
Decision_2,X15,79.033,1.0
Decision_2,X15,79.186,1.0
Decision_2,X15,79.339,1.0
Decision_2,X15,79.492,1.0
Decision_2,X15,79.645,1.0
Decision_2,X15,79.799,1.0
Decision_2,X15,79.952,1.0
Decision_2,X15,80.105,1.0
Decision_2,X15,80.258,1.0
Decision_2,X15,80.411,1.0
Decision_2,X15,80.565,1.0
Decision_2,X15,80.718,1.0
Decision_2,X15,80.871,1.0
Decision_2,X15,81.024,1.0
Decision_2,X15,81.177,1.0
Decision_2,X15,81.331,1.0
Decision_2,X15,81.484,1.0
Decision_2,X15,81.637,1.0
Decision_2,X15,81.79,1.0
Decision_2,X15,81.943,1.0
Decision_2,X15,82.097,1.0
Decision_2,X15,82.25,1.0
Decision_2,X15,82.403,1.0
Decision_2,X15,82.556,1.0
Decision_2,X15,82.71,1.0
Decision_2,X15,82.863,1.0
Decision_2,X15,83.016,1.0
Decision_2,X15,83.169,1.0
Decision_2,X15,83.322,1.0
Decision_2,X15,83.476,1.0
Decision_2,X15,83.629,1.0
Decision_2,X15,83.782,1.0
Decision_2,X15,83.935,1.0
Decision_2,X15,84.088,1.0
Decision_2,X15,84.242,1.0
Decision_2,X15,84.395,1.0
Decision_2,X15,84.548,1.0
Decision_2,X15,84.701,1.0
Decision_2,X15,84.854,1.0
Decision_2,X15,85.008,1.0
Decision_2,X15,85.161,1.0
Decision_2,X15,85.314,1.0
Decision_2,X15,85.467,1.0
Decision_2,X15,85.62,1.0
Decision_2,X15,85.774,1.0
Decision_2,X15,85.927,1.0
Decision_2,X15,86.08,1.0
Decision_2,X15,86.233,1.0
Decision_2,X15,86.386,1.0
Decision_2,X15,86.54,1.0
Decision_2,X15,86.693,1.0
Decision_2,X15,86.846,1.0
Decision_2,X15,86.999,1.0
Decision_2,X15,87.153,1.0
Decision_2,X15,87.306,1.0
Decision_2,X15,87.459,1.0
Decision_2,X15,87.612,1.0
Decision_2,X15,87.765,1.0
Decision_2,X15,87.919,1.0
Decision_2,X15,88.072,1.0
Decision_2,X15,88.225,1.0
Decision_2,X15,88.378,1.0
Decision_2,X15,88.531,1.0
Decision_2,X15,88.685,0.0
Decision_2,X15,88.838,0.0
Decision_2,X15,88.991,0.0
Decision_2,X15,89.144,1.0
Decision_2,X15,89.297,0.0
Decision_2,X15,89.451,0.0
Decision_2,X15,89.604,0.0
Decision_2,X15,89.757,0.0
Decision_2,X15,89.91,0.0
Decision_2,X15,90.063,0.0
Decision_2,X15,90.217,0.0
Decision_2,X15,90.37,0.0
Decision_2,X15,90.523,0.0
Decision_2,X15,90.676,0.0
Decision_2,X15,90.829,0.0
Decision_2,X15,90.983,0.0
Decision_2,X15,91.136,0.0
Decision_2,X15,91.289,0.0
Decision_2,X15,91.442,0.0
Decision_2,X15,91.595,0.0
Decision_2,X15,91.749,0.0
Decision_2,X15,91.902,0.0
Decision_2,X15,92.055,0.0
Decision_2,X15,92.208,0.0
Decision_2,X15,92.362,0.0
Decision_2,X15,92.515,0.0
Decision_2,X15,92.668,0.0
Decision_2,X15,92.821,0.0
Decision_2,X15,92.974,0.0
Decision_2,X15,93.128,0.0
Decision_2,X15,93.281,0.0
Decision_2,X15,93.434,0.0
Decision_2,X15,93.587,0.0
Decision_2,X15,93.74,0.0
Decision_2,X15,93.894,0.0
Decision_2,X15,94.047,0.0
Decision_2,X15,94.2,0.0
Decision_2,X15,94.353,0.0
Decision_2,X15,94.506,0.0
Decision_2,X15,94.66,0.0
Decision_2,X15,94.813,0.0
Decision_2,X15,94.966,0.0
Decision_2,X15,95.119,0.0
Decision_2,X15,95.272,0.0
Decision_2,X15,95.426,0.0
Decision_2,X15,95.579,0.0
Decision_2,X15,95.732,0.0
Decision_2,X15,95.885,0.0
Decision_2,X15,96.038,0.0
Decision_2,X15,96.192,0.0
Decision_2,X15,96.345,0.0
Decision_2,X15,96.498,0.0
Decision_2,X15,96.651,0.0
Decision_2,X15,96.804,0.0
Decision_2,X15,96.958,0.0
Decision_2,X15,97.111,0.0
Decision_2,X15,97.264,0.0
Decision_2,X15,97.417,0.0
Decision_2,X15,97.571,0.0
Decision_2,X15,97.724,0.0
Decision_2,X15,97.877,0.0
Decision_2,X15,98.03,0.0
Decision_2,X15,98.183,0.0
Decision_2,X15,98.337,0.0
Decision_2,X15,98.49,0.0
Decision_2,X15,98.643,0.0
Decision_2,X15,98.796,0.0
Decision_2,X15,98.949,0.0
Decision_2,X15,99.103,0.0
Decision_2,X15,99.256,0.0
Decision_2,X15,99.409,0.0
Decision_2,X15,99.562,0.0
Decision_2,X15,99.715,0.0
Decision_2,X15,99.869,0.0
Decision_2,X15,100.022,0.0
Decision_2,X15,100.175,0.0
Decision_2,X15,100.328,0.0
Decision_2,X15,100.481,0.0
Decision_2,X15,100.635,0.0
Decision_2,X15,100.788,0.0
Decision_2,X15,100.941,0.0
Decision_2,X15,101.094,0.0
Decision_2,X15,101.247,0.0
Decision_2,X15,101.401,0.0
Decision_2,X15,101.554,0.0
Decision_2,X15,101.707,0.0
Decision_2,X15,101.86,0.0
Decision_2,X15,102.014,0.0
Decision_2,X15,102.167,0.0
Decision_2,X15,102.32,0.0
Decision_2,X15,102.473,0.0
Decision_2,X15,102.626,0.0
Decision_2,X15,102.78,0.0
Decision_2,X15,102.933,0.0
Decision_2,X15,103.086,0.0
Decision_2,X15,103.239,0.0
Decision_2,X15,103.392,0.0
Decision_2,X15,103.546,0.0
Decision_2,X15,103.699,0.0
Decision_2,X15,103.852,0.0
Decision_2,X15,104.005,0.0
Decision_2,X15,104.158,0.0
Decision_2,X15,104.312,0.0
Decision_2,X15,104.465,0.0
Decision_2,X15,104.618,0.0
Decision_2,X15,104.771,0.0
Decision_2,X15,104.924,0.0
Decision_2,X15,105.078,0.0
Decision_2,X15,105.231,0.0
Decision_2,X15,105.384,0.0
Decision_2,X15,105.537,0.0
Decision_2,X15,105.69,0.0
Decision_2,X15,105.844,0.0
Decision_2,X15,105.997,0.0
Decision_2,X15,106.15,0.0
Decision_2,X15,106.303,0.0
Decision_2,X15,106.456,0.0
Decision_2,X15,106.61,0.0
Decision_2,X15,106.763,0.0
Decision_2,X15,106.916,0.0
Decision_2,X15,107.069,0.0
Decision_2,X15,107.223,0.0
Decision_2,X15,107.376,0.0
Decision_2,X15,107.529,0.0
Decision_2,X15,107.682,0.0549
Decision_2,X15,107.835,1.0
Decision_2,X16,-0.022,1.0
Decision_2,X16,0.131,1.0
Decision_2,X16,0.285,0.9961
Decision_2,X16,0.438,0.9961
Decision_2,X16,0.591,0.9961
Decision_2,X16,0.744,0.9961
Decision_2,X16,0.897,0.9961
Decision_2,X16,1.051,0.9961
Decision_2,X16,1.204,0.9961
Decision_2,X16,1.357,0.9961
Decision_2,X16,1.51,0.9961
Decision_2,X16,1.663,0.9961
Decision_2,X16,1.817,0.9961
Decision_2,X16,1.97,0.9961
Decision_2,X16,2.123,0.9961
Decision_2,X16,2.276,0.9961
Decision_2,X16,2.429,0.9961
Decision_2,X16,2.583,0.9961
Decision_2,X16,2.736,0.9961
Decision_2,X16,2.889,0.9961
Decision_2,X16,3.042,0.9961
Decision_2,X16,3.196,0.9961
Decision_2,X16,3.349,0.9961
Decision_2,X16,3.502,0.9961
Decision_2,X16,3.655,0.9961
Decision_2,X16,3.808,0.9961
Decision_2,X16,3.962,0.9961
Decision_2,X16,4.115,0.9961
Decision_2,X16,4.268,0.9961
Decision_2,X16,4.421,0.9961
Decision_2,X16,4.574,0.9961
Decision_2,X16,4.728,0.9961
Decision_2,X16,4.881,0.9961
Decision_2,X16,5.034,0.9961
Decision_2,X16,5.187,0.9961
Decision_2,X16,5.34,0.9961
Decision_2,X16,5.494,0.9961
Decision_2,X16,5.647,0.9961
Decision_2,X16,5.8,0.9961
Decision_2,X16,5.953,0.9961
Decision_2,X16,6.106,0.9961
Decision_2,X16,6.26,0.9961
Decision_2,X16,6.413,0.9961
Decision_2,X16,6.566,0.9961
Decision_2,X16,6.719,0.9961
Decision_2,X16,6.872,0.9961
Decision_2,X16,7.026,0.9961
Decision_2,X16,7.179,0.9961
Decision_2,X16,7.332,0.9961
Decision_2,X16,7.485,0.9961
Decision_2,X16,7.638,0.9961
Decision_2,X16,7.792,0.9961
Decision_2,X16,7.945,0.9961
Decision_2,X16,8.098,0.9961
Decision_2,X16,8.251,0.9961
Decision_2,X16,8.405,0.9961
Decision_2,X16,8.558,0.9961
Decision_2,X16,8.711,0.9961
Decision_2,X16,8.864,0.9961
Decision_2,X16,9.017,0.9961
Decision_2,X16,9.171,0.9961
Decision_2,X16,9.324,0.9961
Decision_2,X16,9.477,0.9961
Decision_2,X16,9.63,0.9961
Decision_2,X16,9.783,0.9961
Decision_2,X16,9.937,0.9961
Decision_2,X16,10.09,0.9961
Decision_2,X16,10.243,0.9961
Decision_2,X16,10.396,0.9961
Decision_2,X16,10.549,0.9961
Decision_2,X16,10.703,0.9961
Decision_2,X16,10.856,0.9961
Decision_2,X16,11.009,0.9961
Decision_2,X16,11.162,0.9961
Decision_2,X16,11.315,0.9961
Decision_2,X16,11.469,0.9961
Decision_2,X16,11.622,0.9961
Decision_2,X16,11.775,0.9961
Decision_2,X16,11.928,0.9961
Decision_2,X16,12.081,0.9961
Decision_2,X16,12.235,0.9961
Decision_2,X16,12.388,0.9961
Decision_2,X16,12.541,0.9961
Decision_2,X16,12.694,0.9961
Decision_2,X16,12.847,0.9961
Decision_2,X16,13.001,0.9961
Decision_2,X16,13.154,0.9961
Decision_2,X16,13.307,0.9961
Decision_2,X16,13.46,0.9961
Decision_2,X16,13.614,0.9961
Decision_2,X16,13.767,0.9961
Decision_2,X16,13.92,0.9961
Decision_2,X16,14.073,0.9961
Decision_2,X16,14.226,0.9961
Decision_2,X16,14.38,0.9961
Decision_2,X16,14.533,0.9961
Decision_2,X16,14.686,0.9961
Decision_2,X16,14.839,0.9961
Decision_2,X16,14.992,0.9961
Decision_2,X16,15.146,0.9961
Decision_2,X16,15.299,0.9961
Decision_2,X16,15.452,0.9961
Decision_2,X16,15.605,0.9961
Decision_2,X16,15.758,0.9961
Decision_2,X16,15.912,0.9961
Decision_2,X16,16.065,0.9961
Decision_2,X16,16.218,0.9961
Decision_2,X16,16.371,0.9961
Decision_2,X16,16.524,0.9961
Decision_2,X16,16.678,0.9961
Decision_2,X16,16.831,0.9961
Decision_2,X16,16.984,0.9961
Decision_2,X16,17.137,0.9961
Decision_2,X16,17.29,0.9961
Decision_2,X16,17.444,0.9961
Decision_2,X16,17.597,0.9961
Decision_2,X16,17.75,0.9961
Decision_2,X16,17.903,0.9961
Decision_2,X16,18.057,0.9961
Decision_2,X16,18.21,0.9961
Decision_2,X16,18.363,0.9961
Decision_2,X16,18.516,0.9961
Decision_2,X16,18.669,0.9961
Decision_2,X16,18.823,0.9961
Decision_2,X16,18.976,0.9961
Decision_2,X16,19.129,0.9961
Decision_2,X16,19.282,0.9961
Decision_2,X16,19.435,0.9961
Decision_2,X16,19.589,0.9961
Decision_2,X16,19.742,0.9961
Decision_2,X16,19.895,0.9961
Decision_2,X16,20.048,0.9961
Decision_2,X16,20.201,0.9961
Decision_2,X16,20.355,0.9961
Decision_2,X16,20.508,0.9961
Decision_2,X16,20.661,0.9961
Decision_2,X16,20.814,0.9961
Decision_2,X16,20.967,0.9961
Decision_2,X16,21.121,0.9961
Decision_2,X16,21.274,0.9961
Decision_2,X16,21.427,0.9961
Decision_2,X16,21.58,0.9961
Decision_2,X16,21.733,0.9961
Decision_2,X16,21.887,0.9961
Decision_2,X16,22.04,0.9961
Decision_2,X16,22.193,0.9961
Decision_2,X16,22.346,0.9961
Decision_2,X16,22.499,0.9961
Decision_2,X16,22.653,0.9961
Decision_2,X16,22.806,0.9961
Decision_2,X16,22.959,0.9961
Decision_2,X16,23.112,0.9961
Decision_2,X16,23.266,0.9961
Decision_2,X16,23.419,0.9961
Decision_2,X16,23.572,0.9961
Decision_2,X16,23.725,0.9961
Decision_2,X16,23.878,0.9961
Decision_2,X16,24.032,0.9961
Decision_2,X16,24.185,0.9961
Decision_2,X16,24.338,0.9961
Decision_2,X16,24.491,0.9961
Decision_2,X16,24.644,0.9961
Decision_2,X16,24.798,0.9961
Decision_2,X16,24.951,0.9961
Decision_2,X16,25.104,0.9961
Decision_2,X16,25.257,0.9961
Decision_2,X16,25.41,0.9961
Decision_2,X16,25.564,0.9961
Decision_2,X16,25.717,0.9961
Decision_2,X16,25.87,0.9961
Decision_2,X16,26.023,0.0
Decision_2,X16,26.176,0.9961
Decision_2,X16,26.33,0.0
Decision_2,X16,26.483,0.9961
Decision_2,X16,26.636,0.0
Decision_2,X16,26.789,0.9961
Decision_2,X16,26.942,0.0
Decision_2,X16,27.096,0.9961
Decision_2,X16,27.249,0.0
Decision_2,X16,27.402,0.9961
Decision_2,X16,27.555,0.0
Decision_2,X16,27.708,0.9961
Decision_2,X16,27.862,0.0
Decision_2,X16,28.015,1.0
Decision_2,X16,28.168,0.0
Decision_2,X16,28.321,0.0
Decision_2,X16,28.475,1.0
Decision_2,X16,28.628,0.0
Decision_2,X16,28.781,1.0
Decision_2,X16,28.934,0.0
Decision_2,X16,29.087,1.0
Decision_2,X16,29.241,0.0
Decision_2,X16,29.394,0.0
Decision_2,X16,29.547,0.0
Decision_2,X16,29.7,0.0
Decision_2,X16,29.853,0.0
Decision_2,X16,30.007,0.0
Decision_2,X16,30.16,0.0
Decision_2,X16,30.313,0.0
Decision_2,X16,30.466,0.0
Decision_2,X16,30.619,0.0
Decision_2,X16,30.773,0.0
Decision_2,X16,30.926,0.0
Decision_2,X16,31.079,0.0
Decision_2,X16,31.232,0.0
Decision_2,X16,31.385,0.0
Decision_2,X16,31.539,0.0
Decision_2,X16,31.692,0.0
Decision_2,X16,31.845,0.0
Decision_2,X16,31.998,0.0
Decision_2,X16,32.151,0.0
Decision_2,X16,32.305,0.0
Decision_2,X16,32.458,0.0
Decision_2,X16,32.611,0.0
Decision_2,X16,32.764,0.0
Decision_2,X16,32.918,0.0
Decision_2,X16,33.071,0.0
Decision_2,X16,33.224,0.0
Decision_2,X16,33.377,0.0
Decision_2,X16,33.53,0.0
Decision_2,X16,33.684,0.0
Decision_2,X16,33.837,0.0
Decision_2,X16,33.99,0.0
Decision_2,X16,34.143,1.0
Decision_2,X16,34.296,0.0
Decision_2,X16,34.45,0.0
Decision_2,X16,34.603,0.0
Decision_2,X16,34.756,0.0
Decision_2,X16,34.909,0.0
Decision_2,X16,35.062,0.0
Decision_2,X16,35.216,0.0
Decision_2,X16,35.369,0.0
Decision_2,X16,35.522,0.0
Decision_2,X16,35.675,0.0
Decision_2,X16,35.828,0.0
Decision_2,X16,35.982,0.0
Decision_2,X16,36.135,0.0
Decision_2,X16,36.288,0.0
Decision_2,X16,36.441,0.0
Decision_2,X16,36.594,0.0
Decision_2,X16,36.748,0.0
Decision_2,X16,36.901,0.0
Decision_2,X16,37.054,0.0
Decision_2,X16,37.207,0.0
Decision_2,X16,37.36,0.0
Decision_2,X16,37.514,0.0
Decision_2,X16,37.667,0.0
Decision_2,X16,37.82,0.0
Decision_2,X16,37.973,0.0
Decision_2,X16,38.127,0.0
Decision_2,X16,38.28,0.0
Decision_2,X16,38.433,0.0
Decision_2,X16,38.586,0.0
Decision_2,X16,38.739,0.0
Decision_2,X16,38.893,0.0
Decision_2,X16,39.046,0.0
Decision_2,X16,39.199,0.0
Decision_2,X16,39.352,0.0
Decision_2,X16,39.505,0.0
Decision_2,X16,39.659,0.0
Decision_2,X16,39.812,0.0
Decision_2,X16,39.965,0.0
Decision_2,X16,40.118,0.0
Decision_2,X16,40.271,0.0
Decision_2,X16,40.425,0.0
Decision_2,X16,40.578,1.0
Decision_2,X16,40.731,1.0
Decision_2,X16,40.884,1.0
Decision_2,X16,41.037,0.0
Decision_2,X16,41.191,0.0
Decision_2,X16,41.344,0.0
Decision_2,X16,41.497,0.0
Decision_2,X16,41.65,0.0
Decision_2,X16,41.803,0.0
Decision_2,X16,41.957,0.0
Decision_2,X16,42.11,0.0
Decision_2,X16,42.263,0.0
Decision_2,X16,42.416,0.0
Decision_2,X16,42.569,0.0
Decision_2,X16,42.723,0.0
Decision_2,X16,42.876,0.0
Decision_2,X16,43.029,0.0
Decision_2,X16,43.182,0.0
Decision_2,X16,43.336,0.0
Decision_2,X16,43.489,0.0
Decision_2,X16,43.642,0.0
Decision_2,X16,43.795,0.0
Decision_2,X16,43.948,0.0
Decision_2,X16,44.102,0.0
Decision_2,X16,44.255,0.0
Decision_2,X16,44.408,0.0
Decision_2,X16,44.561,0.0
Decision_2,X16,44.714,0.0
Decision_2,X16,44.868,0.0
Decision_2,X16,45.021,1.0
Decision_2,X16,45.174,0.0
Decision_2,X16,45.327,0.0
Decision_2,X16,45.48,0.0
Decision_2,X16,45.634,0.0
Decision_2,X16,45.787,0.0
Decision_2,X16,45.94,0.0
Decision_2,X16,46.093,0.0
Decision_2,X16,46.246,0.0
Decision_2,X16,46.4,0.0
Decision_2,X16,46.553,0.0
Decision_2,X16,46.706,0.0
Decision_2,X16,46.859,0.0
Decision_2,X16,47.012,0.0
Decision_2,X16,47.166,1.0
Decision_2,X16,47.319,0.0
Decision_2,X16,47.472,0.0
Decision_2,X16,47.625,0.0
Decision_2,X16,47.779,0.0
Decision_2,X16,47.932,0.0
Decision_2,X16,48.085,0.0
Decision_2,X16,48.238,0.0
Decision_2,X16,48.391,0.0
Decision_2,X16,48.545,0.0
Decision_2,X16,48.698,0.0
Decision_2,X16,48.851,0.0
Decision_2,X16,49.004,0.0
Decision_2,X16,49.157,0.0
Decision_2,X16,49.311,0.0
Decision_2,X16,49.464,0.0
Decision_2,X16,49.617,0.0
Decision_2,X16,49.77,0.0
Decision_2,X16,49.923,0.0
Decision_2,X16,50.077,0.0
Decision_2,X16,50.23,0.0
Decision_2,X16,50.383,0.0
Decision_2,X16,50.536,0.0
Decision_2,X16,50.689,0.0
Decision_2,X16,50.843,0.0
Decision_2,X16,50.996,0.0
Decision_2,X16,51.149,0.0
Decision_2,X16,51.302,0.0
Decision_2,X16,51.455,0.0
Decision_2,X16,51.609,0.0
Decision_2,X16,51.762,0.0
Decision_2,X16,51.915,0.0
Decision_2,X16,52.068,0.0
Decision_2,X16,52.221,0.0
Decision_2,X16,52.375,0.0
Decision_2,X16,52.528,0.0
Decision_2,X16,52.681,0.0
Decision_2,X16,52.834,0.0
Decision_2,X16,52.988,0.0
Decision_2,X16,53.141,0.0
Decision_2,X16,53.294,0.0
Decision_2,X16,53.447,0.0
Decision_2,X16,53.6,0.0
Decision_2,X16,53.754,0.0
Decision_2,X16,53.907,0.0
Decision_2,X16,54.06,0.0
Decision_2,X16,54.213,0.0
Decision_2,X16,54.366,0.0
Decision_2,X16,54.52,0.0
Decision_2,X16,54.673,0.0
Decision_2,X16,54.826,0.0
Decision_2,X16,54.979,0.0
Decision_2,X16,55.132,0.0
Decision_2,X16,55.286,0.0
Decision_2,X16,55.439,0.0
Decision_2,X16,55.592,0.0
Decision_2,X16,55.745,0.0
Decision_2,X16,55.898,0.0
Decision_2,X16,56.052,0.0
Decision_2,X16,56.205,0.0
Decision_2,X16,56.358,0.0
Decision_2,X16,56.511,0.0
Decision_2,X16,56.664,0.0
Decision_2,X16,56.818,0.0
Decision_2,X16,56.971,0.0
Decision_2,X16,57.124,0.0
Decision_2,X16,57.277,0.0
Decision_2,X16,57.431,0.0
Decision_2,X16,57.584,0.0
Decision_2,X16,57.737,0.0
Decision_2,X16,57.89,0.0
Decision_2,X16,58.043,0.0
Decision_2,X16,58.197,0.0
Decision_2,X16,58.35,0.0
Decision_2,X16,58.503,0.0
Decision_2,X16,58.656,0.0
Decision_2,X16,58.809,0.0
Decision_2,X16,58.963,0.0
Decision_2,X16,59.116,0.0
Decision_2,X16,59.269,0.0
Decision_2,X16,59.422,0.0
Decision_2,X16,59.575,0.0
Decision_2,X16,59.729,0.0
Decision_2,X16,59.882,0.0
Decision_2,X16,60.035,0.0
Decision_2,X16,60.188,0.0
Decision_2,X16,60.341,0.0
Decision_2,X16,60.495,0.0
Decision_2,X16,60.648,0.0
Decision_2,X16,60.801,0.0
Decision_2,X16,60.954,0.0
Decision_2,X16,61.107,0.0
Decision_2,X16,61.261,0.0
Decision_2,X16,61.414,0.0
Decision_2,X16,61.567,0.0
Decision_2,X16,61.72,0.0
Decision_2,X16,61.873,0.0
Decision_2,X16,62.027,0.0
Decision_2,X16,62.18,0.0
Decision_2,X16,62.333,0.0
Decision_2,X16,62.486,0.0
Decision_2,X16,62.64,0.0
Decision_2,X16,62.793,0.0
Decision_2,X16,62.946,0.0
Decision_2,X16,63.099,0.0
Decision_2,X16,63.252,0.0
Decision_2,X16,63.406,0.0
Decision_2,X16,63.559,0.0
Decision_2,X16,63.712,0.0
Decision_2,X16,63.865,0.0
Decision_2,X16,64.018,0.0
Decision_2,X16,64.172,0.0
Decision_2,X16,64.325,0.0
Decision_2,X16,64.478,0.0
Decision_2,X16,64.631,0.0
Decision_2,X16,64.784,0.0
Decision_2,X16,64.938,0.0
Decision_2,X16,65.091,1.0
Decision_2,X16,65.244,1.0
Decision_2,X16,65.397,0.0
Decision_2,X16,65.55,0.0
Decision_2,X16,65.704,0.0
Decision_2,X16,65.857,0.0
Decision_2,X16,66.01,0.0
Decision_2,X16,66.163,0.0
Decision_2,X16,66.316,0.0
Decision_2,X16,66.47,0.0
Decision_2,X16,66.623,0.0
Decision_2,X16,66.776,0.0
Decision_2,X16,66.929,0.0
Decision_2,X16,67.082,0.0
Decision_2,X16,67.236,0.0
Decision_2,X16,67.389,0.0
Decision_2,X16,67.542,0.0
Decision_2,X16,67.695,0.0
Decision_2,X16,67.849,0.0
Decision_2,X16,68.002,0.0
Decision_2,X16,68.155,0.0
Decision_2,X16,68.308,0.0
Decision_2,X16,68.461,0.0
Decision_2,X16,68.615,0.0
Decision_2,X16,68.768,0.0
Decision_2,X16,68.921,0.0
Decision_2,X16,69.074,0.0
Decision_2,X16,69.227,1.0
Decision_2,X16,69.381,1.0
Decision_2,X16,69.534,0.0
Decision_2,X16,69.687,0.0
Decision_2,X16,69.84,0.0
Decision_2,X16,69.993,0.0
Decision_2,X16,70.147,0.0
Decision_2,X16,70.3,0.0
Decision_2,X16,70.453,0.0
Decision_2,X16,70.606,0.0
Decision_2,X16,70.759,0.0
Decision_2,X16,70.913,0.0
Decision_2,X16,71.066,0.0
Decision_2,X16,71.219,0.0
Decision_2,X16,71.372,0.0
Decision_2,X16,71.525,0.0
Decision_2,X16,71.679,0.0
Decision_2,X16,71.832,0.0
Decision_2,X16,71.985,0.0
Decision_2,X16,72.138,0.0
Decision_2,X16,72.292,0.0
Decision_2,X16,72.445,0.0
Decision_2,X16,72.598,0.0
Decision_2,X16,72.751,0.0
Decision_2,X16,72.904,0.0
Decision_2,X16,73.058,0.0
Decision_2,X16,73.211,0.0
Decision_2,X16,73.364,0.0
Decision_2,X16,73.517,0.0
Decision_2,X16,73.67,0.0
Decision_2,X16,73.824,0.0
Decision_2,X16,73.977,0.0
Decision_2,X16,74.13,0.0
Decision_2,X16,74.283,0.0
Decision_2,X16,74.436,0.0
Decision_2,X16,74.59,0.0
Decision_2,X16,74.743,0.0
Decision_2,X16,74.896,0.0
Decision_2,X16,75.049,0.0
Decision_2,X16,75.202,0.0
Decision_2,X16,75.356,0.0
Decision_2,X16,75.509,0.0
Decision_2,X16,75.662,0.0
Decision_2,X16,75.815,0.0
Decision_2,X16,75.968,0.0
Decision_2,X16,76.122,0.0
Decision_2,X16,76.275,0.0
Decision_2,X16,76.428,0.0
Decision_2,X16,76.581,0.0
Decision_2,X16,76.734,0.0
Decision_2,X16,76.888,0.0
Decision_2,X16,77.041,0.0
Decision_2,X16,77.194,0.0
Decision_2,X16,77.347,0.0
Decision_2,X16,77.501,0.0
Decision_2,X16,77.654,0.0
Decision_2,X16,77.807,0.0
Decision_2,X16,77.96,0.0
Decision_2,X16,78.113,0.0
Decision_2,X16,78.267,0.0
Decision_2,X16,78.42,0.0
Decision_2,X16,78.573,0.0
Decision_2,X16,78.726,0.0
Decision_2,X16,78.879,0.0
Decision_2,X16,79.033,0.0
Decision_2,X16,79.186,0.0
Decision_2,X16,79.339,0.0
Decision_2,X16,79.492,0.0
Decision_2,X16,79.645,0.0
Decision_2,X16,79.799,0.0
Decision_2,X16,79.952,0.0
Decision_2,X16,80.105,0.0
Decision_2,X16,80.258,0.0
Decision_2,X16,80.411,0.0
Decision_2,X16,80.565,0.0
Decision_2,X16,80.718,0.0
Decision_2,X16,80.871,0.0
Decision_2,X16,81.024,0.0
Decision_2,X16,81.177,0.0
Decision_2,X16,81.331,0.0
Decision_2,X16,81.484,0.0
Decision_2,X16,81.637,0.0
Decision_2,X16,81.79,0.0
Decision_2,X16,81.943,0.0
Decision_2,X16,82.097,0.0
Decision_2,X16,82.25,0.0
Decision_2,X16,82.403,0.0
Decision_2,X16,82.556,0.0
Decision_2,X16,82.71,0.0
Decision_2,X16,82.863,0.0
Decision_2,X16,83.016,0.0
Decision_2,X16,83.169,0.0
Decision_2,X16,83.322,0.0
Decision_2,X16,83.476,0.0
Decision_2,X16,83.629,0.0
Decision_2,X16,83.782,0.0
Decision_2,X16,83.935,0.0
Decision_2,X16,84.088,0.0
Decision_2,X16,84.242,0.0
Decision_2,X16,84.395,0.0
Decision_2,X16,84.548,0.0
Decision_2,X16,84.701,0.0
Decision_2,X16,84.854,0.0
Decision_2,X16,85.008,0.0
Decision_2,X16,85.161,0.0
Decision_2,X16,85.314,0.0
Decision_2,X16,85.467,0.0
Decision_2,X16,85.62,0.0
Decision_2,X16,85.774,0.0
Decision_2,X16,85.927,0.0
Decision_2,X16,86.08,0.0
Decision_2,X16,86.233,0.0
Decision_2,X16,86.386,0.0
Decision_2,X16,86.54,0.0
Decision_2,X16,86.693,0.0
Decision_2,X16,86.846,0.0
Decision_2,X16,86.999,0.0
Decision_2,X16,87.153,0.0
Decision_2,X16,87.306,0.0
Decision_2,X16,87.459,0.0
Decision_2,X16,87.612,0.0
Decision_2,X16,87.765,0.0
Decision_2,X16,87.919,0.0
Decision_2,X16,88.072,0.0
Decision_2,X16,88.225,0.0
Decision_2,X16,88.378,0.0
Decision_2,X16,88.531,0.0
Decision_2,X16,88.685,1.0
Decision_2,X16,88.838,1.0
Decision_2,X16,88.991,1.0
Decision_2,X16,89.144,0.0
Decision_2,X16,89.297,1.0
Decision_2,X16,89.451,1.0
Decision_2,X16,89.604,1.0
Decision_2,X16,89.757,1.0
Decision_2,X16,89.91,1.0
Decision_2,X16,90.063,1.0
Decision_2,X16,90.217,1.0
Decision_2,X16,90.37,1.0
Decision_2,X16,90.523,1.0
Decision_2,X16,90.676,1.0
Decision_2,X16,90.829,1.0
Decision_2,X16,90.983,1.0
Decision_2,X16,91.136,1.0
Decision_2,X16,91.289,1.0
Decision_2,X16,91.442,1.0
Decision_2,X16,91.595,1.0
Decision_2,X16,91.749,1.0
Decision_2,X16,91.902,1.0
Decision_2,X16,92.055,1.0
Decision_2,X16,92.208,1.0
Decision_2,X16,92.362,1.0
Decision_2,X16,92.515,1.0
Decision_2,X16,92.668,1.0
Decision_2,X16,92.821,1.0
Decision_2,X16,92.974,1.0
Decision_2,X16,93.128,1.0
Decision_2,X16,93.281,1.0
Decision_2,X16,93.434,1.0
Decision_2,X16,93.587,1.0
Decision_2,X16,93.74,1.0
Decision_2,X16,93.894,1.0
Decision_2,X16,94.047,1.0
Decision_2,X16,94.2,1.0
Decision_2,X16,94.353,1.0
Decision_2,X16,94.506,1.0
Decision_2,X16,94.66,1.0
Decision_2,X16,94.813,1.0
Decision_2,X16,94.966,1.0
Decision_2,X16,95.119,1.0
Decision_2,X16,95.272,1.0
Decision_2,X16,95.426,1.0
Decision_2,X16,95.579,1.0
Decision_2,X16,95.732,1.0
Decision_2,X16,95.885,1.0
Decision_2,X16,96.038,1.0
Decision_2,X16,96.192,1.0
Decision_2,X16,96.345,1.0
Decision_2,X16,96.498,1.0
Decision_2,X16,96.651,1.0
Decision_2,X16,96.804,1.0
Decision_2,X16,96.958,1.0
Decision_2,X16,97.111,1.0
Decision_2,X16,97.264,1.0
Decision_2,X16,97.417,1.0
Decision_2,X16,97.571,1.0
Decision_2,X16,97.724,1.0
Decision_2,X16,97.877,1.0
Decision_2,X16,98.03,1.0
Decision_2,X16,98.183,1.0
Decision_2,X16,98.337,1.0
Decision_2,X16,98.49,1.0
Decision_2,X16,98.643,1.0
Decision_2,X16,98.796,1.0
Decision_2,X16,98.949,1.0
Decision_2,X16,99.103,1.0
Decision_2,X16,99.256,1.0
Decision_2,X16,99.409,1.0
Decision_2,X16,99.562,1.0
Decision_2,X16,99.715,1.0
Decision_2,X16,99.869,1.0
Decision_2,X16,100.022,1.0
Decision_2,X16,100.175,1.0
Decision_2,X16,100.328,1.0
Decision_2,X16,100.481,1.0
Decision_2,X16,100.635,1.0
Decision_2,X16,100.788,1.0
Decision_2,X16,100.941,1.0
Decision_2,X16,101.094,1.0
Decision_2,X16,101.247,1.0
Decision_2,X16,101.401,1.0
Decision_2,X16,101.554,1.0
Decision_2,X16,101.707,1.0
Decision_2,X16,101.86,1.0
Decision_2,X16,102.014,1.0
Decision_2,X16,102.167,1.0
Decision_2,X16,102.32,1.0
Decision_2,X16,102.473,1.0
Decision_2,X16,102.626,1.0
Decision_2,X16,102.78,1.0
Decision_2,X16,102.933,1.0
Decision_2,X16,103.086,1.0
Decision_2,X16,103.239,1.0
Decision_2,X16,103.392,1.0
Decision_2,X16,103.546,1.0
Decision_2,X16,103.699,1.0
Decision_2,X16,103.852,1.0
Decision_2,X16,104.005,1.0
Decision_2,X16,104.158,1.0
Decision_2,X16,104.312,1.0
Decision_2,X16,104.465,1.0
Decision_2,X16,104.618,1.0
Decision_2,X16,104.771,1.0
Decision_2,X16,104.924,1.0
Decision_2,X16,105.078,1.0
Decision_2,X16,105.231,1.0
Decision_2,X16,105.384,1.0
Decision_2,X16,105.537,1.0
Decision_2,X16,105.69,1.0
Decision_2,X16,105.844,1.0
Decision_2,X16,105.997,1.0
Decision_2,X16,106.15,1.0
Decision_2,X16,106.303,1.0
Decision_2,X16,106.456,1.0
Decision_2,X16,106.61,1.0
Decision_2,X16,106.763,1.0
Decision_2,X16,106.916,1.0
Decision_2,X16,107.069,1.0
Decision_2,X16,107.223,1.0
Decision_2,X16,107.376,1.0
Decision_2,X16,107.529,1.0
Decision_2,X16,107.682,1.0
Decision_2,X16,107.835,1.0
