panel,neuron,time_s,activation_normalized
Locomotion_1,X3,0.0,1.0
Locomotion_1,X3,0.072,0.0549
Locomotion_1,X3,0.144,0.0
Locomotion_1,X3,0.215,0.0
Locomotion_1,X3,0.287,0.0
Locomotion_1,X3,0.359,0.0
Locomotion_1,X3,0.431,0.0
Locomotion_1,X3,0.503,0.0
Locomotion_1,X3,0.575,0.0
Locomotion_1,X3,0.646,0.0
Locomotion_1,X3,0.718,0.0
Locomotion_1,X3,0.79,0.0
Locomotion_1,X3,0.862,0.0
Locomotion_1,X3,0.934,0.0
Locomotion_1,X3,1.005,0.0
Locomotion_1,X3,1.077,0.0
Locomotion_1,X3,1.149,0.0
Locomotion_1,X3,1.221,0.0
Locomotion_1,X3,1.293,0.0
Locomotion_1,X3,1.364,0.0
Locomotion_1,X3,1.436,0.0
Locomotion_1,X3,1.508,0.0
Locomotion_1,X3,1.58,0.0
Locomotion_1,X3,1.652,0.0
Locomotion_1,X3,1.724,0.0
Locomotion_1,X3,1.795,0.0
Locomotion_1,X3,1.867,0.0
Locomotion_1,X3,1.939,0.0
Locomotion_1,X3,2.011,0.0
Locomotion_1,X3,2.083,0.0
Locomotion_1,X3,2.154,0.0
Locomotion_1,X3,2.226,0.0
Locomotion_1,X3,2.298,0.0
Locomotion_1,X3,2.37,0.0
Locomotion_1,X3,2.442,0.0
Locomotion_1,X3,2.513,0.0
Locomotion_1,X3,2.585,0.0
Locomotion_1,X3,2.657,0.0
Locomotion_1,X3,2.729,0.0
Locomotion_1,X3,2.801,0.0
Locomotion_1,X3,2.873,0.0
Locomotion_1,X3,2.944,0.0
Locomotion_1,X3,3.016,0.0
Locomotion_1,X3,3.088,0.0
Locomotion_1,X3,3.16,0.0
Locomotion_1,X3,3.232,0.0
Locomotion_1,X3,3.303,0.0
Locomotion_1,X3,3.375,0.0
Locomotion_1,X3,3.447,0.0
Locomotion_1,X3,3.519,0.0
Locomotion_1,X3,3.591,0.0
Locomotion_1,X3,3.662,0.0
Locomotion_1,X3,3.734,0.0
Locomotion_1,X3,3.806,0.0
Locomotion_1,X3,3.878,0.0
Locomotion_1,X3,3.95,0.0
Locomotion_1,X3,4.022,0.0
Locomotion_1,X3,4.093,0.0
Locomotion_1,X3,4.165,0.0
Locomotion_1,X3,4.237,0.0
Locomotion_1,X3,4.309,0.0
Locomotion_1,X3,4.381,0.0
Locomotion_1,X3,4.452,0.0
Locomotion_1,X3,4.524,0.0
Locomotion_1,X3,4.596,0.0
Locomotion_1,X3,4.668,0.0
Locomotion_1,X3,4.74,0.0
Locomotion_1,X3,4.811,0.0
Locomotion_1,X3,4.883,0.0
Locomotion_1,X3,4.955,0.0
Locomotion_1,X3,5.027,0.0
Locomotion_1,X3,5.099,0.0
Locomotion_1,X3,5.171,0.0
Locomotion_1,X3,5.242,0.0
Locomotion_1,X3,5.314,0.0
Locomotion_1,X3,5.386,0.0
Locomotion_1,X3,5.458,0.0
Locomotion_1,X3,5.53,0.0
Locomotion_1,X3,5.601,0.0
Locomotion_1,X3,5.673,0.0
Locomotion_1,X3,5.745,0.0
Locomotion_1,X3,5.817,0.0
Locomotion_1,X3,5.889,0.0
Locomotion_1,X3,5.961,0.0
Locomotion_1,X3,6.032,0.0
Locomotion_1,X3,6.104,0.0
Locomotion_1,X3,6.176,0.0
Locomotion_1,X3,6.248,0.0
Locomotion_1,X3,6.32,0.0
Locomotion_1,X3,6.391,0.0
Locomotion_1,X3,6.463,0.0
Locomotion_1,X3,6.535,0.0
Locomotion_1,X3,6.607,0.0
Locomotion_1,X3,6.679,0.0
Locomotion_1,X3,6.75,0.0
Locomotion_1,X3,6.822,0.0
Locomotion_1,X3,6.894,0.0
Locomotion_1,X3,6.966,0.0
Locomotion_1,X3,7.038,0.0
Locomotion_1,X3,7.11,0.0
Locomotion_1,X3,7.181,0.0
Locomotion_1,X3,7.253,0.0
Locomotion_1,X3,7.325,0.0
Locomotion_1,X3,7.397,0.0
Locomotion_1,X3,7.469,0.0
Locomotion_1,X3,7.54,0.0
Locomotion_1,X3,7.612,0.0
Locomotion_1,X3,7.684,0.0
Locomotion_1,X3,7.756,0.0
Locomotion_1,X3,7.828,0.0
Locomotion_1,X3,7.899,0.0
Locomotion_1,X3,7.971,0.0
Locomotion_1,X3,8.043,0.0
Locomotion_1,X3,8.115,0.0
Locomotion_1,X3,8.187,0.0
Locomotion_1,X3,8.259,0.0
Locomotion_1,X3,8.33,0.0
Locomotion_1,X3,8.402,0.0
Locomotion_1,X3,8.474,0.0
Locomotion_1,X3,8.546,0.0
Locomotion_1,X3,8.618,0.0
Locomotion_1,X3,8.689,0.0
Locomotion_1,X3,8.761,0.0
Locomotion_1,X3,8.833,0.0
Locomotion_1,X3,8.905,0.0
Locomotion_1,X3,8.977,0.0
Locomotion_1,X3,9.048,0.0
Locomotion_1,X3,9.12,0.0
Locomotion_1,X3,9.192,0.0
Locomotion_1,X3,9.264,0.0
Locomotion_1,X3,9.336,0.0
Locomotion_1,X3,9.408,0.0
Locomotion_1,X3,9.479,0.0
Locomotion_1,X3,9.551,0.0
Locomotion_1,X3,9.623,0.0
Locomotion_1,X3,9.695,0.0
Locomotion_1,X3,9.767,0.0
Locomotion_1,X3,9.838,0.0
Locomotion_1,X3,9.91,0.0
Locomotion_1,X3,9.982,0.0
Locomotion_1,X3,10.054,0.0
Locomotion_1,X3,10.126,0.0
Locomotion_1,X3,10.197,0.0
Locomotion_1,X3,10.269,0.0
Locomotion_1,X3,10.341,0.0
Locomotion_1,X3,10.413,0.0
Locomotion_1,X3,10.485,0.0
Locomotion_1,X3,10.557,0.0
Locomotion_1,X3,10.628,0.0
Locomotion_1,X3,10.7,0.0
Locomotion_1,X3,10.772,0.0
Locomotion_1,X3,10.844,0.0
Locomotion_1,X3,10.916,0.0
Locomotion_1,X3,10.987,0.0
Locomotion_1,X3,11.059,0.0
Locomotion_1,X3,11.131,0.0
Locomotion_1,X3,11.203,0.0
Locomotion_1,X3,11.275,0.0
Locomotion_1,X3,11.346,0.0
Locomotion_1,X3,11.418,0.0
Locomotion_1,X3,11.49,0.0
Locomotion_1,X3,11.562,0.0
Locomotion_1,X3,11.634,0.0
Locomotion_1,X3,11.706,0.0
Locomotion_1,X3,11.777,0.0
Locomotion_1,X3,11.849,0.0
Locomotion_1,X3,11.921,0.0
Locomotion_1,X3,11.993,0.0
Locomotion_1,X3,12.065,0.0
Locomotion_1,X3,12.136,0.0
Locomotion_1,X3,12.208,0.0
Locomotion_1,X3,12.28,0.0
Locomotion_1,X3,12.352,0.0
Locomotion_1,X3,12.424,0.0
Locomotion_1,X3,12.496,0.0
Locomotion_1,X3,12.567,0.0
Locomotion_1,X3,12.639,0.0
Locomotion_1,X3,12.711,0.0
Locomotion_1,X3,12.783,0.0
Locomotion_1,X3,12.855,0.0
Locomotion_1,X3,12.926,0.0
Locomotion_1,X3,12.998,0.0
Locomotion_1,X3,13.07,0.0
Locomotion_1,X3,13.142,0.0
Locomotion_1,X3,13.214,0.0
Locomotion_1,X3,13.285,0.0
Locomotion_1,X3,13.357,0.0
Locomotion_1,X3,13.429,0.0
Locomotion_1,X3,13.501,0.0
Locomotion_1,X3,13.573,0.0
Locomotion_1,X3,13.645,0.0
Locomotion_1,X3,13.716,0.0
Locomotion_1,X3,13.788,0.0
Locomotion_1,X3,13.86,0.0
Locomotion_1,X3,13.932,0.0
Locomotion_1,X3,14.004,0.0
Locomotion_1,X3,14.075,0.0
Locomotion_1,X3,14.147,0.0
Locomotion_1,X3,14.219,0.0
Locomotion_1,X3,14.291,0.0
Locomotion_1,X3,14.363,0.0
Locomotion_1,X3,14.434,0.0
Locomotion_1,X3,14.506,0.0
Locomotion_1,X3,14.578,0.0
Locomotion_1,X3,14.65,0.0
Locomotion_1,X3,14.722,0.0
Locomotion_1,X3,14.794,0.0
Locomotion_1,X3,14.865,0.0
Locomotion_1,X3,14.937,0.0
Locomotion_1,X3,15.009,0.0
Locomotion_1,X3,15.081,0.0
Locomotion_1,X3,15.153,0.0
Locomotion_1,X3,15.224,0.0
Locomotion_1,X3,15.296,0.0
Locomotion_1,X3,15.368,0.0
Locomotion_1,X3,15.44,0.0
Locomotion_1,X3,15.512,0.0
Locomotion_1,X3,15.583,0.0
Locomotion_1,X3,15.655,0.0
Locomotion_1,X3,15.727,0.0
Locomotion_1,X3,15.799,0.0
Locomotion_1,X3,15.871,0.0
Locomotion_1,X3,15.943,0.0
Locomotion_1,X3,16.014,0.0
Locomotion_1,X3,16.086,0.0
Locomotion_1,X3,16.158,0.0
Locomotion_1,X3,16.23,0.0
Locomotion_1,X3,16.302,0.0
Locomotion_1,X3,16.373,0.0
Locomotion_1,X3,16.445,0.0
Locomotion_1,X3,16.517,0.0
Locomotion_1,X3,16.589,0.0
Locomotion_1,X3,16.661,0.0
Locomotion_1,X3,16.732,0.0
Locomotion_1,X3,16.804,0.0
Locomotion_1,X3,16.876,0.0
Locomotion_1,X3,16.948,0.0
Locomotion_1,X3,17.02,0.0
Locomotion_1,X3,17.092,0.0
Locomotion_1,X3,17.163,0.0
Locomotion_1,X3,17.235,0.0
Locomotion_1,X3,17.307,0.0
Locomotion_1,X3,17.379,0.0
Locomotion_1,X3,17.451,0.0
Locomotion_1,X3,17.522,0.0
Locomotion_1,X3,17.594,0.0
Locomotion_1,X3,17.666,0.0
Locomotion_1,X3,17.738,0.0
Locomotion_1,X3,17.81,0.0
Locomotion_1,X3,17.882,0.0
Locomotion_1,X3,17.953,0.0
Locomotion_1,X3,18.025,0.0
Locomotion_1,X3,18.097,0.0
Locomotion_1,X3,18.169,0.0
Locomotion_1,X3,18.241,0.0
Locomotion_1,X3,18.312,0.0
Locomotion_1,X3,18.384,0.0
Locomotion_1,X3,18.456,0.0
Locomotion_1,X3,18.528,0.0
Locomotion_1,X3,18.6,0.0
Locomotion_1,X3,18.671,0.0
Locomotion_1,X3,18.743,0.0
Locomotion_1,X3,18.815,0.0
Locomotion_1,X3,18.887,0.0
Locomotion_1,X3,18.959,0.0
Locomotion_1,X3,19.031,0.0
Locomotion_1,X3,19.102,0.0
Locomotion_1,X3,19.174,0.0
Locomotion_1,X3,19.246,0.0
Locomotion_1,X3,19.318,0.0
Locomotion_1,X3,19.39,0.0
Locomotion_1,X3,19.461,0.0
Locomotion_1,X3,19.533,0.0
Locomotion_1,X3,19.605,0.0
Locomotion_1,X3,19.677,0.0
Locomotion_1,X3,19.749,0.0
Locomotion_1,X3,19.82,0.0
Locomotion_1,X3,19.892,0.0
Locomotion_1,X3,19.964,0.0
Locomotion_1,X3,20.036,0.0
Locomotion_1,X3,20.108,0.0
Locomotion_1,X3,20.18,0.0
Locomotion_1,X3,20.251,0.0
Locomotion_1,X3,20.323,0.0
Locomotion_1,X3,20.395,0.0
Locomotion_1,X3,20.467,0.0
Locomotion_1,X3,20.539,0.0
Locomotion_1,X3,20.61,0.0
Locomotion_1,X3,20.682,0.0
Locomotion_1,X3,20.754,0.0
Locomotion_1,X3,20.826,0.0
Locomotion_1,X3,20.898,0.0
Locomotion_1,X3,20.969,0.0
Locomotion_1,X3,21.041,0.0
Locomotion_1,X3,21.113,0.0
Locomotion_1,X3,21.185,0.0
Locomotion_1,X3,21.257,0.0
Locomotion_1,X3,21.329,0.0
Locomotion_1,X3,21.4,0.0
Locomotion_1,X3,21.472,0.0
Locomotion_1,X3,21.544,0.0
Locomotion_1,X3,21.616,0.0
Locomotion_1,X3,21.688,0.0
Locomotion_1,X3,21.759,0.0
Locomotion_1,X3,21.831,0.0
Locomotion_1,X3,21.903,0.0
Locomotion_1,X3,21.975,0.0
Locomotion_1,X3,22.047,0.0
Locomotion_1,X3,22.118,0.0
Locomotion_1,X3,22.19,0.0
Locomotion_1,X3,22.262,0.0
Locomotion_1,X3,22.334,0.0
Locomotion_1,X3,22.406,0.0
Locomotion_1,X3,22.478,0.0
Locomotion_1,X3,22.549,0.0
Locomotion_1,X3,22.621,0.0
Locomotion_1,X3,22.693,0.0
Locomotion_1,X3,22.765,0.0
Locomotion_1,X3,22.837,0.0
Locomotion_1,X3,22.908,0.0
Locomotion_1,X3,22.98,0.0
Locomotion_1,X3,23.052,0.0
Locomotion_1,X3,23.124,0.0
Locomotion_1,X3,23.196,0.0
Locomotion_1,X3,23.268,0.0
Locomotion_1,X3,23.339,0.0
Locomotion_1,X3,23.411,0.0
Locomotion_1,X3,23.483,0.0
Locomotion_1,X3,23.555,0.0
Locomotion_1,X3,23.627,0.0
Locomotion_1,X3,23.698,0.0
Locomotion_1,X3,23.77,0.0
Locomotion_1,X3,23.842,0.0
Locomotion_1,X3,23.914,0.0
Locomotion_1,X3,23.986,0.0
Locomotion_1,X3,24.057,0.0
Locomotion_1,X3,24.129,0.0
Locomotion_1,X3,24.201,0.0
Locomotion_1,X3,24.273,0.0
Locomotion_1,X3,24.345,0.0
Locomotion_1,X3,24.417,0.0
Locomotion_1,X3,24.488,0.0
Locomotion_1,X3,24.56,0.0
Locomotion_1,X3,24.632,0.0
Locomotion_1,X3,24.704,0.0
Locomotion_1,X3,24.776,0.0
Locomotion_1,X3,24.847,0.0
Locomotion_1,X3,24.919,0.0
Locomotion_1,X3,24.991,0.0
Locomotion_1,X3,25.063,0.0
Locomotion_1,X3,25.135,0.0
Locomotion_1,X3,25.206,0.0
Locomotion_1,X3,25.278,0.0
Locomotion_1,X3,25.35,0.0
Locomotion_1,X3,25.422,0.0
Locomotion_1,X3,25.494,0.0
Locomotion_1,X3,25.566,0.0
Locomotion_1,X3,25.637,0.0
Locomotion_1,X3,25.709,0.0
Locomotion_1,X3,25.781,0.0
Locomotion_1,X3,25.853,0.0
Locomotion_1,X3,25.925,0.0
Locomotion_1,X3,25.996,0.0
Locomotion_1,X3,26.068,0.0
Locomotion_1,X3,26.14,0.0
Locomotion_1,X3,26.212,0.0
Locomotion_1,X3,26.284,0.0
Locomotion_1,X3,26.355,0.0
Locomotion_1,X3,26.427,0.0
Locomotion_1,X3,26.499,0.0
Locomotion_1,X3,26.571,0.0
Locomotion_1,X3,26.643,0.0
Locomotion_1,X3,26.715,0.0
Locomotion_1,X3,26.786,0.0
Locomotion_1,X3,26.858,0.0
Locomotion_1,X3,26.93,0.0
Locomotion_1,X3,27.002,0.0
Locomotion_1,X3,27.074,0.0
Locomotion_1,X3,27.145,0.0
Locomotion_1,X3,27.217,0.0
Locomotion_1,X3,27.289,0.0
Locomotion_1,X3,27.361,0.0
Locomotion_1,X3,27.433,0.0
Locomotion_1,X3,27.504,0.0
Locomotion_1,X3,27.576,0.0
Locomotion_1,X3,27.648,0.0
Locomotion_1,X3,27.72,0.0
Locomotion_1,X3,27.792,0.0
Locomotion_1,X3,27.864,0.0
Locomotion_1,X3,27.935,0.0
Locomotion_1,X3,28.007,0.0
Locomotion_1,X3,28.079,0.0
Locomotion_1,X3,28.151,0.0
Locomotion_1,X3,28.223,0.0
Locomotion_1,X3,28.294,0.0
Locomotion_1,X3,28.366,0.0
Locomotion_1,X3,28.438,0.0
Locomotion_1,X3,28.51,0.0
Locomotion_1,X3,28.582,0.0
Locomotion_1,X3,28.654,0.0
Locomotion_1,X3,28.725,0.0
Locomotion_1,X3,28.797,0.0
Locomotion_1,X3,28.869,0.0
Locomotion_1,X3,28.941,0.0
Locomotion_1,X3,29.013,0.0
Locomotion_1,X3,29.084,0.0
Locomotion_1,X3,29.156,0.0
Locomotion_1,X3,29.228,0.0
Locomotion_1,X3,29.3,0.0
Locomotion_1,X3,29.372,0.0
Locomotion_1,X3,29.443,0.0
Locomotion_1,X3,29.515,0.0
Locomotion_1,X3,29.587,0.0
Locomotion_1,X3,29.659,0.0
Locomotion_1,X3,29.731,0.0
Locomotion_1,X3,29.803,0.0
Locomotion_1,X3,29.874,0.0
Locomotion_1,X3,29.946,0.0
Locomotion_1,X3,30.018,0.0
Locomotion_1,X3,30.09,0.0
Locomotion_1,X3,30.162,0.0
Locomotion_1,X3,30.233,0.0
Locomotion_1,X3,30.305,0.0
Locomotion_1,X3,30.377,0.0
Locomotion_1,X3,30.449,0.0
Locomotion_1,X3,30.521,0.0
Locomotion_1,X3,30.592,0.0
Locomotion_1,X3,30.664,0.0
Locomotion_1,X3,30.736,0.0
Locomotion_1,X3,30.808,0.0
Locomotion_1,X3,30.88,0.0
Locomotion_1,X3,30.952,0.0
Locomotion_1,X3,31.023,0.0
Locomotion_1,X3,31.095,0.0
Locomotion_1,X3,31.167,0.0
Locomotion_1,X3,31.239,0.0
Locomotion_1,X3,31.311,0.0
Locomotion_1,X3,31.382,0.0
Locomotion_1,X3,31.454,0.0
Locomotion_1,X3,31.526,0.0
Locomotion_1,X3,31.598,0.0
Locomotion_1,X3,31.67,0.0
Locomotion_1,X3,31.741,0.0
Locomotion_1,X3,31.813,0.0
Locomotion_1,X3,31.885,0.0
Locomotion_1,X3,31.957,0.0
Locomotion_1,X3,32.029,0.0
Locomotion_1,X3,32.101,0.0
Locomotion_1,X3,32.172,0.0
Locomotion_1,X3,32.244,0.0
Locomotion_1,X3,32.316,0.0
Locomotion_1,X3,32.388,0.0
Locomotion_1,X3,32.46,0.0
Locomotion_1,X3,32.531,0.0
Locomotion_1,X3,32.603,0.0
Locomotion_1,X3,32.675,0.0
Locomotion_1,X3,32.747,0.0
Locomotion_1,X3,32.819,0.0
Locomotion_1,X3,32.89,0.0
Locomotion_1,X3,32.962,0.0
Locomotion_1,X3,33.034,0.0
Locomotion_1,X3,33.106,0.0
Locomotion_1,X3,33.178,0.0
Locomotion_1,X3,33.25,0.0
Locomotion_1,X3,33.321,0.0
Locomotion_1,X3,33.393,0.0
Locomotion_1,X3,33.465,0.0
Locomotion_1,X3,33.537,0.0
Locomotion_1,X3,33.609,0.0
Locomotion_1,X3,33.68,0.0
Locomotion_1,X3,33.752,0.0
Locomotion_1,X3,33.824,0.0
Locomotion_1,X3,33.896,0.0
Locomotion_1,X3,33.968,0.0
Locomotion_1,X3,34.039,0.0
Locomotion_1,X3,34.111,0.0
Locomotion_1,X3,34.183,0.0
Locomotion_1,X3,34.255,0.0
Locomotion_1,X3,34.327,0.0
Locomotion_1,X3,34.399,0.0
Locomotion_1,X3,34.47,0.0
Locomotion_1,X3,34.542,0.0
Locomotion_1,X3,34.614,0.0
Locomotion_1,X3,34.686,0.0
Locomotion_1,X3,34.758,0.0
Locomotion_1,X3,34.829,0.0
Locomotion_1,X3,34.901,0.0
Locomotion_1,X3,34.973,0.0
Locomotion_1,X3,35.045,0.0
Locomotion_1,X3,35.117,0.0
Locomotion_1,X3,35.189,0.0
Locomotion_1,X3,35.26,0.0
Locomotion_1,X3,35.332,0.0
Locomotion_1,X3,35.404,0.0
Locomotion_1,X3,35.476,0.0
Locomotion_1,X3,35.548,0.0
Locomotion_1,X3,35.619,0.0
Locomotion_1,X3,35.691,0.0
Locomotion_1,X3,35.763,0.0
Locomotion_1,X3,35.835,0.0
Locomotion_1,X3,35.907,0.0
Locomotion_1,X3,35.978,0.0
Locomotion_1,X3,36.05,0.0
Locomotion_1,X3,36.122,0.0
Locomotion_1,X3,36.194,0.0
Locomotion_1,X3,36.266,0.0
Locomotion_1,X3,36.338,0.0
Locomotion_1,X3,36.409,0.0
Locomotion_1,X3,36.481,0.0
Locomotion_1,X3,36.553,0.0
Locomotion_1,X3,36.625,0.0
Locomotion_1,X3,36.697,0.0
Locomotion_1,X3,36.768,0.0
Locomotion_1,X3,36.84,0.0
Locomotion_1,X3,36.912,0.0
Locomotion_1,X3,36.984,0.0
Locomotion_1,X3,37.056,0.0
Locomotion_1,X3,37.127,0.0
Locomotion_1,X3,37.199,0.0
Locomotion_1,X3,37.271,0.0
Locomotion_1,X3,37.343,0.0
Locomotion_1,X3,37.415,0.0
Locomotion_1,X3,37.487,0.0
Locomotion_1,X3,37.558,0.0
Locomotion_1,X3,37.63,0.0
Locomotion_1,X3,37.702,0.0
Locomotion_1,X3,37.774,0.0
Locomotion_1,X3,37.846,0.0
Locomotion_1,X3,37.917,0.0
Locomotion_1,X3,37.989,0.0
Locomotion_1,X3,38.061,0.0
Locomotion_1,X3,38.133,0.0
Locomotion_1,X3,38.205,0.0
Locomotion_1,X3,38.276,0.0
Locomotion_1,X3,38.348,0.0
Locomotion_1,X3,38.42,0.0
Locomotion_1,X3,38.492,0.0
Locomotion_1,X3,38.564,0.0
Locomotion_1,X3,38.636,0.0
Locomotion_1,X3,38.707,0.0
Locomotion_1,X3,38.779,0.0
Locomotion_1,X3,38.851,0.0
Locomotion_1,X3,38.923,0.0
Locomotion_1,X3,38.995,0.0
Locomotion_1,X3,39.066,0.0
Locomotion_1,X3,39.138,0.0
Locomotion_1,X3,39.21,0.0
Locomotion_1,X3,39.282,0.0
Locomotion_1,X3,39.354,0.0
Locomotion_1,X3,39.425,0.0
Locomotion_1,X3,39.497,0.0
Locomotion_1,X3,39.569,0.0
Locomotion_1,X3,39.641,0.0
Locomotion_1,X3,39.713,0.0
Locomotion_1,X3,39.785,0.0
Locomotion_1,X3,39.856,0.0
Locomotion_1,X3,39.928,0.0
Locomotion_1,X3,40.0,0.0
Locomotion_1,X3,40.072,0.0
Locomotion_1,X3,40.144,0.0
Locomotion_1,X3,40.215,0.0
Locomotion_1,X3,40.287,0.0
Locomotion_1,X3,40.359,0.0
Locomotion_1,X3,40.431,0.0
Locomotion_1,X3,40.503,0.0
Locomotion_1,X3,40.575,0.0
Locomotion_1,X3,40.646,0.0
Locomotion_1,X3,40.718,0.0
Locomotion_1,X3,40.79,0.0
Locomotion_1,X3,40.862,0.0
Locomotion_1,X3,40.934,0.0
Locomotion_1,X3,41.005,0.0
Locomotion_1,X3,41.077,0.0
Locomotion_1,X3,41.149,0.0
Locomotion_1,X3,41.221,0.0
Locomotion_1,X3,41.293,0.0
Locomotion_1,X3,41.364,0.0
Locomotion_1,X3,41.436,0.0
Locomotion_1,X3,41.508,0.0
Locomotion_1,X3,41.58,0.0
Locomotion_1,X3,41.652,0.0
Locomotion_1,X3,41.724,0.0
Locomotion_1,X3,41.795,0.0
Locomotion_1,X3,41.867,0.0
Locomotion_1,X3,41.939,0.0
Locomotion_1,X3,42.011,0.0
Locomotion_1,X3,42.083,0.0
Locomotion_1,X3,42.154,0.0
Locomotion_1,X3,42.226,0.0
Locomotion_1,X3,42.298,0.0
Locomotion_1,X3,42.37,0.0
Locomotion_1,X3,42.442,0.0
Locomotion_1,X3,42.513,0.0
Locomotion_1,X3,42.585,0.0
Locomotion_1,X3,42.657,0.0
Locomotion_1,X3,42.729,0.0
Locomotion_1,X3,42.801,0.0
Locomotion_1,X3,42.873,0.0
Locomotion_1,X3,42.944,0.0
Locomotion_1,X3,43.016,0.0
Locomotion_1,X3,43.088,0.0
Locomotion_1,X3,43.16,0.0
Locomotion_1,X3,43.232,0.0
Locomotion_1,X3,43.303,0.0
Locomotion_1,X3,43.375,0.0
Locomotion_1,X3,43.447,0.0
Locomotion_1,X3,43.519,0.0
Locomotion_1,X3,43.591,0.0
Locomotion_1,X3,43.662,0.0
Locomotion_1,X3,43.734,0.0
Locomotion_1,X3,43.806,0.0
Locomotion_1,X3,43.878,0.0
Locomotion_1,X3,43.95,0.0
Locomotion_1,X3,44.022,0.0
Locomotion_1,X3,44.093,0.0
Locomotion_1,X3,44.165,0.0
Locomotion_1,X3,44.237,0.0
Locomotion_1,X3,44.309,0.0
Locomotion_1,X3,44.381,0.0
Locomotion_1,X3,44.452,0.0
Locomotion_1,X3,44.524,0.0
Locomotion_1,X3,44.596,0.0
Locomotion_1,X3,44.668,0.0
Locomotion_1,X3,44.74,0.0
Locomotion_1,X3,44.811,0.0
Locomotion_1,X3,44.883,0.0
Locomotion_1,X3,44.955,0.0
Locomotion_1,X3,45.027,0.0
Locomotion_1,X3,45.099,0.0
Locomotion_1,X3,45.171,0.0
Locomotion_1,X3,45.242,0.0
Locomotion_1,X3,45.314,0.0
Locomotion_1,X3,45.386,0.0
Locomotion_1,X3,45.458,0.0
Locomotion_1,X3,45.53,0.0
Locomotion_1,X3,45.601,0.0
Locomotion_1,X3,45.673,0.0
Locomotion_1,X3,45.745,0.0
Locomotion_1,X3,45.817,0.0
Locomotion_1,X3,45.889,0.0
Locomotion_1,X3,45.961,0.0
Locomotion_1,X3,46.032,0.0
Locomotion_1,X3,46.104,0.0
Locomotion_1,X3,46.176,0.0
Locomotion_1,X3,46.248,0.0
Locomotion_1,X3,46.32,0.0
Locomotion_1,X3,46.391,0.0
Locomotion_1,X3,46.463,0.0
Locomotion_1,X3,46.535,0.0
Locomotion_1,X3,46.607,0.0
Locomotion_1,X3,46.679,0.0
Locomotion_1,X3,46.75,0.0
Locomotion_1,X3,46.822,0.0
Locomotion_1,X3,46.894,0.0
Locomotion_1,X3,46.966,0.0
Locomotion_1,X3,47.038,0.0
Locomotion_1,X3,47.11,0.0
Locomotion_1,X3,47.181,0.0
Locomotion_1,X3,47.253,0.0
Locomotion_1,X3,47.325,0.0
Locomotion_1,X3,47.397,0.0
Locomotion_1,X3,47.469,0.0
Locomotion_1,X3,47.54,0.0
Locomotion_1,X3,47.612,0.0
Locomotion_1,X3,47.684,0.0
Locomotion_1,X3,47.756,0.0
Locomotion_1,X3,47.828,0.0
Locomotion_1,X3,47.899,0.0
Locomotion_1,X3,47.971,0.0
Locomotion_1,X3,48.043,0.0
Locomotion_1,X3,48.115,0.0
Locomotion_1,X3,48.187,0.0
Locomotion_1,X3,48.259,0.0
Locomotion_1,X3,48.33,0.0
Locomotion_1,X3,48.402,0.0
Locomotion_1,X3,48.474,0.0
Locomotion_1,X3,48.546,0.0
Locomotion_1,X3,48.618,0.0
Locomotion_1,X3,48.689,0.0
Locomotion_1,X3,48.761,0.0
Locomotion_1,X3,48.833,0.0
Locomotion_1,X3,48.905,0.0
Locomotion_1,X3,48.977,0.0
Locomotion_1,X3,49.048,0.0
Locomotion_1,X3,49.12,0.0
Locomotion_1,X3,49.192,0.0
Locomotion_1,X3,49.264,0.0
Locomotion_1,X3,49.336,0.0
Locomotion_1,X3,49.408,0.0
Locomotion_1,X3,49.479,0.0
Locomotion_1,X3,49.551,0.0
Locomotion_1,X3,49.623,0.0
Locomotion_1,X3,49.695,0.0
Locomotion_1,X3,49.767,0.0
Locomotion_1,X3,49.838,0.0
Locomotion_1,X3,49.91,0.0
Locomotion_1,X3,49.982,0.0
Locomotion_1,X3,50.054,0.0
Locomotion_1,X3,50.126,0.0
Locomotion_1,X3,50.197,0.0
Locomotion_1,X3,50.269,0.0
Locomotion_1,X3,50.341,0.0
Locomotion_1,X3,50.413,0.0
Locomotion_1,X3,50.485,0.0
Locomotion_1,X3,50.557,0.0
Locomotion_1,X3,50.628,0.0
Locomotion_1,X3,50.7,0.0
Locomotion_1,X3,50.772,0.0
Locomotion_1,X3,50.844,0.0
Locomotion_1,X3,50.916,0.0
Locomotion_1,X3,50.987,0.0
Locomotion_1,X3,51.059,0.0
Locomotion_1,X3,51.131,0.0
Locomotion_1,X3,51.203,0.0
Locomotion_1,X3,51.275,0.0
Locomotion_1,X3,51.346,0.0
Locomotion_1,X3,51.418,0.0
Locomotion_1,X3,51.49,0.0
Locomotion_1,X3,51.562,0.0
Locomotion_1,X3,51.634,0.0
Locomotion_1,X3,51.706,0.0
Locomotion_1,X3,51.777,0.0
Locomotion_1,X3,51.849,0.0
Locomotion_1,X3,51.921,0.0
Locomotion_1,X3,51.993,0.0
Locomotion_1,X3,52.065,0.0
Locomotion_1,X3,52.136,0.0
Locomotion_1,X3,52.208,0.0
Locomotion_1,X3,52.28,0.0
Locomotion_1,X3,52.352,0.0549
Locomotion_1,X3,52.424,1.0
Locomotion_1,X4,0.0,1.0
Locomotion_1,X4,0.072,1.0
Locomotion_1,X4,0.144,1.0
Locomotion_1,X4,0.215,1.0
Locomotion_1,X4,0.287,1.0
Locomotion_1,X4,0.359,1.0
Locomotion_1,X4,0.431,1.0
Locomotion_1,X4,0.503,1.0
Locomotion_1,X4,0.575,1.0
Locomotion_1,X4,0.646,1.0
Locomotion_1,X4,0.718,1.0
Locomotion_1,X4,0.79,1.0
Locomotion_1,X4,0.862,1.0
Locomotion_1,X4,0.934,1.0
Locomotion_1,X4,1.005,1.0
Locomotion_1,X4,1.077,1.0
Locomotion_1,X4,1.149,1.0
Locomotion_1,X4,1.221,1.0
Locomotion_1,X4,1.293,1.0
Locomotion_1,X4,1.364,1.0
Locomotion_1,X4,1.436,1.0
Locomotion_1,X4,1.508,1.0
Locomotion_1,X4,1.58,1.0
Locomotion_1,X4,1.652,1.0
Locomotion_1,X4,1.724,1.0
Locomotion_1,X4,1.795,1.0
Locomotion_1,X4,1.867,1.0
Locomotion_1,X4,1.939,1.0
Locomotion_1,X4,2.011,1.0
Locomotion_1,X4,2.083,1.0
Locomotion_1,X4,2.154,1.0
Locomotion_1,X4,2.226,1.0
Locomotion_1,X4,2.298,1.0
Locomotion_1,X4,2.37,1.0
Locomotion_1,X4,2.442,1.0
Locomotion_1,X4,2.513,1.0
Locomotion_1,X4,2.585,1.0
Locomotion_1,X4,2.657,1.0
Locomotion_1,X4,2.729,1.0
Locomotion_1,X4,2.801,1.0
Locomotion_1,X4,2.873,1.0
Locomotion_1,X4,2.944,1.0
Locomotion_1,X4,3.016,1.0
Locomotion_1,X4,3.088,1.0
Locomotion_1,X4,3.16,1.0
Locomotion_1,X4,3.232,1.0
Locomotion_1,X4,3.303,1.0
Locomotion_1,X4,3.375,1.0
Locomotion_1,X4,3.447,1.0
Locomotion_1,X4,3.519,1.0
Locomotion_1,X4,3.591,1.0
Locomotion_1,X4,3.662,1.0
Locomotion_1,X4,3.734,1.0
Locomotion_1,X4,3.806,1.0
Locomotion_1,X4,3.878,1.0
Locomotion_1,X4,3.95,1.0
Locomotion_1,X4,4.022,1.0
Locomotion_1,X4,4.093,1.0
Locomotion_1,X4,4.165,1.0
Locomotion_1,X4,4.237,1.0
Locomotion_1,X4,4.309,1.0
Locomotion_1,X4,4.381,1.0
Locomotion_1,X4,4.452,1.0
Locomotion_1,X4,4.524,1.0
Locomotion_1,X4,4.596,1.0
Locomotion_1,X4,4.668,1.0
Locomotion_1,X4,4.74,1.0
Locomotion_1,X4,4.811,1.0
Locomotion_1,X4,4.883,1.0
Locomotion_1,X4,4.955,1.0
Locomotion_1,X4,5.027,1.0
Locomotion_1,X4,5.099,1.0
Locomotion_1,X4,5.171,1.0
Locomotion_1,X4,5.242,1.0
Locomotion_1,X4,5.314,1.0
Locomotion_1,X4,5.386,1.0
Locomotion_1,X4,5.458,1.0
Locomotion_1,X4,5.53,1.0
Locomotion_1,X4,5.601,1.0
Locomotion_1,X4,5.673,1.0
Locomotion_1,X4,5.745,1.0
Locomotion_1,X4,5.817,1.0
Locomotion_1,X4,5.889,1.0
Locomotion_1,X4,5.961,1.0
Locomotion_1,X4,6.032,1.0
Locomotion_1,X4,6.104,1.0
Locomotion_1,X4,6.176,1.0
Locomotion_1,X4,6.248,1.0
Locomotion_1,X4,6.32,1.0
Locomotion_1,X4,6.391,1.0
Locomotion_1,X4,6.463,1.0
Locomotion_1,X4,6.535,1.0
Locomotion_1,X4,6.607,1.0
Locomotion_1,X4,6.679,1.0
Locomotion_1,X4,6.75,1.0
Locomotion_1,X4,6.822,1.0
Locomotion_1,X4,6.894,1.0
Locomotion_1,X4,6.966,1.0
Locomotion_1,X4,7.038,1.0
Locomotion_1,X4,7.11,1.0
Locomotion_1,X4,7.181,1.0
Locomotion_1,X4,7.253,1.0
Locomotion_1,X4,7.325,1.0
Locomotion_1,X4,7.397,1.0
Locomotion_1,X4,7.469,1.0
Locomotion_1,X4,7.54,1.0
Locomotion_1,X4,7.612,1.0
Locomotion_1,X4,7.684,1.0
Locomotion_1,X4,7.756,1.0
Locomotion_1,X4,7.828,1.0
Locomotion_1,X4,7.899,1.0
Locomotion_1,X4,7.971,1.0
Locomotion_1,X4,8.043,1.0
Locomotion_1,X4,8.115,1.0
Locomotion_1,X4,8.187,1.0
Locomotion_1,X4,8.259,1.0
Locomotion_1,X4,8.33,1.0
Locomotion_1,X4,8.402,1.0
Locomotion_1,X4,8.474,1.0
Locomotion_1,X4,8.546,1.0
Locomotion_1,X4,8.618,1.0
Locomotion_1,X4,8.689,1.0
Locomotion_1,X4,8.761,1.0
Locomotion_1,X4,8.833,1.0
Locomotion_1,X4,8.905,1.0
Locomotion_1,X4,8.977,1.0
Locomotion_1,X4,9.048,1.0
Locomotion_1,X4,9.12,1.0
Locomotion_1,X4,9.192,1.0
Locomotion_1,X4,9.264,1.0
Locomotion_1,X4,9.336,1.0
Locomotion_1,X4,9.408,1.0
Locomotion_1,X4,9.479,1.0
Locomotion_1,X4,9.551,1.0
Locomotion_1,X4,9.623,1.0
Locomotion_1,X4,9.695,1.0
Locomotion_1,X4,9.767,1.0
Locomotion_1,X4,9.838,1.0
Locomotion_1,X4,9.91,1.0
Locomotion_1,X4,9.982,1.0
Locomotion_1,X4,10.054,1.0
Locomotion_1,X4,10.126,1.0
Locomotion_1,X4,10.197,1.0
Locomotion_1,X4,10.269,1.0
Locomotion_1,X4,10.341,1.0
Locomotion_1,X4,10.413,1.0
Locomotion_1,X4,10.485,1.0
Locomotion_1,X4,10.557,1.0
Locomotion_1,X4,10.628,1.0
Locomotion_1,X4,10.7,1.0
Locomotion_1,X4,10.772,1.0
Locomotion_1,X4,10.844,1.0
Locomotion_1,X4,10.916,1.0
Locomotion_1,X4,10.987,1.0
Locomotion_1,X4,11.059,1.0
Locomotion_1,X4,11.131,1.0
Locomotion_1,X4,11.203,1.0
Locomotion_1,X4,11.275,1.0
Locomotion_1,X4,11.346,1.0
Locomotion_1,X4,11.418,1.0
Locomotion_1,X4,11.49,1.0
Locomotion_1,X4,11.562,1.0
Locomotion_1,X4,11.634,1.0
Locomotion_1,X4,11.706,1.0
Locomotion_1,X4,11.777,1.0
Locomotion_1,X4,11.849,1.0
Locomotion_1,X4,11.921,1.0
Locomotion_1,X4,11.993,1.0
Locomotion_1,X4,12.065,1.0
Locomotion_1,X4,12.136,1.0
Locomotion_1,X4,12.208,1.0
Locomotion_1,X4,12.28,1.0
Locomotion_1,X4,12.352,1.0
Locomotion_1,X4,12.424,1.0
Locomotion_1,X4,12.496,1.0
Locomotion_1,X4,12.567,1.0
Locomotion_1,X4,12.639,1.0
Locomotion_1,X4,12.711,1.0
Locomotion_1,X4,12.783,1.0
Locomotion_1,X4,12.855,1.0
Locomotion_1,X4,12.926,1.0
Locomotion_1,X4,12.998,1.0
Locomotion_1,X4,13.07,1.0
Locomotion_1,X4,13.142,1.0
Locomotion_1,X4,13.214,1.0
Locomotion_1,X4,13.285,1.0
Locomotion_1,X4,13.357,1.0
Locomotion_1,X4,13.429,1.0
Locomotion_1,X4,13.501,1.0
Locomotion_1,X4,13.573,1.0
Locomotion_1,X4,13.645,1.0
Locomotion_1,X4,13.716,1.0
Locomotion_1,X4,13.788,1.0
Locomotion_1,X4,13.86,1.0
Locomotion_1,X4,13.932,1.0
Locomotion_1,X4,14.004,1.0
Locomotion_1,X4,14.075,1.0
Locomotion_1,X4,14.147,1.0
Locomotion_1,X4,14.219,1.0
Locomotion_1,X4,14.291,1.0
Locomotion_1,X4,14.363,1.0
Locomotion_1,X4,14.434,1.0
Locomotion_1,X4,14.506,1.0
Locomotion_1,X4,14.578,1.0
Locomotion_1,X4,14.65,1.0
Locomotion_1,X4,14.722,1.0
Locomotion_1,X4,14.794,1.0
Locomotion_1,X4,14.865,1.0
Locomotion_1,X4,14.937,1.0
Locomotion_1,X4,15.009,1.0
Locomotion_1,X4,15.081,1.0
Locomotion_1,X4,15.153,1.0
Locomotion_1,X4,15.224,1.0
Locomotion_1,X4,15.296,1.0
Locomotion_1,X4,15.368,1.0
Locomotion_1,X4,15.44,1.0
Locomotion_1,X4,15.512,1.0
Locomotion_1,X4,15.583,1.0
Locomotion_1,X4,15.655,1.0
Locomotion_1,X4,15.727,1.0
Locomotion_1,X4,15.799,1.0
Locomotion_1,X4,15.871,1.0
Locomotion_1,X4,15.943,1.0
Locomotion_1,X4,16.014,1.0
Locomotion_1,X4,16.086,1.0
Locomotion_1,X4,16.158,1.0
Locomotion_1,X4,16.23,1.0
Locomotion_1,X4,16.302,1.0
Locomotion_1,X4,16.373,1.0
Locomotion_1,X4,16.445,1.0
Locomotion_1,X4,16.517,1.0
Locomotion_1,X4,16.589,1.0
Locomotion_1,X4,16.661,1.0
Locomotion_1,X4,16.732,1.0
Locomotion_1,X4,16.804,1.0
Locomotion_1,X4,16.876,1.0
Locomotion_1,X4,16.948,1.0
Locomotion_1,X4,17.02,1.0
Locomotion_1,X4,17.092,1.0
Locomotion_1,X4,17.163,1.0
Locomotion_1,X4,17.235,1.0
Locomotion_1,X4,17.307,1.0
Locomotion_1,X4,17.379,1.0
Locomotion_1,X4,17.451,1.0
Locomotion_1,X4,17.522,1.0
Locomotion_1,X4,17.594,1.0
Locomotion_1,X4,17.666,1.0
Locomotion_1,X4,17.738,1.0
Locomotion_1,X4,17.81,1.0
Locomotion_1,X4,17.882,1.0
Locomotion_1,X4,17.953,1.0
Locomotion_1,X4,18.025,1.0
Locomotion_1,X4,18.097,1.0
Locomotion_1,X4,18.169,1.0
Locomotion_1,X4,18.241,1.0
Locomotion_1,X4,18.312,1.0
Locomotion_1,X4,18.384,1.0
Locomotion_1,X4,18.456,1.0
Locomotion_1,X4,18.528,1.0
Locomotion_1,X4,18.6,1.0
Locomotion_1,X4,18.671,1.0
Locomotion_1,X4,18.743,1.0
Locomotion_1,X4,18.815,1.0
Locomotion_1,X4,18.887,1.0
Locomotion_1,X4,18.959,1.0
Locomotion_1,X4,19.031,1.0
Locomotion_1,X4,19.102,1.0
Locomotion_1,X4,19.174,1.0
Locomotion_1,X4,19.246,1.0
Locomotion_1,X4,19.318,1.0
Locomotion_1,X4,19.39,1.0
Locomotion_1,X4,19.461,1.0
Locomotion_1,X4,19.533,1.0
Locomotion_1,X4,19.605,1.0
Locomotion_1,X4,19.677,1.0
Locomotion_1,X4,19.749,1.0
Locomotion_1,X4,19.82,1.0
Locomotion_1,X4,19.892,1.0
Locomotion_1,X4,19.964,1.0
Locomotion_1,X4,20.036,1.0
Locomotion_1,X4,20.108,1.0
Locomotion_1,X4,20.18,1.0
Locomotion_1,X4,20.251,1.0
Locomotion_1,X4,20.323,1.0
Locomotion_1,X4,20.395,1.0
Locomotion_1,X4,20.467,1.0
Locomotion_1,X4,20.539,1.0
Locomotion_1,X4,20.61,1.0
Locomotion_1,X4,20.682,1.0
Locomotion_1,X4,20.754,1.0
Locomotion_1,X4,20.826,1.0
Locomotion_1,X4,20.898,1.0
Locomotion_1,X4,20.969,1.0
Locomotion_1,X4,21.041,1.0
Locomotion_1,X4,21.113,1.0
Locomotion_1,X4,21.185,1.0
Locomotion_1,X4,21.257,1.0
Locomotion_1,X4,21.329,1.0
Locomotion_1,X4,21.4,1.0
Locomotion_1,X4,21.472,1.0
Locomotion_1,X4,21.544,1.0
Locomotion_1,X4,21.616,1.0
Locomotion_1,X4,21.688,1.0
Locomotion_1,X4,21.759,1.0
Locomotion_1,X4,21.831,1.0
Locomotion_1,X4,21.903,1.0
Locomotion_1,X4,21.975,1.0
Locomotion_1,X4,22.047,1.0
Locomotion_1,X4,22.118,1.0
Locomotion_1,X4,22.19,1.0
Locomotion_1,X4,22.262,1.0
Locomotion_1,X4,22.334,1.0
Locomotion_1,X4,22.406,1.0
Locomotion_1,X4,22.478,1.0
Locomotion_1,X4,22.549,1.0
Locomotion_1,X4,22.621,1.0
Locomotion_1,X4,22.693,1.0
Locomotion_1,X4,22.765,1.0
Locomotion_1,X4,22.837,1.0
Locomotion_1,X4,22.908,1.0
Locomotion_1,X4,22.98,1.0
Locomotion_1,X4,23.052,1.0
Locomotion_1,X4,23.124,1.0
Locomotion_1,X4,23.196,1.0
Locomotion_1,X4,23.268,1.0
Locomotion_1,X4,23.339,1.0
Locomotion_1,X4,23.411,1.0
Locomotion_1,X4,23.483,1.0
Locomotion_1,X4,23.555,1.0
Locomotion_1,X4,23.627,1.0
Locomotion_1,X4,23.698,1.0
Locomotion_1,X4,23.77,1.0
Locomotion_1,X4,23.842,1.0
Locomotion_1,X4,23.914,1.0
Locomotion_1,X4,23.986,1.0
Locomotion_1,X4,24.057,1.0
Locomotion_1,X4,24.129,1.0
Locomotion_1,X4,24.201,1.0
Locomotion_1,X4,24.273,1.0
Locomotion_1,X4,24.345,1.0
Locomotion_1,X4,24.417,1.0
Locomotion_1,X4,24.488,1.0
Locomotion_1,X4,24.56,1.0
Locomotion_1,X4,24.632,1.0
Locomotion_1,X4,24.704,1.0
Locomotion_1,X4,24.776,1.0
Locomotion_1,X4,24.847,1.0
Locomotion_1,X4,24.919,1.0
Locomotion_1,X4,24.991,1.0
Locomotion_1,X4,25.063,1.0
Locomotion_1,X4,25.135,1.0
Locomotion_1,X4,25.206,1.0
Locomotion_1,X4,25.278,1.0
Locomotion_1,X4,25.35,1.0
Locomotion_1,X4,25.422,1.0
Locomotion_1,X4,25.494,1.0
Locomotion_1,X4,25.566,1.0
Locomotion_1,X4,25.637,1.0
Locomotion_1,X4,25.709,1.0
Locomotion_1,X4,25.781,1.0
Locomotion_1,X4,25.853,1.0
Locomotion_1,X4,25.925,1.0
Locomotion_1,X4,25.996,1.0
Locomotion_1,X4,26.068,1.0
Locomotion_1,X4,26.14,1.0
Locomotion_1,X4,26.212,1.0
Locomotion_1,X4,26.284,1.0
Locomotion_1,X4,26.355,1.0
Locomotion_1,X4,26.427,1.0
Locomotion_1,X4,26.499,1.0
Locomotion_1,X4,26.571,1.0
Locomotion_1,X4,26.643,1.0
Locomotion_1,X4,26.715,1.0
Locomotion_1,X4,26.786,1.0
Locomotion_1,X4,26.858,1.0
Locomotion_1,X4,26.93,1.0
Locomotion_1,X4,27.002,1.0
Locomotion_1,X4,27.074,1.0
Locomotion_1,X4,27.145,1.0
Locomotion_1,X4,27.217,1.0
Locomotion_1,X4,27.289,1.0
Locomotion_1,X4,27.361,1.0
Locomotion_1,X4,27.433,1.0
Locomotion_1,X4,27.504,1.0
Locomotion_1,X4,27.576,1.0
Locomotion_1,X4,27.648,1.0
Locomotion_1,X4,27.72,1.0
Locomotion_1,X4,27.792,1.0
Locomotion_1,X4,27.864,1.0
Locomotion_1,X4,27.935,1.0
Locomotion_1,X4,28.007,1.0
Locomotion_1,X4,28.079,1.0
Locomotion_1,X4,28.151,1.0
Locomotion_1,X4,28.223,1.0
Locomotion_1,X4,28.294,1.0
Locomotion_1,X4,28.366,1.0
Locomotion_1,X4,28.438,1.0
Locomotion_1,X4,28.51,1.0
Locomotion_1,X4,28.582,1.0
Locomotion_1,X4,28.654,1.0
Locomotion_1,X4,28.725,1.0
Locomotion_1,X4,28.797,1.0
Locomotion_1,X4,28.869,1.0
Locomotion_1,X4,28.941,1.0
Locomotion_1,X4,29.013,1.0
Locomotion_1,X4,29.084,1.0
Locomotion_1,X4,29.156,1.0
Locomotion_1,X4,29.228,1.0
Locomotion_1,X4,29.3,1.0
Locomotion_1,X4,29.372,1.0
Locomotion_1,X4,29.443,1.0
Locomotion_1,X4,29.515,1.0
Locomotion_1,X4,29.587,1.0
Locomotion_1,X4,29.659,1.0
Locomotion_1,X4,29.731,1.0
Locomotion_1,X4,29.803,1.0
Locomotion_1,X4,29.874,1.0
Locomotion_1,X4,29.946,1.0
Locomotion_1,X4,30.018,1.0
Locomotion_1,X4,30.09,1.0
Locomotion_1,X4,30.162,1.0
Locomotion_1,X4,30.233,1.0
Locomotion_1,X4,30.305,1.0
Locomotion_1,X4,30.377,1.0
Locomotion_1,X4,30.449,1.0
Locomotion_1,X4,30.521,1.0
Locomotion_1,X4,30.592,1.0
Locomotion_1,X4,30.664,1.0
Locomotion_1,X4,30.736,1.0
Locomotion_1,X4,30.808,1.0
Locomotion_1,X4,30.88,1.0
Locomotion_1,X4,30.952,1.0
Locomotion_1,X4,31.023,1.0
Locomotion_1,X4,31.095,1.0
Locomotion_1,X4,31.167,1.0
Locomotion_1,X4,31.239,1.0
Locomotion_1,X4,31.311,1.0
Locomotion_1,X4,31.382,1.0
Locomotion_1,X4,31.454,1.0
Locomotion_1,X4,31.526,1.0
Locomotion_1,X4,31.598,1.0
Locomotion_1,X4,31.67,1.0
Locomotion_1,X4,31.741,1.0
Locomotion_1,X4,31.813,1.0
Locomotion_1,X4,31.885,1.0
Locomotion_1,X4,31.957,1.0
Locomotion_1,X4,32.029,1.0
Locomotion_1,X4,32.101,1.0
Locomotion_1,X4,32.172,1.0
Locomotion_1,X4,32.244,1.0
Locomotion_1,X4,32.316,1.0
Locomotion_1,X4,32.388,1.0
Locomotion_1,X4,32.46,1.0
Locomotion_1,X4,32.531,1.0
Locomotion_1,X4,32.603,1.0
Locomotion_1,X4,32.675,1.0
Locomotion_1,X4,32.747,1.0
Locomotion_1,X4,32.819,1.0
Locomotion_1,X4,32.89,1.0
Locomotion_1,X4,32.962,1.0
Locomotion_1,X4,33.034,1.0
Locomotion_1,X4,33.106,1.0
Locomotion_1,X4,33.178,1.0
Locomotion_1,X4,33.25,1.0
Locomotion_1,X4,33.321,1.0
Locomotion_1,X4,33.393,1.0
Locomotion_1,X4,33.465,1.0
Locomotion_1,X4,33.537,1.0
Locomotion_1,X4,33.609,1.0
Locomotion_1,X4,33.68,1.0
Locomotion_1,X4,33.752,1.0
Locomotion_1,X4,33.824,1.0
Locomotion_1,X4,33.896,1.0
Locomotion_1,X4,33.968,1.0
Locomotion_1,X4,34.039,1.0
Locomotion_1,X4,34.111,1.0
Locomotion_1,X4,34.183,1.0
Locomotion_1,X4,34.255,1.0
Locomotion_1,X4,34.327,1.0
Locomotion_1,X4,34.399,1.0
Locomotion_1,X4,34.47,1.0
Locomotion_1,X4,34.542,1.0
Locomotion_1,X4,34.614,1.0
Locomotion_1,X4,34.686,1.0
Locomotion_1,X4,34.758,1.0
Locomotion_1,X4,34.829,1.0
Locomotion_1,X4,34.901,1.0
Locomotion_1,X4,34.973,1.0
Locomotion_1,X4,35.045,1.0
Locomotion_1,X4,35.117,1.0
Locomotion_1,X4,35.189,1.0
Locomotion_1,X4,35.26,1.0
Locomotion_1,X4,35.332,1.0
Locomotion_1,X4,35.404,1.0
Locomotion_1,X4,35.476,1.0
Locomotion_1,X4,35.548,1.0
Locomotion_1,X4,35.619,1.0
Locomotion_1,X4,35.691,1.0
Locomotion_1,X4,35.763,1.0
Locomotion_1,X4,35.835,1.0
Locomotion_1,X4,35.907,1.0
Locomotion_1,X4,35.978,1.0
Locomotion_1,X4,36.05,1.0
Locomotion_1,X4,36.122,1.0
Locomotion_1,X4,36.194,1.0
Locomotion_1,X4,36.266,1.0
Locomotion_1,X4,36.338,1.0
Locomotion_1,X4,36.409,1.0
Locomotion_1,X4,36.481,1.0
Locomotion_1,X4,36.553,1.0
Locomotion_1,X4,36.625,1.0
Locomotion_1,X4,36.697,1.0
Locomotion_1,X4,36.768,1.0
Locomotion_1,X4,36.84,1.0
Locomotion_1,X4,36.912,1.0
Locomotion_1,X4,36.984,1.0
Locomotion_1,X4,37.056,1.0
Locomotion_1,X4,37.127,1.0
Locomotion_1,X4,37.199,1.0
Locomotion_1,X4,37.271,1.0
Locomotion_1,X4,37.343,1.0
Locomotion_1,X4,37.415,1.0
Locomotion_1,X4,37.487,1.0
Locomotion_1,X4,37.558,1.0
Locomotion_1,X4,37.63,1.0
Locomotion_1,X4,37.702,1.0
Locomotion_1,X4,37.774,1.0
Locomotion_1,X4,37.846,1.0
Locomotion_1,X4,37.917,1.0
Locomotion_1,X4,37.989,1.0
Locomotion_1,X4,38.061,1.0
Locomotion_1,X4,38.133,1.0
Locomotion_1,X4,38.205,1.0
Locomotion_1,X4,38.276,1.0
Locomotion_1,X4,38.348,1.0
Locomotion_1,X4,38.42,1.0
Locomotion_1,X4,38.492,1.0
Locomotion_1,X4,38.564,1.0
Locomotion_1,X4,38.636,1.0
Locomotion_1,X4,38.707,1.0
Locomotion_1,X4,38.779,1.0
Locomotion_1,X4,38.851,1.0
Locomotion_1,X4,38.923,1.0
Locomotion_1,X4,38.995,1.0
Locomotion_1,X4,39.066,1.0
Locomotion_1,X4,39.138,1.0
Locomotion_1,X4,39.21,1.0
Locomotion_1,X4,39.282,1.0
Locomotion_1,X4,39.354,1.0
Locomotion_1,X4,39.425,1.0
Locomotion_1,X4,39.497,1.0
Locomotion_1,X4,39.569,1.0
Locomotion_1,X4,39.641,1.0
Locomotion_1,X4,39.713,1.0
Locomotion_1,X4,39.785,1.0
Locomotion_1,X4,39.856,1.0
Locomotion_1,X4,39.928,1.0
Locomotion_1,X4,40.0,1.0
Locomotion_1,X4,40.072,1.0
Locomotion_1,X4,40.144,1.0
Locomotion_1,X4,40.215,1.0
Locomotion_1,X4,40.287,1.0
Locomotion_1,X4,40.359,1.0
Locomotion_1,X4,40.431,1.0
Locomotion_1,X4,40.503,1.0
Locomotion_1,X4,40.575,1.0
Locomotion_1,X4,40.646,1.0
Locomotion_1,X4,40.718,1.0
Locomotion_1,X4,40.79,1.0
Locomotion_1,X4,40.862,1.0
Locomotion_1,X4,40.934,1.0
Locomotion_1,X4,41.005,1.0
Locomotion_1,X4,41.077,1.0
Locomotion_1,X4,41.149,1.0
Locomotion_1,X4,41.221,1.0
Locomotion_1,X4,41.293,1.0
Locomotion_1,X4,41.364,1.0
Locomotion_1,X4,41.436,1.0
Locomotion_1,X4,41.508,1.0
Locomotion_1,X4,41.58,1.0
Locomotion_1,X4,41.652,1.0
Locomotion_1,X4,41.724,1.0
Locomotion_1,X4,41.795,1.0
Locomotion_1,X4,41.867,1.0
Locomotion_1,X4,41.939,1.0
Locomotion_1,X4,42.011,1.0
Locomotion_1,X4,42.083,1.0
Locomotion_1,X4,42.154,1.0
Locomotion_1,X4,42.226,1.0
Locomotion_1,X4,42.298,1.0
Locomotion_1,X4,42.37,1.0
Locomotion_1,X4,42.442,1.0
Locomotion_1,X4,42.513,1.0
Locomotion_1,X4,42.585,1.0
Locomotion_1,X4,42.657,1.0
Locomotion_1,X4,42.729,1.0
Locomotion_1,X4,42.801,1.0
Locomotion_1,X4,42.873,1.0
Locomotion_1,X4,42.944,1.0
Locomotion_1,X4,43.016,1.0
Locomotion_1,X4,43.088,1.0
Locomotion_1,X4,43.16,1.0
Locomotion_1,X4,43.232,1.0
Locomotion_1,X4,43.303,1.0
Locomotion_1,X4,43.375,1.0
Locomotion_1,X4,43.447,1.0
Locomotion_1,X4,43.519,1.0
Locomotion_1,X4,43.591,1.0
Locomotion_1,X4,43.662,1.0
Locomotion_1,X4,43.734,1.0
Locomotion_1,X4,43.806,1.0
Locomotion_1,X4,43.878,1.0
Locomotion_1,X4,43.95,1.0
Locomotion_1,X4,44.022,1.0
Locomotion_1,X4,44.093,1.0
Locomotion_1,X4,44.165,1.0
Locomotion_1,X4,44.237,1.0
Locomotion_1,X4,44.309,1.0
Locomotion_1,X4,44.381,1.0
Locomotion_1,X4,44.452,1.0
Locomotion_1,X4,44.524,1.0
Locomotion_1,X4,44.596,1.0
Locomotion_1,X4,44.668,1.0
Locomotion_1,X4,44.74,1.0
Locomotion_1,X4,44.811,1.0
Locomotion_1,X4,44.883,1.0
Locomotion_1,X4,44.955,1.0
Locomotion_1,X4,45.027,1.0
Locomotion_1,X4,45.099,1.0
Locomotion_1,X4,45.171,1.0
Locomotion_1,X4,45.242,1.0
Locomotion_1,X4,45.314,1.0
Locomotion_1,X4,45.386,1.0
Locomotion_1,X4,45.458,1.0
Locomotion_1,X4,45.53,1.0
Locomotion_1,X4,45.601,1.0
Locomotion_1,X4,45.673,1.0
Locomotion_1,X4,45.745,1.0
Locomotion_1,X4,45.817,1.0
Locomotion_1,X4,45.889,1.0
Locomotion_1,X4,45.961,1.0
Locomotion_1,X4,46.032,1.0
Locomotion_1,X4,46.104,1.0
Locomotion_1,X4,46.176,1.0
Locomotion_1,X4,46.248,1.0
Locomotion_1,X4,46.32,1.0
Locomotion_1,X4,46.391,1.0
Locomotion_1,X4,46.463,1.0
Locomotion_1,X4,46.535,1.0
Locomotion_1,X4,46.607,1.0
Locomotion_1,X4,46.679,1.0
Locomotion_1,X4,46.75,1.0
Locomotion_1,X4,46.822,1.0
Locomotion_1,X4,46.894,1.0
Locomotion_1,X4,46.966,1.0
Locomotion_1,X4,47.038,1.0
Locomotion_1,X4,47.11,1.0
Locomotion_1,X4,47.181,1.0
Locomotion_1,X4,47.253,1.0
Locomotion_1,X4,47.325,1.0
Locomotion_1,X4,47.397,1.0
Locomotion_1,X4,47.469,1.0
Locomotion_1,X4,47.54,1.0
Locomotion_1,X4,47.612,1.0
Locomotion_1,X4,47.684,1.0
Locomotion_1,X4,47.756,1.0
Locomotion_1,X4,47.828,1.0
Locomotion_1,X4,47.899,1.0
Locomotion_1,X4,47.971,1.0
Locomotion_1,X4,48.043,1.0
Locomotion_1,X4,48.115,1.0
Locomotion_1,X4,48.187,1.0
Locomotion_1,X4,48.259,1.0
Locomotion_1,X4,48.33,1.0
Locomotion_1,X4,48.402,1.0
Locomotion_1,X4,48.474,1.0
Locomotion_1,X4,48.546,1.0
Locomotion_1,X4,48.618,1.0
Locomotion_1,X4,48.689,1.0
Locomotion_1,X4,48.761,1.0
Locomotion_1,X4,48.833,1.0
Locomotion_1,X4,48.905,1.0
Locomotion_1,X4,48.977,1.0
Locomotion_1,X4,49.048,1.0
Locomotion_1,X4,49.12,1.0
Locomotion_1,X4,49.192,1.0
Locomotion_1,X4,49.264,1.0
Locomotion_1,X4,49.336,1.0
Locomotion_1,X4,49.408,1.0
Locomotion_1,X4,49.479,1.0
Locomotion_1,X4,49.551,1.0
Locomotion_1,X4,49.623,1.0
Locomotion_1,X4,49.695,1.0
Locomotion_1,X4,49.767,1.0
Locomotion_1,X4,49.838,1.0
Locomotion_1,X4,49.91,1.0
Locomotion_1,X4,49.982,1.0
Locomotion_1,X4,50.054,1.0
Locomotion_1,X4,50.126,1.0
Locomotion_1,X4,50.197,1.0
Locomotion_1,X4,50.269,1.0
Locomotion_1,X4,50.341,1.0
Locomotion_1,X4,50.413,1.0
Locomotion_1,X4,50.485,1.0
Locomotion_1,X4,50.557,1.0
Locomotion_1,X4,50.628,1.0
Locomotion_1,X4,50.7,1.0
Locomotion_1,X4,50.772,1.0
Locomotion_1,X4,50.844,1.0
Locomotion_1,X4,50.916,1.0
Locomotion_1,X4,50.987,1.0
Locomotion_1,X4,51.059,1.0
Locomotion_1,X4,51.131,1.0
Locomotion_1,X4,51.203,1.0
Locomotion_1,X4,51.275,1.0
Locomotion_1,X4,51.346,1.0
Locomotion_1,X4,51.418,1.0
Locomotion_1,X4,51.49,1.0
Locomotion_1,X4,51.562,1.0
Locomotion_1,X4,51.634,1.0
Locomotion_1,X4,51.706,1.0
Locomotion_1,X4,51.777,1.0
Locomotion_1,X4,51.849,1.0
Locomotion_1,X4,51.921,1.0
Locomotion_1,X4,51.993,1.0
Locomotion_1,X4,52.065,1.0
Locomotion_1,X4,52.136,1.0
Locomotion_1,X4,52.208,1.0
Locomotion_1,X4,52.28,1.0
Locomotion_1,X4,52.352,1.0
Locomotion_1,X4,52.424,1.0
Locomotion_1,X5,0.0,1.0
Locomotion_1,X5,0.072,0.0549
Locomotion_1,X5,0.144,0.0
Locomotion_1,X5,0.215,0.0
Locomotion_1,X5,0.287,0.0
Locomotion_1,X5,0.359,0.0
Locomotion_1,X5,0.431,0.0
Locomotion_1,X5,0.503,0.0
Locomotion_1,X5,0.575,0.0
Locomotion_1,X5,0.646,0.0
Locomotion_1,X5,0.718,0.0
Locomotion_1,X5,0.79,0.0
Locomotion_1,X5,0.862,0.0
Locomotion_1,X5,0.934,0.0
Locomotion_1,X5,1.005,0.0
Locomotion_1,X5,1.077,0.0
Locomotion_1,X5,1.149,0.0
Locomotion_1,X5,1.221,0.0
Locomotion_1,X5,1.293,0.0
Locomotion_1,X5,1.364,0.0
Locomotion_1,X5,1.436,0.0
Locomotion_1,X5,1.508,0.0
Locomotion_1,X5,1.58,0.0
Locomotion_1,X5,1.652,0.0
Locomotion_1,X5,1.724,0.0
Locomotion_1,X5,1.795,0.0
Locomotion_1,X5,1.867,0.0
Locomotion_1,X5,1.939,0.0
Locomotion_1,X5,2.011,0.0
Locomotion_1,X5,2.083,0.0
Locomotion_1,X5,2.154,0.0
Locomotion_1,X5,2.226,0.0
Locomotion_1,X5,2.298,0.0
Locomotion_1,X5,2.37,0.0
Locomotion_1,X5,2.442,0.0
Locomotion_1,X5,2.513,0.0
Locomotion_1,X5,2.585,0.0
Locomotion_1,X5,2.657,0.0
Locomotion_1,X5,2.729,0.0
Locomotion_1,X5,2.801,0.0
Locomotion_1,X5,2.873,0.0
Locomotion_1,X5,2.944,0.0
Locomotion_1,X5,3.016,0.0
Locomotion_1,X5,3.088,0.0
Locomotion_1,X5,3.16,0.0
Locomotion_1,X5,3.232,0.0
Locomotion_1,X5,3.303,0.0
Locomotion_1,X5,3.375,0.0
Locomotion_1,X5,3.447,0.0
Locomotion_1,X5,3.519,0.0
Locomotion_1,X5,3.591,0.0
Locomotion_1,X5,3.662,0.0
Locomotion_1,X5,3.734,0.0
Locomotion_1,X5,3.806,0.0
Locomotion_1,X5,3.878,0.0
Locomotion_1,X5,3.95,0.0
Locomotion_1,X5,4.022,0.0
Locomotion_1,X5,4.093,0.0
Locomotion_1,X5,4.165,0.0
Locomotion_1,X5,4.237,0.0
Locomotion_1,X5,4.309,0.0
Locomotion_1,X5,4.381,0.0
Locomotion_1,X5,4.452,0.0
Locomotion_1,X5,4.524,0.0
Locomotion_1,X5,4.596,0.0
Locomotion_1,X5,4.668,0.0
Locomotion_1,X5,4.74,0.0
Locomotion_1,X5,4.811,0.0
Locomotion_1,X5,4.883,0.0
Locomotion_1,X5,4.955,0.0
Locomotion_1,X5,5.027,0.0
Locomotion_1,X5,5.099,0.0
Locomotion_1,X5,5.171,0.0
Locomotion_1,X5,5.242,0.0
Locomotion_1,X5,5.314,0.0
Locomotion_1,X5,5.386,0.0
Locomotion_1,X5,5.458,0.0
Locomotion_1,X5,5.53,0.0
Locomotion_1,X5,5.601,0.0
Locomotion_1,X5,5.673,0.0
Locomotion_1,X5,5.745,0.0
Locomotion_1,X5,5.817,0.0
Locomotion_1,X5,5.889,0.0
Locomotion_1,X5,5.961,0.0
Locomotion_1,X5,6.032,0.0
Locomotion_1,X5,6.104,0.0
Locomotion_1,X5,6.176,0.0
Locomotion_1,X5,6.248,0.0
Locomotion_1,X5,6.32,0.0
Locomotion_1,X5,6.391,0.0
Locomotion_1,X5,6.463,0.0
Locomotion_1,X5,6.535,0.0
Locomotion_1,X5,6.607,0.0
Locomotion_1,X5,6.679,0.0
Locomotion_1,X5,6.75,0.0
Locomotion_1,X5,6.822,0.0
Locomotion_1,X5,6.894,0.0
Locomotion_1,X5,6.966,0.0
Locomotion_1,X5,7.038,0.0
Locomotion_1,X5,7.11,0.0
Locomotion_1,X5,7.181,0.0
Locomotion_1,X5,7.253,0.0
Locomotion_1,X5,7.325,0.0
Locomotion_1,X5,7.397,0.0
Locomotion_1,X5,7.469,0.0
Locomotion_1,X5,7.54,0.0
Locomotion_1,X5,7.612,0.0
Locomotion_1,X5,7.684,0.0
Locomotion_1,X5,7.756,0.0
Locomotion_1,X5,7.828,0.0
Locomotion_1,X5,7.899,0.0
Locomotion_1,X5,7.971,0.0
Locomotion_1,X5,8.043,0.0
Locomotion_1,X5,8.115,0.0
Locomotion_1,X5,8.187,0.0
Locomotion_1,X5,8.259,0.0
Locomotion_1,X5,8.33,0.0
Locomotion_1,X5,8.402,0.0
Locomotion_1,X5,8.474,0.0
Locomotion_1,X5,8.546,0.0
Locomotion_1,X5,8.618,0.0
Locomotion_1,X5,8.689,0.0
Locomotion_1,X5,8.761,0.0
Locomotion_1,X5,8.833,0.0
Locomotion_1,X5,8.905,0.0
Locomotion_1,X5,8.977,0.0
Locomotion_1,X5,9.048,0.0
Locomotion_1,X5,9.12,0.0
Locomotion_1,X5,9.192,0.0
Locomotion_1,X5,9.264,0.0
Locomotion_1,X5,9.336,0.0
Locomotion_1,X5,9.408,0.0
Locomotion_1,X5,9.479,0.0
Locomotion_1,X5,9.551,0.0
Locomotion_1,X5,9.623,0.0
Locomotion_1,X5,9.695,0.0
Locomotion_1,X5,9.767,0.0
Locomotion_1,X5,9.838,0.0
Locomotion_1,X5,9.91,0.0
Locomotion_1,X5,9.982,0.0
Locomotion_1,X5,10.054,0.0
Locomotion_1,X5,10.126,0.0
Locomotion_1,X5,10.197,0.0
Locomotion_1,X5,10.269,0.0
Locomotion_1,X5,10.341,0.0
Locomotion_1,X5,10.413,0.0
Locomotion_1,X5,10.485,0.0
Locomotion_1,X5,10.557,0.0
Locomotion_1,X5,10.628,0.0
Locomotion_1,X5,10.7,0.0
Locomotion_1,X5,10.772,0.0
Locomotion_1,X5,10.844,0.0
Locomotion_1,X5,10.916,0.0
Locomotion_1,X5,10.987,0.0
Locomotion_1,X5,11.059,0.0
Locomotion_1,X5,11.131,0.0
Locomotion_1,X5,11.203,0.0
Locomotion_1,X5,11.275,0.0
Locomotion_1,X5,11.346,0.0
Locomotion_1,X5,11.418,0.0
Locomotion_1,X5,11.49,0.0
Locomotion_1,X5,11.562,0.0
Locomotion_1,X5,11.634,0.0
Locomotion_1,X5,11.706,0.0
Locomotion_1,X5,11.777,0.0
Locomotion_1,X5,11.849,0.0
Locomotion_1,X5,11.921,0.0
Locomotion_1,X5,11.993,0.0
Locomotion_1,X5,12.065,0.0
Locomotion_1,X5,12.136,0.0
Locomotion_1,X5,12.208,0.0
Locomotion_1,X5,12.28,0.0
Locomotion_1,X5,12.352,0.0
Locomotion_1,X5,12.424,0.0
Locomotion_1,X5,12.496,0.0
Locomotion_1,X5,12.567,0.0
Locomotion_1,X5,12.639,0.0
Locomotion_1,X5,12.711,0.0
Locomotion_1,X5,12.783,0.0
Locomotion_1,X5,12.855,0.0
Locomotion_1,X5,12.926,0.0
Locomotion_1,X5,12.998,0.0
Locomotion_1,X5,13.07,0.0
Locomotion_1,X5,13.142,0.0
Locomotion_1,X5,13.214,0.0
Locomotion_1,X5,13.285,0.0
Locomotion_1,X5,13.357,0.0
Locomotion_1,X5,13.429,0.0
Locomotion_1,X5,13.501,0.0
Locomotion_1,X5,13.573,0.0
Locomotion_1,X5,13.645,0.0
Locomotion_1,X5,13.716,0.0
Locomotion_1,X5,13.788,0.0
Locomotion_1,X5,13.86,0.0
Locomotion_1,X5,13.932,0.0
Locomotion_1,X5,14.004,0.0
Locomotion_1,X5,14.075,0.0
Locomotion_1,X5,14.147,0.0
Locomotion_1,X5,14.219,0.0
Locomotion_1,X5,14.291,0.0
Locomotion_1,X5,14.363,0.0
Locomotion_1,X5,14.434,0.0
Locomotion_1,X5,14.506,0.0
Locomotion_1,X5,14.578,0.0
Locomotion_1,X5,14.65,0.0
Locomotion_1,X5,14.722,0.0
Locomotion_1,X5,14.794,0.0
Locomotion_1,X5,14.865,0.0
Locomotion_1,X5,14.937,0.0
Locomotion_1,X5,15.009,0.0
Locomotion_1,X5,15.081,0.0
Locomotion_1,X5,15.153,0.0
Locomotion_1,X5,15.224,0.0
Locomotion_1,X5,15.296,0.0
Locomotion_1,X5,15.368,0.0
Locomotion_1,X5,15.44,0.0
Locomotion_1,X5,15.512,0.0
Locomotion_1,X5,15.583,0.0
Locomotion_1,X5,15.655,0.0
Locomotion_1,X5,15.727,0.0
Locomotion_1,X5,15.799,0.0
Locomotion_1,X5,15.871,0.0
Locomotion_1,X5,15.943,0.0
Locomotion_1,X5,16.014,0.0
Locomotion_1,X5,16.086,0.0
Locomotion_1,X5,16.158,0.0
Locomotion_1,X5,16.23,0.0
Locomotion_1,X5,16.302,0.0
Locomotion_1,X5,16.373,0.0
Locomotion_1,X5,16.445,0.0
Locomotion_1,X5,16.517,0.0
Locomotion_1,X5,16.589,0.0
Locomotion_1,X5,16.661,0.0
Locomotion_1,X5,16.732,0.0
Locomotion_1,X5,16.804,0.0
Locomotion_1,X5,16.876,0.0
Locomotion_1,X5,16.948,0.0
Locomotion_1,X5,17.02,0.0
Locomotion_1,X5,17.092,0.0
Locomotion_1,X5,17.163,0.0
Locomotion_1,X5,17.235,0.0
Locomotion_1,X5,17.307,0.0
Locomotion_1,X5,17.379,0.0
Locomotion_1,X5,17.451,0.0
Locomotion_1,X5,17.522,0.0
Locomotion_1,X5,17.594,0.0
Locomotion_1,X5,17.666,0.0
Locomotion_1,X5,17.738,0.0
Locomotion_1,X5,17.81,0.0
Locomotion_1,X5,17.882,0.0
Locomotion_1,X5,17.953,0.0
Locomotion_1,X5,18.025,0.0
Locomotion_1,X5,18.097,0.0
Locomotion_1,X5,18.169,0.0
Locomotion_1,X5,18.241,0.0
Locomotion_1,X5,18.312,0.0
Locomotion_1,X5,18.384,0.0
Locomotion_1,X5,18.456,0.0
Locomotion_1,X5,18.528,0.0
Locomotion_1,X5,18.6,0.0
Locomotion_1,X5,18.671,0.0
Locomotion_1,X5,18.743,0.0
Locomotion_1,X5,18.815,0.0
Locomotion_1,X5,18.887,0.0
Locomotion_1,X5,18.959,0.0
Locomotion_1,X5,19.031,0.0
Locomotion_1,X5,19.102,0.0
Locomotion_1,X5,19.174,0.0
Locomotion_1,X5,19.246,0.0
Locomotion_1,X5,19.318,0.0
Locomotion_1,X5,19.39,0.0
Locomotion_1,X5,19.461,0.0
Locomotion_1,X5,19.533,0.0
Locomotion_1,X5,19.605,0.0
Locomotion_1,X5,19.677,0.0
Locomotion_1,X5,19.749,0.0
Locomotion_1,X5,19.82,0.0
Locomotion_1,X5,19.892,0.0
Locomotion_1,X5,19.964,0.0
Locomotion_1,X5,20.036,0.0
Locomotion_1,X5,20.108,0.0
Locomotion_1,X5,20.18,0.0
Locomotion_1,X5,20.251,0.0
Locomotion_1,X5,20.323,0.0
Locomotion_1,X5,20.395,0.0
Locomotion_1,X5,20.467,0.0
Locomotion_1,X5,20.539,0.0
Locomotion_1,X5,20.61,0.0
Locomotion_1,X5,20.682,0.0
Locomotion_1,X5,20.754,0.0
Locomotion_1,X5,20.826,0.0
Locomotion_1,X5,20.898,0.0
Locomotion_1,X5,20.969,0.0
Locomotion_1,X5,21.041,0.0
Locomotion_1,X5,21.113,0.0
Locomotion_1,X5,21.185,0.0
Locomotion_1,X5,21.257,0.0
Locomotion_1,X5,21.329,0.0
Locomotion_1,X5,21.4,0.0
Locomotion_1,X5,21.472,0.0
Locomotion_1,X5,21.544,0.0
Locomotion_1,X5,21.616,0.0
Locomotion_1,X5,21.688,0.0
Locomotion_1,X5,21.759,0.0
Locomotion_1,X5,21.831,0.0
Locomotion_1,X5,21.903,0.0
Locomotion_1,X5,21.975,0.0
Locomotion_1,X5,22.047,0.0
Locomotion_1,X5,22.118,0.0
Locomotion_1,X5,22.19,0.0
Locomotion_1,X5,22.262,0.0
Locomotion_1,X5,22.334,0.0
Locomotion_1,X5,22.406,0.0
Locomotion_1,X5,22.478,0.0
Locomotion_1,X5,22.549,0.0
Locomotion_1,X5,22.621,0.0
Locomotion_1,X5,22.693,0.0
Locomotion_1,X5,22.765,0.0
Locomotion_1,X5,22.837,0.0
Locomotion_1,X5,22.908,0.0
Locomotion_1,X5,22.98,0.0
Locomotion_1,X5,23.052,0.0
Locomotion_1,X5,23.124,0.0
Locomotion_1,X5,23.196,0.0
Locomotion_1,X5,23.268,0.0
Locomotion_1,X5,23.339,0.0
Locomotion_1,X5,23.411,0.0
Locomotion_1,X5,23.483,0.0
Locomotion_1,X5,23.555,0.0
Locomotion_1,X5,23.627,0.0
Locomotion_1,X5,23.698,0.0
Locomotion_1,X5,23.77,0.0
Locomotion_1,X5,23.842,0.0
Locomotion_1,X5,23.914,0.0
Locomotion_1,X5,23.986,0.0
Locomotion_1,X5,24.057,0.0
Locomotion_1,X5,24.129,0.0
Locomotion_1,X5,24.201,0.0
Locomotion_1,X5,24.273,0.0
Locomotion_1,X5,24.345,0.0
Locomotion_1,X5,24.417,0.0
Locomotion_1,X5,24.488,0.0
Locomotion_1,X5,24.56,0.0
Locomotion_1,X5,24.632,0.0
Locomotion_1,X5,24.704,0.0
Locomotion_1,X5,24.776,0.0
Locomotion_1,X5,24.847,0.0
Locomotion_1,X5,24.919,0.0
Locomotion_1,X5,24.991,0.0
Locomotion_1,X5,25.063,0.0
Locomotion_1,X5,25.135,0.0
Locomotion_1,X5,25.206,0.0
Locomotion_1,X5,25.278,0.0
Locomotion_1,X5,25.35,0.0
Locomotion_1,X5,25.422,0.0
Locomotion_1,X5,25.494,0.0
Locomotion_1,X5,25.566,0.0
Locomotion_1,X5,25.637,0.0
Locomotion_1,X5,25.709,0.0
Locomotion_1,X5,25.781,0.0
Locomotion_1,X5,25.853,0.0
Locomotion_1,X5,25.925,0.0
Locomotion_1,X5,25.996,0.0
Locomotion_1,X5,26.068,0.0
Locomotion_1,X5,26.14,0.0
Locomotion_1,X5,26.212,0.0
Locomotion_1,X5,26.284,0.0
Locomotion_1,X5,26.355,0.0
Locomotion_1,X5,26.427,0.0
Locomotion_1,X5,26.499,0.0
Locomotion_1,X5,26.571,0.0
Locomotion_1,X5,26.643,0.0
Locomotion_1,X5,26.715,0.0
Locomotion_1,X5,26.786,0.0
Locomotion_1,X5,26.858,0.0
Locomotion_1,X5,26.93,0.0
Locomotion_1,X5,27.002,0.0
Locomotion_1,X5,27.074,0.0
Locomotion_1,X5,27.145,0.0
Locomotion_1,X5,27.217,0.0
Locomotion_1,X5,27.289,0.0
Locomotion_1,X5,27.361,0.0
Locomotion_1,X5,27.433,0.0
Locomotion_1,X5,27.504,0.0
Locomotion_1,X5,27.576,0.0
Locomotion_1,X5,27.648,0.0
Locomotion_1,X5,27.72,0.0
Locomotion_1,X5,27.792,0.0
Locomotion_1,X5,27.864,0.0
Locomotion_1,X5,27.935,0.0
Locomotion_1,X5,28.007,0.0
Locomotion_1,X5,28.079,0.0
Locomotion_1,X5,28.151,0.0
Locomotion_1,X5,28.223,0.0
Locomotion_1,X5,28.294,0.0
Locomotion_1,X5,28.366,0.0
Locomotion_1,X5,28.438,0.0
Locomotion_1,X5,28.51,0.0
Locomotion_1,X5,28.582,0.0
Locomotion_1,X5,28.654,0.0
Locomotion_1,X5,28.725,0.0
Locomotion_1,X5,28.797,0.0
Locomotion_1,X5,28.869,0.0
Locomotion_1,X5,28.941,0.0
Locomotion_1,X5,29.013,0.0
Locomotion_1,X5,29.084,0.0
Locomotion_1,X5,29.156,0.0
Locomotion_1,X5,29.228,0.0
Locomotion_1,X5,29.3,0.0
Locomotion_1,X5,29.372,0.0
Locomotion_1,X5,29.443,0.0
Locomotion_1,X5,29.515,0.0
Locomotion_1,X5,29.587,0.0
Locomotion_1,X5,29.659,0.0
Locomotion_1,X5,29.731,0.0
Locomotion_1,X5,29.803,0.0
Locomotion_1,X5,29.874,0.0
Locomotion_1,X5,29.946,0.0
Locomotion_1,X5,30.018,0.0
Locomotion_1,X5,30.09,0.0
Locomotion_1,X5,30.162,0.0
Locomotion_1,X5,30.233,0.0
Locomotion_1,X5,30.305,0.0
Locomotion_1,X5,30.377,0.0
Locomotion_1,X5,30.449,0.0
Locomotion_1,X5,30.521,0.0
Locomotion_1,X5,30.592,0.0
Locomotion_1,X5,30.664,0.0
Locomotion_1,X5,30.736,0.0
Locomotion_1,X5,30.808,0.0
Locomotion_1,X5,30.88,0.0
Locomotion_1,X5,30.952,0.0
Locomotion_1,X5,31.023,0.0
Locomotion_1,X5,31.095,0.0
Locomotion_1,X5,31.167,0.0
Locomotion_1,X5,31.239,0.0
Locomotion_1,X5,31.311,0.0
Locomotion_1,X5,31.382,0.0
Locomotion_1,X5,31.454,0.0
Locomotion_1,X5,31.526,0.0
Locomotion_1,X5,31.598,0.0
Locomotion_1,X5,31.67,0.0
Locomotion_1,X5,31.741,0.0
Locomotion_1,X5,31.813,0.0
Locomotion_1,X5,31.885,0.0
Locomotion_1,X5,31.957,0.0
Locomotion_1,X5,32.029,0.0
Locomotion_1,X5,32.101,0.0
Locomotion_1,X5,32.172,0.0
Locomotion_1,X5,32.244,0.0
Locomotion_1,X5,32.316,0.0
Locomotion_1,X5,32.388,0.0
Locomotion_1,X5,32.46,0.0
Locomotion_1,X5,32.531,0.0
Locomotion_1,X5,32.603,0.0
Locomotion_1,X5,32.675,0.0
Locomotion_1,X5,32.747,0.0
Locomotion_1,X5,32.819,0.0
Locomotion_1,X5,32.89,0.0
Locomotion_1,X5,32.962,0.0
Locomotion_1,X5,33.034,0.0
Locomotion_1,X5,33.106,0.0
Locomotion_1,X5,33.178,0.0
Locomotion_1,X5,33.25,0.0
Locomotion_1,X5,33.321,0.0
Locomotion_1,X5,33.393,0.0
Locomotion_1,X5,33.465,0.0
Locomotion_1,X5,33.537,0.0
Locomotion_1,X5,33.609,0.0
Locomotion_1,X5,33.68,0.0
Locomotion_1,X5,33.752,0.0
Locomotion_1,X5,33.824,0.0
Locomotion_1,X5,33.896,0.0
Locomotion_1,X5,33.968,0.0
Locomotion_1,X5,34.039,0.0
Locomotion_1,X5,34.111,0.0
Locomotion_1,X5,34.183,0.0
Locomotion_1,X5,34.255,0.0
Locomotion_1,X5,34.327,0.0
Locomotion_1,X5,34.399,0.0
Locomotion_1,X5,34.47,0.0
Locomotion_1,X5,34.542,0.0
Locomotion_1,X5,34.614,0.0
Locomotion_1,X5,34.686,0.0
Locomotion_1,X5,34.758,0.0
Locomotion_1,X5,34.829,0.0
Locomotion_1,X5,34.901,0.0
Locomotion_1,X5,34.973,0.0
Locomotion_1,X5,35.045,0.0
Locomotion_1,X5,35.117,0.0
Locomotion_1,X5,35.189,0.0
Locomotion_1,X5,35.26,0.0
Locomotion_1,X5,35.332,0.0
Locomotion_1,X5,35.404,0.0
Locomotion_1,X5,35.476,0.0
Locomotion_1,X5,35.548,0.0
Locomotion_1,X5,35.619,0.0
Locomotion_1,X5,35.691,0.0
Locomotion_1,X5,35.763,0.0
Locomotion_1,X5,35.835,0.0
Locomotion_1,X5,35.907,0.0
Locomotion_1,X5,35.978,0.0
Locomotion_1,X5,36.05,0.0
Locomotion_1,X5,36.122,0.0
Locomotion_1,X5,36.194,0.0
Locomotion_1,X5,36.266,0.0
Locomotion_1,X5,36.338,0.0
Locomotion_1,X5,36.409,0.0
Locomotion_1,X5,36.481,0.0
Locomotion_1,X5,36.553,0.0
Locomotion_1,X5,36.625,0.0
Locomotion_1,X5,36.697,0.0
Locomotion_1,X5,36.768,0.0
Locomotion_1,X5,36.84,0.0
Locomotion_1,X5,36.912,0.0
Locomotion_1,X5,36.984,0.0
Locomotion_1,X5,37.056,0.0
Locomotion_1,X5,37.127,0.0
Locomotion_1,X5,37.199,0.0
Locomotion_1,X5,37.271,0.0
Locomotion_1,X5,37.343,0.0
Locomotion_1,X5,37.415,0.0
Locomotion_1,X5,37.487,0.0
Locomotion_1,X5,37.558,0.0
Locomotion_1,X5,37.63,0.0
Locomotion_1,X5,37.702,0.0
Locomotion_1,X5,37.774,0.0
Locomotion_1,X5,37.846,0.0
Locomotion_1,X5,37.917,0.0
Locomotion_1,X5,37.989,0.0
Locomotion_1,X5,38.061,0.0
Locomotion_1,X5,38.133,0.0
Locomotion_1,X5,38.205,0.0
Locomotion_1,X5,38.276,0.0
Locomotion_1,X5,38.348,0.0
Locomotion_1,X5,38.42,0.0
Locomotion_1,X5,38.492,0.0
Locomotion_1,X5,38.564,0.0
Locomotion_1,X5,38.636,0.0
Locomotion_1,X5,38.707,0.0
Locomotion_1,X5,38.779,0.0
Locomotion_1,X5,38.851,0.0
Locomotion_1,X5,38.923,0.0
Locomotion_1,X5,38.995,0.0
Locomotion_1,X5,39.066,0.0
Locomotion_1,X5,39.138,0.0
Locomotion_1,X5,39.21,0.0
Locomotion_1,X5,39.282,0.0
Locomotion_1,X5,39.354,0.0
Locomotion_1,X5,39.425,0.0
Locomotion_1,X5,39.497,0.0
Locomotion_1,X5,39.569,0.0
Locomotion_1,X5,39.641,0.0
Locomotion_1,X5,39.713,0.0
Locomotion_1,X5,39.785,0.0
Locomotion_1,X5,39.856,0.0
Locomotion_1,X5,39.928,0.0
Locomotion_1,X5,40.0,0.0
Locomotion_1,X5,40.072,0.0
Locomotion_1,X5,40.144,0.0
Locomotion_1,X5,40.215,0.0
Locomotion_1,X5,40.287,0.0
Locomotion_1,X5,40.359,0.0
Locomotion_1,X5,40.431,0.0
Locomotion_1,X5,40.503,0.0
Locomotion_1,X5,40.575,0.0
Locomotion_1,X5,40.646,0.0
Locomotion_1,X5,40.718,0.0
Locomotion_1,X5,40.79,0.0
Locomotion_1,X5,40.862,0.0
Locomotion_1,X5,40.934,0.0
Locomotion_1,X5,41.005,0.0
Locomotion_1,X5,41.077,0.0
Locomotion_1,X5,41.149,0.0
Locomotion_1,X5,41.221,0.0
Locomotion_1,X5,41.293,0.0
Locomotion_1,X5,41.364,0.0
Locomotion_1,X5,41.436,0.0
Locomotion_1,X5,41.508,0.0
Locomotion_1,X5,41.58,0.0
Locomotion_1,X5,41.652,0.0
Locomotion_1,X5,41.724,0.0
Locomotion_1,X5,41.795,0.0
Locomotion_1,X5,41.867,0.0
Locomotion_1,X5,41.939,0.0
Locomotion_1,X5,42.011,0.0
Locomotion_1,X5,42.083,0.0
Locomotion_1,X5,42.154,0.0
Locomotion_1,X5,42.226,0.0
Locomotion_1,X5,42.298,0.0
Locomotion_1,X5,42.37,0.0
Locomotion_1,X5,42.442,0.0
Locomotion_1,X5,42.513,0.0
Locomotion_1,X5,42.585,0.0
Locomotion_1,X5,42.657,0.0
Locomotion_1,X5,42.729,0.0
Locomotion_1,X5,42.801,0.0
Locomotion_1,X5,42.873,0.0
Locomotion_1,X5,42.944,0.0
Locomotion_1,X5,43.016,0.0
Locomotion_1,X5,43.088,0.0
Locomotion_1,X5,43.16,0.0
Locomotion_1,X5,43.232,0.0
Locomotion_1,X5,43.303,0.0
Locomotion_1,X5,43.375,0.0
Locomotion_1,X5,43.447,0.0
Locomotion_1,X5,43.519,0.0
Locomotion_1,X5,43.591,0.0
Locomotion_1,X5,43.662,0.0
Locomotion_1,X5,43.734,0.0
Locomotion_1,X5,43.806,0.0
Locomotion_1,X5,43.878,0.0
Locomotion_1,X5,43.95,0.0
Locomotion_1,X5,44.022,0.0
Locomotion_1,X5,44.093,0.0
Locomotion_1,X5,44.165,0.0
Locomotion_1,X5,44.237,0.0
Locomotion_1,X5,44.309,0.0
Locomotion_1,X5,44.381,0.0
Locomotion_1,X5,44.452,0.0
Locomotion_1,X5,44.524,0.0
Locomotion_1,X5,44.596,0.0
Locomotion_1,X5,44.668,0.0
Locomotion_1,X5,44.74,0.0
Locomotion_1,X5,44.811,0.0
Locomotion_1,X5,44.883,0.0
Locomotion_1,X5,44.955,0.0
Locomotion_1,X5,45.027,0.0
Locomotion_1,X5,45.099,0.0
Locomotion_1,X5,45.171,0.0
Locomotion_1,X5,45.242,0.0
Locomotion_1,X5,45.314,0.0
Locomotion_1,X5,45.386,0.0
Locomotion_1,X5,45.458,0.0
Locomotion_1,X5,45.53,0.0
Locomotion_1,X5,45.601,0.0
Locomotion_1,X5,45.673,0.0
Locomotion_1,X5,45.745,0.0
Locomotion_1,X5,45.817,0.0
Locomotion_1,X5,45.889,0.0
Locomotion_1,X5,45.961,0.0
Locomotion_1,X5,46.032,0.0
Locomotion_1,X5,46.104,0.0
Locomotion_1,X5,46.176,0.0
Locomotion_1,X5,46.248,0.0
Locomotion_1,X5,46.32,0.0
Locomotion_1,X5,46.391,0.0
Locomotion_1,X5,46.463,0.0
Locomotion_1,X5,46.535,0.0
Locomotion_1,X5,46.607,0.0
Locomotion_1,X5,46.679,0.0
Locomotion_1,X5,46.75,0.0
Locomotion_1,X5,46.822,0.0
Locomotion_1,X5,46.894,0.0
Locomotion_1,X5,46.966,0.0
Locomotion_1,X5,47.038,0.0
Locomotion_1,X5,47.11,0.0
Locomotion_1,X5,47.181,0.0
Locomotion_1,X5,47.253,0.0
Locomotion_1,X5,47.325,0.0
Locomotion_1,X5,47.397,0.0
Locomotion_1,X5,47.469,0.0
Locomotion_1,X5,47.54,0.0
Locomotion_1,X5,47.612,0.0
Locomotion_1,X5,47.684,0.0
Locomotion_1,X5,47.756,0.0
Locomotion_1,X5,47.828,0.0
Locomotion_1,X5,47.899,0.0
Locomotion_1,X5,47.971,0.0
Locomotion_1,X5,48.043,0.0
Locomotion_1,X5,48.115,0.0
Locomotion_1,X5,48.187,0.0
Locomotion_1,X5,48.259,0.0
Locomotion_1,X5,48.33,0.0
Locomotion_1,X5,48.402,0.0
Locomotion_1,X5,48.474,0.0
Locomotion_1,X5,48.546,0.0
Locomotion_1,X5,48.618,0.0
Locomotion_1,X5,48.689,0.0
Locomotion_1,X5,48.761,0.0
Locomotion_1,X5,48.833,0.0
Locomotion_1,X5,48.905,0.0
Locomotion_1,X5,48.977,0.0
Locomotion_1,X5,49.048,0.0
Locomotion_1,X5,49.12,0.0
Locomotion_1,X5,49.192,0.0
Locomotion_1,X5,49.264,0.0
Locomotion_1,X5,49.336,0.0
Locomotion_1,X5,49.408,0.0
Locomotion_1,X5,49.479,0.0
Locomotion_1,X5,49.551,0.0
Locomotion_1,X5,49.623,0.0
Locomotion_1,X5,49.695,0.0
Locomotion_1,X5,49.767,0.0
Locomotion_1,X5,49.838,0.0
Locomotion_1,X5,49.91,0.0
Locomotion_1,X5,49.982,0.0
Locomotion_1,X5,50.054,0.0
Locomotion_1,X5,50.126,0.0
Locomotion_1,X5,50.197,0.0
Locomotion_1,X5,50.269,0.0
Locomotion_1,X5,50.341,0.0
Locomotion_1,X5,50.413,0.0
Locomotion_1,X5,50.485,0.0
Locomotion_1,X5,50.557,0.0
Locomotion_1,X5,50.628,0.0
Locomotion_1,X5,50.7,0.0
Locomotion_1,X5,50.772,0.0
Locomotion_1,X5,50.844,0.0
Locomotion_1,X5,50.916,0.0
Locomotion_1,X5,50.987,0.0
Locomotion_1,X5,51.059,0.0
Locomotion_1,X5,51.131,0.0
Locomotion_1,X5,51.203,0.0
Locomotion_1,X5,51.275,0.0
Locomotion_1,X5,51.346,0.0
Locomotion_1,X5,51.418,0.0
Locomotion_1,X5,51.49,0.0
Locomotion_1,X5,51.562,0.0
Locomotion_1,X5,51.634,0.0
Locomotion_1,X5,51.706,0.0
Locomotion_1,X5,51.777,0.0
Locomotion_1,X5,51.849,0.0
Locomotion_1,X5,51.921,0.0
Locomotion_1,X5,51.993,0.0
Locomotion_1,X5,52.065,0.0
Locomotion_1,X5,52.136,0.0
Locomotion_1,X5,52.208,0.0
Locomotion_1,X5,52.28,0.0
Locomotion_1,X5,52.352,0.0549
Locomotion_1,X5,52.424,1.0
Locomotion_1,X6,0.0,1.0
Locomotion_1,X6,0.072,0.0549
Locomotion_1,X6,0.144,0.0
Locomotion_1,X6,0.215,0.0
Locomotion_1,X6,0.287,0.0
Locomotion_1,X6,0.359,0.0
Locomotion_1,X6,0.431,0.0
Locomotion_1,X6,0.503,0.0
Locomotion_1,X6,0.575,0.0
Locomotion_1,X6,0.646,0.0
Locomotion_1,X6,0.718,0.0
Locomotion_1,X6,0.79,0.0
Locomotion_1,X6,0.862,0.0
Locomotion_1,X6,0.934,0.0
Locomotion_1,X6,1.005,0.0
Locomotion_1,X6,1.077,0.0
Locomotion_1,X6,1.149,0.0
Locomotion_1,X6,1.221,0.0
Locomotion_1,X6,1.293,0.0
Locomotion_1,X6,1.364,0.0
Locomotion_1,X6,1.436,0.0
Locomotion_1,X6,1.508,0.0
Locomotion_1,X6,1.58,0.0
Locomotion_1,X6,1.652,0.0
Locomotion_1,X6,1.724,0.0
Locomotion_1,X6,1.795,0.0
Locomotion_1,X6,1.867,0.0
Locomotion_1,X6,1.939,0.0
Locomotion_1,X6,2.011,0.0
Locomotion_1,X6,2.083,0.0
Locomotion_1,X6,2.154,0.0
Locomotion_1,X6,2.226,0.0
Locomotion_1,X6,2.298,0.0
Locomotion_1,X6,2.37,0.0
Locomotion_1,X6,2.442,0.0
Locomotion_1,X6,2.513,0.0
Locomotion_1,X6,2.585,0.0
Locomotion_1,X6,2.657,0.0
Locomotion_1,X6,2.729,0.0
Locomotion_1,X6,2.801,0.0
Locomotion_1,X6,2.873,0.0
Locomotion_1,X6,2.944,0.0
Locomotion_1,X6,3.016,0.0
Locomotion_1,X6,3.088,0.0
Locomotion_1,X6,3.16,0.0
Locomotion_1,X6,3.232,0.0
Locomotion_1,X6,3.303,0.0
Locomotion_1,X6,3.375,0.0
Locomotion_1,X6,3.447,0.0
Locomotion_1,X6,3.519,0.0
Locomotion_1,X6,3.591,0.0
Locomotion_1,X6,3.662,0.0
Locomotion_1,X6,3.734,0.0
Locomotion_1,X6,3.806,0.0
Locomotion_1,X6,3.878,0.0
Locomotion_1,X6,3.95,0.0
Locomotion_1,X6,4.022,0.0
Locomotion_1,X6,4.093,0.0
Locomotion_1,X6,4.165,0.0
Locomotion_1,X6,4.237,0.0
Locomotion_1,X6,4.309,0.0
Locomotion_1,X6,4.381,0.0
Locomotion_1,X6,4.452,0.0
Locomotion_1,X6,4.524,0.0
Locomotion_1,X6,4.596,0.0
Locomotion_1,X6,4.668,0.0
Locomotion_1,X6,4.74,0.0
Locomotion_1,X6,4.811,0.0
Locomotion_1,X6,4.883,0.0
Locomotion_1,X6,4.955,0.0
Locomotion_1,X6,5.027,0.0
Locomotion_1,X6,5.099,0.0
Locomotion_1,X6,5.171,0.0
Locomotion_1,X6,5.242,0.0
Locomotion_1,X6,5.314,0.0
Locomotion_1,X6,5.386,0.0
Locomotion_1,X6,5.458,0.0
Locomotion_1,X6,5.53,0.0
Locomotion_1,X6,5.601,0.0
Locomotion_1,X6,5.673,0.0
Locomotion_1,X6,5.745,0.0
Locomotion_1,X6,5.817,0.0
Locomotion_1,X6,5.889,0.0
Locomotion_1,X6,5.961,0.0
Locomotion_1,X6,6.032,0.0
Locomotion_1,X6,6.104,0.0
Locomotion_1,X6,6.176,0.0
Locomotion_1,X6,6.248,0.0
Locomotion_1,X6,6.32,0.0
Locomotion_1,X6,6.391,0.0
Locomotion_1,X6,6.463,0.0
Locomotion_1,X6,6.535,0.0
Locomotion_1,X6,6.607,0.0
Locomotion_1,X6,6.679,0.0
Locomotion_1,X6,6.75,0.0
Locomotion_1,X6,6.822,0.0
Locomotion_1,X6,6.894,0.0
Locomotion_1,X6,6.966,0.0
Locomotion_1,X6,7.038,0.0
Locomotion_1,X6,7.11,0.0
Locomotion_1,X6,7.181,0.0
Locomotion_1,X6,7.253,0.0
Locomotion_1,X6,7.325,0.0
Locomotion_1,X6,7.397,0.0
Locomotion_1,X6,7.469,0.0
Locomotion_1,X6,7.54,0.0
Locomotion_1,X6,7.612,0.0
Locomotion_1,X6,7.684,0.0
Locomotion_1,X6,7.756,0.0
Locomotion_1,X6,7.828,0.0
Locomotion_1,X6,7.899,0.0
Locomotion_1,X6,7.971,0.0
Locomotion_1,X6,8.043,0.0
Locomotion_1,X6,8.115,0.0
Locomotion_1,X6,8.187,0.0
Locomotion_1,X6,8.259,0.0
Locomotion_1,X6,8.33,0.0
Locomotion_1,X6,8.402,0.0
Locomotion_1,X6,8.474,0.0
Locomotion_1,X6,8.546,0.0
Locomotion_1,X6,8.618,0.0
Locomotion_1,X6,8.689,0.0
Locomotion_1,X6,8.761,0.0
Locomotion_1,X6,8.833,0.0
Locomotion_1,X6,8.905,0.0
Locomotion_1,X6,8.977,0.0
Locomotion_1,X6,9.048,0.0
Locomotion_1,X6,9.12,0.0
Locomotion_1,X6,9.192,0.0
Locomotion_1,X6,9.264,0.0
Locomotion_1,X6,9.336,0.0
Locomotion_1,X6,9.408,0.0
Locomotion_1,X6,9.479,0.0
Locomotion_1,X6,9.551,0.0
Locomotion_1,X6,9.623,0.0
Locomotion_1,X6,9.695,0.0
Locomotion_1,X6,9.767,0.0
Locomotion_1,X6,9.838,0.0
Locomotion_1,X6,9.91,0.0
Locomotion_1,X6,9.982,0.0
Locomotion_1,X6,10.054,0.0
Locomotion_1,X6,10.126,0.0
Locomotion_1,X6,10.197,0.0
Locomotion_1,X6,10.269,0.0
Locomotion_1,X6,10.341,0.0
Locomotion_1,X6,10.413,0.0
Locomotion_1,X6,10.485,0.0
Locomotion_1,X6,10.557,0.0
Locomotion_1,X6,10.628,0.0
Locomotion_1,X6,10.7,0.0
Locomotion_1,X6,10.772,0.0
Locomotion_1,X6,10.844,0.0
Locomotion_1,X6,10.916,0.0
Locomotion_1,X6,10.987,0.0
Locomotion_1,X6,11.059,0.0
Locomotion_1,X6,11.131,0.0
Locomotion_1,X6,11.203,0.0
Locomotion_1,X6,11.275,0.0
Locomotion_1,X6,11.346,0.0
Locomotion_1,X6,11.418,0.0
Locomotion_1,X6,11.49,0.0
Locomotion_1,X6,11.562,0.0
Locomotion_1,X6,11.634,0.0
Locomotion_1,X6,11.706,0.0
Locomotion_1,X6,11.777,0.0
Locomotion_1,X6,11.849,0.0
Locomotion_1,X6,11.921,0.0
Locomotion_1,X6,11.993,0.0
Locomotion_1,X6,12.065,0.0
Locomotion_1,X6,12.136,0.0
Locomotion_1,X6,12.208,0.0
Locomotion_1,X6,12.28,0.0
Locomotion_1,X6,12.352,0.0
Locomotion_1,X6,12.424,0.0
Locomotion_1,X6,12.496,0.0
Locomotion_1,X6,12.567,0.0
Locomotion_1,X6,12.639,0.0
Locomotion_1,X6,12.711,0.0
Locomotion_1,X6,12.783,0.0
Locomotion_1,X6,12.855,0.0
Locomotion_1,X6,12.926,0.0
Locomotion_1,X6,12.998,0.0
Locomotion_1,X6,13.07,0.0
Locomotion_1,X6,13.142,0.0
Locomotion_1,X6,13.214,0.0
Locomotion_1,X6,13.285,0.0
Locomotion_1,X6,13.357,0.0
Locomotion_1,X6,13.429,0.0
Locomotion_1,X6,13.501,0.0
Locomotion_1,X6,13.573,0.0
Locomotion_1,X6,13.645,0.0
Locomotion_1,X6,13.716,0.0
Locomotion_1,X6,13.788,0.0
Locomotion_1,X6,13.86,0.0
Locomotion_1,X6,13.932,0.0
Locomotion_1,X6,14.004,0.0
Locomotion_1,X6,14.075,0.0
Locomotion_1,X6,14.147,0.0
Locomotion_1,X6,14.219,0.0
Locomotion_1,X6,14.291,0.0
Locomotion_1,X6,14.363,0.0
Locomotion_1,X6,14.434,0.0
Locomotion_1,X6,14.506,0.0
Locomotion_1,X6,14.578,0.0
Locomotion_1,X6,14.65,0.0
Locomotion_1,X6,14.722,0.0
Locomotion_1,X6,14.794,0.0
Locomotion_1,X6,14.865,0.0
Locomotion_1,X6,14.937,0.0
Locomotion_1,X6,15.009,0.0
Locomotion_1,X6,15.081,0.0
Locomotion_1,X6,15.153,0.0
Locomotion_1,X6,15.224,0.0
Locomotion_1,X6,15.296,0.0
Locomotion_1,X6,15.368,0.0
Locomotion_1,X6,15.44,0.0
Locomotion_1,X6,15.512,0.0
Locomotion_1,X6,15.583,0.0
Locomotion_1,X6,15.655,0.0
Locomotion_1,X6,15.727,0.0
Locomotion_1,X6,15.799,0.0
Locomotion_1,X6,15.871,0.0
Locomotion_1,X6,15.943,0.0
Locomotion_1,X6,16.014,0.0
Locomotion_1,X6,16.086,0.0
Locomotion_1,X6,16.158,0.0
Locomotion_1,X6,16.23,0.0
Locomotion_1,X6,16.302,0.0
Locomotion_1,X6,16.373,0.0
Locomotion_1,X6,16.445,0.0
Locomotion_1,X6,16.517,0.0
Locomotion_1,X6,16.589,0.0
Locomotion_1,X6,16.661,0.0
Locomotion_1,X6,16.732,0.0
Locomotion_1,X6,16.804,0.0
Locomotion_1,X6,16.876,0.0
Locomotion_1,X6,16.948,0.0
Locomotion_1,X6,17.02,0.0
Locomotion_1,X6,17.092,0.0
Locomotion_1,X6,17.163,0.0
Locomotion_1,X6,17.235,0.0
Locomotion_1,X6,17.307,0.0
Locomotion_1,X6,17.379,0.0
Locomotion_1,X6,17.451,0.0
Locomotion_1,X6,17.522,0.0
Locomotion_1,X6,17.594,0.0
Locomotion_1,X6,17.666,0.0
Locomotion_1,X6,17.738,0.0
Locomotion_1,X6,17.81,0.0
Locomotion_1,X6,17.882,0.0
Locomotion_1,X6,17.953,0.0
Locomotion_1,X6,18.025,0.0
Locomotion_1,X6,18.097,0.0
Locomotion_1,X6,18.169,0.0
Locomotion_1,X6,18.241,0.0
Locomotion_1,X6,18.312,0.0
Locomotion_1,X6,18.384,0.0
Locomotion_1,X6,18.456,0.0
Locomotion_1,X6,18.528,0.0
Locomotion_1,X6,18.6,0.0
Locomotion_1,X6,18.671,0.0
Locomotion_1,X6,18.743,0.0
Locomotion_1,X6,18.815,0.0
Locomotion_1,X6,18.887,0.0
Locomotion_1,X6,18.959,0.0
Locomotion_1,X6,19.031,0.0
Locomotion_1,X6,19.102,0.0
Locomotion_1,X6,19.174,0.0
Locomotion_1,X6,19.246,0.0
Locomotion_1,X6,19.318,0.0
Locomotion_1,X6,19.39,0.0
Locomotion_1,X6,19.461,0.0
Locomotion_1,X6,19.533,0.0
Locomotion_1,X6,19.605,0.0
Locomotion_1,X6,19.677,0.0
Locomotion_1,X6,19.749,0.0
Locomotion_1,X6,19.82,0.0
Locomotion_1,X6,19.892,0.0
Locomotion_1,X6,19.964,0.0
Locomotion_1,X6,20.036,0.0
Locomotion_1,X6,20.108,0.0
Locomotion_1,X6,20.18,0.0
Locomotion_1,X6,20.251,0.0
Locomotion_1,X6,20.323,0.0
Locomotion_1,X6,20.395,0.0
Locomotion_1,X6,20.467,0.0
Locomotion_1,X6,20.539,0.0
Locomotion_1,X6,20.61,0.0
Locomotion_1,X6,20.682,0.0
Locomotion_1,X6,20.754,0.0
Locomotion_1,X6,20.826,0.0
Locomotion_1,X6,20.898,0.0
Locomotion_1,X6,20.969,0.0
Locomotion_1,X6,21.041,0.0
Locomotion_1,X6,21.113,0.0
Locomotion_1,X6,21.185,0.0
Locomotion_1,X6,21.257,0.0
Locomotion_1,X6,21.329,0.0
Locomotion_1,X6,21.4,0.0
Locomotion_1,X6,21.472,0.0
Locomotion_1,X6,21.544,0.0
Locomotion_1,X6,21.616,0.0
Locomotion_1,X6,21.688,0.0
Locomotion_1,X6,21.759,0.0
Locomotion_1,X6,21.831,0.0
Locomotion_1,X6,21.903,0.0
Locomotion_1,X6,21.975,0.0
Locomotion_1,X6,22.047,0.0
Locomotion_1,X6,22.118,0.0
Locomotion_1,X6,22.19,0.0
Locomotion_1,X6,22.262,0.0
Locomotion_1,X6,22.334,0.0
Locomotion_1,X6,22.406,0.0
Locomotion_1,X6,22.478,0.0
Locomotion_1,X6,22.549,0.0
Locomotion_1,X6,22.621,0.0
Locomotion_1,X6,22.693,0.0
Locomotion_1,X6,22.765,0.0
Locomotion_1,X6,22.837,0.0
Locomotion_1,X6,22.908,0.0
Locomotion_1,X6,22.98,0.0
Locomotion_1,X6,23.052,0.0
Locomotion_1,X6,23.124,0.0
Locomotion_1,X6,23.196,0.0
Locomotion_1,X6,23.268,0.0
Locomotion_1,X6,23.339,0.0
Locomotion_1,X6,23.411,0.0
Locomotion_1,X6,23.483,0.0
Locomotion_1,X6,23.555,0.0
Locomotion_1,X6,23.627,0.0
Locomotion_1,X6,23.698,0.0
Locomotion_1,X6,23.77,0.0
Locomotion_1,X6,23.842,0.0
Locomotion_1,X6,23.914,0.0
Locomotion_1,X6,23.986,0.0
Locomotion_1,X6,24.057,0.0
Locomotion_1,X6,24.129,0.0
Locomotion_1,X6,24.201,0.0
Locomotion_1,X6,24.273,0.0
Locomotion_1,X6,24.345,0.0
Locomotion_1,X6,24.417,0.0
Locomotion_1,X6,24.488,0.0
Locomotion_1,X6,24.56,0.0
Locomotion_1,X6,24.632,0.0
Locomotion_1,X6,24.704,0.0
Locomotion_1,X6,24.776,0.0
Locomotion_1,X6,24.847,0.0
Locomotion_1,X6,24.919,0.0
Locomotion_1,X6,24.991,0.0
Locomotion_1,X6,25.063,0.0
Locomotion_1,X6,25.135,0.0
Locomotion_1,X6,25.206,0.0
Locomotion_1,X6,25.278,0.0
Locomotion_1,X6,25.35,0.0
Locomotion_1,X6,25.422,0.0
Locomotion_1,X6,25.494,0.0
Locomotion_1,X6,25.566,0.0
Locomotion_1,X6,25.637,0.0
Locomotion_1,X6,25.709,0.0
Locomotion_1,X6,25.781,0.0
Locomotion_1,X6,25.853,0.0
Locomotion_1,X6,25.925,0.0
Locomotion_1,X6,25.996,0.0
Locomotion_1,X6,26.068,0.0
Locomotion_1,X6,26.14,0.0
Locomotion_1,X6,26.212,0.0
Locomotion_1,X6,26.284,0.0
Locomotion_1,X6,26.355,0.0
Locomotion_1,X6,26.427,0.0
Locomotion_1,X6,26.499,0.0
Locomotion_1,X6,26.571,0.0
Locomotion_1,X6,26.643,0.0
Locomotion_1,X6,26.715,0.0
Locomotion_1,X6,26.786,0.0
Locomotion_1,X6,26.858,0.0
Locomotion_1,X6,26.93,0.0
Locomotion_1,X6,27.002,0.0
Locomotion_1,X6,27.074,0.0
Locomotion_1,X6,27.145,0.0
Locomotion_1,X6,27.217,0.0
Locomotion_1,X6,27.289,0.0
Locomotion_1,X6,27.361,0.0
Locomotion_1,X6,27.433,0.0
Locomotion_1,X6,27.504,0.0
Locomotion_1,X6,27.576,0.0
Locomotion_1,X6,27.648,0.0
Locomotion_1,X6,27.72,0.0
Locomotion_1,X6,27.792,0.0
Locomotion_1,X6,27.864,0.0
Locomotion_1,X6,27.935,0.0
Locomotion_1,X6,28.007,0.0
Locomotion_1,X6,28.079,0.0
Locomotion_1,X6,28.151,0.0
Locomotion_1,X6,28.223,0.0
Locomotion_1,X6,28.294,0.0
Locomotion_1,X6,28.366,0.0
Locomotion_1,X6,28.438,0.0
Locomotion_1,X6,28.51,0.0
Locomotion_1,X6,28.582,0.0
Locomotion_1,X6,28.654,0.0
Locomotion_1,X6,28.725,0.0
Locomotion_1,X6,28.797,0.0
Locomotion_1,X6,28.869,0.0
Locomotion_1,X6,28.941,0.0
Locomotion_1,X6,29.013,0.0
Locomotion_1,X6,29.084,0.0
Locomotion_1,X6,29.156,0.0
Locomotion_1,X6,29.228,0.0
Locomotion_1,X6,29.3,0.0
Locomotion_1,X6,29.372,0.0
Locomotion_1,X6,29.443,0.0
Locomotion_1,X6,29.515,0.0
Locomotion_1,X6,29.587,0.0
Locomotion_1,X6,29.659,0.0
Locomotion_1,X6,29.731,0.0
Locomotion_1,X6,29.803,0.0
Locomotion_1,X6,29.874,0.0
Locomotion_1,X6,29.946,0.0
Locomotion_1,X6,30.018,0.0
Locomotion_1,X6,30.09,0.0
Locomotion_1,X6,30.162,0.0
Locomotion_1,X6,30.233,0.0
Locomotion_1,X6,30.305,0.0
Locomotion_1,X6,30.377,0.0
Locomotion_1,X6,30.449,0.0
Locomotion_1,X6,30.521,0.0
Locomotion_1,X6,30.592,0.0
Locomotion_1,X6,30.664,0.0
Locomotion_1,X6,30.736,0.0
Locomotion_1,X6,30.808,0.0
Locomotion_1,X6,30.88,0.0
Locomotion_1,X6,30.952,0.0
Locomotion_1,X6,31.023,0.0
Locomotion_1,X6,31.095,0.0
Locomotion_1,X6,31.167,0.0
Locomotion_1,X6,31.239,0.0
Locomotion_1,X6,31.311,0.0
Locomotion_1,X6,31.382,0.0
Locomotion_1,X6,31.454,0.0
Locomotion_1,X6,31.526,0.0
Locomotion_1,X6,31.598,0.0
Locomotion_1,X6,31.67,0.0
Locomotion_1,X6,31.741,0.0
Locomotion_1,X6,31.813,0.0
Locomotion_1,X6,31.885,0.0
Locomotion_1,X6,31.957,0.0
Locomotion_1,X6,32.029,0.0
Locomotion_1,X6,32.101,0.0
Locomotion_1,X6,32.172,0.0
Locomotion_1,X6,32.244,0.0
Locomotion_1,X6,32.316,0.0
Locomotion_1,X6,32.388,0.0
Locomotion_1,X6,32.46,0.0
Locomotion_1,X6,32.531,0.0
Locomotion_1,X6,32.603,0.0
Locomotion_1,X6,32.675,0.0
Locomotion_1,X6,32.747,0.0
Locomotion_1,X6,32.819,0.0
Locomotion_1,X6,32.89,0.0
Locomotion_1,X6,32.962,0.0
Locomotion_1,X6,33.034,0.0
Locomotion_1,X6,33.106,0.0
Locomotion_1,X6,33.178,0.0
Locomotion_1,X6,33.25,0.0
Locomotion_1,X6,33.321,0.0
Locomotion_1,X6,33.393,0.0
Locomotion_1,X6,33.465,0.0
Locomotion_1,X6,33.537,0.0
Locomotion_1,X6,33.609,0.0
Locomotion_1,X6,33.68,0.0
Locomotion_1,X6,33.752,0.0
Locomotion_1,X6,33.824,0.0
Locomotion_1,X6,33.896,0.0
Locomotion_1,X6,33.968,0.0
Locomotion_1,X6,34.039,0.0
Locomotion_1,X6,34.111,0.0
Locomotion_1,X6,34.183,0.0
Locomotion_1,X6,34.255,0.0
Locomotion_1,X6,34.327,0.0
Locomotion_1,X6,34.399,0.0
Locomotion_1,X6,34.47,0.0
Locomotion_1,X6,34.542,0.0
Locomotion_1,X6,34.614,0.0
Locomotion_1,X6,34.686,0.0
Locomotion_1,X6,34.758,0.0
Locomotion_1,X6,34.829,0.0
Locomotion_1,X6,34.901,0.0
Locomotion_1,X6,34.973,0.0
Locomotion_1,X6,35.045,0.0
Locomotion_1,X6,35.117,0.0
Locomotion_1,X6,35.189,0.0
Locomotion_1,X6,35.26,0.0
Locomotion_1,X6,35.332,0.0
Locomotion_1,X6,35.404,0.0
Locomotion_1,X6,35.476,0.0
Locomotion_1,X6,35.548,0.0
Locomotion_1,X6,35.619,0.0
Locomotion_1,X6,35.691,0.0
Locomotion_1,X6,35.763,0.0
Locomotion_1,X6,35.835,0.0
Locomotion_1,X6,35.907,0.0
Locomotion_1,X6,35.978,0.0
Locomotion_1,X6,36.05,0.0
Locomotion_1,X6,36.122,0.0
Locomotion_1,X6,36.194,0.0
Locomotion_1,X6,36.266,0.0
Locomotion_1,X6,36.338,0.0
Locomotion_1,X6,36.409,0.0
Locomotion_1,X6,36.481,0.0
Locomotion_1,X6,36.553,0.0
Locomotion_1,X6,36.625,0.0
Locomotion_1,X6,36.697,0.0
Locomotion_1,X6,36.768,0.0
Locomotion_1,X6,36.84,0.0
Locomotion_1,X6,36.912,0.0
Locomotion_1,X6,36.984,0.0
Locomotion_1,X6,37.056,0.0
Locomotion_1,X6,37.127,0.0
Locomotion_1,X6,37.199,0.0
Locomotion_1,X6,37.271,0.0
Locomotion_1,X6,37.343,0.0
Locomotion_1,X6,37.415,0.0
Locomotion_1,X6,37.487,0.0
Locomotion_1,X6,37.558,0.0
Locomotion_1,X6,37.63,0.0
Locomotion_1,X6,37.702,0.0
Locomotion_1,X6,37.774,0.0
Locomotion_1,X6,37.846,0.0
Locomotion_1,X6,37.917,0.0
Locomotion_1,X6,37.989,0.0
Locomotion_1,X6,38.061,0.0
Locomotion_1,X6,38.133,0.0
Locomotion_1,X6,38.205,0.0
Locomotion_1,X6,38.276,0.0
Locomotion_1,X6,38.348,0.0
Locomotion_1,X6,38.42,0.0
Locomotion_1,X6,38.492,0.0
Locomotion_1,X6,38.564,0.0
Locomotion_1,X6,38.636,0.0
Locomotion_1,X6,38.707,0.0
Locomotion_1,X6,38.779,0.0
Locomotion_1,X6,38.851,0.0
Locomotion_1,X6,38.923,0.0
Locomotion_1,X6,38.995,0.0
Locomotion_1,X6,39.066,0.0
Locomotion_1,X6,39.138,0.0
Locomotion_1,X6,39.21,0.0
Locomotion_1,X6,39.282,0.0
Locomotion_1,X6,39.354,0.0
Locomotion_1,X6,39.425,0.0
Locomotion_1,X6,39.497,0.0
Locomotion_1,X6,39.569,0.0
Locomotion_1,X6,39.641,0.0
Locomotion_1,X6,39.713,0.0
Locomotion_1,X6,39.785,0.0
Locomotion_1,X6,39.856,0.0
Locomotion_1,X6,39.928,0.0
Locomotion_1,X6,40.0,0.0
Locomotion_1,X6,40.072,0.0
Locomotion_1,X6,40.144,0.0
Locomotion_1,X6,40.215,0.0
Locomotion_1,X6,40.287,0.0
Locomotion_1,X6,40.359,0.0
Locomotion_1,X6,40.431,0.0
Locomotion_1,X6,40.503,0.0
Locomotion_1,X6,40.575,0.0
Locomotion_1,X6,40.646,0.0
Locomotion_1,X6,40.718,0.0
Locomotion_1,X6,40.79,0.0
Locomotion_1,X6,40.862,0.0
Locomotion_1,X6,40.934,0.0
Locomotion_1,X6,41.005,0.0
Locomotion_1,X6,41.077,0.0
Locomotion_1,X6,41.149,0.0
Locomotion_1,X6,41.221,0.0
Locomotion_1,X6,41.293,0.0
Locomotion_1,X6,41.364,0.0
Locomotion_1,X6,41.436,0.0
Locomotion_1,X6,41.508,0.0
Locomotion_1,X6,41.58,0.0
Locomotion_1,X6,41.652,0.0
Locomotion_1,X6,41.724,0.0
Locomotion_1,X6,41.795,0.0
Locomotion_1,X6,41.867,0.0
Locomotion_1,X6,41.939,0.0
Locomotion_1,X6,42.011,0.0
Locomotion_1,X6,42.083,0.0
Locomotion_1,X6,42.154,0.0
Locomotion_1,X6,42.226,0.0
Locomotion_1,X6,42.298,0.0
Locomotion_1,X6,42.37,0.0
Locomotion_1,X6,42.442,0.0
Locomotion_1,X6,42.513,0.0
Locomotion_1,X6,42.585,0.0
Locomotion_1,X6,42.657,0.0
Locomotion_1,X6,42.729,0.0
Locomotion_1,X6,42.801,0.0
Locomotion_1,X6,42.873,0.0
Locomotion_1,X6,42.944,0.0
Locomotion_1,X6,43.016,0.0
Locomotion_1,X6,43.088,0.0
Locomotion_1,X6,43.16,0.0
Locomotion_1,X6,43.232,0.0
Locomotion_1,X6,43.303,0.0
Locomotion_1,X6,43.375,0.0
Locomotion_1,X6,43.447,0.0
Locomotion_1,X6,43.519,0.0
Locomotion_1,X6,43.591,0.0
Locomotion_1,X6,43.662,0.0
Locomotion_1,X6,43.734,0.0
Locomotion_1,X6,43.806,0.0
Locomotion_1,X6,43.878,0.0
Locomotion_1,X6,43.95,0.0
Locomotion_1,X6,44.022,0.0
Locomotion_1,X6,44.093,0.0
Locomotion_1,X6,44.165,0.0
Locomotion_1,X6,44.237,0.0
Locomotion_1,X6,44.309,0.0
Locomotion_1,X6,44.381,0.0
Locomotion_1,X6,44.452,0.0
Locomotion_1,X6,44.524,0.0
Locomotion_1,X6,44.596,0.0
Locomotion_1,X6,44.668,0.0
Locomotion_1,X6,44.74,0.0
Locomotion_1,X6,44.811,0.0
Locomotion_1,X6,44.883,0.0
Locomotion_1,X6,44.955,0.0
Locomotion_1,X6,45.027,0.0
Locomotion_1,X6,45.099,0.0
Locomotion_1,X6,45.171,0.0
Locomotion_1,X6,45.242,0.0
Locomotion_1,X6,45.314,0.0
Locomotion_1,X6,45.386,0.0
Locomotion_1,X6,45.458,0.0
Locomotion_1,X6,45.53,0.0
Locomotion_1,X6,45.601,0.0
Locomotion_1,X6,45.673,0.0
Locomotion_1,X6,45.745,0.0
Locomotion_1,X6,45.817,0.0
Locomotion_1,X6,45.889,0.0
Locomotion_1,X6,45.961,0.0
Locomotion_1,X6,46.032,0.0
Locomotion_1,X6,46.104,0.0
Locomotion_1,X6,46.176,0.0
Locomotion_1,X6,46.248,0.0
Locomotion_1,X6,46.32,0.0
Locomotion_1,X6,46.391,0.0
Locomotion_1,X6,46.463,0.0
Locomotion_1,X6,46.535,0.0
Locomotion_1,X6,46.607,0.0
Locomotion_1,X6,46.679,0.0
Locomotion_1,X6,46.75,0.0
Locomotion_1,X6,46.822,0.0
Locomotion_1,X6,46.894,0.0
Locomotion_1,X6,46.966,0.0
Locomotion_1,X6,47.038,0.0
Locomotion_1,X6,47.11,0.0
Locomotion_1,X6,47.181,0.0
Locomotion_1,X6,47.253,0.0
Locomotion_1,X6,47.325,0.0
Locomotion_1,X6,47.397,0.0
Locomotion_1,X6,47.469,0.0
Locomotion_1,X6,47.54,0.0
Locomotion_1,X6,47.612,0.0
Locomotion_1,X6,47.684,0.0
Locomotion_1,X6,47.756,0.0
Locomotion_1,X6,47.828,0.0
Locomotion_1,X6,47.899,0.0
Locomotion_1,X6,47.971,0.0
Locomotion_1,X6,48.043,0.0
Locomotion_1,X6,48.115,0.0
Locomotion_1,X6,48.187,0.0
Locomotion_1,X6,48.259,0.0
Locomotion_1,X6,48.33,0.0
Locomotion_1,X6,48.402,0.0
Locomotion_1,X6,48.474,0.0
Locomotion_1,X6,48.546,0.0
Locomotion_1,X6,48.618,0.0
Locomotion_1,X6,48.689,0.0
Locomotion_1,X6,48.761,0.0
Locomotion_1,X6,48.833,0.0
Locomotion_1,X6,48.905,0.0
Locomotion_1,X6,48.977,0.0
Locomotion_1,X6,49.048,0.0
Locomotion_1,X6,49.12,0.0
Locomotion_1,X6,49.192,0.0
Locomotion_1,X6,49.264,0.0
Locomotion_1,X6,49.336,0.0
Locomotion_1,X6,49.408,0.0
Locomotion_1,X6,49.479,0.0
Locomotion_1,X6,49.551,0.0
Locomotion_1,X6,49.623,0.0
Locomotion_1,X6,49.695,0.0
Locomotion_1,X6,49.767,0.0
Locomotion_1,X6,49.838,0.0
Locomotion_1,X6,49.91,0.0
Locomotion_1,X6,49.982,0.0
Locomotion_1,X6,50.054,0.0
Locomotion_1,X6,50.126,0.0
Locomotion_1,X6,50.197,0.0
Locomotion_1,X6,50.269,0.0
Locomotion_1,X6,50.341,0.0
Locomotion_1,X6,50.413,0.0
Locomotion_1,X6,50.485,0.0
Locomotion_1,X6,50.557,0.0
Locomotion_1,X6,50.628,0.0
Locomotion_1,X6,50.7,0.0
Locomotion_1,X6,50.772,0.0
Locomotion_1,X6,50.844,0.0
Locomotion_1,X6,50.916,0.0
Locomotion_1,X6,50.987,0.0
Locomotion_1,X6,51.059,0.0
Locomotion_1,X6,51.131,0.0
Locomotion_1,X6,51.203,0.0
Locomotion_1,X6,51.275,0.0
Locomotion_1,X6,51.346,0.0
Locomotion_1,X6,51.418,0.0
Locomotion_1,X6,51.49,0.0
Locomotion_1,X6,51.562,0.0
Locomotion_1,X6,51.634,0.0
Locomotion_1,X6,51.706,0.0
Locomotion_1,X6,51.777,0.0
Locomotion_1,X6,51.849,0.0
Locomotion_1,X6,51.921,0.0
Locomotion_1,X6,51.993,0.0
Locomotion_1,X6,52.065,0.0
Locomotion_1,X6,52.136,0.0
Locomotion_1,X6,52.208,0.0
Locomotion_1,X6,52.28,0.0
Locomotion_1,X6,52.352,0.0549
Locomotion_1,X6,52.424,1.0
Locomotion_1,X7,0.0,1.0
Locomotion_1,X7,0.072,0.0549
Locomotion_1,X7,0.144,0.0
Locomotion_1,X7,0.215,0.0
Locomotion_1,X7,0.287,0.0
Locomotion_1,X7,0.359,0.0
Locomotion_1,X7,0.431,0.0
Locomotion_1,X7,0.503,0.0
Locomotion_1,X7,0.575,0.0
Locomotion_1,X7,0.646,0.0
Locomotion_1,X7,0.718,0.0
Locomotion_1,X7,0.79,0.0
Locomotion_1,X7,0.862,0.0
Locomotion_1,X7,0.934,0.0
Locomotion_1,X7,1.005,0.0
Locomotion_1,X7,1.077,0.0
Locomotion_1,X7,1.149,0.0
Locomotion_1,X7,1.221,0.0
Locomotion_1,X7,1.293,0.0
Locomotion_1,X7,1.364,0.0
Locomotion_1,X7,1.436,0.0
Locomotion_1,X7,1.508,0.0
Locomotion_1,X7,1.58,0.0
Locomotion_1,X7,1.652,0.0
Locomotion_1,X7,1.724,0.0
Locomotion_1,X7,1.795,0.0
Locomotion_1,X7,1.867,0.0
Locomotion_1,X7,1.939,0.0
Locomotion_1,X7,2.011,0.0
Locomotion_1,X7,2.083,0.0
Locomotion_1,X7,2.154,0.0
Locomotion_1,X7,2.226,0.0
Locomotion_1,X7,2.298,0.0
Locomotion_1,X7,2.37,0.0
Locomotion_1,X7,2.442,0.0
Locomotion_1,X7,2.513,0.0
Locomotion_1,X7,2.585,0.0
Locomotion_1,X7,2.657,0.0
Locomotion_1,X7,2.729,0.0
Locomotion_1,X7,2.801,0.0
Locomotion_1,X7,2.873,0.0
Locomotion_1,X7,2.944,0.0
Locomotion_1,X7,3.016,0.0
Locomotion_1,X7,3.088,0.0
Locomotion_1,X7,3.16,0.0
Locomotion_1,X7,3.232,0.0
Locomotion_1,X7,3.303,0.0
Locomotion_1,X7,3.375,0.0
Locomotion_1,X7,3.447,0.0
Locomotion_1,X7,3.519,0.0
Locomotion_1,X7,3.591,0.0
Locomotion_1,X7,3.662,0.0
Locomotion_1,X7,3.734,0.0
Locomotion_1,X7,3.806,0.0
Locomotion_1,X7,3.878,0.0
Locomotion_1,X7,3.95,0.0
Locomotion_1,X7,4.022,0.0
Locomotion_1,X7,4.093,0.0
Locomotion_1,X7,4.165,0.0
Locomotion_1,X7,4.237,0.0
Locomotion_1,X7,4.309,0.0
Locomotion_1,X7,4.381,0.0
Locomotion_1,X7,4.452,0.0
Locomotion_1,X7,4.524,0.0
Locomotion_1,X7,4.596,0.0
Locomotion_1,X7,4.668,0.0
Locomotion_1,X7,4.74,0.0
Locomotion_1,X7,4.811,0.0
Locomotion_1,X7,4.883,0.0
Locomotion_1,X7,4.955,0.0
Locomotion_1,X7,5.027,0.0
Locomotion_1,X7,5.099,0.0
Locomotion_1,X7,5.171,0.0
Locomotion_1,X7,5.242,0.0
Locomotion_1,X7,5.314,0.0
Locomotion_1,X7,5.386,0.0
Locomotion_1,X7,5.458,0.0
Locomotion_1,X7,5.53,0.0
Locomotion_1,X7,5.601,0.0
Locomotion_1,X7,5.673,0.0
Locomotion_1,X7,5.745,0.0
Locomotion_1,X7,5.817,0.0
Locomotion_1,X7,5.889,0.0
Locomotion_1,X7,5.961,0.0
Locomotion_1,X7,6.032,0.0
Locomotion_1,X7,6.104,0.0
Locomotion_1,X7,6.176,0.0
Locomotion_1,X7,6.248,0.0
Locomotion_1,X7,6.32,0.0
Locomotion_1,X7,6.391,0.0
Locomotion_1,X7,6.463,0.0
Locomotion_1,X7,6.535,0.0
Locomotion_1,X7,6.607,0.0
Locomotion_1,X7,6.679,0.0
Locomotion_1,X7,6.75,0.0
Locomotion_1,X7,6.822,0.0
Locomotion_1,X7,6.894,0.0
Locomotion_1,X7,6.966,0.0
Locomotion_1,X7,7.038,0.0
Locomotion_1,X7,7.11,0.0
Locomotion_1,X7,7.181,0.0
Locomotion_1,X7,7.253,0.0
Locomotion_1,X7,7.325,0.0
Locomotion_1,X7,7.397,0.0
Locomotion_1,X7,7.469,0.0
Locomotion_1,X7,7.54,0.0
Locomotion_1,X7,7.612,0.0
Locomotion_1,X7,7.684,0.0
Locomotion_1,X7,7.756,0.0
Locomotion_1,X7,7.828,0.0
Locomotion_1,X7,7.899,0.0
Locomotion_1,X7,7.971,0.0
Locomotion_1,X7,8.043,0.0
Locomotion_1,X7,8.115,0.0
Locomotion_1,X7,8.187,0.0
Locomotion_1,X7,8.259,0.0
Locomotion_1,X7,8.33,0.0
Locomotion_1,X7,8.402,0.0
Locomotion_1,X7,8.474,0.0
Locomotion_1,X7,8.546,0.0
Locomotion_1,X7,8.618,0.0
Locomotion_1,X7,8.689,0.0
Locomotion_1,X7,8.761,0.0
Locomotion_1,X7,8.833,0.0
Locomotion_1,X7,8.905,0.0
Locomotion_1,X7,8.977,0.0
Locomotion_1,X7,9.048,0.0
Locomotion_1,X7,9.12,0.0
Locomotion_1,X7,9.192,0.0
Locomotion_1,X7,9.264,0.0
Locomotion_1,X7,9.336,0.0
Locomotion_1,X7,9.408,0.0
Locomotion_1,X7,9.479,0.0
Locomotion_1,X7,9.551,0.0
Locomotion_1,X7,9.623,0.0
Locomotion_1,X7,9.695,0.0
Locomotion_1,X7,9.767,0.0
Locomotion_1,X7,9.838,0.0
Locomotion_1,X7,9.91,0.0
Locomotion_1,X7,9.982,0.0
Locomotion_1,X7,10.054,0.0
Locomotion_1,X7,10.126,0.0
Locomotion_1,X7,10.197,0.0
Locomotion_1,X7,10.269,0.0
Locomotion_1,X7,10.341,0.0
Locomotion_1,X7,10.413,0.0
Locomotion_1,X7,10.485,0.0
Locomotion_1,X7,10.557,0.0
Locomotion_1,X7,10.628,0.0
Locomotion_1,X7,10.7,0.0
Locomotion_1,X7,10.772,0.0
Locomotion_1,X7,10.844,0.0
Locomotion_1,X7,10.916,0.0
Locomotion_1,X7,10.987,0.0
Locomotion_1,X7,11.059,0.0
Locomotion_1,X7,11.131,0.0
Locomotion_1,X7,11.203,0.0
Locomotion_1,X7,11.275,0.0
Locomotion_1,X7,11.346,0.0
Locomotion_1,X7,11.418,0.0
Locomotion_1,X7,11.49,0.0
Locomotion_1,X7,11.562,0.0
Locomotion_1,X7,11.634,0.0
Locomotion_1,X7,11.706,0.0
Locomotion_1,X7,11.777,0.0
Locomotion_1,X7,11.849,0.0
Locomotion_1,X7,11.921,0.0
Locomotion_1,X7,11.993,0.0
Locomotion_1,X7,12.065,0.0
Locomotion_1,X7,12.136,0.0
Locomotion_1,X7,12.208,0.0
Locomotion_1,X7,12.28,0.0
Locomotion_1,X7,12.352,0.0
Locomotion_1,X7,12.424,0.0
Locomotion_1,X7,12.496,0.0
Locomotion_1,X7,12.567,0.0
Locomotion_1,X7,12.639,0.0
Locomotion_1,X7,12.711,0.0
Locomotion_1,X7,12.783,0.0
Locomotion_1,X7,12.855,0.0
Locomotion_1,X7,12.926,0.0
Locomotion_1,X7,12.998,0.0
Locomotion_1,X7,13.07,0.0
Locomotion_1,X7,13.142,0.0
Locomotion_1,X7,13.214,0.0
Locomotion_1,X7,13.285,0.0
Locomotion_1,X7,13.357,0.0
Locomotion_1,X7,13.429,0.0
Locomotion_1,X7,13.501,0.0
Locomotion_1,X7,13.573,0.0
Locomotion_1,X7,13.645,0.0
Locomotion_1,X7,13.716,0.0
Locomotion_1,X7,13.788,0.0
Locomotion_1,X7,13.86,0.0
Locomotion_1,X7,13.932,0.0
Locomotion_1,X7,14.004,0.0
Locomotion_1,X7,14.075,0.0
Locomotion_1,X7,14.147,0.0
Locomotion_1,X7,14.219,0.0
Locomotion_1,X7,14.291,0.0
Locomotion_1,X7,14.363,0.0
Locomotion_1,X7,14.434,0.0
Locomotion_1,X7,14.506,0.0
Locomotion_1,X7,14.578,0.0
Locomotion_1,X7,14.65,0.0
Locomotion_1,X7,14.722,0.0
Locomotion_1,X7,14.794,0.0
Locomotion_1,X7,14.865,0.0
Locomotion_1,X7,14.937,0.0
Locomotion_1,X7,15.009,0.0
Locomotion_1,X7,15.081,0.0
Locomotion_1,X7,15.153,0.0
Locomotion_1,X7,15.224,0.0
Locomotion_1,X7,15.296,0.0
Locomotion_1,X7,15.368,0.0
Locomotion_1,X7,15.44,0.0
Locomotion_1,X7,15.512,0.0
Locomotion_1,X7,15.583,0.0
Locomotion_1,X7,15.655,0.0
Locomotion_1,X7,15.727,0.0
Locomotion_1,X7,15.799,0.0
Locomotion_1,X7,15.871,0.0
Locomotion_1,X7,15.943,0.0
Locomotion_1,X7,16.014,0.0
Locomotion_1,X7,16.086,0.0
Locomotion_1,X7,16.158,0.0
Locomotion_1,X7,16.23,0.0
Locomotion_1,X7,16.302,0.0
Locomotion_1,X7,16.373,0.0
Locomotion_1,X7,16.445,0.0
Locomotion_1,X7,16.517,0.0
Locomotion_1,X7,16.589,0.0
Locomotion_1,X7,16.661,0.0
Locomotion_1,X7,16.732,0.0
Locomotion_1,X7,16.804,0.0
Locomotion_1,X7,16.876,0.0
Locomotion_1,X7,16.948,0.0
Locomotion_1,X7,17.02,0.0
Locomotion_1,X7,17.092,0.0
Locomotion_1,X7,17.163,0.0
Locomotion_1,X7,17.235,0.0
Locomotion_1,X7,17.307,0.0
Locomotion_1,X7,17.379,0.0
Locomotion_1,X7,17.451,0.0
Locomotion_1,X7,17.522,0.0
Locomotion_1,X7,17.594,0.0
Locomotion_1,X7,17.666,0.0
Locomotion_1,X7,17.738,0.0
Locomotion_1,X7,17.81,0.0
Locomotion_1,X7,17.882,0.0
Locomotion_1,X7,17.953,0.0
Locomotion_1,X7,18.025,0.0
Locomotion_1,X7,18.097,0.0
Locomotion_1,X7,18.169,0.0
Locomotion_1,X7,18.241,0.0
Locomotion_1,X7,18.312,0.0
Locomotion_1,X7,18.384,0.0
Locomotion_1,X7,18.456,0.0
Locomotion_1,X7,18.528,0.0
Locomotion_1,X7,18.6,0.0
Locomotion_1,X7,18.671,0.0
Locomotion_1,X7,18.743,0.0
Locomotion_1,X7,18.815,0.0
Locomotion_1,X7,18.887,0.0
Locomotion_1,X7,18.959,0.0
Locomotion_1,X7,19.031,0.0
Locomotion_1,X7,19.102,0.0
Locomotion_1,X7,19.174,0.0
Locomotion_1,X7,19.246,0.0
Locomotion_1,X7,19.318,0.0
Locomotion_1,X7,19.39,0.0
Locomotion_1,X7,19.461,0.0
Locomotion_1,X7,19.533,0.0
Locomotion_1,X7,19.605,0.0
Locomotion_1,X7,19.677,0.0
Locomotion_1,X7,19.749,0.0
Locomotion_1,X7,19.82,0.0
Locomotion_1,X7,19.892,0.0
Locomotion_1,X7,19.964,0.0
Locomotion_1,X7,20.036,0.0
Locomotion_1,X7,20.108,0.0
Locomotion_1,X7,20.18,0.0
Locomotion_1,X7,20.251,0.0
Locomotion_1,X7,20.323,0.0
Locomotion_1,X7,20.395,0.0
Locomotion_1,X7,20.467,0.0
Locomotion_1,X7,20.539,0.0
Locomotion_1,X7,20.61,0.0
Locomotion_1,X7,20.682,0.0
Locomotion_1,X7,20.754,0.0
Locomotion_1,X7,20.826,0.0
Locomotion_1,X7,20.898,0.0
Locomotion_1,X7,20.969,0.0
Locomotion_1,X7,21.041,0.0
Locomotion_1,X7,21.113,0.0
Locomotion_1,X7,21.185,0.0
Locomotion_1,X7,21.257,0.0
Locomotion_1,X7,21.329,0.0
Locomotion_1,X7,21.4,0.0
Locomotion_1,X7,21.472,0.0
Locomotion_1,X7,21.544,0.0
Locomotion_1,X7,21.616,0.0
Locomotion_1,X7,21.688,0.0
Locomotion_1,X7,21.759,0.0
Locomotion_1,X7,21.831,0.0
Locomotion_1,X7,21.903,0.0
Locomotion_1,X7,21.975,0.0
Locomotion_1,X7,22.047,0.0
Locomotion_1,X7,22.118,0.0
Locomotion_1,X7,22.19,0.0
Locomotion_1,X7,22.262,0.0
Locomotion_1,X7,22.334,0.0
Locomotion_1,X7,22.406,0.0
Locomotion_1,X7,22.478,0.0
Locomotion_1,X7,22.549,0.0
Locomotion_1,X7,22.621,0.0
Locomotion_1,X7,22.693,0.0
Locomotion_1,X7,22.765,0.0
Locomotion_1,X7,22.837,0.0
Locomotion_1,X7,22.908,0.0
Locomotion_1,X7,22.98,0.0
Locomotion_1,X7,23.052,0.0
Locomotion_1,X7,23.124,0.0
Locomotion_1,X7,23.196,0.0
Locomotion_1,X7,23.268,0.0
Locomotion_1,X7,23.339,0.0
Locomotion_1,X7,23.411,0.0
Locomotion_1,X7,23.483,0.0
Locomotion_1,X7,23.555,0.0
Locomotion_1,X7,23.627,0.0
Locomotion_1,X7,23.698,0.0
Locomotion_1,X7,23.77,0.0
Locomotion_1,X7,23.842,0.0
Locomotion_1,X7,23.914,0.0
Locomotion_1,X7,23.986,0.0
Locomotion_1,X7,24.057,0.0
Locomotion_1,X7,24.129,0.0
Locomotion_1,X7,24.201,0.0
Locomotion_1,X7,24.273,0.0
Locomotion_1,X7,24.345,0.0
Locomotion_1,X7,24.417,0.0
Locomotion_1,X7,24.488,0.0
Locomotion_1,X7,24.56,0.0
Locomotion_1,X7,24.632,0.0
Locomotion_1,X7,24.704,0.0
Locomotion_1,X7,24.776,0.0
Locomotion_1,X7,24.847,0.0
Locomotion_1,X7,24.919,0.0
Locomotion_1,X7,24.991,0.0
Locomotion_1,X7,25.063,0.0
Locomotion_1,X7,25.135,0.0
Locomotion_1,X7,25.206,0.0
Locomotion_1,X7,25.278,0.0
Locomotion_1,X7,25.35,0.0
Locomotion_1,X7,25.422,0.0
Locomotion_1,X7,25.494,0.0
Locomotion_1,X7,25.566,0.0
Locomotion_1,X7,25.637,0.0
Locomotion_1,X7,25.709,0.0
Locomotion_1,X7,25.781,0.0
Locomotion_1,X7,25.853,0.0
Locomotion_1,X7,25.925,0.0
Locomotion_1,X7,25.996,0.0
Locomotion_1,X7,26.068,0.0
Locomotion_1,X7,26.14,0.0
Locomotion_1,X7,26.212,0.0
Locomotion_1,X7,26.284,0.0
Locomotion_1,X7,26.355,0.0
Locomotion_1,X7,26.427,0.0
Locomotion_1,X7,26.499,0.0
Locomotion_1,X7,26.571,0.0
Locomotion_1,X7,26.643,0.0
Locomotion_1,X7,26.715,0.0
Locomotion_1,X7,26.786,0.0
Locomotion_1,X7,26.858,0.0
Locomotion_1,X7,26.93,0.0
Locomotion_1,X7,27.002,0.0
Locomotion_1,X7,27.074,0.0
Locomotion_1,X7,27.145,0.0
Locomotion_1,X7,27.217,0.0
Locomotion_1,X7,27.289,0.0
Locomotion_1,X7,27.361,0.0
Locomotion_1,X7,27.433,0.0
Locomotion_1,X7,27.504,0.0
Locomotion_1,X7,27.576,0.0
Locomotion_1,X7,27.648,0.0
Locomotion_1,X7,27.72,0.0
Locomotion_1,X7,27.792,0.0
Locomotion_1,X7,27.864,0.0
Locomotion_1,X7,27.935,0.0
Locomotion_1,X7,28.007,0.0
Locomotion_1,X7,28.079,0.0
Locomotion_1,X7,28.151,0.0
Locomotion_1,X7,28.223,0.0
Locomotion_1,X7,28.294,0.0
Locomotion_1,X7,28.366,0.0
Locomotion_1,X7,28.438,0.0
Locomotion_1,X7,28.51,0.0
Locomotion_1,X7,28.582,0.0
Locomotion_1,X7,28.654,0.0
Locomotion_1,X7,28.725,0.0
Locomotion_1,X7,28.797,0.0
Locomotion_1,X7,28.869,0.0
Locomotion_1,X7,28.941,0.0
Locomotion_1,X7,29.013,0.0
Locomotion_1,X7,29.084,0.0
Locomotion_1,X7,29.156,0.0
Locomotion_1,X7,29.228,0.0
Locomotion_1,X7,29.3,0.0
Locomotion_1,X7,29.372,0.0
Locomotion_1,X7,29.443,0.0
Locomotion_1,X7,29.515,0.0
Locomotion_1,X7,29.587,0.0
Locomotion_1,X7,29.659,0.0
Locomotion_1,X7,29.731,0.0
Locomotion_1,X7,29.803,0.0
Locomotion_1,X7,29.874,0.0
Locomotion_1,X7,29.946,0.0
Locomotion_1,X7,30.018,0.0
Locomotion_1,X7,30.09,0.0
Locomotion_1,X7,30.162,0.0
Locomotion_1,X7,30.233,0.0
Locomotion_1,X7,30.305,0.0
Locomotion_1,X7,30.377,0.0
Locomotion_1,X7,30.449,0.0
Locomotion_1,X7,30.521,0.0
Locomotion_1,X7,30.592,0.0
Locomotion_1,X7,30.664,0.0
Locomotion_1,X7,30.736,0.0
Locomotion_1,X7,30.808,0.0
Locomotion_1,X7,30.88,0.0
Locomotion_1,X7,30.952,0.0
Locomotion_1,X7,31.023,0.0
Locomotion_1,X7,31.095,0.0
Locomotion_1,X7,31.167,0.0
Locomotion_1,X7,31.239,0.0
Locomotion_1,X7,31.311,0.0
Locomotion_1,X7,31.382,0.0
Locomotion_1,X7,31.454,0.0
Locomotion_1,X7,31.526,0.0
Locomotion_1,X7,31.598,0.0
Locomotion_1,X7,31.67,0.0
Locomotion_1,X7,31.741,0.0
Locomotion_1,X7,31.813,0.0
Locomotion_1,X7,31.885,0.0
Locomotion_1,X7,31.957,0.0
Locomotion_1,X7,32.029,0.0
Locomotion_1,X7,32.101,0.0
Locomotion_1,X7,32.172,0.0
Locomotion_1,X7,32.244,0.0
Locomotion_1,X7,32.316,0.0
Locomotion_1,X7,32.388,0.0
Locomotion_1,X7,32.46,0.0
Locomotion_1,X7,32.531,0.0
Locomotion_1,X7,32.603,0.0
Locomotion_1,X7,32.675,0.0
Locomotion_1,X7,32.747,0.0
Locomotion_1,X7,32.819,0.0
Locomotion_1,X7,32.89,0.0
Locomotion_1,X7,32.962,0.0
Locomotion_1,X7,33.034,0.0
Locomotion_1,X7,33.106,0.0
Locomotion_1,X7,33.178,0.0
Locomotion_1,X7,33.25,0.0
Locomotion_1,X7,33.321,0.0
Locomotion_1,X7,33.393,0.0
Locomotion_1,X7,33.465,0.0
Locomotion_1,X7,33.537,0.0
Locomotion_1,X7,33.609,0.0
Locomotion_1,X7,33.68,0.0
Locomotion_1,X7,33.752,0.0
Locomotion_1,X7,33.824,0.0
Locomotion_1,X7,33.896,0.0
Locomotion_1,X7,33.968,0.0
Locomotion_1,X7,34.039,0.0
Locomotion_1,X7,34.111,0.0
Locomotion_1,X7,34.183,0.0
Locomotion_1,X7,34.255,0.0
Locomotion_1,X7,34.327,0.0
Locomotion_1,X7,34.399,0.0
Locomotion_1,X7,34.47,0.0
Locomotion_1,X7,34.542,0.0
Locomotion_1,X7,34.614,0.0
Locomotion_1,X7,34.686,0.0
Locomotion_1,X7,34.758,0.0
Locomotion_1,X7,34.829,0.0
Locomotion_1,X7,34.901,0.0
Locomotion_1,X7,34.973,0.0
Locomotion_1,X7,35.045,0.0
Locomotion_1,X7,35.117,0.0
Locomotion_1,X7,35.189,0.0
Locomotion_1,X7,35.26,0.0
Locomotion_1,X7,35.332,0.0
Locomotion_1,X7,35.404,0.0
Locomotion_1,X7,35.476,0.0
Locomotion_1,X7,35.548,0.0
Locomotion_1,X7,35.619,0.0
Locomotion_1,X7,35.691,0.0
Locomotion_1,X7,35.763,0.0
Locomotion_1,X7,35.835,0.0
Locomotion_1,X7,35.907,0.0
Locomotion_1,X7,35.978,0.0
Locomotion_1,X7,36.05,0.0
Locomotion_1,X7,36.122,0.0
Locomotion_1,X7,36.194,0.0
Locomotion_1,X7,36.266,0.0
Locomotion_1,X7,36.338,0.0
Locomotion_1,X7,36.409,0.0
Locomotion_1,X7,36.481,0.0
Locomotion_1,X7,36.553,0.0
Locomotion_1,X7,36.625,0.0
Locomotion_1,X7,36.697,0.0
Locomotion_1,X7,36.768,0.0
Locomotion_1,X7,36.84,0.0
Locomotion_1,X7,36.912,0.0
Locomotion_1,X7,36.984,0.0
Locomotion_1,X7,37.056,0.0
Locomotion_1,X7,37.127,0.0
Locomotion_1,X7,37.199,0.0
Locomotion_1,X7,37.271,0.0
Locomotion_1,X7,37.343,0.0
Locomotion_1,X7,37.415,0.0
Locomotion_1,X7,37.487,0.0
Locomotion_1,X7,37.558,0.0
Locomotion_1,X7,37.63,0.0
Locomotion_1,X7,37.702,0.0
Locomotion_1,X7,37.774,0.0
Locomotion_1,X7,37.846,0.0
Locomotion_1,X7,37.917,0.0
Locomotion_1,X7,37.989,0.0
Locomotion_1,X7,38.061,0.0
Locomotion_1,X7,38.133,0.0
Locomotion_1,X7,38.205,0.0
Locomotion_1,X7,38.276,0.0
Locomotion_1,X7,38.348,0.0
Locomotion_1,X7,38.42,0.0
Locomotion_1,X7,38.492,0.0
Locomotion_1,X7,38.564,0.0
Locomotion_1,X7,38.636,0.0
Locomotion_1,X7,38.707,0.0
Locomotion_1,X7,38.779,0.0
Locomotion_1,X7,38.851,0.0
Locomotion_1,X7,38.923,0.0
Locomotion_1,X7,38.995,0.0
Locomotion_1,X7,39.066,0.0
Locomotion_1,X7,39.138,0.0
Locomotion_1,X7,39.21,0.0
Locomotion_1,X7,39.282,0.0
Locomotion_1,X7,39.354,0.0
Locomotion_1,X7,39.425,0.0
Locomotion_1,X7,39.497,0.0
Locomotion_1,X7,39.569,0.0
Locomotion_1,X7,39.641,0.0
Locomotion_1,X7,39.713,0.0
Locomotion_1,X7,39.785,0.0
Locomotion_1,X7,39.856,0.0
Locomotion_1,X7,39.928,0.0
Locomotion_1,X7,40.0,0.0
Locomotion_1,X7,40.072,0.0
Locomotion_1,X7,40.144,0.0
Locomotion_1,X7,40.215,0.0
Locomotion_1,X7,40.287,0.0
Locomotion_1,X7,40.359,0.0
Locomotion_1,X7,40.431,0.0
Locomotion_1,X7,40.503,0.0
Locomotion_1,X7,40.575,0.0
Locomotion_1,X7,40.646,0.0
Locomotion_1,X7,40.718,0.0
Locomotion_1,X7,40.79,0.0
Locomotion_1,X7,40.862,0.0
Locomotion_1,X7,40.934,0.0
Locomotion_1,X7,41.005,0.0
Locomotion_1,X7,41.077,0.0
Locomotion_1,X7,41.149,0.0
Locomotion_1,X7,41.221,0.0
Locomotion_1,X7,41.293,0.0
Locomotion_1,X7,41.364,0.0
Locomotion_1,X7,41.436,0.0
Locomotion_1,X7,41.508,0.0
Locomotion_1,X7,41.58,0.0
Locomotion_1,X7,41.652,0.0
Locomotion_1,X7,41.724,0.0
Locomotion_1,X7,41.795,0.0
Locomotion_1,X7,41.867,0.0
Locomotion_1,X7,41.939,0.0
Locomotion_1,X7,42.011,0.0
Locomotion_1,X7,42.083,0.0
Locomotion_1,X7,42.154,0.0
Locomotion_1,X7,42.226,0.0
Locomotion_1,X7,42.298,0.0
Locomotion_1,X7,42.37,0.0
Locomotion_1,X7,42.442,0.0
Locomotion_1,X7,42.513,0.0
Locomotion_1,X7,42.585,0.0
Locomotion_1,X7,42.657,0.0
Locomotion_1,X7,42.729,0.0
Locomotion_1,X7,42.801,0.0
Locomotion_1,X7,42.873,0.0
Locomotion_1,X7,42.944,0.0
Locomotion_1,X7,43.016,0.0
Locomotion_1,X7,43.088,0.0
Locomotion_1,X7,43.16,0.0
Locomotion_1,X7,43.232,0.0
Locomotion_1,X7,43.303,0.0
Locomotion_1,X7,43.375,0.0
Locomotion_1,X7,43.447,0.0
Locomotion_1,X7,43.519,0.0
Locomotion_1,X7,43.591,0.0
Locomotion_1,X7,43.662,0.0
Locomotion_1,X7,43.734,0.0
Locomotion_1,X7,43.806,0.0
Locomotion_1,X7,43.878,0.0
Locomotion_1,X7,43.95,0.0
Locomotion_1,X7,44.022,0.0
Locomotion_1,X7,44.093,0.0
Locomotion_1,X7,44.165,0.0
Locomotion_1,X7,44.237,0.0
Locomotion_1,X7,44.309,0.0
Locomotion_1,X7,44.381,0.0
Locomotion_1,X7,44.452,0.0
Locomotion_1,X7,44.524,0.0
Locomotion_1,X7,44.596,0.0
Locomotion_1,X7,44.668,0.0
Locomotion_1,X7,44.74,0.0
Locomotion_1,X7,44.811,0.0
Locomotion_1,X7,44.883,0.0
Locomotion_1,X7,44.955,0.0
Locomotion_1,X7,45.027,0.0
Locomotion_1,X7,45.099,0.0
Locomotion_1,X7,45.171,0.0
Locomotion_1,X7,45.242,0.0
Locomotion_1,X7,45.314,0.0
Locomotion_1,X7,45.386,0.0
Locomotion_1,X7,45.458,0.0
Locomotion_1,X7,45.53,0.0
Locomotion_1,X7,45.601,0.0
Locomotion_1,X7,45.673,0.0
Locomotion_1,X7,45.745,0.0
Locomotion_1,X7,45.817,0.0
Locomotion_1,X7,45.889,0.0
Locomotion_1,X7,45.961,0.0
Locomotion_1,X7,46.032,0.0
Locomotion_1,X7,46.104,0.0
Locomotion_1,X7,46.176,0.0
Locomotion_1,X7,46.248,0.0
Locomotion_1,X7,46.32,0.0
Locomotion_1,X7,46.391,0.0
Locomotion_1,X7,46.463,0.0
Locomotion_1,X7,46.535,0.0
Locomotion_1,X7,46.607,0.0
Locomotion_1,X7,46.679,0.0
Locomotion_1,X7,46.75,0.0
Locomotion_1,X7,46.822,0.0
Locomotion_1,X7,46.894,0.0
Locomotion_1,X7,46.966,0.0
Locomotion_1,X7,47.038,0.0
Locomotion_1,X7,47.11,0.0
Locomotion_1,X7,47.181,0.0
Locomotion_1,X7,47.253,0.0
Locomotion_1,X7,47.325,0.0
Locomotion_1,X7,47.397,0.0
Locomotion_1,X7,47.469,0.0
Locomotion_1,X7,47.54,0.0
Locomotion_1,X7,47.612,0.0
Locomotion_1,X7,47.684,0.0
Locomotion_1,X7,47.756,0.0
Locomotion_1,X7,47.828,0.0
Locomotion_1,X7,47.899,0.0
Locomotion_1,X7,47.971,0.0
Locomotion_1,X7,48.043,0.0
Locomotion_1,X7,48.115,0.0
Locomotion_1,X7,48.187,0.0
Locomotion_1,X7,48.259,0.0
Locomotion_1,X7,48.33,0.0
Locomotion_1,X7,48.402,0.0
Locomotion_1,X7,48.474,0.0
Locomotion_1,X7,48.546,0.0
Locomotion_1,X7,48.618,0.0
Locomotion_1,X7,48.689,0.0
Locomotion_1,X7,48.761,0.0
Locomotion_1,X7,48.833,0.0
Locomotion_1,X7,48.905,0.0
Locomotion_1,X7,48.977,0.0
Locomotion_1,X7,49.048,0.0
Locomotion_1,X7,49.12,0.0
Locomotion_1,X7,49.192,0.0
Locomotion_1,X7,49.264,0.0
Locomotion_1,X7,49.336,0.0
Locomotion_1,X7,49.408,0.0
Locomotion_1,X7,49.479,0.0
Locomotion_1,X7,49.551,0.0
Locomotion_1,X7,49.623,0.0
Locomotion_1,X7,49.695,0.0
Locomotion_1,X7,49.767,0.0
Locomotion_1,X7,49.838,0.0
Locomotion_1,X7,49.91,0.0
Locomotion_1,X7,49.982,0.0
Locomotion_1,X7,50.054,0.0
Locomotion_1,X7,50.126,0.0
Locomotion_1,X7,50.197,0.0
Locomotion_1,X7,50.269,0.0
Locomotion_1,X7,50.341,0.0
Locomotion_1,X7,50.413,0.0
Locomotion_1,X7,50.485,0.0
Locomotion_1,X7,50.557,0.0
Locomotion_1,X7,50.628,0.0
Locomotion_1,X7,50.7,0.0
Locomotion_1,X7,50.772,0.0
Locomotion_1,X7,50.844,0.0
Locomotion_1,X7,50.916,0.0
Locomotion_1,X7,50.987,0.0
Locomotion_1,X7,51.059,0.0
Locomotion_1,X7,51.131,0.0
Locomotion_1,X7,51.203,0.0
Locomotion_1,X7,51.275,0.0
Locomotion_1,X7,51.346,0.0
Locomotion_1,X7,51.418,0.0
Locomotion_1,X7,51.49,0.0
Locomotion_1,X7,51.562,0.0
Locomotion_1,X7,51.634,0.0
Locomotion_1,X7,51.706,0.0
Locomotion_1,X7,51.777,0.0
Locomotion_1,X7,51.849,0.0
Locomotion_1,X7,51.921,0.0
Locomotion_1,X7,51.993,0.0
Locomotion_1,X7,52.065,0.0
Locomotion_1,X7,52.136,0.0
Locomotion_1,X7,52.208,0.0
Locomotion_1,X7,52.28,0.0
Locomotion_1,X7,52.352,0.0549
Locomotion_1,X7,52.424,1.0
Locomotion_1,X8,0.0,1.0
Locomotion_1,X8,0.072,1.0
Locomotion_1,X8,0.144,1.0
Locomotion_1,X8,0.215,1.0
Locomotion_1,X8,0.287,1.0
Locomotion_1,X8,0.359,1.0
Locomotion_1,X8,0.431,1.0
Locomotion_1,X8,0.503,1.0
Locomotion_1,X8,0.575,1.0
Locomotion_1,X8,0.646,1.0
Locomotion_1,X8,0.718,1.0
Locomotion_1,X8,0.79,1.0
Locomotion_1,X8,0.862,1.0
Locomotion_1,X8,0.934,1.0
Locomotion_1,X8,1.005,1.0
Locomotion_1,X8,1.077,1.0
Locomotion_1,X8,1.149,1.0
Locomotion_1,X8,1.221,1.0
Locomotion_1,X8,1.293,1.0
Locomotion_1,X8,1.364,1.0
Locomotion_1,X8,1.436,1.0
Locomotion_1,X8,1.508,1.0
Locomotion_1,X8,1.58,1.0
Locomotion_1,X8,1.652,1.0
Locomotion_1,X8,1.724,1.0
Locomotion_1,X8,1.795,1.0
Locomotion_1,X8,1.867,1.0
Locomotion_1,X8,1.939,1.0
Locomotion_1,X8,2.011,1.0
Locomotion_1,X8,2.083,1.0
Locomotion_1,X8,2.154,1.0
Locomotion_1,X8,2.226,1.0
Locomotion_1,X8,2.298,1.0
Locomotion_1,X8,2.37,1.0
Locomotion_1,X8,2.442,1.0
Locomotion_1,X8,2.513,1.0
Locomotion_1,X8,2.585,1.0
Locomotion_1,X8,2.657,1.0
Locomotion_1,X8,2.729,1.0
Locomotion_1,X8,2.801,1.0
Locomotion_1,X8,2.873,1.0
Locomotion_1,X8,2.944,1.0
Locomotion_1,X8,3.016,1.0
Locomotion_1,X8,3.088,1.0
Locomotion_1,X8,3.16,1.0
Locomotion_1,X8,3.232,1.0
Locomotion_1,X8,3.303,1.0
Locomotion_1,X8,3.375,1.0
Locomotion_1,X8,3.447,1.0
Locomotion_1,X8,3.519,1.0
Locomotion_1,X8,3.591,1.0
Locomotion_1,X8,3.662,1.0
Locomotion_1,X8,3.734,1.0
Locomotion_1,X8,3.806,1.0
Locomotion_1,X8,3.878,1.0
Locomotion_1,X8,3.95,1.0
Locomotion_1,X8,4.022,1.0
Locomotion_1,X8,4.093,1.0
Locomotion_1,X8,4.165,1.0
Locomotion_1,X8,4.237,1.0
Locomotion_1,X8,4.309,1.0
Locomotion_1,X8,4.381,1.0
Locomotion_1,X8,4.452,1.0
Locomotion_1,X8,4.524,1.0
Locomotion_1,X8,4.596,1.0
Locomotion_1,X8,4.668,1.0
Locomotion_1,X8,4.74,1.0
Locomotion_1,X8,4.811,1.0
Locomotion_1,X8,4.883,1.0
Locomotion_1,X8,4.955,1.0
Locomotion_1,X8,5.027,1.0
Locomotion_1,X8,5.099,1.0
Locomotion_1,X8,5.171,1.0
Locomotion_1,X8,5.242,1.0
Locomotion_1,X8,5.314,1.0
Locomotion_1,X8,5.386,1.0
Locomotion_1,X8,5.458,1.0
Locomotion_1,X8,5.53,1.0
Locomotion_1,X8,5.601,1.0
Locomotion_1,X8,5.673,1.0
Locomotion_1,X8,5.745,1.0
Locomotion_1,X8,5.817,1.0
Locomotion_1,X8,5.889,1.0
Locomotion_1,X8,5.961,1.0
Locomotion_1,X8,6.032,1.0
Locomotion_1,X8,6.104,1.0
Locomotion_1,X8,6.176,1.0
Locomotion_1,X8,6.248,1.0
Locomotion_1,X8,6.32,1.0
Locomotion_1,X8,6.391,1.0
Locomotion_1,X8,6.463,1.0
Locomotion_1,X8,6.535,1.0
Locomotion_1,X8,6.607,1.0
Locomotion_1,X8,6.679,1.0
Locomotion_1,X8,6.75,1.0
Locomotion_1,X8,6.822,1.0
Locomotion_1,X8,6.894,1.0
Locomotion_1,X8,6.966,1.0
Locomotion_1,X8,7.038,1.0
Locomotion_1,X8,7.11,1.0
Locomotion_1,X8,7.181,1.0
Locomotion_1,X8,7.253,1.0
Locomotion_1,X8,7.325,1.0
Locomotion_1,X8,7.397,1.0
Locomotion_1,X8,7.469,1.0
Locomotion_1,X8,7.54,1.0
Locomotion_1,X8,7.612,1.0
Locomotion_1,X8,7.684,1.0
Locomotion_1,X8,7.756,1.0
Locomotion_1,X8,7.828,1.0
Locomotion_1,X8,7.899,1.0
Locomotion_1,X8,7.971,1.0
Locomotion_1,X8,8.043,1.0
Locomotion_1,X8,8.115,1.0
Locomotion_1,X8,8.187,1.0
Locomotion_1,X8,8.259,1.0
Locomotion_1,X8,8.33,1.0
Locomotion_1,X8,8.402,1.0
Locomotion_1,X8,8.474,1.0
Locomotion_1,X8,8.546,1.0
Locomotion_1,X8,8.618,1.0
Locomotion_1,X8,8.689,1.0
Locomotion_1,X8,8.761,1.0
Locomotion_1,X8,8.833,1.0
Locomotion_1,X8,8.905,1.0
Locomotion_1,X8,8.977,1.0
Locomotion_1,X8,9.048,1.0
Locomotion_1,X8,9.12,1.0
Locomotion_1,X8,9.192,1.0
Locomotion_1,X8,9.264,1.0
Locomotion_1,X8,9.336,1.0
Locomotion_1,X8,9.408,1.0
Locomotion_1,X8,9.479,1.0
Locomotion_1,X8,9.551,1.0
Locomotion_1,X8,9.623,1.0
Locomotion_1,X8,9.695,1.0
Locomotion_1,X8,9.767,1.0
Locomotion_1,X8,9.838,1.0
Locomotion_1,X8,9.91,1.0
Locomotion_1,X8,9.982,1.0
Locomotion_1,X8,10.054,1.0
Locomotion_1,X8,10.126,1.0
Locomotion_1,X8,10.197,1.0
Locomotion_1,X8,10.269,1.0
Locomotion_1,X8,10.341,1.0
Locomotion_1,X8,10.413,1.0
Locomotion_1,X8,10.485,1.0
Locomotion_1,X8,10.557,1.0
Locomotion_1,X8,10.628,1.0
Locomotion_1,X8,10.7,1.0
Locomotion_1,X8,10.772,1.0
Locomotion_1,X8,10.844,1.0
Locomotion_1,X8,10.916,1.0
Locomotion_1,X8,10.987,1.0
Locomotion_1,X8,11.059,1.0
Locomotion_1,X8,11.131,1.0
Locomotion_1,X8,11.203,1.0
Locomotion_1,X8,11.275,1.0
Locomotion_1,X8,11.346,1.0
Locomotion_1,X8,11.418,1.0
Locomotion_1,X8,11.49,1.0
Locomotion_1,X8,11.562,1.0
Locomotion_1,X8,11.634,1.0
Locomotion_1,X8,11.706,1.0
Locomotion_1,X8,11.777,1.0
Locomotion_1,X8,11.849,1.0
Locomotion_1,X8,11.921,1.0
Locomotion_1,X8,11.993,1.0
Locomotion_1,X8,12.065,1.0
Locomotion_1,X8,12.136,1.0
Locomotion_1,X8,12.208,1.0
Locomotion_1,X8,12.28,1.0
Locomotion_1,X8,12.352,1.0
Locomotion_1,X8,12.424,1.0
Locomotion_1,X8,12.496,1.0
Locomotion_1,X8,12.567,1.0
Locomotion_1,X8,12.639,1.0
Locomotion_1,X8,12.711,1.0
Locomotion_1,X8,12.783,1.0
Locomotion_1,X8,12.855,1.0
Locomotion_1,X8,12.926,1.0
Locomotion_1,X8,12.998,1.0
Locomotion_1,X8,13.07,1.0
Locomotion_1,X8,13.142,1.0
Locomotion_1,X8,13.214,1.0
Locomotion_1,X8,13.285,1.0
Locomotion_1,X8,13.357,1.0
Locomotion_1,X8,13.429,1.0
Locomotion_1,X8,13.501,1.0
Locomotion_1,X8,13.573,1.0
Locomotion_1,X8,13.645,1.0
Locomotion_1,X8,13.716,1.0
Locomotion_1,X8,13.788,1.0
Locomotion_1,X8,13.86,1.0
Locomotion_1,X8,13.932,1.0
Locomotion_1,X8,14.004,1.0
Locomotion_1,X8,14.075,1.0
Locomotion_1,X8,14.147,1.0
Locomotion_1,X8,14.219,1.0
Locomotion_1,X8,14.291,1.0
Locomotion_1,X8,14.363,1.0
Locomotion_1,X8,14.434,1.0
Locomotion_1,X8,14.506,1.0
Locomotion_1,X8,14.578,1.0
Locomotion_1,X8,14.65,1.0
Locomotion_1,X8,14.722,1.0
Locomotion_1,X8,14.794,1.0
Locomotion_1,X8,14.865,1.0
Locomotion_1,X8,14.937,1.0
Locomotion_1,X8,15.009,1.0
Locomotion_1,X8,15.081,1.0
Locomotion_1,X8,15.153,1.0
Locomotion_1,X8,15.224,1.0
Locomotion_1,X8,15.296,1.0
Locomotion_1,X8,15.368,1.0
Locomotion_1,X8,15.44,1.0
Locomotion_1,X8,15.512,1.0
Locomotion_1,X8,15.583,1.0
Locomotion_1,X8,15.655,1.0
Locomotion_1,X8,15.727,1.0
Locomotion_1,X8,15.799,1.0
Locomotion_1,X8,15.871,1.0
Locomotion_1,X8,15.943,1.0
Locomotion_1,X8,16.014,1.0
Locomotion_1,X8,16.086,1.0
Locomotion_1,X8,16.158,1.0
Locomotion_1,X8,16.23,1.0
Locomotion_1,X8,16.302,1.0
Locomotion_1,X8,16.373,1.0
Locomotion_1,X8,16.445,1.0
Locomotion_1,X8,16.517,1.0
Locomotion_1,X8,16.589,1.0
Locomotion_1,X8,16.661,1.0
Locomotion_1,X8,16.732,1.0
Locomotion_1,X8,16.804,1.0
Locomotion_1,X8,16.876,1.0
Locomotion_1,X8,16.948,1.0
Locomotion_1,X8,17.02,1.0
Locomotion_1,X8,17.092,1.0
Locomotion_1,X8,17.163,1.0
Locomotion_1,X8,17.235,1.0
Locomotion_1,X8,17.307,1.0
Locomotion_1,X8,17.379,1.0
Locomotion_1,X8,17.451,1.0
Locomotion_1,X8,17.522,1.0
Locomotion_1,X8,17.594,1.0
Locomotion_1,X8,17.666,1.0
Locomotion_1,X8,17.738,1.0
Locomotion_1,X8,17.81,1.0
Locomotion_1,X8,17.882,1.0
Locomotion_1,X8,17.953,1.0
Locomotion_1,X8,18.025,1.0
Locomotion_1,X8,18.097,1.0
Locomotion_1,X8,18.169,1.0
Locomotion_1,X8,18.241,1.0
Locomotion_1,X8,18.312,1.0
Locomotion_1,X8,18.384,1.0
Locomotion_1,X8,18.456,1.0
Locomotion_1,X8,18.528,1.0
Locomotion_1,X8,18.6,1.0
Locomotion_1,X8,18.671,1.0
Locomotion_1,X8,18.743,1.0
Locomotion_1,X8,18.815,1.0
Locomotion_1,X8,18.887,1.0
Locomotion_1,X8,18.959,1.0
Locomotion_1,X8,19.031,1.0
Locomotion_1,X8,19.102,1.0
Locomotion_1,X8,19.174,1.0
Locomotion_1,X8,19.246,1.0
Locomotion_1,X8,19.318,1.0
Locomotion_1,X8,19.39,1.0
Locomotion_1,X8,19.461,1.0
Locomotion_1,X8,19.533,1.0
Locomotion_1,X8,19.605,1.0
Locomotion_1,X8,19.677,1.0
Locomotion_1,X8,19.749,1.0
Locomotion_1,X8,19.82,1.0
Locomotion_1,X8,19.892,1.0
Locomotion_1,X8,19.964,1.0
Locomotion_1,X8,20.036,1.0
Locomotion_1,X8,20.108,1.0
Locomotion_1,X8,20.18,1.0
Locomotion_1,X8,20.251,1.0
Locomotion_1,X8,20.323,1.0
Locomotion_1,X8,20.395,1.0
Locomotion_1,X8,20.467,1.0
Locomotion_1,X8,20.539,1.0
Locomotion_1,X8,20.61,1.0
Locomotion_1,X8,20.682,1.0
Locomotion_1,X8,20.754,1.0
Locomotion_1,X8,20.826,1.0
Locomotion_1,X8,20.898,1.0
Locomotion_1,X8,20.969,1.0
Locomotion_1,X8,21.041,1.0
Locomotion_1,X8,21.113,1.0
Locomotion_1,X8,21.185,1.0
Locomotion_1,X8,21.257,1.0
Locomotion_1,X8,21.329,1.0
Locomotion_1,X8,21.4,1.0
Locomotion_1,X8,21.472,1.0
Locomotion_1,X8,21.544,1.0
Locomotion_1,X8,21.616,1.0
Locomotion_1,X8,21.688,1.0
Locomotion_1,X8,21.759,1.0
Locomotion_1,X8,21.831,1.0
Locomotion_1,X8,21.903,1.0
Locomotion_1,X8,21.975,1.0
Locomotion_1,X8,22.047,1.0
Locomotion_1,X8,22.118,1.0
Locomotion_1,X8,22.19,1.0
Locomotion_1,X8,22.262,1.0
Locomotion_1,X8,22.334,1.0
Locomotion_1,X8,22.406,1.0
Locomotion_1,X8,22.478,1.0
Locomotion_1,X8,22.549,1.0
Locomotion_1,X8,22.621,1.0
Locomotion_1,X8,22.693,1.0
Locomotion_1,X8,22.765,1.0
Locomotion_1,X8,22.837,1.0
Locomotion_1,X8,22.908,1.0
Locomotion_1,X8,22.98,1.0
Locomotion_1,X8,23.052,1.0
Locomotion_1,X8,23.124,1.0
Locomotion_1,X8,23.196,1.0
Locomotion_1,X8,23.268,1.0
Locomotion_1,X8,23.339,1.0
Locomotion_1,X8,23.411,1.0
Locomotion_1,X8,23.483,1.0
Locomotion_1,X8,23.555,1.0
Locomotion_1,X8,23.627,1.0
Locomotion_1,X8,23.698,1.0
Locomotion_1,X8,23.77,1.0
Locomotion_1,X8,23.842,1.0
Locomotion_1,X8,23.914,1.0
Locomotion_1,X8,23.986,1.0
Locomotion_1,X8,24.057,1.0
Locomotion_1,X8,24.129,1.0
Locomotion_1,X8,24.201,1.0
Locomotion_1,X8,24.273,1.0
Locomotion_1,X8,24.345,1.0
Locomotion_1,X8,24.417,1.0
Locomotion_1,X8,24.488,1.0
Locomotion_1,X8,24.56,1.0
Locomotion_1,X8,24.632,1.0
Locomotion_1,X8,24.704,1.0
Locomotion_1,X8,24.776,1.0
Locomotion_1,X8,24.847,1.0
Locomotion_1,X8,24.919,1.0
Locomotion_1,X8,24.991,1.0
Locomotion_1,X8,25.063,1.0
Locomotion_1,X8,25.135,1.0
Locomotion_1,X8,25.206,1.0
Locomotion_1,X8,25.278,1.0
Locomotion_1,X8,25.35,1.0
Locomotion_1,X8,25.422,1.0
Locomotion_1,X8,25.494,1.0
Locomotion_1,X8,25.566,1.0
Locomotion_1,X8,25.637,1.0
Locomotion_1,X8,25.709,1.0
Locomotion_1,X8,25.781,1.0
Locomotion_1,X8,25.853,1.0
Locomotion_1,X8,25.925,1.0
Locomotion_1,X8,25.996,1.0
Locomotion_1,X8,26.068,1.0
Locomotion_1,X8,26.14,1.0
Locomotion_1,X8,26.212,1.0
Locomotion_1,X8,26.284,1.0
Locomotion_1,X8,26.355,1.0
Locomotion_1,X8,26.427,1.0
Locomotion_1,X8,26.499,1.0
Locomotion_1,X8,26.571,1.0
Locomotion_1,X8,26.643,1.0
Locomotion_1,X8,26.715,1.0
Locomotion_1,X8,26.786,1.0
Locomotion_1,X8,26.858,1.0
Locomotion_1,X8,26.93,1.0
Locomotion_1,X8,27.002,1.0
Locomotion_1,X8,27.074,1.0
Locomotion_1,X8,27.145,1.0
Locomotion_1,X8,27.217,1.0
Locomotion_1,X8,27.289,1.0
Locomotion_1,X8,27.361,1.0
Locomotion_1,X8,27.433,1.0
Locomotion_1,X8,27.504,1.0
Locomotion_1,X8,27.576,1.0
Locomotion_1,X8,27.648,1.0
Locomotion_1,X8,27.72,1.0
Locomotion_1,X8,27.792,1.0
Locomotion_1,X8,27.864,1.0
Locomotion_1,X8,27.935,1.0
Locomotion_1,X8,28.007,1.0
Locomotion_1,X8,28.079,1.0
Locomotion_1,X8,28.151,1.0
Locomotion_1,X8,28.223,1.0
Locomotion_1,X8,28.294,1.0
Locomotion_1,X8,28.366,1.0
Locomotion_1,X8,28.438,1.0
Locomotion_1,X8,28.51,1.0
Locomotion_1,X8,28.582,1.0
Locomotion_1,X8,28.654,1.0
Locomotion_1,X8,28.725,1.0
Locomotion_1,X8,28.797,1.0
Locomotion_1,X8,28.869,1.0
Locomotion_1,X8,28.941,1.0
Locomotion_1,X8,29.013,1.0
Locomotion_1,X8,29.084,1.0
Locomotion_1,X8,29.156,1.0
Locomotion_1,X8,29.228,1.0
Locomotion_1,X8,29.3,1.0
Locomotion_1,X8,29.372,1.0
Locomotion_1,X8,29.443,1.0
Locomotion_1,X8,29.515,1.0
Locomotion_1,X8,29.587,1.0
Locomotion_1,X8,29.659,1.0
Locomotion_1,X8,29.731,1.0
Locomotion_1,X8,29.803,1.0
Locomotion_1,X8,29.874,1.0
Locomotion_1,X8,29.946,1.0
Locomotion_1,X8,30.018,1.0
Locomotion_1,X8,30.09,1.0
Locomotion_1,X8,30.162,1.0
Locomotion_1,X8,30.233,1.0
Locomotion_1,X8,30.305,1.0
Locomotion_1,X8,30.377,1.0
Locomotion_1,X8,30.449,1.0
Locomotion_1,X8,30.521,1.0
Locomotion_1,X8,30.592,1.0
Locomotion_1,X8,30.664,1.0
Locomotion_1,X8,30.736,1.0
Locomotion_1,X8,30.808,1.0
Locomotion_1,X8,30.88,1.0
Locomotion_1,X8,30.952,1.0
Locomotion_1,X8,31.023,1.0
Locomotion_1,X8,31.095,1.0
Locomotion_1,X8,31.167,1.0
Locomotion_1,X8,31.239,1.0
Locomotion_1,X8,31.311,1.0
Locomotion_1,X8,31.382,1.0
Locomotion_1,X8,31.454,1.0
Locomotion_1,X8,31.526,1.0
Locomotion_1,X8,31.598,1.0
Locomotion_1,X8,31.67,1.0
Locomotion_1,X8,31.741,1.0
Locomotion_1,X8,31.813,1.0
Locomotion_1,X8,31.885,1.0
Locomotion_1,X8,31.957,1.0
Locomotion_1,X8,32.029,1.0
Locomotion_1,X8,32.101,1.0
Locomotion_1,X8,32.172,1.0
Locomotion_1,X8,32.244,1.0
Locomotion_1,X8,32.316,1.0
Locomotion_1,X8,32.388,1.0
Locomotion_1,X8,32.46,1.0
Locomotion_1,X8,32.531,1.0
Locomotion_1,X8,32.603,1.0
Locomotion_1,X8,32.675,1.0
Locomotion_1,X8,32.747,1.0
Locomotion_1,X8,32.819,1.0
Locomotion_1,X8,32.89,1.0
Locomotion_1,X8,32.962,1.0
Locomotion_1,X8,33.034,1.0
Locomotion_1,X8,33.106,1.0
Locomotion_1,X8,33.178,1.0
Locomotion_1,X8,33.25,1.0
Locomotion_1,X8,33.321,1.0
Locomotion_1,X8,33.393,1.0
Locomotion_1,X8,33.465,1.0
Locomotion_1,X8,33.537,1.0
Locomotion_1,X8,33.609,1.0
Locomotion_1,X8,33.68,1.0
Locomotion_1,X8,33.752,1.0
Locomotion_1,X8,33.824,1.0
Locomotion_1,X8,33.896,1.0
Locomotion_1,X8,33.968,1.0
Locomotion_1,X8,34.039,1.0
Locomotion_1,X8,34.111,1.0
Locomotion_1,X8,34.183,1.0
Locomotion_1,X8,34.255,1.0
Locomotion_1,X8,34.327,1.0
Locomotion_1,X8,34.399,1.0
Locomotion_1,X8,34.47,1.0
Locomotion_1,X8,34.542,1.0
Locomotion_1,X8,34.614,1.0
Locomotion_1,X8,34.686,1.0
Locomotion_1,X8,34.758,1.0
Locomotion_1,X8,34.829,1.0
Locomotion_1,X8,34.901,1.0
Locomotion_1,X8,34.973,1.0
Locomotion_1,X8,35.045,1.0
Locomotion_1,X8,35.117,1.0
Locomotion_1,X8,35.189,1.0
Locomotion_1,X8,35.26,1.0
Locomotion_1,X8,35.332,1.0
Locomotion_1,X8,35.404,1.0
Locomotion_1,X8,35.476,1.0
Locomotion_1,X8,35.548,1.0
Locomotion_1,X8,35.619,1.0
Locomotion_1,X8,35.691,1.0
Locomotion_1,X8,35.763,1.0
Locomotion_1,X8,35.835,1.0
Locomotion_1,X8,35.907,1.0
Locomotion_1,X8,35.978,1.0
Locomotion_1,X8,36.05,1.0
Locomotion_1,X8,36.122,1.0
Locomotion_1,X8,36.194,1.0
Locomotion_1,X8,36.266,1.0
Locomotion_1,X8,36.338,1.0
Locomotion_1,X8,36.409,1.0
Locomotion_1,X8,36.481,1.0
Locomotion_1,X8,36.553,1.0
Locomotion_1,X8,36.625,1.0
Locomotion_1,X8,36.697,1.0
Locomotion_1,X8,36.768,1.0
Locomotion_1,X8,36.84,1.0
Locomotion_1,X8,36.912,1.0
Locomotion_1,X8,36.984,1.0
Locomotion_1,X8,37.056,1.0
Locomotion_1,X8,37.127,1.0
Locomotion_1,X8,37.199,1.0
Locomotion_1,X8,37.271,1.0
Locomotion_1,X8,37.343,1.0
Locomotion_1,X8,37.415,1.0
Locomotion_1,X8,37.487,1.0
Locomotion_1,X8,37.558,1.0
Locomotion_1,X8,37.63,1.0
Locomotion_1,X8,37.702,1.0
Locomotion_1,X8,37.774,1.0
Locomotion_1,X8,37.846,1.0
Locomotion_1,X8,37.917,1.0
Locomotion_1,X8,37.989,1.0
Locomotion_1,X8,38.061,1.0
Locomotion_1,X8,38.133,1.0
Locomotion_1,X8,38.205,1.0
Locomotion_1,X8,38.276,1.0
Locomotion_1,X8,38.348,1.0
Locomotion_1,X8,38.42,1.0
Locomotion_1,X8,38.492,1.0
Locomotion_1,X8,38.564,1.0
Locomotion_1,X8,38.636,1.0
Locomotion_1,X8,38.707,1.0
Locomotion_1,X8,38.779,1.0
Locomotion_1,X8,38.851,1.0
Locomotion_1,X8,38.923,1.0
Locomotion_1,X8,38.995,1.0
Locomotion_1,X8,39.066,1.0
Locomotion_1,X8,39.138,1.0
Locomotion_1,X8,39.21,1.0
Locomotion_1,X8,39.282,1.0
Locomotion_1,X8,39.354,1.0
Locomotion_1,X8,39.425,1.0
Locomotion_1,X8,39.497,1.0
Locomotion_1,X8,39.569,1.0
Locomotion_1,X8,39.641,1.0
Locomotion_1,X8,39.713,1.0
Locomotion_1,X8,39.785,1.0
Locomotion_1,X8,39.856,1.0
Locomotion_1,X8,39.928,1.0
Locomotion_1,X8,40.0,1.0
Locomotion_1,X8,40.072,1.0
Locomotion_1,X8,40.144,1.0
Locomotion_1,X8,40.215,1.0
Locomotion_1,X8,40.287,1.0
Locomotion_1,X8,40.359,1.0
Locomotion_1,X8,40.431,1.0
Locomotion_1,X8,40.503,1.0
Locomotion_1,X8,40.575,1.0
Locomotion_1,X8,40.646,1.0
Locomotion_1,X8,40.718,1.0
Locomotion_1,X8,40.79,1.0
Locomotion_1,X8,40.862,1.0
Locomotion_1,X8,40.934,1.0
Locomotion_1,X8,41.005,1.0
Locomotion_1,X8,41.077,1.0
Locomotion_1,X8,41.149,1.0
Locomotion_1,X8,41.221,1.0
Locomotion_1,X8,41.293,1.0
Locomotion_1,X8,41.364,1.0
Locomotion_1,X8,41.436,1.0
Locomotion_1,X8,41.508,1.0
Locomotion_1,X8,41.58,1.0
Locomotion_1,X8,41.652,1.0
Locomotion_1,X8,41.724,1.0
Locomotion_1,X8,41.795,1.0
Locomotion_1,X8,41.867,1.0
Locomotion_1,X8,41.939,1.0
Locomotion_1,X8,42.011,1.0
Locomotion_1,X8,42.083,1.0
Locomotion_1,X8,42.154,1.0
Locomotion_1,X8,42.226,1.0
Locomotion_1,X8,42.298,1.0
Locomotion_1,X8,42.37,1.0
Locomotion_1,X8,42.442,1.0
Locomotion_1,X8,42.513,1.0
Locomotion_1,X8,42.585,1.0
Locomotion_1,X8,42.657,1.0
Locomotion_1,X8,42.729,1.0
Locomotion_1,X8,42.801,1.0
Locomotion_1,X8,42.873,1.0
Locomotion_1,X8,42.944,1.0
Locomotion_1,X8,43.016,1.0
Locomotion_1,X8,43.088,1.0
Locomotion_1,X8,43.16,1.0
Locomotion_1,X8,43.232,1.0
Locomotion_1,X8,43.303,1.0
Locomotion_1,X8,43.375,1.0
Locomotion_1,X8,43.447,1.0
Locomotion_1,X8,43.519,1.0
Locomotion_1,X8,43.591,1.0
Locomotion_1,X8,43.662,1.0
Locomotion_1,X8,43.734,1.0
Locomotion_1,X8,43.806,1.0
Locomotion_1,X8,43.878,1.0
Locomotion_1,X8,43.95,1.0
Locomotion_1,X8,44.022,1.0
Locomotion_1,X8,44.093,1.0
Locomotion_1,X8,44.165,1.0
Locomotion_1,X8,44.237,1.0
Locomotion_1,X8,44.309,1.0
Locomotion_1,X8,44.381,1.0
Locomotion_1,X8,44.452,1.0
Locomotion_1,X8,44.524,1.0
Locomotion_1,X8,44.596,1.0
Locomotion_1,X8,44.668,1.0
Locomotion_1,X8,44.74,1.0
Locomotion_1,X8,44.811,1.0
Locomotion_1,X8,44.883,1.0
Locomotion_1,X8,44.955,1.0
Locomotion_1,X8,45.027,1.0
Locomotion_1,X8,45.099,1.0
Locomotion_1,X8,45.171,1.0
Locomotion_1,X8,45.242,1.0
Locomotion_1,X8,45.314,1.0
Locomotion_1,X8,45.386,1.0
Locomotion_1,X8,45.458,1.0
Locomotion_1,X8,45.53,1.0
Locomotion_1,X8,45.601,1.0
Locomotion_1,X8,45.673,1.0
Locomotion_1,X8,45.745,1.0
Locomotion_1,X8,45.817,1.0
Locomotion_1,X8,45.889,1.0
Locomotion_1,X8,45.961,1.0
Locomotion_1,X8,46.032,1.0
Locomotion_1,X8,46.104,1.0
Locomotion_1,X8,46.176,1.0
Locomotion_1,X8,46.248,1.0
Locomotion_1,X8,46.32,1.0
Locomotion_1,X8,46.391,1.0
Locomotion_1,X8,46.463,1.0
Locomotion_1,X8,46.535,1.0
Locomotion_1,X8,46.607,1.0
Locomotion_1,X8,46.679,1.0
Locomotion_1,X8,46.75,1.0
Locomotion_1,X8,46.822,1.0
Locomotion_1,X8,46.894,1.0
Locomotion_1,X8,46.966,1.0
Locomotion_1,X8,47.038,1.0
Locomotion_1,X8,47.11,1.0
Locomotion_1,X8,47.181,1.0
Locomotion_1,X8,47.253,1.0
Locomotion_1,X8,47.325,1.0
Locomotion_1,X8,47.397,1.0
Locomotion_1,X8,47.469,1.0
Locomotion_1,X8,47.54,1.0
Locomotion_1,X8,47.612,1.0
Locomotion_1,X8,47.684,1.0
Locomotion_1,X8,47.756,1.0
Locomotion_1,X8,47.828,1.0
Locomotion_1,X8,47.899,1.0
Locomotion_1,X8,47.971,1.0
Locomotion_1,X8,48.043,1.0
Locomotion_1,X8,48.115,1.0
Locomotion_1,X8,48.187,1.0
Locomotion_1,X8,48.259,1.0
Locomotion_1,X8,48.33,1.0
Locomotion_1,X8,48.402,1.0
Locomotion_1,X8,48.474,1.0
Locomotion_1,X8,48.546,1.0
Locomotion_1,X8,48.618,1.0
Locomotion_1,X8,48.689,1.0
Locomotion_1,X8,48.761,1.0
Locomotion_1,X8,48.833,1.0
Locomotion_1,X8,48.905,1.0
Locomotion_1,X8,48.977,1.0
Locomotion_1,X8,49.048,1.0
Locomotion_1,X8,49.12,1.0
Locomotion_1,X8,49.192,1.0
Locomotion_1,X8,49.264,1.0
Locomotion_1,X8,49.336,1.0
Locomotion_1,X8,49.408,1.0
Locomotion_1,X8,49.479,1.0
Locomotion_1,X8,49.551,1.0
Locomotion_1,X8,49.623,1.0
Locomotion_1,X8,49.695,1.0
Locomotion_1,X8,49.767,1.0
Locomotion_1,X8,49.838,1.0
Locomotion_1,X8,49.91,1.0
Locomotion_1,X8,49.982,1.0
Locomotion_1,X8,50.054,1.0
Locomotion_1,X8,50.126,1.0
Locomotion_1,X8,50.197,1.0
Locomotion_1,X8,50.269,1.0
Locomotion_1,X8,50.341,1.0
Locomotion_1,X8,50.413,1.0
Locomotion_1,X8,50.485,1.0
Locomotion_1,X8,50.557,1.0
Locomotion_1,X8,50.628,1.0
Locomotion_1,X8,50.7,1.0
Locomotion_1,X8,50.772,1.0
Locomotion_1,X8,50.844,1.0
Locomotion_1,X8,50.916,1.0
Locomotion_1,X8,50.987,1.0
Locomotion_1,X8,51.059,1.0
Locomotion_1,X8,51.131,1.0
Locomotion_1,X8,51.203,1.0
Locomotion_1,X8,51.275,1.0
Locomotion_1,X8,51.346,1.0
Locomotion_1,X8,51.418,1.0
Locomotion_1,X8,51.49,1.0
Locomotion_1,X8,51.562,1.0
Locomotion_1,X8,51.634,1.0
Locomotion_1,X8,51.706,1.0
Locomotion_1,X8,51.777,1.0
Locomotion_1,X8,51.849,1.0
Locomotion_1,X8,51.921,1.0
Locomotion_1,X8,51.993,1.0
Locomotion_1,X8,52.065,1.0
Locomotion_1,X8,52.136,1.0
Locomotion_1,X8,52.208,1.0
Locomotion_1,X8,52.28,1.0
Locomotion_1,X8,52.352,1.0
Locomotion_1,X8,52.424,1.0
Locomotion_1,X9,0.0,1.0
Locomotion_1,X9,0.072,1.0
Locomotion_1,X9,0.144,1.0
Locomotion_1,X9,0.215,1.0
Locomotion_1,X9,0.287,1.0
Locomotion_1,X9,0.359,1.0
Locomotion_1,X9,0.431,1.0
Locomotion_1,X9,0.503,1.0
Locomotion_1,X9,0.575,1.0
Locomotion_1,X9,0.646,1.0
Locomotion_1,X9,0.718,1.0
Locomotion_1,X9,0.79,1.0
Locomotion_1,X9,0.862,1.0
Locomotion_1,X9,0.934,1.0
Locomotion_1,X9,1.005,1.0
Locomotion_1,X9,1.077,1.0
Locomotion_1,X9,1.149,1.0
Locomotion_1,X9,1.221,1.0
Locomotion_1,X9,1.293,1.0
Locomotion_1,X9,1.364,1.0
Locomotion_1,X9,1.436,1.0
Locomotion_1,X9,1.508,1.0
Locomotion_1,X9,1.58,1.0
Locomotion_1,X9,1.652,1.0
Locomotion_1,X9,1.724,1.0
Locomotion_1,X9,1.795,1.0
Locomotion_1,X9,1.867,1.0
Locomotion_1,X9,1.939,1.0
Locomotion_1,X9,2.011,1.0
Locomotion_1,X9,2.083,1.0
Locomotion_1,X9,2.154,1.0
Locomotion_1,X9,2.226,1.0
Locomotion_1,X9,2.298,1.0
Locomotion_1,X9,2.37,1.0
Locomotion_1,X9,2.442,1.0
Locomotion_1,X9,2.513,1.0
Locomotion_1,X9,2.585,1.0
Locomotion_1,X9,2.657,1.0
Locomotion_1,X9,2.729,1.0
Locomotion_1,X9,2.801,1.0
Locomotion_1,X9,2.873,1.0
Locomotion_1,X9,2.944,1.0
Locomotion_1,X9,3.016,1.0
Locomotion_1,X9,3.088,1.0
Locomotion_1,X9,3.16,1.0
Locomotion_1,X9,3.232,1.0
Locomotion_1,X9,3.303,1.0
Locomotion_1,X9,3.375,1.0
Locomotion_1,X9,3.447,1.0
Locomotion_1,X9,3.519,1.0
Locomotion_1,X9,3.591,1.0
Locomotion_1,X9,3.662,1.0
Locomotion_1,X9,3.734,1.0
Locomotion_1,X9,3.806,1.0
Locomotion_1,X9,3.878,1.0
Locomotion_1,X9,3.95,1.0
Locomotion_1,X9,4.022,1.0
Locomotion_1,X9,4.093,1.0
Locomotion_1,X9,4.165,1.0
Locomotion_1,X9,4.237,1.0
Locomotion_1,X9,4.309,1.0
Locomotion_1,X9,4.381,1.0
Locomotion_1,X9,4.452,1.0
Locomotion_1,X9,4.524,1.0
Locomotion_1,X9,4.596,1.0
Locomotion_1,X9,4.668,1.0
Locomotion_1,X9,4.74,1.0
Locomotion_1,X9,4.811,1.0
Locomotion_1,X9,4.883,1.0
Locomotion_1,X9,4.955,1.0
Locomotion_1,X9,5.027,1.0
Locomotion_1,X9,5.099,1.0
Locomotion_1,X9,5.171,1.0
Locomotion_1,X9,5.242,1.0
Locomotion_1,X9,5.314,1.0
Locomotion_1,X9,5.386,1.0
Locomotion_1,X9,5.458,1.0
Locomotion_1,X9,5.53,1.0
Locomotion_1,X9,5.601,1.0
Locomotion_1,X9,5.673,1.0
Locomotion_1,X9,5.745,1.0
Locomotion_1,X9,5.817,1.0
Locomotion_1,X9,5.889,1.0
Locomotion_1,X9,5.961,1.0
Locomotion_1,X9,6.032,1.0
Locomotion_1,X9,6.104,1.0
Locomotion_1,X9,6.176,1.0
Locomotion_1,X9,6.248,1.0
Locomotion_1,X9,6.32,1.0
Locomotion_1,X9,6.391,1.0
Locomotion_1,X9,6.463,1.0
Locomotion_1,X9,6.535,1.0
Locomotion_1,X9,6.607,1.0
Locomotion_1,X9,6.679,1.0
Locomotion_1,X9,6.75,1.0
Locomotion_1,X9,6.822,1.0
Locomotion_1,X9,6.894,1.0
Locomotion_1,X9,6.966,1.0
Locomotion_1,X9,7.038,1.0
Locomotion_1,X9,7.11,1.0
Locomotion_1,X9,7.181,1.0
Locomotion_1,X9,7.253,1.0
Locomotion_1,X9,7.325,1.0
Locomotion_1,X9,7.397,1.0
Locomotion_1,X9,7.469,1.0
Locomotion_1,X9,7.54,1.0
Locomotion_1,X9,7.612,1.0
Locomotion_1,X9,7.684,1.0
Locomotion_1,X9,7.756,1.0
Locomotion_1,X9,7.828,1.0
Locomotion_1,X9,7.899,1.0
Locomotion_1,X9,7.971,1.0
Locomotion_1,X9,8.043,1.0
Locomotion_1,X9,8.115,1.0
Locomotion_1,X9,8.187,1.0
Locomotion_1,X9,8.259,1.0
Locomotion_1,X9,8.33,1.0
Locomotion_1,X9,8.402,1.0
Locomotion_1,X9,8.474,1.0
Locomotion_1,X9,8.546,1.0
Locomotion_1,X9,8.618,1.0
Locomotion_1,X9,8.689,1.0
Locomotion_1,X9,8.761,1.0
Locomotion_1,X9,8.833,1.0
Locomotion_1,X9,8.905,1.0
Locomotion_1,X9,8.977,1.0
Locomotion_1,X9,9.048,1.0
Locomotion_1,X9,9.12,1.0
Locomotion_1,X9,9.192,1.0
Locomotion_1,X9,9.264,1.0
Locomotion_1,X9,9.336,1.0
Locomotion_1,X9,9.408,1.0
Locomotion_1,X9,9.479,1.0
Locomotion_1,X9,9.551,1.0
Locomotion_1,X9,9.623,1.0
Locomotion_1,X9,9.695,1.0
Locomotion_1,X9,9.767,1.0
Locomotion_1,X9,9.838,1.0
Locomotion_1,X9,9.91,1.0
Locomotion_1,X9,9.982,1.0
Locomotion_1,X9,10.054,1.0
Locomotion_1,X9,10.126,1.0
Locomotion_1,X9,10.197,1.0
Locomotion_1,X9,10.269,1.0
Locomotion_1,X9,10.341,1.0
Locomotion_1,X9,10.413,1.0
Locomotion_1,X9,10.485,1.0
Locomotion_1,X9,10.557,1.0
Locomotion_1,X9,10.628,1.0
Locomotion_1,X9,10.7,1.0
Locomotion_1,X9,10.772,1.0
Locomotion_1,X9,10.844,1.0
Locomotion_1,X9,10.916,1.0
Locomotion_1,X9,10.987,1.0
Locomotion_1,X9,11.059,1.0
Locomotion_1,X9,11.131,1.0
Locomotion_1,X9,11.203,1.0
Locomotion_1,X9,11.275,1.0
Locomotion_1,X9,11.346,1.0
Locomotion_1,X9,11.418,1.0
Locomotion_1,X9,11.49,1.0
Locomotion_1,X9,11.562,1.0
Locomotion_1,X9,11.634,1.0
Locomotion_1,X9,11.706,1.0
Locomotion_1,X9,11.777,1.0
Locomotion_1,X9,11.849,1.0
Locomotion_1,X9,11.921,1.0
Locomotion_1,X9,11.993,1.0
Locomotion_1,X9,12.065,1.0
Locomotion_1,X9,12.136,1.0
Locomotion_1,X9,12.208,1.0
Locomotion_1,X9,12.28,1.0
Locomotion_1,X9,12.352,1.0
Locomotion_1,X9,12.424,1.0
Locomotion_1,X9,12.496,1.0
Locomotion_1,X9,12.567,1.0
Locomotion_1,X9,12.639,1.0
Locomotion_1,X9,12.711,1.0
Locomotion_1,X9,12.783,1.0
Locomotion_1,X9,12.855,1.0
Locomotion_1,X9,12.926,1.0
Locomotion_1,X9,12.998,1.0
Locomotion_1,X9,13.07,1.0
Locomotion_1,X9,13.142,1.0
Locomotion_1,X9,13.214,1.0
Locomotion_1,X9,13.285,1.0
Locomotion_1,X9,13.357,1.0
Locomotion_1,X9,13.429,1.0
Locomotion_1,X9,13.501,1.0
Locomotion_1,X9,13.573,1.0
Locomotion_1,X9,13.645,1.0
Locomotion_1,X9,13.716,1.0
Locomotion_1,X9,13.788,1.0
Locomotion_1,X9,13.86,1.0
Locomotion_1,X9,13.932,1.0
Locomotion_1,X9,14.004,1.0
Locomotion_1,X9,14.075,1.0
Locomotion_1,X9,14.147,1.0
Locomotion_1,X9,14.219,1.0
Locomotion_1,X9,14.291,1.0
Locomotion_1,X9,14.363,1.0
Locomotion_1,X9,14.434,1.0
Locomotion_1,X9,14.506,1.0
Locomotion_1,X9,14.578,1.0
Locomotion_1,X9,14.65,1.0
Locomotion_1,X9,14.722,1.0
Locomotion_1,X9,14.794,1.0
Locomotion_1,X9,14.865,1.0
Locomotion_1,X9,14.937,1.0
Locomotion_1,X9,15.009,1.0
Locomotion_1,X9,15.081,1.0
Locomotion_1,X9,15.153,1.0
Locomotion_1,X9,15.224,1.0
Locomotion_1,X9,15.296,1.0
Locomotion_1,X9,15.368,1.0
Locomotion_1,X9,15.44,1.0
Locomotion_1,X9,15.512,1.0
Locomotion_1,X9,15.583,1.0
Locomotion_1,X9,15.655,1.0
Locomotion_1,X9,15.727,1.0
Locomotion_1,X9,15.799,1.0
Locomotion_1,X9,15.871,1.0
Locomotion_1,X9,15.943,1.0
Locomotion_1,X9,16.014,1.0
Locomotion_1,X9,16.086,1.0
Locomotion_1,X9,16.158,1.0
Locomotion_1,X9,16.23,1.0
Locomotion_1,X9,16.302,1.0
Locomotion_1,X9,16.373,1.0
Locomotion_1,X9,16.445,1.0
Locomotion_1,X9,16.517,1.0
Locomotion_1,X9,16.589,1.0
Locomotion_1,X9,16.661,1.0
Locomotion_1,X9,16.732,1.0
Locomotion_1,X9,16.804,1.0
Locomotion_1,X9,16.876,1.0
Locomotion_1,X9,16.948,1.0
Locomotion_1,X9,17.02,1.0
Locomotion_1,X9,17.092,1.0
Locomotion_1,X9,17.163,1.0
Locomotion_1,X9,17.235,1.0
Locomotion_1,X9,17.307,1.0
Locomotion_1,X9,17.379,1.0
Locomotion_1,X9,17.451,1.0
Locomotion_1,X9,17.522,1.0
Locomotion_1,X9,17.594,1.0
Locomotion_1,X9,17.666,1.0
Locomotion_1,X9,17.738,1.0
Locomotion_1,X9,17.81,1.0
Locomotion_1,X9,17.882,1.0
Locomotion_1,X9,17.953,1.0
Locomotion_1,X9,18.025,1.0
Locomotion_1,X9,18.097,1.0
Locomotion_1,X9,18.169,1.0
Locomotion_1,X9,18.241,1.0
Locomotion_1,X9,18.312,1.0
Locomotion_1,X9,18.384,1.0
Locomotion_1,X9,18.456,1.0
Locomotion_1,X9,18.528,1.0
Locomotion_1,X9,18.6,1.0
Locomotion_1,X9,18.671,1.0
Locomotion_1,X9,18.743,1.0
Locomotion_1,X9,18.815,1.0
Locomotion_1,X9,18.887,1.0
Locomotion_1,X9,18.959,1.0
Locomotion_1,X9,19.031,1.0
Locomotion_1,X9,19.102,1.0
Locomotion_1,X9,19.174,1.0
Locomotion_1,X9,19.246,1.0
Locomotion_1,X9,19.318,1.0
Locomotion_1,X9,19.39,1.0
Locomotion_1,X9,19.461,1.0
Locomotion_1,X9,19.533,1.0
Locomotion_1,X9,19.605,1.0
Locomotion_1,X9,19.677,1.0
Locomotion_1,X9,19.749,1.0
Locomotion_1,X9,19.82,1.0
Locomotion_1,X9,19.892,1.0
Locomotion_1,X9,19.964,1.0
Locomotion_1,X9,20.036,1.0
Locomotion_1,X9,20.108,1.0
Locomotion_1,X9,20.18,1.0
Locomotion_1,X9,20.251,1.0
Locomotion_1,X9,20.323,1.0
Locomotion_1,X9,20.395,1.0
Locomotion_1,X9,20.467,1.0
Locomotion_1,X9,20.539,1.0
Locomotion_1,X9,20.61,1.0
Locomotion_1,X9,20.682,1.0
Locomotion_1,X9,20.754,1.0
Locomotion_1,X9,20.826,1.0
Locomotion_1,X9,20.898,1.0
Locomotion_1,X9,20.969,1.0
Locomotion_1,X9,21.041,1.0
Locomotion_1,X9,21.113,1.0
Locomotion_1,X9,21.185,1.0
Locomotion_1,X9,21.257,1.0
Locomotion_1,X9,21.329,1.0
Locomotion_1,X9,21.4,1.0
Locomotion_1,X9,21.472,1.0
Locomotion_1,X9,21.544,1.0
Locomotion_1,X9,21.616,1.0
Locomotion_1,X9,21.688,1.0
Locomotion_1,X9,21.759,1.0
Locomotion_1,X9,21.831,1.0
Locomotion_1,X9,21.903,1.0
Locomotion_1,X9,21.975,1.0
Locomotion_1,X9,22.047,1.0
Locomotion_1,X9,22.118,1.0
Locomotion_1,X9,22.19,1.0
Locomotion_1,X9,22.262,1.0
Locomotion_1,X9,22.334,1.0
Locomotion_1,X9,22.406,1.0
Locomotion_1,X9,22.478,1.0
Locomotion_1,X9,22.549,1.0
Locomotion_1,X9,22.621,1.0
Locomotion_1,X9,22.693,1.0
Locomotion_1,X9,22.765,1.0
Locomotion_1,X9,22.837,1.0
Locomotion_1,X9,22.908,1.0
Locomotion_1,X9,22.98,1.0
Locomotion_1,X9,23.052,1.0
Locomotion_1,X9,23.124,1.0
Locomotion_1,X9,23.196,1.0
Locomotion_1,X9,23.268,1.0
Locomotion_1,X9,23.339,1.0
Locomotion_1,X9,23.411,1.0
Locomotion_1,X9,23.483,1.0
Locomotion_1,X9,23.555,1.0
Locomotion_1,X9,23.627,1.0
Locomotion_1,X9,23.698,1.0
Locomotion_1,X9,23.77,1.0
Locomotion_1,X9,23.842,1.0
Locomotion_1,X9,23.914,1.0
Locomotion_1,X9,23.986,1.0
Locomotion_1,X9,24.057,1.0
Locomotion_1,X9,24.129,1.0
Locomotion_1,X9,24.201,1.0
Locomotion_1,X9,24.273,1.0
Locomotion_1,X9,24.345,1.0
Locomotion_1,X9,24.417,1.0
Locomotion_1,X9,24.488,1.0
Locomotion_1,X9,24.56,1.0
Locomotion_1,X9,24.632,1.0
Locomotion_1,X9,24.704,1.0
Locomotion_1,X9,24.776,1.0
Locomotion_1,X9,24.847,1.0
Locomotion_1,X9,24.919,1.0
Locomotion_1,X9,24.991,1.0
Locomotion_1,X9,25.063,1.0
Locomotion_1,X9,25.135,1.0
Locomotion_1,X9,25.206,1.0
Locomotion_1,X9,25.278,1.0
Locomotion_1,X9,25.35,1.0
Locomotion_1,X9,25.422,1.0
Locomotion_1,X9,25.494,1.0
Locomotion_1,X9,25.566,1.0
Locomotion_1,X9,25.637,1.0
Locomotion_1,X9,25.709,1.0
Locomotion_1,X9,25.781,1.0
Locomotion_1,X9,25.853,1.0
Locomotion_1,X9,25.925,1.0
Locomotion_1,X9,25.996,1.0
Locomotion_1,X9,26.068,1.0
Locomotion_1,X9,26.14,1.0
Locomotion_1,X9,26.212,1.0
Locomotion_1,X9,26.284,1.0
Locomotion_1,X9,26.355,1.0
Locomotion_1,X9,26.427,1.0
Locomotion_1,X9,26.499,1.0
Locomotion_1,X9,26.571,1.0
Locomotion_1,X9,26.643,1.0
Locomotion_1,X9,26.715,1.0
Locomotion_1,X9,26.786,1.0
Locomotion_1,X9,26.858,1.0
Locomotion_1,X9,26.93,1.0
Locomotion_1,X9,27.002,1.0
Locomotion_1,X9,27.074,1.0
Locomotion_1,X9,27.145,1.0
Locomotion_1,X9,27.217,1.0
Locomotion_1,X9,27.289,1.0
Locomotion_1,X9,27.361,1.0
Locomotion_1,X9,27.433,1.0
Locomotion_1,X9,27.504,1.0
Locomotion_1,X9,27.576,1.0
Locomotion_1,X9,27.648,1.0
Locomotion_1,X9,27.72,1.0
Locomotion_1,X9,27.792,1.0
Locomotion_1,X9,27.864,1.0
Locomotion_1,X9,27.935,1.0
Locomotion_1,X9,28.007,1.0
Locomotion_1,X9,28.079,1.0
Locomotion_1,X9,28.151,1.0
Locomotion_1,X9,28.223,1.0
Locomotion_1,X9,28.294,1.0
Locomotion_1,X9,28.366,1.0
Locomotion_1,X9,28.438,1.0
Locomotion_1,X9,28.51,1.0
Locomotion_1,X9,28.582,1.0
Locomotion_1,X9,28.654,1.0
Locomotion_1,X9,28.725,1.0
Locomotion_1,X9,28.797,1.0
Locomotion_1,X9,28.869,1.0
Locomotion_1,X9,28.941,1.0
Locomotion_1,X9,29.013,1.0
Locomotion_1,X9,29.084,1.0
Locomotion_1,X9,29.156,1.0
Locomotion_1,X9,29.228,1.0
Locomotion_1,X9,29.3,1.0
Locomotion_1,X9,29.372,1.0
Locomotion_1,X9,29.443,1.0
Locomotion_1,X9,29.515,1.0
Locomotion_1,X9,29.587,1.0
Locomotion_1,X9,29.659,1.0
Locomotion_1,X9,29.731,1.0
Locomotion_1,X9,29.803,1.0
Locomotion_1,X9,29.874,1.0
Locomotion_1,X9,29.946,1.0
Locomotion_1,X9,30.018,1.0
Locomotion_1,X9,30.09,1.0
Locomotion_1,X9,30.162,1.0
Locomotion_1,X9,30.233,1.0
Locomotion_1,X9,30.305,1.0
Locomotion_1,X9,30.377,1.0
Locomotion_1,X9,30.449,1.0
Locomotion_1,X9,30.521,1.0
Locomotion_1,X9,30.592,1.0
Locomotion_1,X9,30.664,1.0
Locomotion_1,X9,30.736,1.0
Locomotion_1,X9,30.808,1.0
Locomotion_1,X9,30.88,1.0
Locomotion_1,X9,30.952,1.0
Locomotion_1,X9,31.023,1.0
Locomotion_1,X9,31.095,1.0
Locomotion_1,X9,31.167,1.0
Locomotion_1,X9,31.239,1.0
Locomotion_1,X9,31.311,1.0
Locomotion_1,X9,31.382,1.0
Locomotion_1,X9,31.454,1.0
Locomotion_1,X9,31.526,1.0
Locomotion_1,X9,31.598,1.0
Locomotion_1,X9,31.67,1.0
Locomotion_1,X9,31.741,1.0
Locomotion_1,X9,31.813,1.0
Locomotion_1,X9,31.885,1.0
Locomotion_1,X9,31.957,1.0
Locomotion_1,X9,32.029,1.0
Locomotion_1,X9,32.101,1.0
Locomotion_1,X9,32.172,1.0
Locomotion_1,X9,32.244,1.0
Locomotion_1,X9,32.316,1.0
Locomotion_1,X9,32.388,1.0
Locomotion_1,X9,32.46,1.0
Locomotion_1,X9,32.531,1.0
Locomotion_1,X9,32.603,1.0
Locomotion_1,X9,32.675,1.0
Locomotion_1,X9,32.747,1.0
Locomotion_1,X9,32.819,1.0
Locomotion_1,X9,32.89,1.0
Locomotion_1,X9,32.962,1.0
Locomotion_1,X9,33.034,1.0
Locomotion_1,X9,33.106,1.0
Locomotion_1,X9,33.178,1.0
Locomotion_1,X9,33.25,1.0
Locomotion_1,X9,33.321,1.0
Locomotion_1,X9,33.393,1.0
Locomotion_1,X9,33.465,1.0
Locomotion_1,X9,33.537,1.0
Locomotion_1,X9,33.609,1.0
Locomotion_1,X9,33.68,1.0
Locomotion_1,X9,33.752,1.0
Locomotion_1,X9,33.824,1.0
Locomotion_1,X9,33.896,1.0
Locomotion_1,X9,33.968,1.0
Locomotion_1,X9,34.039,1.0
Locomotion_1,X9,34.111,1.0
Locomotion_1,X9,34.183,1.0
Locomotion_1,X9,34.255,1.0
Locomotion_1,X9,34.327,1.0
Locomotion_1,X9,34.399,1.0
Locomotion_1,X9,34.47,1.0
Locomotion_1,X9,34.542,1.0
Locomotion_1,X9,34.614,1.0
Locomotion_1,X9,34.686,1.0
Locomotion_1,X9,34.758,1.0
Locomotion_1,X9,34.829,1.0
Locomotion_1,X9,34.901,1.0
Locomotion_1,X9,34.973,1.0
Locomotion_1,X9,35.045,1.0
Locomotion_1,X9,35.117,1.0
Locomotion_1,X9,35.189,1.0
Locomotion_1,X9,35.26,1.0
Locomotion_1,X9,35.332,1.0
Locomotion_1,X9,35.404,1.0
Locomotion_1,X9,35.476,1.0
Locomotion_1,X9,35.548,1.0
Locomotion_1,X9,35.619,1.0
Locomotion_1,X9,35.691,1.0
Locomotion_1,X9,35.763,1.0
Locomotion_1,X9,35.835,1.0
Locomotion_1,X9,35.907,1.0
Locomotion_1,X9,35.978,1.0
Locomotion_1,X9,36.05,1.0
Locomotion_1,X9,36.122,1.0
Locomotion_1,X9,36.194,1.0
Locomotion_1,X9,36.266,1.0
Locomotion_1,X9,36.338,1.0
Locomotion_1,X9,36.409,1.0
Locomotion_1,X9,36.481,1.0
Locomotion_1,X9,36.553,1.0
Locomotion_1,X9,36.625,1.0
Locomotion_1,X9,36.697,1.0
Locomotion_1,X9,36.768,1.0
Locomotion_1,X9,36.84,1.0
Locomotion_1,X9,36.912,1.0
Locomotion_1,X9,36.984,1.0
Locomotion_1,X9,37.056,1.0
Locomotion_1,X9,37.127,1.0
Locomotion_1,X9,37.199,1.0
Locomotion_1,X9,37.271,1.0
Locomotion_1,X9,37.343,1.0
Locomotion_1,X9,37.415,1.0
Locomotion_1,X9,37.487,1.0
Locomotion_1,X9,37.558,1.0
Locomotion_1,X9,37.63,1.0
Locomotion_1,X9,37.702,1.0
Locomotion_1,X9,37.774,1.0
Locomotion_1,X9,37.846,1.0
Locomotion_1,X9,37.917,1.0
Locomotion_1,X9,37.989,1.0
Locomotion_1,X9,38.061,1.0
Locomotion_1,X9,38.133,1.0
Locomotion_1,X9,38.205,1.0
Locomotion_1,X9,38.276,1.0
Locomotion_1,X9,38.348,1.0
Locomotion_1,X9,38.42,1.0
Locomotion_1,X9,38.492,1.0
Locomotion_1,X9,38.564,1.0
Locomotion_1,X9,38.636,1.0
Locomotion_1,X9,38.707,1.0
Locomotion_1,X9,38.779,1.0
Locomotion_1,X9,38.851,1.0
Locomotion_1,X9,38.923,1.0
Locomotion_1,X9,38.995,1.0
Locomotion_1,X9,39.066,1.0
Locomotion_1,X9,39.138,1.0
Locomotion_1,X9,39.21,1.0
Locomotion_1,X9,39.282,1.0
Locomotion_1,X9,39.354,1.0
Locomotion_1,X9,39.425,1.0
Locomotion_1,X9,39.497,1.0
Locomotion_1,X9,39.569,1.0
Locomotion_1,X9,39.641,1.0
Locomotion_1,X9,39.713,1.0
Locomotion_1,X9,39.785,1.0
Locomotion_1,X9,39.856,1.0
Locomotion_1,X9,39.928,1.0
Locomotion_1,X9,40.0,1.0
Locomotion_1,X9,40.072,1.0
Locomotion_1,X9,40.144,1.0
Locomotion_1,X9,40.215,1.0
Locomotion_1,X9,40.287,1.0
Locomotion_1,X9,40.359,1.0
Locomotion_1,X9,40.431,1.0
Locomotion_1,X9,40.503,1.0
Locomotion_1,X9,40.575,1.0
Locomotion_1,X9,40.646,1.0
Locomotion_1,X9,40.718,1.0
Locomotion_1,X9,40.79,1.0
Locomotion_1,X9,40.862,1.0
Locomotion_1,X9,40.934,1.0
Locomotion_1,X9,41.005,1.0
Locomotion_1,X9,41.077,1.0
Locomotion_1,X9,41.149,1.0
Locomotion_1,X9,41.221,1.0
Locomotion_1,X9,41.293,1.0
Locomotion_1,X9,41.364,1.0
Locomotion_1,X9,41.436,1.0
Locomotion_1,X9,41.508,1.0
Locomotion_1,X9,41.58,1.0
Locomotion_1,X9,41.652,1.0
Locomotion_1,X9,41.724,1.0
Locomotion_1,X9,41.795,1.0
Locomotion_1,X9,41.867,1.0
Locomotion_1,X9,41.939,1.0
Locomotion_1,X9,42.011,1.0
Locomotion_1,X9,42.083,1.0
Locomotion_1,X9,42.154,1.0
Locomotion_1,X9,42.226,1.0
Locomotion_1,X9,42.298,1.0
Locomotion_1,X9,42.37,1.0
Locomotion_1,X9,42.442,1.0
Locomotion_1,X9,42.513,1.0
Locomotion_1,X9,42.585,1.0
Locomotion_1,X9,42.657,1.0
Locomotion_1,X9,42.729,1.0
Locomotion_1,X9,42.801,1.0
Locomotion_1,X9,42.873,1.0
Locomotion_1,X9,42.944,1.0
Locomotion_1,X9,43.016,1.0
Locomotion_1,X9,43.088,1.0
Locomotion_1,X9,43.16,1.0
Locomotion_1,X9,43.232,1.0
Locomotion_1,X9,43.303,1.0
Locomotion_1,X9,43.375,1.0
Locomotion_1,X9,43.447,1.0
Locomotion_1,X9,43.519,1.0
Locomotion_1,X9,43.591,1.0
Locomotion_1,X9,43.662,1.0
Locomotion_1,X9,43.734,1.0
Locomotion_1,X9,43.806,1.0
Locomotion_1,X9,43.878,1.0
Locomotion_1,X9,43.95,1.0
Locomotion_1,X9,44.022,1.0
Locomotion_1,X9,44.093,1.0
Locomotion_1,X9,44.165,1.0
Locomotion_1,X9,44.237,1.0
Locomotion_1,X9,44.309,1.0
Locomotion_1,X9,44.381,1.0
Locomotion_1,X9,44.452,1.0
Locomotion_1,X9,44.524,1.0
Locomotion_1,X9,44.596,1.0
Locomotion_1,X9,44.668,1.0
Locomotion_1,X9,44.74,1.0
Locomotion_1,X9,44.811,1.0
Locomotion_1,X9,44.883,1.0
Locomotion_1,X9,44.955,1.0
Locomotion_1,X9,45.027,1.0
Locomotion_1,X9,45.099,1.0
Locomotion_1,X9,45.171,1.0
Locomotion_1,X9,45.242,1.0
Locomotion_1,X9,45.314,1.0
Locomotion_1,X9,45.386,1.0
Locomotion_1,X9,45.458,1.0
Locomotion_1,X9,45.53,1.0
Locomotion_1,X9,45.601,1.0
Locomotion_1,X9,45.673,1.0
Locomotion_1,X9,45.745,1.0
Locomotion_1,X9,45.817,1.0
Locomotion_1,X9,45.889,1.0
Locomotion_1,X9,45.961,1.0
Locomotion_1,X9,46.032,1.0
Locomotion_1,X9,46.104,1.0
Locomotion_1,X9,46.176,1.0
Locomotion_1,X9,46.248,1.0
Locomotion_1,X9,46.32,1.0
Locomotion_1,X9,46.391,1.0
Locomotion_1,X9,46.463,1.0
Locomotion_1,X9,46.535,1.0
Locomotion_1,X9,46.607,1.0
Locomotion_1,X9,46.679,1.0
Locomotion_1,X9,46.75,1.0
Locomotion_1,X9,46.822,1.0
Locomotion_1,X9,46.894,1.0
Locomotion_1,X9,46.966,1.0
Locomotion_1,X9,47.038,1.0
Locomotion_1,X9,47.11,1.0
Locomotion_1,X9,47.181,1.0
Locomotion_1,X9,47.253,1.0
Locomotion_1,X9,47.325,1.0
Locomotion_1,X9,47.397,1.0
Locomotion_1,X9,47.469,1.0
Locomotion_1,X9,47.54,1.0
Locomotion_1,X9,47.612,1.0
Locomotion_1,X9,47.684,1.0
Locomotion_1,X9,47.756,1.0
Locomotion_1,X9,47.828,1.0
Locomotion_1,X9,47.899,1.0
Locomotion_1,X9,47.971,1.0
Locomotion_1,X9,48.043,1.0
Locomotion_1,X9,48.115,1.0
Locomotion_1,X9,48.187,1.0
Locomotion_1,X9,48.259,1.0
Locomotion_1,X9,48.33,1.0
Locomotion_1,X9,48.402,1.0
Locomotion_1,X9,48.474,1.0
Locomotion_1,X9,48.546,1.0
Locomotion_1,X9,48.618,1.0
Locomotion_1,X9,48.689,1.0
Locomotion_1,X9,48.761,1.0
Locomotion_1,X9,48.833,1.0
Locomotion_1,X9,48.905,1.0
Locomotion_1,X9,48.977,1.0
Locomotion_1,X9,49.048,1.0
Locomotion_1,X9,49.12,1.0
Locomotion_1,X9,49.192,1.0
Locomotion_1,X9,49.264,1.0
Locomotion_1,X9,49.336,1.0
Locomotion_1,X9,49.408,1.0
Locomotion_1,X9,49.479,1.0
Locomotion_1,X9,49.551,1.0
Locomotion_1,X9,49.623,1.0
Locomotion_1,X9,49.695,1.0
Locomotion_1,X9,49.767,1.0
Locomotion_1,X9,49.838,1.0
Locomotion_1,X9,49.91,1.0
Locomotion_1,X9,49.982,1.0
Locomotion_1,X9,50.054,1.0
Locomotion_1,X9,50.126,1.0
Locomotion_1,X9,50.197,1.0
Locomotion_1,X9,50.269,1.0
Locomotion_1,X9,50.341,1.0
Locomotion_1,X9,50.413,1.0
Locomotion_1,X9,50.485,1.0
Locomotion_1,X9,50.557,1.0
Locomotion_1,X9,50.628,1.0
Locomotion_1,X9,50.7,1.0
Locomotion_1,X9,50.772,1.0
Locomotion_1,X9,50.844,1.0
Locomotion_1,X9,50.916,1.0
Locomotion_1,X9,50.987,1.0
Locomotion_1,X9,51.059,1.0
Locomotion_1,X9,51.131,1.0
Locomotion_1,X9,51.203,1.0
Locomotion_1,X9,51.275,1.0
Locomotion_1,X9,51.346,1.0
Locomotion_1,X9,51.418,1.0
Locomotion_1,X9,51.49,1.0
Locomotion_1,X9,51.562,1.0
Locomotion_1,X9,51.634,1.0
Locomotion_1,X9,51.706,1.0
Locomotion_1,X9,51.777,1.0
Locomotion_1,X9,51.849,1.0
Locomotion_1,X9,51.921,1.0
Locomotion_1,X9,51.993,1.0
Locomotion_1,X9,52.065,1.0
Locomotion_1,X9,52.136,1.0
Locomotion_1,X9,52.208,1.0
Locomotion_1,X9,52.28,1.0
Locomotion_1,X9,52.352,1.0
Locomotion_1,X9,52.424,1.0
Locomotion_1,X10,0.0,1.0
Locomotion_1,X10,0.072,0.0549
Locomotion_1,X10,0.144,0.0
Locomotion_1,X10,0.215,0.0
Locomotion_1,X10,0.287,0.0
Locomotion_1,X10,0.359,0.0
Locomotion_1,X10,0.431,0.0
Locomotion_1,X10,0.503,0.0
Locomotion_1,X10,0.575,0.0
Locomotion_1,X10,0.646,0.0
Locomotion_1,X10,0.718,0.0
Locomotion_1,X10,0.79,0.0
Locomotion_1,X10,0.862,0.0
Locomotion_1,X10,0.934,0.0
Locomotion_1,X10,1.005,0.0
Locomotion_1,X10,1.077,0.0
Locomotion_1,X10,1.149,0.0
Locomotion_1,X10,1.221,0.0
Locomotion_1,X10,1.293,0.0
Locomotion_1,X10,1.364,0.0
Locomotion_1,X10,1.436,0.0
Locomotion_1,X10,1.508,0.0
Locomotion_1,X10,1.58,0.0
Locomotion_1,X10,1.652,0.0
Locomotion_1,X10,1.724,0.0
Locomotion_1,X10,1.795,0.0
Locomotion_1,X10,1.867,0.0
Locomotion_1,X10,1.939,0.0
Locomotion_1,X10,2.011,0.0
Locomotion_1,X10,2.083,0.0
Locomotion_1,X10,2.154,0.0
Locomotion_1,X10,2.226,0.0
Locomotion_1,X10,2.298,0.0
Locomotion_1,X10,2.37,0.0
Locomotion_1,X10,2.442,0.0
Locomotion_1,X10,2.513,0.0
Locomotion_1,X10,2.585,0.0
Locomotion_1,X10,2.657,0.0
Locomotion_1,X10,2.729,0.0
Locomotion_1,X10,2.801,0.0
Locomotion_1,X10,2.873,0.0
Locomotion_1,X10,2.944,0.0
Locomotion_1,X10,3.016,0.0
Locomotion_1,X10,3.088,0.0
Locomotion_1,X10,3.16,0.0
Locomotion_1,X10,3.232,0.0
Locomotion_1,X10,3.303,0.0
Locomotion_1,X10,3.375,0.0
Locomotion_1,X10,3.447,0.0
Locomotion_1,X10,3.519,0.0
Locomotion_1,X10,3.591,0.0
Locomotion_1,X10,3.662,0.0
Locomotion_1,X10,3.734,0.0
Locomotion_1,X10,3.806,0.0
Locomotion_1,X10,3.878,0.0
Locomotion_1,X10,3.95,0.0
Locomotion_1,X10,4.022,0.0
Locomotion_1,X10,4.093,0.0
Locomotion_1,X10,4.165,0.0
Locomotion_1,X10,4.237,0.0
Locomotion_1,X10,4.309,0.0
Locomotion_1,X10,4.381,0.0
Locomotion_1,X10,4.452,0.0
Locomotion_1,X10,4.524,0.0
Locomotion_1,X10,4.596,0.0
Locomotion_1,X10,4.668,0.0
Locomotion_1,X10,4.74,0.0
Locomotion_1,X10,4.811,0.0
Locomotion_1,X10,4.883,0.0
Locomotion_1,X10,4.955,0.0
Locomotion_1,X10,5.027,0.0
Locomotion_1,X10,5.099,0.0
Locomotion_1,X10,5.171,0.0
Locomotion_1,X10,5.242,0.0
Locomotion_1,X10,5.314,0.0
Locomotion_1,X10,5.386,0.0
Locomotion_1,X10,5.458,0.0
Locomotion_1,X10,5.53,0.0
Locomotion_1,X10,5.601,0.0
Locomotion_1,X10,5.673,0.0
Locomotion_1,X10,5.745,0.0
Locomotion_1,X10,5.817,0.0
Locomotion_1,X10,5.889,0.0
Locomotion_1,X10,5.961,0.0
Locomotion_1,X10,6.032,0.0
Locomotion_1,X10,6.104,0.0
Locomotion_1,X10,6.176,0.0
Locomotion_1,X10,6.248,0.0
Locomotion_1,X10,6.32,0.0
Locomotion_1,X10,6.391,0.0
Locomotion_1,X10,6.463,0.0
Locomotion_1,X10,6.535,0.0
Locomotion_1,X10,6.607,0.0
Locomotion_1,X10,6.679,0.0
Locomotion_1,X10,6.75,0.0
Locomotion_1,X10,6.822,0.0
Locomotion_1,X10,6.894,0.0
Locomotion_1,X10,6.966,0.0
Locomotion_1,X10,7.038,0.0
Locomotion_1,X10,7.11,0.0
Locomotion_1,X10,7.181,0.0
Locomotion_1,X10,7.253,0.0
Locomotion_1,X10,7.325,0.0
Locomotion_1,X10,7.397,0.0
Locomotion_1,X10,7.469,0.0
Locomotion_1,X10,7.54,0.0
Locomotion_1,X10,7.612,0.0
Locomotion_1,X10,7.684,0.0
Locomotion_1,X10,7.756,0.0
Locomotion_1,X10,7.828,0.0
Locomotion_1,X10,7.899,0.0
Locomotion_1,X10,7.971,0.0
Locomotion_1,X10,8.043,0.0
Locomotion_1,X10,8.115,0.0
Locomotion_1,X10,8.187,0.0
Locomotion_1,X10,8.259,0.0
Locomotion_1,X10,8.33,0.0
Locomotion_1,X10,8.402,0.0
Locomotion_1,X10,8.474,0.0
Locomotion_1,X10,8.546,0.0
Locomotion_1,X10,8.618,0.0
Locomotion_1,X10,8.689,0.0
Locomotion_1,X10,8.761,0.0
Locomotion_1,X10,8.833,0.0
Locomotion_1,X10,8.905,0.0
Locomotion_1,X10,8.977,0.0
Locomotion_1,X10,9.048,0.0
Locomotion_1,X10,9.12,0.0
Locomotion_1,X10,9.192,0.0
Locomotion_1,X10,9.264,0.0
Locomotion_1,X10,9.336,0.0
Locomotion_1,X10,9.408,0.0
Locomotion_1,X10,9.479,0.0
Locomotion_1,X10,9.551,0.0
Locomotion_1,X10,9.623,0.0
Locomotion_1,X10,9.695,0.0
Locomotion_1,X10,9.767,0.0
Locomotion_1,X10,9.838,0.0
Locomotion_1,X10,9.91,0.0
Locomotion_1,X10,9.982,0.0
Locomotion_1,X10,10.054,0.0
Locomotion_1,X10,10.126,0.0
Locomotion_1,X10,10.197,0.0
Locomotion_1,X10,10.269,0.0
Locomotion_1,X10,10.341,0.0
Locomotion_1,X10,10.413,0.0
Locomotion_1,X10,10.485,0.0
Locomotion_1,X10,10.557,0.0
Locomotion_1,X10,10.628,0.0
Locomotion_1,X10,10.7,0.0
Locomotion_1,X10,10.772,0.0
Locomotion_1,X10,10.844,0.0
Locomotion_1,X10,10.916,0.0
Locomotion_1,X10,10.987,0.0
Locomotion_1,X10,11.059,0.0
Locomotion_1,X10,11.131,0.0
Locomotion_1,X10,11.203,0.0
Locomotion_1,X10,11.275,0.0
Locomotion_1,X10,11.346,0.0
Locomotion_1,X10,11.418,0.0
Locomotion_1,X10,11.49,0.0
Locomotion_1,X10,11.562,0.0
Locomotion_1,X10,11.634,0.0
Locomotion_1,X10,11.706,0.0
Locomotion_1,X10,11.777,0.0
Locomotion_1,X10,11.849,0.0
Locomotion_1,X10,11.921,0.0
Locomotion_1,X10,11.993,0.0
Locomotion_1,X10,12.065,0.0
Locomotion_1,X10,12.136,0.0
Locomotion_1,X10,12.208,0.0
Locomotion_1,X10,12.28,0.0
Locomotion_1,X10,12.352,0.0
Locomotion_1,X10,12.424,0.0
Locomotion_1,X10,12.496,0.0
Locomotion_1,X10,12.567,0.0
Locomotion_1,X10,12.639,0.0
Locomotion_1,X10,12.711,0.0
Locomotion_1,X10,12.783,0.0
Locomotion_1,X10,12.855,0.0
Locomotion_1,X10,12.926,0.0
Locomotion_1,X10,12.998,0.0
Locomotion_1,X10,13.07,0.0
Locomotion_1,X10,13.142,0.0
Locomotion_1,X10,13.214,0.0
Locomotion_1,X10,13.285,0.0
Locomotion_1,X10,13.357,0.0
Locomotion_1,X10,13.429,0.0
Locomotion_1,X10,13.501,0.0
Locomotion_1,X10,13.573,0.0
Locomotion_1,X10,13.645,0.0
Locomotion_1,X10,13.716,0.0
Locomotion_1,X10,13.788,0.0
Locomotion_1,X10,13.86,0.0
Locomotion_1,X10,13.932,0.0
Locomotion_1,X10,14.004,0.0
Locomotion_1,X10,14.075,0.0
Locomotion_1,X10,14.147,0.0
Locomotion_1,X10,14.219,0.0
Locomotion_1,X10,14.291,0.0
Locomotion_1,X10,14.363,0.0
Locomotion_1,X10,14.434,0.0
Locomotion_1,X10,14.506,0.0
Locomotion_1,X10,14.578,0.0
Locomotion_1,X10,14.65,0.0
Locomotion_1,X10,14.722,0.0
Locomotion_1,X10,14.794,0.0
Locomotion_1,X10,14.865,0.0
Locomotion_1,X10,14.937,0.0
Locomotion_1,X10,15.009,0.0
Locomotion_1,X10,15.081,0.0
Locomotion_1,X10,15.153,0.0
Locomotion_1,X10,15.224,0.0
Locomotion_1,X10,15.296,0.0
Locomotion_1,X10,15.368,0.0
Locomotion_1,X10,15.44,0.0
Locomotion_1,X10,15.512,0.0
Locomotion_1,X10,15.583,0.0
Locomotion_1,X10,15.655,0.0
Locomotion_1,X10,15.727,0.0
Locomotion_1,X10,15.799,0.0
Locomotion_1,X10,15.871,0.0
Locomotion_1,X10,15.943,0.0
Locomotion_1,X10,16.014,0.0
Locomotion_1,X10,16.086,0.0
Locomotion_1,X10,16.158,0.0
Locomotion_1,X10,16.23,0.0
Locomotion_1,X10,16.302,0.0
Locomotion_1,X10,16.373,0.0
Locomotion_1,X10,16.445,0.0
Locomotion_1,X10,16.517,0.0
Locomotion_1,X10,16.589,0.0
Locomotion_1,X10,16.661,0.0
Locomotion_1,X10,16.732,0.0
Locomotion_1,X10,16.804,0.0
Locomotion_1,X10,16.876,0.0
Locomotion_1,X10,16.948,0.0
Locomotion_1,X10,17.02,0.0
Locomotion_1,X10,17.092,0.0
Locomotion_1,X10,17.163,0.0
Locomotion_1,X10,17.235,0.0
Locomotion_1,X10,17.307,0.0
Locomotion_1,X10,17.379,0.0
Locomotion_1,X10,17.451,0.0
Locomotion_1,X10,17.522,0.0
Locomotion_1,X10,17.594,0.0
Locomotion_1,X10,17.666,0.0
Locomotion_1,X10,17.738,0.0
Locomotion_1,X10,17.81,0.0
Locomotion_1,X10,17.882,0.0
Locomotion_1,X10,17.953,0.0
Locomotion_1,X10,18.025,0.0
Locomotion_1,X10,18.097,0.0
Locomotion_1,X10,18.169,0.0
Locomotion_1,X10,18.241,0.0
Locomotion_1,X10,18.312,0.0
Locomotion_1,X10,18.384,0.0
Locomotion_1,X10,18.456,0.0
Locomotion_1,X10,18.528,0.0
Locomotion_1,X10,18.6,0.0
Locomotion_1,X10,18.671,0.0
Locomotion_1,X10,18.743,0.0
Locomotion_1,X10,18.815,0.0
Locomotion_1,X10,18.887,0.0
Locomotion_1,X10,18.959,0.0
Locomotion_1,X10,19.031,0.0
Locomotion_1,X10,19.102,0.0
Locomotion_1,X10,19.174,0.0
Locomotion_1,X10,19.246,0.0
Locomotion_1,X10,19.318,0.0
Locomotion_1,X10,19.39,0.0
Locomotion_1,X10,19.461,0.0
Locomotion_1,X10,19.533,0.0
Locomotion_1,X10,19.605,0.0
Locomotion_1,X10,19.677,0.0
Locomotion_1,X10,19.749,0.0
Locomotion_1,X10,19.82,0.0
Locomotion_1,X10,19.892,0.0
Locomotion_1,X10,19.964,0.0
Locomotion_1,X10,20.036,0.0
Locomotion_1,X10,20.108,0.0
Locomotion_1,X10,20.18,0.0
Locomotion_1,X10,20.251,0.0
Locomotion_1,X10,20.323,0.0
Locomotion_1,X10,20.395,0.0
Locomotion_1,X10,20.467,0.0
Locomotion_1,X10,20.539,0.0
Locomotion_1,X10,20.61,0.0
Locomotion_1,X10,20.682,0.0
Locomotion_1,X10,20.754,0.0
Locomotion_1,X10,20.826,0.0
Locomotion_1,X10,20.898,0.0
Locomotion_1,X10,20.969,0.0
Locomotion_1,X10,21.041,0.0
Locomotion_1,X10,21.113,0.0
Locomotion_1,X10,21.185,0.0
Locomotion_1,X10,21.257,0.0
Locomotion_1,X10,21.329,0.0
Locomotion_1,X10,21.4,0.0
Locomotion_1,X10,21.472,0.0
Locomotion_1,X10,21.544,0.0
Locomotion_1,X10,21.616,0.0
Locomotion_1,X10,21.688,0.0
Locomotion_1,X10,21.759,0.0
Locomotion_1,X10,21.831,0.0
Locomotion_1,X10,21.903,0.0
Locomotion_1,X10,21.975,0.0
Locomotion_1,X10,22.047,0.0
Locomotion_1,X10,22.118,0.0
Locomotion_1,X10,22.19,0.0
Locomotion_1,X10,22.262,0.0
Locomotion_1,X10,22.334,0.0
Locomotion_1,X10,22.406,0.0
Locomotion_1,X10,22.478,0.0
Locomotion_1,X10,22.549,0.0
Locomotion_1,X10,22.621,0.0
Locomotion_1,X10,22.693,0.0
Locomotion_1,X10,22.765,0.0
Locomotion_1,X10,22.837,0.0
Locomotion_1,X10,22.908,0.0
Locomotion_1,X10,22.98,0.0
Locomotion_1,X10,23.052,0.0
Locomotion_1,X10,23.124,0.0
Locomotion_1,X10,23.196,0.0
Locomotion_1,X10,23.268,0.0
Locomotion_1,X10,23.339,0.0
Locomotion_1,X10,23.411,0.0
Locomotion_1,X10,23.483,0.0
Locomotion_1,X10,23.555,0.0
Locomotion_1,X10,23.627,0.0
Locomotion_1,X10,23.698,0.0
Locomotion_1,X10,23.77,0.0
Locomotion_1,X10,23.842,0.0
Locomotion_1,X10,23.914,0.0
Locomotion_1,X10,23.986,0.0
Locomotion_1,X10,24.057,0.0
Locomotion_1,X10,24.129,0.0
Locomotion_1,X10,24.201,0.0
Locomotion_1,X10,24.273,0.0
Locomotion_1,X10,24.345,0.0
Locomotion_1,X10,24.417,0.0
Locomotion_1,X10,24.488,0.0
Locomotion_1,X10,24.56,0.0
Locomotion_1,X10,24.632,0.0
Locomotion_1,X10,24.704,0.0
Locomotion_1,X10,24.776,0.0
Locomotion_1,X10,24.847,0.0
Locomotion_1,X10,24.919,0.0
Locomotion_1,X10,24.991,0.0
Locomotion_1,X10,25.063,0.0
Locomotion_1,X10,25.135,0.0
Locomotion_1,X10,25.206,0.0
Locomotion_1,X10,25.278,0.0
Locomotion_1,X10,25.35,0.0
Locomotion_1,X10,25.422,0.0
Locomotion_1,X10,25.494,0.0
Locomotion_1,X10,25.566,0.0
Locomotion_1,X10,25.637,0.0
Locomotion_1,X10,25.709,0.0
Locomotion_1,X10,25.781,0.0
Locomotion_1,X10,25.853,0.0
Locomotion_1,X10,25.925,0.0
Locomotion_1,X10,25.996,0.0
Locomotion_1,X10,26.068,0.0
Locomotion_1,X10,26.14,0.0
Locomotion_1,X10,26.212,0.0
Locomotion_1,X10,26.284,0.0
Locomotion_1,X10,26.355,0.0
Locomotion_1,X10,26.427,0.0
Locomotion_1,X10,26.499,0.0
Locomotion_1,X10,26.571,0.0
Locomotion_1,X10,26.643,0.0
Locomotion_1,X10,26.715,0.0
Locomotion_1,X10,26.786,0.0
Locomotion_1,X10,26.858,0.0
Locomotion_1,X10,26.93,0.0
Locomotion_1,X10,27.002,0.0
Locomotion_1,X10,27.074,0.0
Locomotion_1,X10,27.145,0.0
Locomotion_1,X10,27.217,0.0
Locomotion_1,X10,27.289,0.0
Locomotion_1,X10,27.361,0.0
Locomotion_1,X10,27.433,0.0
Locomotion_1,X10,27.504,0.0
Locomotion_1,X10,27.576,0.0
Locomotion_1,X10,27.648,0.0
Locomotion_1,X10,27.72,0.0
Locomotion_1,X10,27.792,0.0
Locomotion_1,X10,27.864,0.0
Locomotion_1,X10,27.935,0.0
Locomotion_1,X10,28.007,0.0
Locomotion_1,X10,28.079,0.0
Locomotion_1,X10,28.151,0.0
Locomotion_1,X10,28.223,0.0
Locomotion_1,X10,28.294,0.0
Locomotion_1,X10,28.366,0.0
Locomotion_1,X10,28.438,0.0
Locomotion_1,X10,28.51,0.0
Locomotion_1,X10,28.582,0.0
Locomotion_1,X10,28.654,0.0
Locomotion_1,X10,28.725,0.0
Locomotion_1,X10,28.797,0.0
Locomotion_1,X10,28.869,0.0
Locomotion_1,X10,28.941,0.0
Locomotion_1,X10,29.013,0.0
Locomotion_1,X10,29.084,0.0
Locomotion_1,X10,29.156,0.0
Locomotion_1,X10,29.228,0.0
Locomotion_1,X10,29.3,0.0
Locomotion_1,X10,29.372,0.0
Locomotion_1,X10,29.443,0.0
Locomotion_1,X10,29.515,0.0
Locomotion_1,X10,29.587,0.0
Locomotion_1,X10,29.659,0.0
Locomotion_1,X10,29.731,0.0
Locomotion_1,X10,29.803,0.0
Locomotion_1,X10,29.874,0.0
Locomotion_1,X10,29.946,0.0
Locomotion_1,X10,30.018,0.0
Locomotion_1,X10,30.09,0.0
Locomotion_1,X10,30.162,0.0
Locomotion_1,X10,30.233,0.0
Locomotion_1,X10,30.305,0.0
Locomotion_1,X10,30.377,0.0
Locomotion_1,X10,30.449,0.0
Locomotion_1,X10,30.521,0.0
Locomotion_1,X10,30.592,0.0
Locomotion_1,X10,30.664,0.0
Locomotion_1,X10,30.736,0.0
Locomotion_1,X10,30.808,0.0
Locomotion_1,X10,30.88,0.0
Locomotion_1,X10,30.952,0.0
Locomotion_1,X10,31.023,0.0
Locomotion_1,X10,31.095,0.0
Locomotion_1,X10,31.167,0.0
Locomotion_1,X10,31.239,0.0
Locomotion_1,X10,31.311,0.0
Locomotion_1,X10,31.382,0.0
Locomotion_1,X10,31.454,0.0
Locomotion_1,X10,31.526,0.0
Locomotion_1,X10,31.598,0.0
Locomotion_1,X10,31.67,0.0
Locomotion_1,X10,31.741,0.0
Locomotion_1,X10,31.813,0.0
Locomotion_1,X10,31.885,0.0
Locomotion_1,X10,31.957,0.0
Locomotion_1,X10,32.029,0.0
Locomotion_1,X10,32.101,0.0
Locomotion_1,X10,32.172,0.0
Locomotion_1,X10,32.244,0.0
Locomotion_1,X10,32.316,0.0
Locomotion_1,X10,32.388,0.0
Locomotion_1,X10,32.46,0.0
Locomotion_1,X10,32.531,0.0
Locomotion_1,X10,32.603,0.0
Locomotion_1,X10,32.675,0.0
Locomotion_1,X10,32.747,0.0
Locomotion_1,X10,32.819,0.0
Locomotion_1,X10,32.89,0.0
Locomotion_1,X10,32.962,0.0
Locomotion_1,X10,33.034,0.0
Locomotion_1,X10,33.106,0.0
Locomotion_1,X10,33.178,0.0
Locomotion_1,X10,33.25,0.0
Locomotion_1,X10,33.321,0.0
Locomotion_1,X10,33.393,0.0
Locomotion_1,X10,33.465,0.0
Locomotion_1,X10,33.537,0.0
Locomotion_1,X10,33.609,0.0
Locomotion_1,X10,33.68,0.0
Locomotion_1,X10,33.752,0.0
Locomotion_1,X10,33.824,0.0
Locomotion_1,X10,33.896,0.0
Locomotion_1,X10,33.968,0.0
Locomotion_1,X10,34.039,0.0
Locomotion_1,X10,34.111,0.0
Locomotion_1,X10,34.183,0.0
Locomotion_1,X10,34.255,0.0
Locomotion_1,X10,34.327,0.0
Locomotion_1,X10,34.399,0.0
Locomotion_1,X10,34.47,0.0
Locomotion_1,X10,34.542,0.0
Locomotion_1,X10,34.614,0.0
Locomotion_1,X10,34.686,0.0
Locomotion_1,X10,34.758,0.0
Locomotion_1,X10,34.829,0.0
Locomotion_1,X10,34.901,0.0
Locomotion_1,X10,34.973,0.0
Locomotion_1,X10,35.045,0.0
Locomotion_1,X10,35.117,0.0
Locomotion_1,X10,35.189,0.0
Locomotion_1,X10,35.26,0.0
Locomotion_1,X10,35.332,0.0
Locomotion_1,X10,35.404,0.0
Locomotion_1,X10,35.476,0.0
Locomotion_1,X10,35.548,0.0
Locomotion_1,X10,35.619,0.0
Locomotion_1,X10,35.691,0.0
Locomotion_1,X10,35.763,0.0
Locomotion_1,X10,35.835,0.0
Locomotion_1,X10,35.907,0.0
Locomotion_1,X10,35.978,0.0
Locomotion_1,X10,36.05,0.0
Locomotion_1,X10,36.122,0.0
Locomotion_1,X10,36.194,0.0
Locomotion_1,X10,36.266,0.0
Locomotion_1,X10,36.338,0.0
Locomotion_1,X10,36.409,0.0
Locomotion_1,X10,36.481,0.0
Locomotion_1,X10,36.553,0.0
Locomotion_1,X10,36.625,0.0
Locomotion_1,X10,36.697,0.0
Locomotion_1,X10,36.768,0.0
Locomotion_1,X10,36.84,0.0
Locomotion_1,X10,36.912,0.0
Locomotion_1,X10,36.984,0.0
Locomotion_1,X10,37.056,0.0
Locomotion_1,X10,37.127,0.0
Locomotion_1,X10,37.199,0.0
Locomotion_1,X10,37.271,0.0
Locomotion_1,X10,37.343,0.0
Locomotion_1,X10,37.415,0.0
Locomotion_1,X10,37.487,0.0
Locomotion_1,X10,37.558,0.0
Locomotion_1,X10,37.63,0.0
Locomotion_1,X10,37.702,0.0
Locomotion_1,X10,37.774,0.0
Locomotion_1,X10,37.846,0.0
Locomotion_1,X10,37.917,0.0
Locomotion_1,X10,37.989,0.0
Locomotion_1,X10,38.061,0.0
Locomotion_1,X10,38.133,0.0
Locomotion_1,X10,38.205,0.0
Locomotion_1,X10,38.276,0.0
Locomotion_1,X10,38.348,0.0
Locomotion_1,X10,38.42,0.0
Locomotion_1,X10,38.492,0.0
Locomotion_1,X10,38.564,0.0
Locomotion_1,X10,38.636,0.0
Locomotion_1,X10,38.707,0.0
Locomotion_1,X10,38.779,0.0
Locomotion_1,X10,38.851,0.0
Locomotion_1,X10,38.923,0.0
Locomotion_1,X10,38.995,0.0
Locomotion_1,X10,39.066,0.0
Locomotion_1,X10,39.138,0.0
Locomotion_1,X10,39.21,0.0
Locomotion_1,X10,39.282,0.0
Locomotion_1,X10,39.354,0.0
Locomotion_1,X10,39.425,0.0
Locomotion_1,X10,39.497,0.0
Locomotion_1,X10,39.569,0.0
Locomotion_1,X10,39.641,0.0
Locomotion_1,X10,39.713,0.0
Locomotion_1,X10,39.785,0.0
Locomotion_1,X10,39.856,0.0
Locomotion_1,X10,39.928,0.0
Locomotion_1,X10,40.0,0.0
Locomotion_1,X10,40.072,0.0
Locomotion_1,X10,40.144,0.0
Locomotion_1,X10,40.215,0.0
Locomotion_1,X10,40.287,0.0
Locomotion_1,X10,40.359,0.0
Locomotion_1,X10,40.431,0.0
Locomotion_1,X10,40.503,0.0
Locomotion_1,X10,40.575,0.0
Locomotion_1,X10,40.646,0.0
Locomotion_1,X10,40.718,0.0
Locomotion_1,X10,40.79,0.0
Locomotion_1,X10,40.862,0.0
Locomotion_1,X10,40.934,0.0
Locomotion_1,X10,41.005,0.0
Locomotion_1,X10,41.077,0.0
Locomotion_1,X10,41.149,0.0
Locomotion_1,X10,41.221,0.0
Locomotion_1,X10,41.293,0.0
Locomotion_1,X10,41.364,0.0
Locomotion_1,X10,41.436,0.0
Locomotion_1,X10,41.508,0.0
Locomotion_1,X10,41.58,0.0
Locomotion_1,X10,41.652,0.0
Locomotion_1,X10,41.724,0.0
Locomotion_1,X10,41.795,0.0
Locomotion_1,X10,41.867,0.0
Locomotion_1,X10,41.939,0.0
Locomotion_1,X10,42.011,0.0
Locomotion_1,X10,42.083,0.0
Locomotion_1,X10,42.154,0.0
Locomotion_1,X10,42.226,0.0
Locomotion_1,X10,42.298,0.0
Locomotion_1,X10,42.37,0.0
Locomotion_1,X10,42.442,0.0
Locomotion_1,X10,42.513,0.0
Locomotion_1,X10,42.585,0.0
Locomotion_1,X10,42.657,0.0
Locomotion_1,X10,42.729,0.0
Locomotion_1,X10,42.801,0.0
Locomotion_1,X10,42.873,0.0
Locomotion_1,X10,42.944,0.0
Locomotion_1,X10,43.016,0.0
Locomotion_1,X10,43.088,0.0
Locomotion_1,X10,43.16,0.0
Locomotion_1,X10,43.232,0.0
Locomotion_1,X10,43.303,0.0
Locomotion_1,X10,43.375,0.0
Locomotion_1,X10,43.447,0.0
Locomotion_1,X10,43.519,0.0
Locomotion_1,X10,43.591,0.0
Locomotion_1,X10,43.662,0.0
Locomotion_1,X10,43.734,0.0
Locomotion_1,X10,43.806,0.0
Locomotion_1,X10,43.878,0.0
Locomotion_1,X10,43.95,0.0
Locomotion_1,X10,44.022,0.0
Locomotion_1,X10,44.093,0.0
Locomotion_1,X10,44.165,0.0
Locomotion_1,X10,44.237,0.0
Locomotion_1,X10,44.309,0.0
Locomotion_1,X10,44.381,0.0
Locomotion_1,X10,44.452,0.0
Locomotion_1,X10,44.524,0.0
Locomotion_1,X10,44.596,0.0
Locomotion_1,X10,44.668,0.0
Locomotion_1,X10,44.74,0.0
Locomotion_1,X10,44.811,0.0
Locomotion_1,X10,44.883,0.0
Locomotion_1,X10,44.955,0.0
Locomotion_1,X10,45.027,0.0
Locomotion_1,X10,45.099,0.0
Locomotion_1,X10,45.171,0.0
Locomotion_1,X10,45.242,0.0
Locomotion_1,X10,45.314,0.0
Locomotion_1,X10,45.386,0.0
Locomotion_1,X10,45.458,0.0
Locomotion_1,X10,45.53,0.0
Locomotion_1,X10,45.601,0.0
Locomotion_1,X10,45.673,0.0
Locomotion_1,X10,45.745,0.0
Locomotion_1,X10,45.817,0.0
Locomotion_1,X10,45.889,0.0
Locomotion_1,X10,45.961,0.0
Locomotion_1,X10,46.032,0.0
Locomotion_1,X10,46.104,0.0
Locomotion_1,X10,46.176,0.0
Locomotion_1,X10,46.248,0.0
Locomotion_1,X10,46.32,0.0
Locomotion_1,X10,46.391,0.0
Locomotion_1,X10,46.463,0.0
Locomotion_1,X10,46.535,0.0
Locomotion_1,X10,46.607,0.0
Locomotion_1,X10,46.679,0.0
Locomotion_1,X10,46.75,0.0
Locomotion_1,X10,46.822,0.0
Locomotion_1,X10,46.894,0.0
Locomotion_1,X10,46.966,0.0
Locomotion_1,X10,47.038,0.0
Locomotion_1,X10,47.11,0.0
Locomotion_1,X10,47.181,0.0
Locomotion_1,X10,47.253,0.0
Locomotion_1,X10,47.325,0.0
Locomotion_1,X10,47.397,0.0
Locomotion_1,X10,47.469,0.0
Locomotion_1,X10,47.54,0.0
Locomotion_1,X10,47.612,0.0
Locomotion_1,X10,47.684,0.0
Locomotion_1,X10,47.756,0.0
Locomotion_1,X10,47.828,0.0
Locomotion_1,X10,47.899,0.0
Locomotion_1,X10,47.971,0.0
Locomotion_1,X10,48.043,0.0
Locomotion_1,X10,48.115,0.0
Locomotion_1,X10,48.187,0.0
Locomotion_1,X10,48.259,0.0
Locomotion_1,X10,48.33,0.0
Locomotion_1,X10,48.402,0.0
Locomotion_1,X10,48.474,0.0
Locomotion_1,X10,48.546,0.0
Locomotion_1,X10,48.618,0.0
Locomotion_1,X10,48.689,0.0
Locomotion_1,X10,48.761,0.0
Locomotion_1,X10,48.833,0.0
Locomotion_1,X10,48.905,0.0
Locomotion_1,X10,48.977,0.0
Locomotion_1,X10,49.048,0.0
Locomotion_1,X10,49.12,0.0
Locomotion_1,X10,49.192,0.0
Locomotion_1,X10,49.264,0.0
Locomotion_1,X10,49.336,0.0
Locomotion_1,X10,49.408,0.0
Locomotion_1,X10,49.479,0.0
Locomotion_1,X10,49.551,0.0
Locomotion_1,X10,49.623,0.0
Locomotion_1,X10,49.695,0.0
Locomotion_1,X10,49.767,0.0
Locomotion_1,X10,49.838,0.0
Locomotion_1,X10,49.91,0.0
Locomotion_1,X10,49.982,0.0
Locomotion_1,X10,50.054,0.0
Locomotion_1,X10,50.126,0.0
Locomotion_1,X10,50.197,0.0
Locomotion_1,X10,50.269,0.0
Locomotion_1,X10,50.341,0.0
Locomotion_1,X10,50.413,0.0
Locomotion_1,X10,50.485,0.0
Locomotion_1,X10,50.557,0.0
Locomotion_1,X10,50.628,0.0
Locomotion_1,X10,50.7,0.0
Locomotion_1,X10,50.772,0.0
Locomotion_1,X10,50.844,0.0
Locomotion_1,X10,50.916,0.0
Locomotion_1,X10,50.987,0.0
Locomotion_1,X10,51.059,0.0
Locomotion_1,X10,51.131,0.0
Locomotion_1,X10,51.203,0.0
Locomotion_1,X10,51.275,0.0
Locomotion_1,X10,51.346,0.0
Locomotion_1,X10,51.418,0.0
Locomotion_1,X10,51.49,0.0
Locomotion_1,X10,51.562,0.0
Locomotion_1,X10,51.634,0.0
Locomotion_1,X10,51.706,0.0
Locomotion_1,X10,51.777,0.0
Locomotion_1,X10,51.849,0.0
Locomotion_1,X10,51.921,0.0
Locomotion_1,X10,51.993,0.0
Locomotion_1,X10,52.065,0.0
Locomotion_1,X10,52.136,0.0
Locomotion_1,X10,52.208,0.0
Locomotion_1,X10,52.28,0.0
Locomotion_1,X10,52.352,0.0549
Locomotion_1,X10,52.424,1.0
Locomotion_1,X11,0.0,1.0
Locomotion_1,X11,0.072,1.0
Locomotion_1,X11,0.144,0.9961
Locomotion_1,X11,0.215,1.0
Locomotion_1,X11,0.287,1.0
Locomotion_1,X11,0.359,1.0
Locomotion_1,X11,0.431,1.0
Locomotion_1,X11,0.503,1.0
Locomotion_1,X11,0.575,1.0
Locomotion_1,X11,0.646,1.0
Locomotion_1,X11,0.718,1.0
Locomotion_1,X11,0.79,1.0
Locomotion_1,X11,0.862,1.0
Locomotion_1,X11,0.934,1.0
Locomotion_1,X11,1.005,1.0
Locomotion_1,X11,1.077,1.0
Locomotion_1,X11,1.149,1.0
Locomotion_1,X11,1.221,1.0
Locomotion_1,X11,1.293,1.0
Locomotion_1,X11,1.364,1.0
Locomotion_1,X11,1.436,1.0
Locomotion_1,X11,1.508,1.0
Locomotion_1,X11,1.58,1.0
Locomotion_1,X11,1.652,1.0
Locomotion_1,X11,1.724,1.0
Locomotion_1,X11,1.795,1.0
Locomotion_1,X11,1.867,1.0
Locomotion_1,X11,1.939,1.0
Locomotion_1,X11,2.011,1.0
Locomotion_1,X11,2.083,1.0
Locomotion_1,X11,2.154,1.0
Locomotion_1,X11,2.226,1.0
Locomotion_1,X11,2.298,1.0
Locomotion_1,X11,2.37,1.0
Locomotion_1,X11,2.442,1.0
Locomotion_1,X11,2.513,1.0
Locomotion_1,X11,2.585,1.0
Locomotion_1,X11,2.657,1.0
Locomotion_1,X11,2.729,1.0
Locomotion_1,X11,2.801,1.0
Locomotion_1,X11,2.873,1.0
Locomotion_1,X11,2.944,1.0
Locomotion_1,X11,3.016,1.0
Locomotion_1,X11,3.088,1.0
Locomotion_1,X11,3.16,1.0
Locomotion_1,X11,3.232,1.0
Locomotion_1,X11,3.303,1.0
Locomotion_1,X11,3.375,1.0
Locomotion_1,X11,3.447,1.0
Locomotion_1,X11,3.519,1.0
Locomotion_1,X11,3.591,1.0
Locomotion_1,X11,3.662,1.0
Locomotion_1,X11,3.734,1.0
Locomotion_1,X11,3.806,1.0
Locomotion_1,X11,3.878,1.0
Locomotion_1,X11,3.95,1.0
Locomotion_1,X11,4.022,1.0
Locomotion_1,X11,4.093,1.0
Locomotion_1,X11,4.165,1.0
Locomotion_1,X11,4.237,1.0
Locomotion_1,X11,4.309,1.0
Locomotion_1,X11,4.381,1.0
Locomotion_1,X11,4.452,1.0
Locomotion_1,X11,4.524,1.0
Locomotion_1,X11,4.596,1.0
Locomotion_1,X11,4.668,1.0
Locomotion_1,X11,4.74,1.0
Locomotion_1,X11,4.811,1.0
Locomotion_1,X11,4.883,1.0
Locomotion_1,X11,4.955,1.0
Locomotion_1,X11,5.027,1.0
Locomotion_1,X11,5.099,1.0
Locomotion_1,X11,5.171,1.0
Locomotion_1,X11,5.242,1.0
Locomotion_1,X11,5.314,1.0
Locomotion_1,X11,5.386,1.0
Locomotion_1,X11,5.458,1.0
Locomotion_1,X11,5.53,1.0
Locomotion_1,X11,5.601,1.0
Locomotion_1,X11,5.673,1.0
Locomotion_1,X11,5.745,1.0
Locomotion_1,X11,5.817,1.0
Locomotion_1,X11,5.889,1.0
Locomotion_1,X11,5.961,1.0
Locomotion_1,X11,6.032,1.0
Locomotion_1,X11,6.104,1.0
Locomotion_1,X11,6.176,1.0
Locomotion_1,X11,6.248,1.0
Locomotion_1,X11,6.32,1.0
Locomotion_1,X11,6.391,1.0
Locomotion_1,X11,6.463,1.0
Locomotion_1,X11,6.535,1.0
Locomotion_1,X11,6.607,1.0
Locomotion_1,X11,6.679,1.0
Locomotion_1,X11,6.75,1.0
Locomotion_1,X11,6.822,1.0
Locomotion_1,X11,6.894,1.0
Locomotion_1,X11,6.966,1.0
Locomotion_1,X11,7.038,1.0
Locomotion_1,X11,7.11,1.0
Locomotion_1,X11,7.181,1.0
Locomotion_1,X11,7.253,1.0
Locomotion_1,X11,7.325,1.0
Locomotion_1,X11,7.397,1.0
Locomotion_1,X11,7.469,1.0
Locomotion_1,X11,7.54,1.0
Locomotion_1,X11,7.612,1.0
Locomotion_1,X11,7.684,1.0
Locomotion_1,X11,7.756,1.0
Locomotion_1,X11,7.828,1.0
Locomotion_1,X11,7.899,1.0
Locomotion_1,X11,7.971,1.0
Locomotion_1,X11,8.043,1.0
Locomotion_1,X11,8.115,1.0
Locomotion_1,X11,8.187,1.0
Locomotion_1,X11,8.259,1.0
Locomotion_1,X11,8.33,1.0
Locomotion_1,X11,8.402,1.0
Locomotion_1,X11,8.474,1.0
Locomotion_1,X11,8.546,1.0
Locomotion_1,X11,8.618,1.0
Locomotion_1,X11,8.689,1.0
Locomotion_1,X11,8.761,1.0
Locomotion_1,X11,8.833,1.0
Locomotion_1,X11,8.905,1.0
Locomotion_1,X11,8.977,1.0
Locomotion_1,X11,9.048,1.0
Locomotion_1,X11,9.12,1.0
Locomotion_1,X11,9.192,1.0
Locomotion_1,X11,9.264,1.0
Locomotion_1,X11,9.336,1.0
Locomotion_1,X11,9.408,1.0
Locomotion_1,X11,9.479,1.0
Locomotion_1,X11,9.551,1.0
Locomotion_1,X11,9.623,1.0
Locomotion_1,X11,9.695,1.0
Locomotion_1,X11,9.767,1.0
Locomotion_1,X11,9.838,1.0
Locomotion_1,X11,9.91,1.0
Locomotion_1,X11,9.982,1.0
Locomotion_1,X11,10.054,1.0
Locomotion_1,X11,10.126,1.0
Locomotion_1,X11,10.197,1.0
Locomotion_1,X11,10.269,1.0
Locomotion_1,X11,10.341,1.0
Locomotion_1,X11,10.413,1.0
Locomotion_1,X11,10.485,1.0
Locomotion_1,X11,10.557,1.0
Locomotion_1,X11,10.628,1.0
Locomotion_1,X11,10.7,1.0
Locomotion_1,X11,10.772,1.0
Locomotion_1,X11,10.844,1.0
Locomotion_1,X11,10.916,1.0
Locomotion_1,X11,10.987,1.0
Locomotion_1,X11,11.059,1.0
Locomotion_1,X11,11.131,1.0
Locomotion_1,X11,11.203,1.0
Locomotion_1,X11,11.275,1.0
Locomotion_1,X11,11.346,1.0
Locomotion_1,X11,11.418,1.0
Locomotion_1,X11,11.49,1.0
Locomotion_1,X11,11.562,1.0
Locomotion_1,X11,11.634,1.0
Locomotion_1,X11,11.706,1.0
Locomotion_1,X11,11.777,1.0
Locomotion_1,X11,11.849,1.0
Locomotion_1,X11,11.921,1.0
Locomotion_1,X11,11.993,1.0
Locomotion_1,X11,12.065,1.0
Locomotion_1,X11,12.136,1.0
Locomotion_1,X11,12.208,1.0
Locomotion_1,X11,12.28,1.0
Locomotion_1,X11,12.352,1.0
Locomotion_1,X11,12.424,1.0
Locomotion_1,X11,12.496,1.0
Locomotion_1,X11,12.567,1.0
Locomotion_1,X11,12.639,1.0
Locomotion_1,X11,12.711,1.0
Locomotion_1,X11,12.783,1.0
Locomotion_1,X11,12.855,1.0
Locomotion_1,X11,12.926,1.0
Locomotion_1,X11,12.998,1.0
Locomotion_1,X11,13.07,1.0
Locomotion_1,X11,13.142,1.0
Locomotion_1,X11,13.214,1.0
Locomotion_1,X11,13.285,1.0
Locomotion_1,X11,13.357,1.0
Locomotion_1,X11,13.429,1.0
Locomotion_1,X11,13.501,1.0
Locomotion_1,X11,13.573,1.0
Locomotion_1,X11,13.645,1.0
Locomotion_1,X11,13.716,1.0
Locomotion_1,X11,13.788,1.0
Locomotion_1,X11,13.86,1.0
Locomotion_1,X11,13.932,1.0
Locomotion_1,X11,14.004,1.0
Locomotion_1,X11,14.075,1.0
Locomotion_1,X11,14.147,1.0
Locomotion_1,X11,14.219,1.0
Locomotion_1,X11,14.291,1.0
Locomotion_1,X11,14.363,1.0
Locomotion_1,X11,14.434,1.0
Locomotion_1,X11,14.506,1.0
Locomotion_1,X11,14.578,1.0
Locomotion_1,X11,14.65,1.0
Locomotion_1,X11,14.722,1.0
Locomotion_1,X11,14.794,1.0
Locomotion_1,X11,14.865,1.0
Locomotion_1,X11,14.937,1.0
Locomotion_1,X11,15.009,1.0
Locomotion_1,X11,15.081,1.0
Locomotion_1,X11,15.153,1.0
Locomotion_1,X11,15.224,1.0
Locomotion_1,X11,15.296,1.0
Locomotion_1,X11,15.368,1.0
Locomotion_1,X11,15.44,1.0
Locomotion_1,X11,15.512,1.0
Locomotion_1,X11,15.583,1.0
Locomotion_1,X11,15.655,1.0
Locomotion_1,X11,15.727,1.0
Locomotion_1,X11,15.799,1.0
Locomotion_1,X11,15.871,1.0
Locomotion_1,X11,15.943,1.0
Locomotion_1,X11,16.014,1.0
Locomotion_1,X11,16.086,1.0
Locomotion_1,X11,16.158,1.0
Locomotion_1,X11,16.23,1.0
Locomotion_1,X11,16.302,1.0
Locomotion_1,X11,16.373,1.0
Locomotion_1,X11,16.445,1.0
Locomotion_1,X11,16.517,1.0
Locomotion_1,X11,16.589,1.0
Locomotion_1,X11,16.661,1.0
Locomotion_1,X11,16.732,1.0
Locomotion_1,X11,16.804,1.0
Locomotion_1,X11,16.876,1.0
Locomotion_1,X11,16.948,1.0
Locomotion_1,X11,17.02,1.0
Locomotion_1,X11,17.092,1.0
Locomotion_1,X11,17.163,1.0
Locomotion_1,X11,17.235,1.0
Locomotion_1,X11,17.307,1.0
Locomotion_1,X11,17.379,1.0
Locomotion_1,X11,17.451,1.0
Locomotion_1,X11,17.522,1.0
Locomotion_1,X11,17.594,1.0
Locomotion_1,X11,17.666,1.0
Locomotion_1,X11,17.738,1.0
Locomotion_1,X11,17.81,1.0
Locomotion_1,X11,17.882,1.0
Locomotion_1,X11,17.953,1.0
Locomotion_1,X11,18.025,1.0
Locomotion_1,X11,18.097,1.0
Locomotion_1,X11,18.169,1.0
Locomotion_1,X11,18.241,1.0
Locomotion_1,X11,18.312,1.0
Locomotion_1,X11,18.384,1.0
Locomotion_1,X11,18.456,1.0
Locomotion_1,X11,18.528,1.0
Locomotion_1,X11,18.6,1.0
Locomotion_1,X11,18.671,1.0
Locomotion_1,X11,18.743,1.0
Locomotion_1,X11,18.815,1.0
Locomotion_1,X11,18.887,1.0
Locomotion_1,X11,18.959,1.0
Locomotion_1,X11,19.031,1.0
Locomotion_1,X11,19.102,1.0
Locomotion_1,X11,19.174,1.0
Locomotion_1,X11,19.246,1.0
Locomotion_1,X11,19.318,1.0
Locomotion_1,X11,19.39,1.0
Locomotion_1,X11,19.461,1.0
Locomotion_1,X11,19.533,1.0
Locomotion_1,X11,19.605,1.0
Locomotion_1,X11,19.677,1.0
Locomotion_1,X11,19.749,1.0
Locomotion_1,X11,19.82,1.0
Locomotion_1,X11,19.892,1.0
Locomotion_1,X11,19.964,1.0
Locomotion_1,X11,20.036,1.0
Locomotion_1,X11,20.108,1.0
Locomotion_1,X11,20.18,1.0
Locomotion_1,X11,20.251,1.0
Locomotion_1,X11,20.323,1.0
Locomotion_1,X11,20.395,1.0
Locomotion_1,X11,20.467,1.0
Locomotion_1,X11,20.539,1.0
Locomotion_1,X11,20.61,1.0
Locomotion_1,X11,20.682,1.0
Locomotion_1,X11,20.754,1.0
Locomotion_1,X11,20.826,1.0
Locomotion_1,X11,20.898,1.0
Locomotion_1,X11,20.969,1.0
Locomotion_1,X11,21.041,1.0
Locomotion_1,X11,21.113,1.0
Locomotion_1,X11,21.185,1.0
Locomotion_1,X11,21.257,1.0
Locomotion_1,X11,21.329,1.0
Locomotion_1,X11,21.4,1.0
Locomotion_1,X11,21.472,1.0
Locomotion_1,X11,21.544,1.0
Locomotion_1,X11,21.616,1.0
Locomotion_1,X11,21.688,1.0
Locomotion_1,X11,21.759,1.0
Locomotion_1,X11,21.831,1.0
Locomotion_1,X11,21.903,1.0
Locomotion_1,X11,21.975,1.0
Locomotion_1,X11,22.047,1.0
Locomotion_1,X11,22.118,1.0
Locomotion_1,X11,22.19,1.0
Locomotion_1,X11,22.262,1.0
Locomotion_1,X11,22.334,1.0
Locomotion_1,X11,22.406,1.0
Locomotion_1,X11,22.478,1.0
Locomotion_1,X11,22.549,1.0
Locomotion_1,X11,22.621,1.0
Locomotion_1,X11,22.693,1.0
Locomotion_1,X11,22.765,1.0
Locomotion_1,X11,22.837,1.0
Locomotion_1,X11,22.908,1.0
Locomotion_1,X11,22.98,1.0
Locomotion_1,X11,23.052,1.0
Locomotion_1,X11,23.124,1.0
Locomotion_1,X11,23.196,1.0
Locomotion_1,X11,23.268,1.0
Locomotion_1,X11,23.339,1.0
Locomotion_1,X11,23.411,1.0
Locomotion_1,X11,23.483,1.0
Locomotion_1,X11,23.555,1.0
Locomotion_1,X11,23.627,1.0
Locomotion_1,X11,23.698,1.0
Locomotion_1,X11,23.77,1.0
Locomotion_1,X11,23.842,1.0
Locomotion_1,X11,23.914,1.0
Locomotion_1,X11,23.986,1.0
Locomotion_1,X11,24.057,1.0
Locomotion_1,X11,24.129,1.0
Locomotion_1,X11,24.201,1.0
Locomotion_1,X11,24.273,1.0
Locomotion_1,X11,24.345,1.0
Locomotion_1,X11,24.417,1.0
Locomotion_1,X11,24.488,1.0
Locomotion_1,X11,24.56,1.0
Locomotion_1,X11,24.632,1.0
Locomotion_1,X11,24.704,1.0
Locomotion_1,X11,24.776,1.0
Locomotion_1,X11,24.847,1.0
Locomotion_1,X11,24.919,1.0
Locomotion_1,X11,24.991,1.0
Locomotion_1,X11,25.063,1.0
Locomotion_1,X11,25.135,1.0
Locomotion_1,X11,25.206,1.0
Locomotion_1,X11,25.278,1.0
Locomotion_1,X11,25.35,1.0
Locomotion_1,X11,25.422,1.0
Locomotion_1,X11,25.494,1.0
Locomotion_1,X11,25.566,1.0
Locomotion_1,X11,25.637,1.0
Locomotion_1,X11,25.709,1.0
Locomotion_1,X11,25.781,1.0
Locomotion_1,X11,25.853,1.0
Locomotion_1,X11,25.925,1.0
Locomotion_1,X11,25.996,1.0
Locomotion_1,X11,26.068,1.0
Locomotion_1,X11,26.14,1.0
Locomotion_1,X11,26.212,1.0
Locomotion_1,X11,26.284,1.0
Locomotion_1,X11,26.355,1.0
Locomotion_1,X11,26.427,1.0
Locomotion_1,X11,26.499,1.0
Locomotion_1,X11,26.571,1.0
Locomotion_1,X11,26.643,1.0
Locomotion_1,X11,26.715,1.0
Locomotion_1,X11,26.786,1.0
Locomotion_1,X11,26.858,1.0
Locomotion_1,X11,26.93,1.0
Locomotion_1,X11,27.002,1.0
Locomotion_1,X11,27.074,1.0
Locomotion_1,X11,27.145,1.0
Locomotion_1,X11,27.217,1.0
Locomotion_1,X11,27.289,1.0
Locomotion_1,X11,27.361,1.0
Locomotion_1,X11,27.433,1.0
Locomotion_1,X11,27.504,1.0
Locomotion_1,X11,27.576,1.0
Locomotion_1,X11,27.648,1.0
Locomotion_1,X11,27.72,1.0
Locomotion_1,X11,27.792,1.0
Locomotion_1,X11,27.864,1.0
Locomotion_1,X11,27.935,1.0
Locomotion_1,X11,28.007,1.0
Locomotion_1,X11,28.079,1.0
Locomotion_1,X11,28.151,1.0
Locomotion_1,X11,28.223,1.0
Locomotion_1,X11,28.294,1.0
Locomotion_1,X11,28.366,1.0
Locomotion_1,X11,28.438,1.0
Locomotion_1,X11,28.51,1.0
Locomotion_1,X11,28.582,1.0
Locomotion_1,X11,28.654,1.0
Locomotion_1,X11,28.725,1.0
Locomotion_1,X11,28.797,1.0
Locomotion_1,X11,28.869,1.0
Locomotion_1,X11,28.941,1.0
Locomotion_1,X11,29.013,1.0
Locomotion_1,X11,29.084,1.0
Locomotion_1,X11,29.156,1.0
Locomotion_1,X11,29.228,1.0
Locomotion_1,X11,29.3,1.0
Locomotion_1,X11,29.372,1.0
Locomotion_1,X11,29.443,1.0
Locomotion_1,X11,29.515,1.0
Locomotion_1,X11,29.587,1.0
Locomotion_1,X11,29.659,1.0
Locomotion_1,X11,29.731,1.0
Locomotion_1,X11,29.803,1.0
Locomotion_1,X11,29.874,1.0
Locomotion_1,X11,29.946,1.0
Locomotion_1,X11,30.018,1.0
Locomotion_1,X11,30.09,1.0
Locomotion_1,X11,30.162,1.0
Locomotion_1,X11,30.233,1.0
Locomotion_1,X11,30.305,1.0
Locomotion_1,X11,30.377,1.0
Locomotion_1,X11,30.449,1.0
Locomotion_1,X11,30.521,1.0
Locomotion_1,X11,30.592,1.0
Locomotion_1,X11,30.664,1.0
Locomotion_1,X11,30.736,1.0
Locomotion_1,X11,30.808,1.0
Locomotion_1,X11,30.88,1.0
Locomotion_1,X11,30.952,1.0
Locomotion_1,X11,31.023,1.0
Locomotion_1,X11,31.095,1.0
Locomotion_1,X11,31.167,1.0
Locomotion_1,X11,31.239,1.0
Locomotion_1,X11,31.311,1.0
Locomotion_1,X11,31.382,1.0
Locomotion_1,X11,31.454,1.0
Locomotion_1,X11,31.526,1.0
Locomotion_1,X11,31.598,1.0
Locomotion_1,X11,31.67,1.0
Locomotion_1,X11,31.741,1.0
Locomotion_1,X11,31.813,1.0
Locomotion_1,X11,31.885,1.0
Locomotion_1,X11,31.957,1.0
Locomotion_1,X11,32.029,1.0
Locomotion_1,X11,32.101,1.0
Locomotion_1,X11,32.172,1.0
Locomotion_1,X11,32.244,1.0
Locomotion_1,X11,32.316,1.0
Locomotion_1,X11,32.388,1.0
Locomotion_1,X11,32.46,1.0
Locomotion_1,X11,32.531,1.0
Locomotion_1,X11,32.603,1.0
Locomotion_1,X11,32.675,1.0
Locomotion_1,X11,32.747,1.0
Locomotion_1,X11,32.819,1.0
Locomotion_1,X11,32.89,1.0
Locomotion_1,X11,32.962,1.0
Locomotion_1,X11,33.034,1.0
Locomotion_1,X11,33.106,1.0
Locomotion_1,X11,33.178,1.0
Locomotion_1,X11,33.25,1.0
Locomotion_1,X11,33.321,1.0
Locomotion_1,X11,33.393,1.0
Locomotion_1,X11,33.465,1.0
Locomotion_1,X11,33.537,1.0
Locomotion_1,X11,33.609,1.0
Locomotion_1,X11,33.68,1.0
Locomotion_1,X11,33.752,1.0
Locomotion_1,X11,33.824,1.0
Locomotion_1,X11,33.896,1.0
Locomotion_1,X11,33.968,1.0
Locomotion_1,X11,34.039,1.0
Locomotion_1,X11,34.111,1.0
Locomotion_1,X11,34.183,1.0
Locomotion_1,X11,34.255,1.0
Locomotion_1,X11,34.327,1.0
Locomotion_1,X11,34.399,1.0
Locomotion_1,X11,34.47,1.0
Locomotion_1,X11,34.542,1.0
Locomotion_1,X11,34.614,1.0
Locomotion_1,X11,34.686,1.0
Locomotion_1,X11,34.758,1.0
Locomotion_1,X11,34.829,1.0
Locomotion_1,X11,34.901,1.0
Locomotion_1,X11,34.973,1.0
Locomotion_1,X11,35.045,1.0
Locomotion_1,X11,35.117,1.0
Locomotion_1,X11,35.189,1.0
Locomotion_1,X11,35.26,1.0
Locomotion_1,X11,35.332,1.0
Locomotion_1,X11,35.404,1.0
Locomotion_1,X11,35.476,1.0
Locomotion_1,X11,35.548,1.0
Locomotion_1,X11,35.619,1.0
Locomotion_1,X11,35.691,1.0
Locomotion_1,X11,35.763,1.0
Locomotion_1,X11,35.835,1.0
Locomotion_1,X11,35.907,1.0
Locomotion_1,X11,35.978,1.0
Locomotion_1,X11,36.05,1.0
Locomotion_1,X11,36.122,1.0
Locomotion_1,X11,36.194,1.0
Locomotion_1,X11,36.266,1.0
Locomotion_1,X11,36.338,1.0
Locomotion_1,X11,36.409,1.0
Locomotion_1,X11,36.481,1.0
Locomotion_1,X11,36.553,1.0
Locomotion_1,X11,36.625,1.0
Locomotion_1,X11,36.697,1.0
Locomotion_1,X11,36.768,1.0
Locomotion_1,X11,36.84,1.0
Locomotion_1,X11,36.912,1.0
Locomotion_1,X11,36.984,1.0
Locomotion_1,X11,37.056,1.0
Locomotion_1,X11,37.127,1.0
Locomotion_1,X11,37.199,1.0
Locomotion_1,X11,37.271,1.0
Locomotion_1,X11,37.343,1.0
Locomotion_1,X11,37.415,1.0
Locomotion_1,X11,37.487,1.0
Locomotion_1,X11,37.558,1.0
Locomotion_1,X11,37.63,1.0
Locomotion_1,X11,37.702,1.0
Locomotion_1,X11,37.774,1.0
Locomotion_1,X11,37.846,1.0
Locomotion_1,X11,37.917,1.0
Locomotion_1,X11,37.989,1.0
Locomotion_1,X11,38.061,1.0
Locomotion_1,X11,38.133,1.0
Locomotion_1,X11,38.205,1.0
Locomotion_1,X11,38.276,1.0
Locomotion_1,X11,38.348,1.0
Locomotion_1,X11,38.42,1.0
Locomotion_1,X11,38.492,1.0
Locomotion_1,X11,38.564,1.0
Locomotion_1,X11,38.636,1.0
Locomotion_1,X11,38.707,1.0
Locomotion_1,X11,38.779,1.0
Locomotion_1,X11,38.851,1.0
Locomotion_1,X11,38.923,1.0
Locomotion_1,X11,38.995,1.0
Locomotion_1,X11,39.066,1.0
Locomotion_1,X11,39.138,1.0
Locomotion_1,X11,39.21,1.0
Locomotion_1,X11,39.282,1.0
Locomotion_1,X11,39.354,1.0
Locomotion_1,X11,39.425,1.0
Locomotion_1,X11,39.497,1.0
Locomotion_1,X11,39.569,1.0
Locomotion_1,X11,39.641,1.0
Locomotion_1,X11,39.713,1.0
Locomotion_1,X11,39.785,1.0
Locomotion_1,X11,39.856,1.0
Locomotion_1,X11,39.928,1.0
Locomotion_1,X11,40.0,1.0
Locomotion_1,X11,40.072,1.0
Locomotion_1,X11,40.144,1.0
Locomotion_1,X11,40.215,1.0
Locomotion_1,X11,40.287,1.0
Locomotion_1,X11,40.359,1.0
Locomotion_1,X11,40.431,1.0
Locomotion_1,X11,40.503,1.0
Locomotion_1,X11,40.575,1.0
Locomotion_1,X11,40.646,1.0
Locomotion_1,X11,40.718,1.0
Locomotion_1,X11,40.79,1.0
Locomotion_1,X11,40.862,1.0
Locomotion_1,X11,40.934,1.0
Locomotion_1,X11,41.005,1.0
Locomotion_1,X11,41.077,1.0
Locomotion_1,X11,41.149,1.0
Locomotion_1,X11,41.221,1.0
Locomotion_1,X11,41.293,1.0
Locomotion_1,X11,41.364,1.0
Locomotion_1,X11,41.436,1.0
Locomotion_1,X11,41.508,1.0
Locomotion_1,X11,41.58,1.0
Locomotion_1,X11,41.652,1.0
Locomotion_1,X11,41.724,1.0
Locomotion_1,X11,41.795,1.0
Locomotion_1,X11,41.867,1.0
Locomotion_1,X11,41.939,1.0
Locomotion_1,X11,42.011,1.0
Locomotion_1,X11,42.083,1.0
Locomotion_1,X11,42.154,1.0
Locomotion_1,X11,42.226,1.0
Locomotion_1,X11,42.298,1.0
Locomotion_1,X11,42.37,1.0
Locomotion_1,X11,42.442,1.0
Locomotion_1,X11,42.513,1.0
Locomotion_1,X11,42.585,1.0
Locomotion_1,X11,42.657,1.0
Locomotion_1,X11,42.729,1.0
Locomotion_1,X11,42.801,1.0
Locomotion_1,X11,42.873,1.0
Locomotion_1,X11,42.944,1.0
Locomotion_1,X11,43.016,1.0
Locomotion_1,X11,43.088,1.0
Locomotion_1,X11,43.16,1.0
Locomotion_1,X11,43.232,1.0
Locomotion_1,X11,43.303,1.0
Locomotion_1,X11,43.375,1.0
Locomotion_1,X11,43.447,1.0
Locomotion_1,X11,43.519,1.0
Locomotion_1,X11,43.591,1.0
Locomotion_1,X11,43.662,1.0
Locomotion_1,X11,43.734,1.0
Locomotion_1,X11,43.806,1.0
Locomotion_1,X11,43.878,1.0
Locomotion_1,X11,43.95,1.0
Locomotion_1,X11,44.022,1.0
Locomotion_1,X11,44.093,1.0
Locomotion_1,X11,44.165,1.0
Locomotion_1,X11,44.237,1.0
Locomotion_1,X11,44.309,1.0
Locomotion_1,X11,44.381,1.0
Locomotion_1,X11,44.452,1.0
Locomotion_1,X11,44.524,1.0
Locomotion_1,X11,44.596,1.0
Locomotion_1,X11,44.668,1.0
Locomotion_1,X11,44.74,1.0
Locomotion_1,X11,44.811,1.0
Locomotion_1,X11,44.883,1.0
Locomotion_1,X11,44.955,1.0
Locomotion_1,X11,45.027,1.0
Locomotion_1,X11,45.099,1.0
Locomotion_1,X11,45.171,1.0
Locomotion_1,X11,45.242,1.0
Locomotion_1,X11,45.314,1.0
Locomotion_1,X11,45.386,1.0
Locomotion_1,X11,45.458,1.0
Locomotion_1,X11,45.53,1.0
Locomotion_1,X11,45.601,1.0
Locomotion_1,X11,45.673,1.0
Locomotion_1,X11,45.745,1.0
Locomotion_1,X11,45.817,1.0
Locomotion_1,X11,45.889,1.0
Locomotion_1,X11,45.961,1.0
Locomotion_1,X11,46.032,1.0
Locomotion_1,X11,46.104,1.0
Locomotion_1,X11,46.176,1.0
Locomotion_1,X11,46.248,1.0
Locomotion_1,X11,46.32,1.0
Locomotion_1,X11,46.391,1.0
Locomotion_1,X11,46.463,1.0
Locomotion_1,X11,46.535,1.0
Locomotion_1,X11,46.607,1.0
Locomotion_1,X11,46.679,1.0
Locomotion_1,X11,46.75,1.0
Locomotion_1,X11,46.822,1.0
Locomotion_1,X11,46.894,1.0
Locomotion_1,X11,46.966,1.0
Locomotion_1,X11,47.038,1.0
Locomotion_1,X11,47.11,1.0
Locomotion_1,X11,47.181,1.0
Locomotion_1,X11,47.253,1.0
Locomotion_1,X11,47.325,1.0
Locomotion_1,X11,47.397,1.0
Locomotion_1,X11,47.469,1.0
Locomotion_1,X11,47.54,1.0
Locomotion_1,X11,47.612,1.0
Locomotion_1,X11,47.684,1.0
Locomotion_1,X11,47.756,1.0
Locomotion_1,X11,47.828,1.0
Locomotion_1,X11,47.899,1.0
Locomotion_1,X11,47.971,1.0
Locomotion_1,X11,48.043,1.0
Locomotion_1,X11,48.115,1.0
Locomotion_1,X11,48.187,1.0
Locomotion_1,X11,48.259,1.0
Locomotion_1,X11,48.33,1.0
Locomotion_1,X11,48.402,1.0
Locomotion_1,X11,48.474,1.0
Locomotion_1,X11,48.546,1.0
Locomotion_1,X11,48.618,1.0
Locomotion_1,X11,48.689,1.0
Locomotion_1,X11,48.761,1.0
Locomotion_1,X11,48.833,1.0
Locomotion_1,X11,48.905,1.0
Locomotion_1,X11,48.977,1.0
Locomotion_1,X11,49.048,1.0
Locomotion_1,X11,49.12,1.0
Locomotion_1,X11,49.192,1.0
Locomotion_1,X11,49.264,1.0
Locomotion_1,X11,49.336,1.0
Locomotion_1,X11,49.408,1.0
Locomotion_1,X11,49.479,1.0
Locomotion_1,X11,49.551,1.0
Locomotion_1,X11,49.623,1.0
Locomotion_1,X11,49.695,1.0
Locomotion_1,X11,49.767,1.0
Locomotion_1,X11,49.838,1.0
Locomotion_1,X11,49.91,1.0
Locomotion_1,X11,49.982,1.0
Locomotion_1,X11,50.054,1.0
Locomotion_1,X11,50.126,1.0
Locomotion_1,X11,50.197,1.0
Locomotion_1,X11,50.269,1.0
Locomotion_1,X11,50.341,1.0
Locomotion_1,X11,50.413,1.0
Locomotion_1,X11,50.485,1.0
Locomotion_1,X11,50.557,1.0
Locomotion_1,X11,50.628,1.0
Locomotion_1,X11,50.7,1.0
Locomotion_1,X11,50.772,1.0
Locomotion_1,X11,50.844,1.0
Locomotion_1,X11,50.916,1.0
Locomotion_1,X11,50.987,1.0
Locomotion_1,X11,51.059,1.0
Locomotion_1,X11,51.131,1.0
Locomotion_1,X11,51.203,1.0
Locomotion_1,X11,51.275,1.0
Locomotion_1,X11,51.346,1.0
Locomotion_1,X11,51.418,1.0
Locomotion_1,X11,51.49,1.0
Locomotion_1,X11,51.562,1.0
Locomotion_1,X11,51.634,1.0
Locomotion_1,X11,51.706,1.0
Locomotion_1,X11,51.777,1.0
Locomotion_1,X11,51.849,1.0
Locomotion_1,X11,51.921,1.0
Locomotion_1,X11,51.993,1.0
Locomotion_1,X11,52.065,1.0
Locomotion_1,X11,52.136,1.0
Locomotion_1,X11,52.208,1.0
Locomotion_1,X11,52.28,1.0
Locomotion_1,X11,52.352,1.0
Locomotion_1,X11,52.424,1.0
Locomotion_1,X12,0.0,1.0
Locomotion_1,X12,0.072,1.0
Locomotion_1,X12,0.144,0.9961
Locomotion_1,X12,0.215,1.0
Locomotion_1,X12,0.287,1.0
Locomotion_1,X12,0.359,1.0
Locomotion_1,X12,0.431,1.0
Locomotion_1,X12,0.503,1.0
Locomotion_1,X12,0.575,1.0
Locomotion_1,X12,0.646,1.0
Locomotion_1,X12,0.718,1.0
Locomotion_1,X12,0.79,1.0
Locomotion_1,X12,0.862,1.0
Locomotion_1,X12,0.934,1.0
Locomotion_1,X12,1.005,1.0
Locomotion_1,X12,1.077,1.0
Locomotion_1,X12,1.149,1.0
Locomotion_1,X12,1.221,1.0
Locomotion_1,X12,1.293,1.0
Locomotion_1,X12,1.364,1.0
Locomotion_1,X12,1.436,1.0
Locomotion_1,X12,1.508,1.0
Locomotion_1,X12,1.58,1.0
Locomotion_1,X12,1.652,1.0
Locomotion_1,X12,1.724,1.0
Locomotion_1,X12,1.795,1.0
Locomotion_1,X12,1.867,1.0
Locomotion_1,X12,1.939,1.0
Locomotion_1,X12,2.011,1.0
Locomotion_1,X12,2.083,1.0
Locomotion_1,X12,2.154,1.0
Locomotion_1,X12,2.226,1.0
Locomotion_1,X12,2.298,1.0
Locomotion_1,X12,2.37,1.0
Locomotion_1,X12,2.442,1.0
Locomotion_1,X12,2.513,1.0
Locomotion_1,X12,2.585,1.0
Locomotion_1,X12,2.657,1.0
Locomotion_1,X12,2.729,1.0
Locomotion_1,X12,2.801,1.0
Locomotion_1,X12,2.873,1.0
Locomotion_1,X12,2.944,1.0
Locomotion_1,X12,3.016,1.0
Locomotion_1,X12,3.088,1.0
Locomotion_1,X12,3.16,1.0
Locomotion_1,X12,3.232,1.0
Locomotion_1,X12,3.303,1.0
Locomotion_1,X12,3.375,1.0
Locomotion_1,X12,3.447,1.0
Locomotion_1,X12,3.519,1.0
Locomotion_1,X12,3.591,1.0
Locomotion_1,X12,3.662,1.0
Locomotion_1,X12,3.734,1.0
Locomotion_1,X12,3.806,1.0
Locomotion_1,X12,3.878,1.0
Locomotion_1,X12,3.95,1.0
Locomotion_1,X12,4.022,1.0
Locomotion_1,X12,4.093,1.0
Locomotion_1,X12,4.165,1.0
Locomotion_1,X12,4.237,1.0
Locomotion_1,X12,4.309,1.0
Locomotion_1,X12,4.381,1.0
Locomotion_1,X12,4.452,1.0
Locomotion_1,X12,4.524,1.0
Locomotion_1,X12,4.596,1.0
Locomotion_1,X12,4.668,1.0
Locomotion_1,X12,4.74,1.0
Locomotion_1,X12,4.811,1.0
Locomotion_1,X12,4.883,1.0
Locomotion_1,X12,4.955,1.0
Locomotion_1,X12,5.027,1.0
Locomotion_1,X12,5.099,1.0
Locomotion_1,X12,5.171,1.0
Locomotion_1,X12,5.242,1.0
Locomotion_1,X12,5.314,1.0
Locomotion_1,X12,5.386,1.0
Locomotion_1,X12,5.458,1.0
Locomotion_1,X12,5.53,1.0
Locomotion_1,X12,5.601,1.0
Locomotion_1,X12,5.673,1.0
Locomotion_1,X12,5.745,1.0
Locomotion_1,X12,5.817,1.0
Locomotion_1,X12,5.889,1.0
Locomotion_1,X12,5.961,1.0
Locomotion_1,X12,6.032,1.0
Locomotion_1,X12,6.104,1.0
Locomotion_1,X12,6.176,1.0
Locomotion_1,X12,6.248,1.0
Locomotion_1,X12,6.32,1.0
Locomotion_1,X12,6.391,1.0
Locomotion_1,X12,6.463,1.0
Locomotion_1,X12,6.535,1.0
Locomotion_1,X12,6.607,1.0
Locomotion_1,X12,6.679,1.0
Locomotion_1,X12,6.75,1.0
Locomotion_1,X12,6.822,1.0
Locomotion_1,X12,6.894,1.0
Locomotion_1,X12,6.966,1.0
Locomotion_1,X12,7.038,1.0
Locomotion_1,X12,7.11,1.0
Locomotion_1,X12,7.181,1.0
Locomotion_1,X12,7.253,1.0
Locomotion_1,X12,7.325,1.0
Locomotion_1,X12,7.397,1.0
Locomotion_1,X12,7.469,1.0
Locomotion_1,X12,7.54,1.0
Locomotion_1,X12,7.612,1.0
Locomotion_1,X12,7.684,1.0
Locomotion_1,X12,7.756,1.0
Locomotion_1,X12,7.828,1.0
Locomotion_1,X12,7.899,1.0
Locomotion_1,X12,7.971,1.0
Locomotion_1,X12,8.043,1.0
Locomotion_1,X12,8.115,1.0
Locomotion_1,X12,8.187,1.0
Locomotion_1,X12,8.259,1.0
Locomotion_1,X12,8.33,1.0
Locomotion_1,X12,8.402,1.0
Locomotion_1,X12,8.474,1.0
Locomotion_1,X12,8.546,1.0
Locomotion_1,X12,8.618,1.0
Locomotion_1,X12,8.689,1.0
Locomotion_1,X12,8.761,1.0
Locomotion_1,X12,8.833,1.0
Locomotion_1,X12,8.905,1.0
Locomotion_1,X12,8.977,1.0
Locomotion_1,X12,9.048,1.0
Locomotion_1,X12,9.12,1.0
Locomotion_1,X12,9.192,1.0
Locomotion_1,X12,9.264,1.0
Locomotion_1,X12,9.336,1.0
Locomotion_1,X12,9.408,1.0
Locomotion_1,X12,9.479,1.0
Locomotion_1,X12,9.551,1.0
Locomotion_1,X12,9.623,1.0
Locomotion_1,X12,9.695,1.0
Locomotion_1,X12,9.767,1.0
Locomotion_1,X12,9.838,1.0
Locomotion_1,X12,9.91,1.0
Locomotion_1,X12,9.982,1.0
Locomotion_1,X12,10.054,1.0
Locomotion_1,X12,10.126,1.0
Locomotion_1,X12,10.197,1.0
Locomotion_1,X12,10.269,1.0
Locomotion_1,X12,10.341,1.0
Locomotion_1,X12,10.413,1.0
Locomotion_1,X12,10.485,1.0
Locomotion_1,X12,10.557,1.0
Locomotion_1,X12,10.628,1.0
Locomotion_1,X12,10.7,1.0
Locomotion_1,X12,10.772,1.0
Locomotion_1,X12,10.844,1.0
Locomotion_1,X12,10.916,1.0
Locomotion_1,X12,10.987,1.0
Locomotion_1,X12,11.059,1.0
Locomotion_1,X12,11.131,1.0
Locomotion_1,X12,11.203,1.0
Locomotion_1,X12,11.275,1.0
Locomotion_1,X12,11.346,1.0
Locomotion_1,X12,11.418,1.0
Locomotion_1,X12,11.49,1.0
Locomotion_1,X12,11.562,1.0
Locomotion_1,X12,11.634,1.0
Locomotion_1,X12,11.706,1.0
Locomotion_1,X12,11.777,1.0
Locomotion_1,X12,11.849,1.0
Locomotion_1,X12,11.921,1.0
Locomotion_1,X12,11.993,1.0
Locomotion_1,X12,12.065,1.0
Locomotion_1,X12,12.136,1.0
Locomotion_1,X12,12.208,1.0
Locomotion_1,X12,12.28,1.0
Locomotion_1,X12,12.352,1.0
Locomotion_1,X12,12.424,1.0
Locomotion_1,X12,12.496,1.0
Locomotion_1,X12,12.567,1.0
Locomotion_1,X12,12.639,1.0
Locomotion_1,X12,12.711,1.0
Locomotion_1,X12,12.783,1.0
Locomotion_1,X12,12.855,1.0
Locomotion_1,X12,12.926,1.0
Locomotion_1,X12,12.998,1.0
Locomotion_1,X12,13.07,1.0
Locomotion_1,X12,13.142,1.0
Locomotion_1,X12,13.214,1.0
Locomotion_1,X12,13.285,1.0
Locomotion_1,X12,13.357,1.0
Locomotion_1,X12,13.429,1.0
Locomotion_1,X12,13.501,1.0
Locomotion_1,X12,13.573,1.0
Locomotion_1,X12,13.645,1.0
Locomotion_1,X12,13.716,1.0
Locomotion_1,X12,13.788,1.0
Locomotion_1,X12,13.86,1.0
Locomotion_1,X12,13.932,1.0
Locomotion_1,X12,14.004,1.0
Locomotion_1,X12,14.075,1.0
Locomotion_1,X12,14.147,1.0
Locomotion_1,X12,14.219,1.0
Locomotion_1,X12,14.291,1.0
Locomotion_1,X12,14.363,1.0
Locomotion_1,X12,14.434,1.0
Locomotion_1,X12,14.506,1.0
Locomotion_1,X12,14.578,1.0
Locomotion_1,X12,14.65,1.0
Locomotion_1,X12,14.722,1.0
Locomotion_1,X12,14.794,1.0
Locomotion_1,X12,14.865,1.0
Locomotion_1,X12,14.937,1.0
Locomotion_1,X12,15.009,1.0
Locomotion_1,X12,15.081,1.0
Locomotion_1,X12,15.153,1.0
Locomotion_1,X12,15.224,1.0
Locomotion_1,X12,15.296,1.0
Locomotion_1,X12,15.368,1.0
Locomotion_1,X12,15.44,1.0
Locomotion_1,X12,15.512,1.0
Locomotion_1,X12,15.583,1.0
Locomotion_1,X12,15.655,1.0
Locomotion_1,X12,15.727,1.0
Locomotion_1,X12,15.799,1.0
Locomotion_1,X12,15.871,1.0
Locomotion_1,X12,15.943,1.0
Locomotion_1,X12,16.014,1.0
Locomotion_1,X12,16.086,1.0
Locomotion_1,X12,16.158,1.0
Locomotion_1,X12,16.23,1.0
Locomotion_1,X12,16.302,1.0
Locomotion_1,X12,16.373,1.0
Locomotion_1,X12,16.445,1.0
Locomotion_1,X12,16.517,1.0
Locomotion_1,X12,16.589,1.0
Locomotion_1,X12,16.661,1.0
Locomotion_1,X12,16.732,1.0
Locomotion_1,X12,16.804,1.0
Locomotion_1,X12,16.876,1.0
Locomotion_1,X12,16.948,1.0
Locomotion_1,X12,17.02,1.0
Locomotion_1,X12,17.092,1.0
Locomotion_1,X12,17.163,1.0
Locomotion_1,X12,17.235,1.0
Locomotion_1,X12,17.307,1.0
Locomotion_1,X12,17.379,1.0
Locomotion_1,X12,17.451,1.0
Locomotion_1,X12,17.522,1.0
Locomotion_1,X12,17.594,1.0
Locomotion_1,X12,17.666,1.0
Locomotion_1,X12,17.738,1.0
Locomotion_1,X12,17.81,1.0
Locomotion_1,X12,17.882,1.0
Locomotion_1,X12,17.953,1.0
Locomotion_1,X12,18.025,1.0
Locomotion_1,X12,18.097,1.0
Locomotion_1,X12,18.169,1.0
Locomotion_1,X12,18.241,1.0
Locomotion_1,X12,18.312,1.0
Locomotion_1,X12,18.384,1.0
Locomotion_1,X12,18.456,1.0
Locomotion_1,X12,18.528,1.0
Locomotion_1,X12,18.6,1.0
Locomotion_1,X12,18.671,1.0
Locomotion_1,X12,18.743,1.0
Locomotion_1,X12,18.815,1.0
Locomotion_1,X12,18.887,1.0
Locomotion_1,X12,18.959,1.0
Locomotion_1,X12,19.031,1.0
Locomotion_1,X12,19.102,1.0
Locomotion_1,X12,19.174,1.0
Locomotion_1,X12,19.246,1.0
Locomotion_1,X12,19.318,1.0
Locomotion_1,X12,19.39,1.0
Locomotion_1,X12,19.461,1.0
Locomotion_1,X12,19.533,1.0
Locomotion_1,X12,19.605,1.0
Locomotion_1,X12,19.677,1.0
Locomotion_1,X12,19.749,1.0
Locomotion_1,X12,19.82,1.0
Locomotion_1,X12,19.892,1.0
Locomotion_1,X12,19.964,1.0
Locomotion_1,X12,20.036,1.0
Locomotion_1,X12,20.108,1.0
Locomotion_1,X12,20.18,1.0
Locomotion_1,X12,20.251,1.0
Locomotion_1,X12,20.323,1.0
Locomotion_1,X12,20.395,1.0
Locomotion_1,X12,20.467,1.0
Locomotion_1,X12,20.539,1.0
Locomotion_1,X12,20.61,1.0
Locomotion_1,X12,20.682,1.0
Locomotion_1,X12,20.754,1.0
Locomotion_1,X12,20.826,1.0
Locomotion_1,X12,20.898,1.0
Locomotion_1,X12,20.969,1.0
Locomotion_1,X12,21.041,1.0
Locomotion_1,X12,21.113,1.0
Locomotion_1,X12,21.185,1.0
Locomotion_1,X12,21.257,1.0
Locomotion_1,X12,21.329,1.0
Locomotion_1,X12,21.4,1.0
Locomotion_1,X12,21.472,1.0
Locomotion_1,X12,21.544,1.0
Locomotion_1,X12,21.616,1.0
Locomotion_1,X12,21.688,1.0
Locomotion_1,X12,21.759,1.0
Locomotion_1,X12,21.831,1.0
Locomotion_1,X12,21.903,1.0
Locomotion_1,X12,21.975,1.0
Locomotion_1,X12,22.047,1.0
Locomotion_1,X12,22.118,1.0
Locomotion_1,X12,22.19,1.0
Locomotion_1,X12,22.262,1.0
Locomotion_1,X12,22.334,1.0
Locomotion_1,X12,22.406,1.0
Locomotion_1,X12,22.478,1.0
Locomotion_1,X12,22.549,1.0
Locomotion_1,X12,22.621,1.0
Locomotion_1,X12,22.693,1.0
Locomotion_1,X12,22.765,1.0
Locomotion_1,X12,22.837,1.0
Locomotion_1,X12,22.908,1.0
Locomotion_1,X12,22.98,1.0
Locomotion_1,X12,23.052,1.0
Locomotion_1,X12,23.124,1.0
Locomotion_1,X12,23.196,1.0
Locomotion_1,X12,23.268,1.0
Locomotion_1,X12,23.339,1.0
Locomotion_1,X12,23.411,1.0
Locomotion_1,X12,23.483,1.0
Locomotion_1,X12,23.555,1.0
Locomotion_1,X12,23.627,1.0
Locomotion_1,X12,23.698,1.0
Locomotion_1,X12,23.77,1.0
Locomotion_1,X12,23.842,1.0
Locomotion_1,X12,23.914,1.0
Locomotion_1,X12,23.986,1.0
Locomotion_1,X12,24.057,1.0
Locomotion_1,X12,24.129,1.0
Locomotion_1,X12,24.201,1.0
Locomotion_1,X12,24.273,1.0
Locomotion_1,X12,24.345,1.0
Locomotion_1,X12,24.417,1.0
Locomotion_1,X12,24.488,1.0
Locomotion_1,X12,24.56,1.0
Locomotion_1,X12,24.632,1.0
Locomotion_1,X12,24.704,1.0
Locomotion_1,X12,24.776,1.0
Locomotion_1,X12,24.847,1.0
Locomotion_1,X12,24.919,1.0
Locomotion_1,X12,24.991,1.0
Locomotion_1,X12,25.063,1.0
Locomotion_1,X12,25.135,1.0
Locomotion_1,X12,25.206,1.0
Locomotion_1,X12,25.278,1.0
Locomotion_1,X12,25.35,1.0
Locomotion_1,X12,25.422,1.0
Locomotion_1,X12,25.494,1.0
Locomotion_1,X12,25.566,1.0
Locomotion_1,X12,25.637,1.0
Locomotion_1,X12,25.709,1.0
Locomotion_1,X12,25.781,1.0
Locomotion_1,X12,25.853,1.0
Locomotion_1,X12,25.925,1.0
Locomotion_1,X12,25.996,1.0
Locomotion_1,X12,26.068,1.0
Locomotion_1,X12,26.14,1.0
Locomotion_1,X12,26.212,1.0
Locomotion_1,X12,26.284,1.0
Locomotion_1,X12,26.355,1.0
Locomotion_1,X12,26.427,1.0
Locomotion_1,X12,26.499,1.0
Locomotion_1,X12,26.571,1.0
Locomotion_1,X12,26.643,1.0
Locomotion_1,X12,26.715,1.0
Locomotion_1,X12,26.786,1.0
Locomotion_1,X12,26.858,1.0
Locomotion_1,X12,26.93,1.0
Locomotion_1,X12,27.002,1.0
Locomotion_1,X12,27.074,1.0
Locomotion_1,X12,27.145,1.0
Locomotion_1,X12,27.217,1.0
Locomotion_1,X12,27.289,1.0
Locomotion_1,X12,27.361,1.0
Locomotion_1,X12,27.433,1.0
Locomotion_1,X12,27.504,1.0
Locomotion_1,X12,27.576,1.0
Locomotion_1,X12,27.648,1.0
Locomotion_1,X12,27.72,1.0
Locomotion_1,X12,27.792,1.0
Locomotion_1,X12,27.864,1.0
Locomotion_1,X12,27.935,1.0
Locomotion_1,X12,28.007,1.0
Locomotion_1,X12,28.079,1.0
Locomotion_1,X12,28.151,1.0
Locomotion_1,X12,28.223,1.0
Locomotion_1,X12,28.294,1.0
Locomotion_1,X12,28.366,1.0
Locomotion_1,X12,28.438,1.0
Locomotion_1,X12,28.51,1.0
Locomotion_1,X12,28.582,1.0
Locomotion_1,X12,28.654,1.0
Locomotion_1,X12,28.725,1.0
Locomotion_1,X12,28.797,1.0
Locomotion_1,X12,28.869,1.0
Locomotion_1,X12,28.941,1.0
Locomotion_1,X12,29.013,1.0
Locomotion_1,X12,29.084,1.0
Locomotion_1,X12,29.156,1.0
Locomotion_1,X12,29.228,1.0
Locomotion_1,X12,29.3,1.0
Locomotion_1,X12,29.372,1.0
Locomotion_1,X12,29.443,1.0
Locomotion_1,X12,29.515,1.0
Locomotion_1,X12,29.587,1.0
Locomotion_1,X12,29.659,1.0
Locomotion_1,X12,29.731,1.0
Locomotion_1,X12,29.803,1.0
Locomotion_1,X12,29.874,1.0
Locomotion_1,X12,29.946,1.0
Locomotion_1,X12,30.018,1.0
Locomotion_1,X12,30.09,1.0
Locomotion_1,X12,30.162,1.0
Locomotion_1,X12,30.233,1.0
Locomotion_1,X12,30.305,1.0
Locomotion_1,X12,30.377,1.0
Locomotion_1,X12,30.449,1.0
Locomotion_1,X12,30.521,1.0
Locomotion_1,X12,30.592,1.0
Locomotion_1,X12,30.664,1.0
Locomotion_1,X12,30.736,1.0
Locomotion_1,X12,30.808,1.0
Locomotion_1,X12,30.88,1.0
Locomotion_1,X12,30.952,1.0
Locomotion_1,X12,31.023,1.0
Locomotion_1,X12,31.095,1.0
Locomotion_1,X12,31.167,1.0
Locomotion_1,X12,31.239,1.0
Locomotion_1,X12,31.311,1.0
Locomotion_1,X12,31.382,1.0
Locomotion_1,X12,31.454,1.0
Locomotion_1,X12,31.526,1.0
Locomotion_1,X12,31.598,1.0
Locomotion_1,X12,31.67,1.0
Locomotion_1,X12,31.741,1.0
Locomotion_1,X12,31.813,1.0
Locomotion_1,X12,31.885,1.0
Locomotion_1,X12,31.957,1.0
Locomotion_1,X12,32.029,1.0
Locomotion_1,X12,32.101,1.0
Locomotion_1,X12,32.172,1.0
Locomotion_1,X12,32.244,1.0
Locomotion_1,X12,32.316,1.0
Locomotion_1,X12,32.388,1.0
Locomotion_1,X12,32.46,1.0
Locomotion_1,X12,32.531,1.0
Locomotion_1,X12,32.603,1.0
Locomotion_1,X12,32.675,1.0
Locomotion_1,X12,32.747,1.0
Locomotion_1,X12,32.819,1.0
Locomotion_1,X12,32.89,1.0
Locomotion_1,X12,32.962,1.0
Locomotion_1,X12,33.034,1.0
Locomotion_1,X12,33.106,1.0
Locomotion_1,X12,33.178,1.0
Locomotion_1,X12,33.25,1.0
Locomotion_1,X12,33.321,1.0
Locomotion_1,X12,33.393,1.0
Locomotion_1,X12,33.465,1.0
Locomotion_1,X12,33.537,1.0
Locomotion_1,X12,33.609,1.0
Locomotion_1,X12,33.68,1.0
Locomotion_1,X12,33.752,1.0
Locomotion_1,X12,33.824,1.0
Locomotion_1,X12,33.896,1.0
Locomotion_1,X12,33.968,1.0
Locomotion_1,X12,34.039,1.0
Locomotion_1,X12,34.111,1.0
Locomotion_1,X12,34.183,1.0
Locomotion_1,X12,34.255,1.0
Locomotion_1,X12,34.327,1.0
Locomotion_1,X12,34.399,1.0
Locomotion_1,X12,34.47,1.0
Locomotion_1,X12,34.542,1.0
Locomotion_1,X12,34.614,1.0
Locomotion_1,X12,34.686,1.0
Locomotion_1,X12,34.758,1.0
Locomotion_1,X12,34.829,1.0
Locomotion_1,X12,34.901,1.0
Locomotion_1,X12,34.973,1.0
Locomotion_1,X12,35.045,1.0
Locomotion_1,X12,35.117,1.0
Locomotion_1,X12,35.189,1.0
Locomotion_1,X12,35.26,1.0
Locomotion_1,X12,35.332,1.0
Locomotion_1,X12,35.404,1.0
Locomotion_1,X12,35.476,1.0
Locomotion_1,X12,35.548,1.0
Locomotion_1,X12,35.619,1.0
Locomotion_1,X12,35.691,1.0
Locomotion_1,X12,35.763,1.0
Locomotion_1,X12,35.835,1.0
Locomotion_1,X12,35.907,1.0
Locomotion_1,X12,35.978,1.0
Locomotion_1,X12,36.05,1.0
Locomotion_1,X12,36.122,1.0
Locomotion_1,X12,36.194,1.0
Locomotion_1,X12,36.266,1.0
Locomotion_1,X12,36.338,1.0
Locomotion_1,X12,36.409,1.0
Locomotion_1,X12,36.481,1.0
Locomotion_1,X12,36.553,1.0
Locomotion_1,X12,36.625,1.0
Locomotion_1,X12,36.697,1.0
Locomotion_1,X12,36.768,1.0
Locomotion_1,X12,36.84,1.0
Locomotion_1,X12,36.912,1.0
Locomotion_1,X12,36.984,1.0
Locomotion_1,X12,37.056,1.0
Locomotion_1,X12,37.127,1.0
Locomotion_1,X12,37.199,1.0
Locomotion_1,X12,37.271,1.0
Locomotion_1,X12,37.343,1.0
Locomotion_1,X12,37.415,1.0
Locomotion_1,X12,37.487,1.0
Locomotion_1,X12,37.558,1.0
Locomotion_1,X12,37.63,1.0
Locomotion_1,X12,37.702,1.0
Locomotion_1,X12,37.774,1.0
Locomotion_1,X12,37.846,1.0
Locomotion_1,X12,37.917,1.0
Locomotion_1,X12,37.989,1.0
Locomotion_1,X12,38.061,1.0
Locomotion_1,X12,38.133,1.0
Locomotion_1,X12,38.205,1.0
Locomotion_1,X12,38.276,1.0
Locomotion_1,X12,38.348,1.0
Locomotion_1,X12,38.42,1.0
Locomotion_1,X12,38.492,1.0
Locomotion_1,X12,38.564,1.0
Locomotion_1,X12,38.636,1.0
Locomotion_1,X12,38.707,1.0
Locomotion_1,X12,38.779,1.0
Locomotion_1,X12,38.851,1.0
Locomotion_1,X12,38.923,1.0
Locomotion_1,X12,38.995,1.0
Locomotion_1,X12,39.066,1.0
Locomotion_1,X12,39.138,1.0
Locomotion_1,X12,39.21,1.0
Locomotion_1,X12,39.282,1.0
Locomotion_1,X12,39.354,1.0
Locomotion_1,X12,39.425,1.0
Locomotion_1,X12,39.497,1.0
Locomotion_1,X12,39.569,1.0
Locomotion_1,X12,39.641,1.0
Locomotion_1,X12,39.713,1.0
Locomotion_1,X12,39.785,1.0
Locomotion_1,X12,39.856,1.0
Locomotion_1,X12,39.928,1.0
Locomotion_1,X12,40.0,1.0
Locomotion_1,X12,40.072,1.0
Locomotion_1,X12,40.144,1.0
Locomotion_1,X12,40.215,1.0
Locomotion_1,X12,40.287,1.0
Locomotion_1,X12,40.359,1.0
Locomotion_1,X12,40.431,1.0
Locomotion_1,X12,40.503,1.0
Locomotion_1,X12,40.575,1.0
Locomotion_1,X12,40.646,1.0
Locomotion_1,X12,40.718,1.0
Locomotion_1,X12,40.79,1.0
Locomotion_1,X12,40.862,1.0
Locomotion_1,X12,40.934,1.0
Locomotion_1,X12,41.005,1.0
Locomotion_1,X12,41.077,1.0
Locomotion_1,X12,41.149,1.0
Locomotion_1,X12,41.221,1.0
Locomotion_1,X12,41.293,1.0
Locomotion_1,X12,41.364,1.0
Locomotion_1,X12,41.436,1.0
Locomotion_1,X12,41.508,1.0
Locomotion_1,X12,41.58,1.0
Locomotion_1,X12,41.652,1.0
Locomotion_1,X12,41.724,1.0
Locomotion_1,X12,41.795,1.0
Locomotion_1,X12,41.867,1.0
Locomotion_1,X12,41.939,1.0
Locomotion_1,X12,42.011,1.0
Locomotion_1,X12,42.083,1.0
Locomotion_1,X12,42.154,1.0
Locomotion_1,X12,42.226,1.0
Locomotion_1,X12,42.298,1.0
Locomotion_1,X12,42.37,1.0
Locomotion_1,X12,42.442,1.0
Locomotion_1,X12,42.513,1.0
Locomotion_1,X12,42.585,1.0
Locomotion_1,X12,42.657,1.0
Locomotion_1,X12,42.729,1.0
Locomotion_1,X12,42.801,1.0
Locomotion_1,X12,42.873,1.0
Locomotion_1,X12,42.944,1.0
Locomotion_1,X12,43.016,1.0
Locomotion_1,X12,43.088,1.0
Locomotion_1,X12,43.16,1.0
Locomotion_1,X12,43.232,1.0
Locomotion_1,X12,43.303,1.0
Locomotion_1,X12,43.375,1.0
Locomotion_1,X12,43.447,1.0
Locomotion_1,X12,43.519,1.0
Locomotion_1,X12,43.591,1.0
Locomotion_1,X12,43.662,1.0
Locomotion_1,X12,43.734,1.0
Locomotion_1,X12,43.806,1.0
Locomotion_1,X12,43.878,1.0
Locomotion_1,X12,43.95,1.0
Locomotion_1,X12,44.022,1.0
Locomotion_1,X12,44.093,1.0
Locomotion_1,X12,44.165,1.0
Locomotion_1,X12,44.237,1.0
Locomotion_1,X12,44.309,1.0
Locomotion_1,X12,44.381,1.0
Locomotion_1,X12,44.452,1.0
Locomotion_1,X12,44.524,1.0
Locomotion_1,X12,44.596,1.0
Locomotion_1,X12,44.668,1.0
Locomotion_1,X12,44.74,1.0
Locomotion_1,X12,44.811,1.0
Locomotion_1,X12,44.883,1.0
Locomotion_1,X12,44.955,1.0
Locomotion_1,X12,45.027,1.0
Locomotion_1,X12,45.099,1.0
Locomotion_1,X12,45.171,1.0
Locomotion_1,X12,45.242,1.0
Locomotion_1,X12,45.314,1.0
Locomotion_1,X12,45.386,1.0
Locomotion_1,X12,45.458,1.0
Locomotion_1,X12,45.53,1.0
Locomotion_1,X12,45.601,1.0
Locomotion_1,X12,45.673,1.0
Locomotion_1,X12,45.745,1.0
Locomotion_1,X12,45.817,1.0
Locomotion_1,X12,45.889,1.0
Locomotion_1,X12,45.961,1.0
Locomotion_1,X12,46.032,1.0
Locomotion_1,X12,46.104,1.0
Locomotion_1,X12,46.176,1.0
Locomotion_1,X12,46.248,1.0
Locomotion_1,X12,46.32,1.0
Locomotion_1,X12,46.391,1.0
Locomotion_1,X12,46.463,1.0
Locomotion_1,X12,46.535,1.0
Locomotion_1,X12,46.607,1.0
Locomotion_1,X12,46.679,1.0
Locomotion_1,X12,46.75,1.0
Locomotion_1,X12,46.822,1.0
Locomotion_1,X12,46.894,1.0
Locomotion_1,X12,46.966,1.0
Locomotion_1,X12,47.038,1.0
Locomotion_1,X12,47.11,1.0
Locomotion_1,X12,47.181,1.0
Locomotion_1,X12,47.253,1.0
Locomotion_1,X12,47.325,1.0
Locomotion_1,X12,47.397,1.0
Locomotion_1,X12,47.469,1.0
Locomotion_1,X12,47.54,1.0
Locomotion_1,X12,47.612,1.0
Locomotion_1,X12,47.684,1.0
Locomotion_1,X12,47.756,1.0
Locomotion_1,X12,47.828,1.0
Locomotion_1,X12,47.899,1.0
Locomotion_1,X12,47.971,1.0
Locomotion_1,X12,48.043,1.0
Locomotion_1,X12,48.115,1.0
Locomotion_1,X12,48.187,1.0
Locomotion_1,X12,48.259,1.0
Locomotion_1,X12,48.33,1.0
Locomotion_1,X12,48.402,1.0
Locomotion_1,X12,48.474,1.0
Locomotion_1,X12,48.546,1.0
Locomotion_1,X12,48.618,1.0
Locomotion_1,X12,48.689,1.0
Locomotion_1,X12,48.761,1.0
Locomotion_1,X12,48.833,1.0
Locomotion_1,X12,48.905,1.0
Locomotion_1,X12,48.977,1.0
Locomotion_1,X12,49.048,1.0
Locomotion_1,X12,49.12,1.0
Locomotion_1,X12,49.192,1.0
Locomotion_1,X12,49.264,1.0
Locomotion_1,X12,49.336,1.0
Locomotion_1,X12,49.408,1.0
Locomotion_1,X12,49.479,1.0
Locomotion_1,X12,49.551,1.0
Locomotion_1,X12,49.623,1.0
Locomotion_1,X12,49.695,1.0
Locomotion_1,X12,49.767,1.0
Locomotion_1,X12,49.838,1.0
Locomotion_1,X12,49.91,1.0
Locomotion_1,X12,49.982,1.0
Locomotion_1,X12,50.054,1.0
Locomotion_1,X12,50.126,1.0
Locomotion_1,X12,50.197,1.0
Locomotion_1,X12,50.269,1.0
Locomotion_1,X12,50.341,1.0
Locomotion_1,X12,50.413,1.0
Locomotion_1,X12,50.485,1.0
Locomotion_1,X12,50.557,1.0
Locomotion_1,X12,50.628,1.0
Locomotion_1,X12,50.7,1.0
Locomotion_1,X12,50.772,1.0
Locomotion_1,X12,50.844,1.0
Locomotion_1,X12,50.916,1.0
Locomotion_1,X12,50.987,1.0
Locomotion_1,X12,51.059,1.0
Locomotion_1,X12,51.131,1.0
Locomotion_1,X12,51.203,1.0
Locomotion_1,X12,51.275,1.0
Locomotion_1,X12,51.346,1.0
Locomotion_1,X12,51.418,1.0
Locomotion_1,X12,51.49,1.0
Locomotion_1,X12,51.562,1.0
Locomotion_1,X12,51.634,1.0
Locomotion_1,X12,51.706,1.0
Locomotion_1,X12,51.777,1.0
Locomotion_1,X12,51.849,1.0
Locomotion_1,X12,51.921,1.0
Locomotion_1,X12,51.993,1.0
Locomotion_1,X12,52.065,1.0
Locomotion_1,X12,52.136,1.0
Locomotion_1,X12,52.208,1.0
Locomotion_1,X12,52.28,1.0
Locomotion_1,X12,52.352,1.0
Locomotion_1,X12,52.424,1.0
Locomotion_1,X13,0.0,1.0
Locomotion_1,X13,0.072,0.5955
Locomotion_1,X13,0.144,0.5686
Locomotion_1,X13,0.215,0.5686
Locomotion_1,X13,0.287,0.5686
Locomotion_1,X13,0.359,0.5686
Locomotion_1,X13,0.431,0.5686
Locomotion_1,X13,0.503,0.5686
Locomotion_1,X13,0.575,0.5686
Locomotion_1,X13,0.646,0.5686
Locomotion_1,X13,0.718,0.5686
Locomotion_1,X13,0.79,0.5686
Locomotion_1,X13,0.862,0.5686
Locomotion_1,X13,0.934,0.5686
Locomotion_1,X13,1.005,0.5686
Locomotion_1,X13,1.077,0.5686
Locomotion_1,X13,1.149,0.5686
Locomotion_1,X13,1.221,0.5686
Locomotion_1,X13,1.293,0.5686
Locomotion_1,X13,1.364,0.5686
Locomotion_1,X13,1.436,0.5686
Locomotion_1,X13,1.508,0.5686
Locomotion_1,X13,1.58,0.5686
Locomotion_1,X13,1.652,0.5686
Locomotion_1,X13,1.724,0.5686
Locomotion_1,X13,1.795,0.5686
Locomotion_1,X13,1.867,0.5686
Locomotion_1,X13,1.939,0.5686
Locomotion_1,X13,2.011,0.5686
Locomotion_1,X13,2.083,0.5686
Locomotion_1,X13,2.154,0.5686
Locomotion_1,X13,2.226,0.5686
Locomotion_1,X13,2.298,0.5686
Locomotion_1,X13,2.37,0.5686
Locomotion_1,X13,2.442,0.5686
Locomotion_1,X13,2.513,0.5686
Locomotion_1,X13,2.585,0.5686
Locomotion_1,X13,2.657,0.5686
Locomotion_1,X13,2.729,0.5686
Locomotion_1,X13,2.801,0.5686
Locomotion_1,X13,2.873,0.5686
Locomotion_1,X13,2.944,0.5686
Locomotion_1,X13,3.016,0.5686
Locomotion_1,X13,3.088,0.5686
Locomotion_1,X13,3.16,0.5686
Locomotion_1,X13,3.232,0.5686
Locomotion_1,X13,3.303,0.5686
Locomotion_1,X13,3.375,0.5686
Locomotion_1,X13,3.447,0.5686
Locomotion_1,X13,3.519,0.5686
Locomotion_1,X13,3.591,0.5686
Locomotion_1,X13,3.662,0.5686
Locomotion_1,X13,3.734,0.5686
Locomotion_1,X13,3.806,0.5686
Locomotion_1,X13,3.878,0.5686
Locomotion_1,X13,3.95,0.5686
Locomotion_1,X13,4.022,0.5686
Locomotion_1,X13,4.093,0.5686
Locomotion_1,X13,4.165,0.5686
Locomotion_1,X13,4.237,0.5686
Locomotion_1,X13,4.309,0.5686
Locomotion_1,X13,4.381,0.5686
Locomotion_1,X13,4.452,0.5686
Locomotion_1,X13,4.524,0.5686
Locomotion_1,X13,4.596,0.5686
Locomotion_1,X13,4.668,0.5686
Locomotion_1,X13,4.74,0.5686
Locomotion_1,X13,4.811,0.5686
Locomotion_1,X13,4.883,0.5686
Locomotion_1,X13,4.955,0.5686
Locomotion_1,X13,5.027,0.5686
Locomotion_1,X13,5.099,0.5686
Locomotion_1,X13,5.171,0.5686
Locomotion_1,X13,5.242,0.5686
Locomotion_1,X13,5.314,0.5686
Locomotion_1,X13,5.386,0.5686
Locomotion_1,X13,5.458,0.5686
Locomotion_1,X13,5.53,0.5686
Locomotion_1,X13,5.601,0.5686
Locomotion_1,X13,5.673,0.5686
Locomotion_1,X13,5.745,0.5686
Locomotion_1,X13,5.817,0.5686
Locomotion_1,X13,5.889,0.5686
Locomotion_1,X13,5.961,0.5686
Locomotion_1,X13,6.032,0.5686
Locomotion_1,X13,6.104,0.5686
Locomotion_1,X13,6.176,0.5686
Locomotion_1,X13,6.248,0.5686
Locomotion_1,X13,6.32,0.5686
Locomotion_1,X13,6.391,0.5686
Locomotion_1,X13,6.463,0.5686
Locomotion_1,X13,6.535,0.5686
Locomotion_1,X13,6.607,0.5686
Locomotion_1,X13,6.679,0.5686
Locomotion_1,X13,6.75,0.5686
Locomotion_1,X13,6.822,0.5686
Locomotion_1,X13,6.894,0.5686
Locomotion_1,X13,6.966,0.5686
Locomotion_1,X13,7.038,0.5686
Locomotion_1,X13,7.11,0.5686
Locomotion_1,X13,7.181,0.5686
Locomotion_1,X13,7.253,0.5686
Locomotion_1,X13,7.325,0.5686
Locomotion_1,X13,7.397,0.5686
Locomotion_1,X13,7.469,0.5686
Locomotion_1,X13,7.54,0.5686
Locomotion_1,X13,7.612,0.5686
Locomotion_1,X13,7.684,0.5686
Locomotion_1,X13,7.756,0.5686
Locomotion_1,X13,7.828,0.5686
Locomotion_1,X13,7.899,0.5686
Locomotion_1,X13,7.971,0.5686
Locomotion_1,X13,8.043,0.5686
Locomotion_1,X13,8.115,0.5686
Locomotion_1,X13,8.187,0.5686
Locomotion_1,X13,8.259,0.5686
Locomotion_1,X13,8.33,0.5686
Locomotion_1,X13,8.402,0.5686
Locomotion_1,X13,8.474,0.5686
Locomotion_1,X13,8.546,0.5686
Locomotion_1,X13,8.618,0.5686
Locomotion_1,X13,8.689,0.5686
Locomotion_1,X13,8.761,0.5686
Locomotion_1,X13,8.833,0.5686
Locomotion_1,X13,8.905,0.5686
Locomotion_1,X13,8.977,0.5686
Locomotion_1,X13,9.048,0.5686
Locomotion_1,X13,9.12,0.5686
Locomotion_1,X13,9.192,0.5686
Locomotion_1,X13,9.264,0.5686
Locomotion_1,X13,9.336,0.5686
Locomotion_1,X13,9.408,0.5686
Locomotion_1,X13,9.479,0.5686
Locomotion_1,X13,9.551,0.5686
Locomotion_1,X13,9.623,0.5686
Locomotion_1,X13,9.695,0.5686
Locomotion_1,X13,9.767,0.5686
Locomotion_1,X13,9.838,0.5686
Locomotion_1,X13,9.91,0.5686
Locomotion_1,X13,9.982,0.5686
Locomotion_1,X13,10.054,0.5686
Locomotion_1,X13,10.126,0.5686
Locomotion_1,X13,10.197,0.5686
Locomotion_1,X13,10.269,0.5686
Locomotion_1,X13,10.341,0.5686
Locomotion_1,X13,10.413,0.5686
Locomotion_1,X13,10.485,0.5686
Locomotion_1,X13,10.557,0.5686
Locomotion_1,X13,10.628,0.5686
Locomotion_1,X13,10.7,0.5686
Locomotion_1,X13,10.772,0.5686
Locomotion_1,X13,10.844,0.5686
Locomotion_1,X13,10.916,0.5686
Locomotion_1,X13,10.987,0.5686
Locomotion_1,X13,11.059,0.5686
Locomotion_1,X13,11.131,0.5686
Locomotion_1,X13,11.203,0.5686
Locomotion_1,X13,11.275,0.5686
Locomotion_1,X13,11.346,0.5686
Locomotion_1,X13,11.418,0.5686
Locomotion_1,X13,11.49,0.5686
Locomotion_1,X13,11.562,0.5686
Locomotion_1,X13,11.634,0.5686
Locomotion_1,X13,11.706,0.5686
Locomotion_1,X13,11.777,0.5686
Locomotion_1,X13,11.849,0.5686
Locomotion_1,X13,11.921,0.5686
Locomotion_1,X13,11.993,0.5686
Locomotion_1,X13,12.065,0.5686
Locomotion_1,X13,12.136,0.5686
Locomotion_1,X13,12.208,0.5686
Locomotion_1,X13,12.28,0.5686
Locomotion_1,X13,12.352,0.5686
Locomotion_1,X13,12.424,0.5686
Locomotion_1,X13,12.496,0.5686
Locomotion_1,X13,12.567,0.5686
Locomotion_1,X13,12.639,0.5686
Locomotion_1,X13,12.711,0.5686
Locomotion_1,X13,12.783,0.5686
Locomotion_1,X13,12.855,0.5686
Locomotion_1,X13,12.926,0.5686
Locomotion_1,X13,12.998,0.5686
Locomotion_1,X13,13.07,0.5686
Locomotion_1,X13,13.142,0.5686
Locomotion_1,X13,13.214,0.5686
Locomotion_1,X13,13.285,0.5686
Locomotion_1,X13,13.357,0.5686
Locomotion_1,X13,13.429,0.5686
Locomotion_1,X13,13.501,0.5686
Locomotion_1,X13,13.573,0.5686
Locomotion_1,X13,13.645,0.5686
Locomotion_1,X13,13.716,0.5686
Locomotion_1,X13,13.788,0.5686
Locomotion_1,X13,13.86,0.5686
Locomotion_1,X13,13.932,0.5686
Locomotion_1,X13,14.004,0.5686
Locomotion_1,X13,14.075,0.5686
Locomotion_1,X13,14.147,0.5686
Locomotion_1,X13,14.219,0.5686
Locomotion_1,X13,14.291,0.5686
Locomotion_1,X13,14.363,0.5686
Locomotion_1,X13,14.434,0.5686
Locomotion_1,X13,14.506,0.5686
Locomotion_1,X13,14.578,0.5686
Locomotion_1,X13,14.65,0.5686
Locomotion_1,X13,14.722,0.5686
Locomotion_1,X13,14.794,0.5686
Locomotion_1,X13,14.865,0.5686
Locomotion_1,X13,14.937,0.5686
Locomotion_1,X13,15.009,0.5686
Locomotion_1,X13,15.081,0.5686
Locomotion_1,X13,15.153,0.5686
Locomotion_1,X13,15.224,0.5686
Locomotion_1,X13,15.296,0.5686
Locomotion_1,X13,15.368,0.5686
Locomotion_1,X13,15.44,0.5686
Locomotion_1,X13,15.512,0.5686
Locomotion_1,X13,15.583,0.5686
Locomotion_1,X13,15.655,0.5686
Locomotion_1,X13,15.727,0.5686
Locomotion_1,X13,15.799,0.5686
Locomotion_1,X13,15.871,0.5686
Locomotion_1,X13,15.943,0.5686
Locomotion_1,X13,16.014,0.5686
Locomotion_1,X13,16.086,0.5686
Locomotion_1,X13,16.158,0.5686
Locomotion_1,X13,16.23,0.5686
Locomotion_1,X13,16.302,0.5686
Locomotion_1,X13,16.373,0.5686
Locomotion_1,X13,16.445,0.5686
Locomotion_1,X13,16.517,0.5686
Locomotion_1,X13,16.589,0.5686
Locomotion_1,X13,16.661,0.5686
Locomotion_1,X13,16.732,0.5686
Locomotion_1,X13,16.804,0.5686
Locomotion_1,X13,16.876,0.5686
Locomotion_1,X13,16.948,0.5686
Locomotion_1,X13,17.02,0.5686
Locomotion_1,X13,17.092,0.5686
Locomotion_1,X13,17.163,0.5686
Locomotion_1,X13,17.235,0.5686
Locomotion_1,X13,17.307,0.5686
Locomotion_1,X13,17.379,0.5686
Locomotion_1,X13,17.451,0.5686
Locomotion_1,X13,17.522,0.5686
Locomotion_1,X13,17.594,0.5686
Locomotion_1,X13,17.666,0.5686
Locomotion_1,X13,17.738,0.5686
Locomotion_1,X13,17.81,0.5686
Locomotion_1,X13,17.882,0.5686
Locomotion_1,X13,17.953,0.5686
Locomotion_1,X13,18.025,0.5686
Locomotion_1,X13,18.097,0.5686
Locomotion_1,X13,18.169,0.5686
Locomotion_1,X13,18.241,0.5686
Locomotion_1,X13,18.312,0.5686
Locomotion_1,X13,18.384,0.5686
Locomotion_1,X13,18.456,0.5686
Locomotion_1,X13,18.528,0.5686
Locomotion_1,X13,18.6,0.5686
Locomotion_1,X13,18.671,0.5686
Locomotion_1,X13,18.743,0.5686
Locomotion_1,X13,18.815,0.5686
Locomotion_1,X13,18.887,0.5686
Locomotion_1,X13,18.959,0.5686
Locomotion_1,X13,19.031,0.5686
Locomotion_1,X13,19.102,0.5686
Locomotion_1,X13,19.174,0.5686
Locomotion_1,X13,19.246,0.5686
Locomotion_1,X13,19.318,0.5686
Locomotion_1,X13,19.39,0.5686
Locomotion_1,X13,19.461,0.5686
Locomotion_1,X13,19.533,0.5686
Locomotion_1,X13,19.605,0.5686
Locomotion_1,X13,19.677,0.5686
Locomotion_1,X13,19.749,0.5686
Locomotion_1,X13,19.82,0.5686
Locomotion_1,X13,19.892,0.5686
Locomotion_1,X13,19.964,0.5686
Locomotion_1,X13,20.036,0.5686
Locomotion_1,X13,20.108,0.5686
Locomotion_1,X13,20.18,0.5686
Locomotion_1,X13,20.251,0.5686
Locomotion_1,X13,20.323,0.5686
Locomotion_1,X13,20.395,0.5686
Locomotion_1,X13,20.467,0.5686
Locomotion_1,X13,20.539,0.5686
Locomotion_1,X13,20.61,0.5686
Locomotion_1,X13,20.682,0.5686
Locomotion_1,X13,20.754,0.5686
Locomotion_1,X13,20.826,0.5686
Locomotion_1,X13,20.898,0.5686
Locomotion_1,X13,20.969,0.5686
Locomotion_1,X13,21.041,0.5686
Locomotion_1,X13,21.113,0.5686
Locomotion_1,X13,21.185,0.5686
Locomotion_1,X13,21.257,0.5686
Locomotion_1,X13,21.329,0.5686
Locomotion_1,X13,21.4,0.5686
Locomotion_1,X13,21.472,0.5686
Locomotion_1,X13,21.544,0.5686
Locomotion_1,X13,21.616,0.5686
Locomotion_1,X13,21.688,0.5686
Locomotion_1,X13,21.759,0.5686
Locomotion_1,X13,21.831,0.5686
Locomotion_1,X13,21.903,0.5686
Locomotion_1,X13,21.975,0.5686
Locomotion_1,X13,22.047,0.5686
Locomotion_1,X13,22.118,0.5686
Locomotion_1,X13,22.19,0.5686
Locomotion_1,X13,22.262,0.5686
Locomotion_1,X13,22.334,0.5686
Locomotion_1,X13,22.406,0.5686
Locomotion_1,X13,22.478,0.5686
Locomotion_1,X13,22.549,0.5686
Locomotion_1,X13,22.621,0.5686
Locomotion_1,X13,22.693,0.5686
Locomotion_1,X13,22.765,0.5686
Locomotion_1,X13,22.837,0.5686
Locomotion_1,X13,22.908,0.5686
Locomotion_1,X13,22.98,0.5686
Locomotion_1,X13,23.052,0.5686
Locomotion_1,X13,23.124,0.5686
Locomotion_1,X13,23.196,0.5686
Locomotion_1,X13,23.268,0.5686
Locomotion_1,X13,23.339,0.5686
Locomotion_1,X13,23.411,0.5686
Locomotion_1,X13,23.483,0.5686
Locomotion_1,X13,23.555,0.5686
Locomotion_1,X13,23.627,0.5686
Locomotion_1,X13,23.698,0.5686
Locomotion_1,X13,23.77,0.5686
Locomotion_1,X13,23.842,0.5686
Locomotion_1,X13,23.914,0.5686
Locomotion_1,X13,23.986,0.5686
Locomotion_1,X13,24.057,0.5686
Locomotion_1,X13,24.129,0.5686
Locomotion_1,X13,24.201,0.5686
Locomotion_1,X13,24.273,0.5686
Locomotion_1,X13,24.345,0.5686
Locomotion_1,X13,24.417,0.5686
Locomotion_1,X13,24.488,0.5686
Locomotion_1,X13,24.56,0.5686
Locomotion_1,X13,24.632,0.5686
Locomotion_1,X13,24.704,0.5686
Locomotion_1,X13,24.776,0.5686
Locomotion_1,X13,24.847,0.5686
Locomotion_1,X13,24.919,0.5686
Locomotion_1,X13,24.991,0.5686
Locomotion_1,X13,25.063,0.5686
Locomotion_1,X13,25.135,0.5686
Locomotion_1,X13,25.206,0.5686
Locomotion_1,X13,25.278,0.5686
Locomotion_1,X13,25.35,0.5686
Locomotion_1,X13,25.422,0.5686
Locomotion_1,X13,25.494,0.5686
Locomotion_1,X13,25.566,0.5686
Locomotion_1,X13,25.637,0.5686
Locomotion_1,X13,25.709,0.5686
Locomotion_1,X13,25.781,0.5686
Locomotion_1,X13,25.853,0.5686
Locomotion_1,X13,25.925,0.5686
Locomotion_1,X13,25.996,0.5686
Locomotion_1,X13,26.068,0.5686
Locomotion_1,X13,26.14,0.5686
Locomotion_1,X13,26.212,0.5686
Locomotion_1,X13,26.284,0.5686
Locomotion_1,X13,26.355,0.5686
Locomotion_1,X13,26.427,0.5686
Locomotion_1,X13,26.499,0.5686
Locomotion_1,X13,26.571,0.5686
Locomotion_1,X13,26.643,0.5686
Locomotion_1,X13,26.715,0.5686
Locomotion_1,X13,26.786,0.5686
Locomotion_1,X13,26.858,0.5686
Locomotion_1,X13,26.93,0.5686
Locomotion_1,X13,27.002,0.5686
Locomotion_1,X13,27.074,0.5686
Locomotion_1,X13,27.145,0.5686
Locomotion_1,X13,27.217,0.5686
Locomotion_1,X13,27.289,0.5686
Locomotion_1,X13,27.361,0.5686
Locomotion_1,X13,27.433,0.5686
Locomotion_1,X13,27.504,0.5686
Locomotion_1,X13,27.576,0.5686
Locomotion_1,X13,27.648,0.5686
Locomotion_1,X13,27.72,0.5686
Locomotion_1,X13,27.792,0.5686
Locomotion_1,X13,27.864,0.5686
Locomotion_1,X13,27.935,0.5686
Locomotion_1,X13,28.007,0.5686
Locomotion_1,X13,28.079,0.5686
Locomotion_1,X13,28.151,0.5686
Locomotion_1,X13,28.223,0.5686
Locomotion_1,X13,28.294,0.5686
Locomotion_1,X13,28.366,0.5686
Locomotion_1,X13,28.438,0.5686
Locomotion_1,X13,28.51,0.5686
Locomotion_1,X13,28.582,0.5686
Locomotion_1,X13,28.654,0.5686
Locomotion_1,X13,28.725,0.5686
Locomotion_1,X13,28.797,0.5686
Locomotion_1,X13,28.869,0.5686
Locomotion_1,X13,28.941,0.5686
Locomotion_1,X13,29.013,0.5686
Locomotion_1,X13,29.084,0.5686
Locomotion_1,X13,29.156,0.5686
Locomotion_1,X13,29.228,0.5686
Locomotion_1,X13,29.3,0.5686
Locomotion_1,X13,29.372,0.5686
Locomotion_1,X13,29.443,0.5686
Locomotion_1,X13,29.515,0.5686
Locomotion_1,X13,29.587,0.5686
Locomotion_1,X13,29.659,0.5686
Locomotion_1,X13,29.731,0.5686
Locomotion_1,X13,29.803,0.5686
Locomotion_1,X13,29.874,0.5686
Locomotion_1,X13,29.946,0.5686
Locomotion_1,X13,30.018,0.5686
Locomotion_1,X13,30.09,0.5686
Locomotion_1,X13,30.162,0.5686
Locomotion_1,X13,30.233,0.5686
Locomotion_1,X13,30.305,0.5686
Locomotion_1,X13,30.377,0.5686
Locomotion_1,X13,30.449,0.5686
Locomotion_1,X13,30.521,0.5686
Locomotion_1,X13,30.592,0.5686
Locomotion_1,X13,30.664,0.5686
Locomotion_1,X13,30.736,0.5686
Locomotion_1,X13,30.808,0.5686
Locomotion_1,X13,30.88,0.5686
Locomotion_1,X13,30.952,0.5686
Locomotion_1,X13,31.023,0.5686
Locomotion_1,X13,31.095,0.5686
Locomotion_1,X13,31.167,0.5686
Locomotion_1,X13,31.239,0.5686
Locomotion_1,X13,31.311,0.5686
Locomotion_1,X13,31.382,0.5686
Locomotion_1,X13,31.454,0.5686
Locomotion_1,X13,31.526,0.5686
Locomotion_1,X13,31.598,0.5686
Locomotion_1,X13,31.67,0.5686
Locomotion_1,X13,31.741,0.5686
Locomotion_1,X13,31.813,0.5686
Locomotion_1,X13,31.885,0.5686
Locomotion_1,X13,31.957,0.5686
Locomotion_1,X13,32.029,0.5686
Locomotion_1,X13,32.101,0.5686
Locomotion_1,X13,32.172,0.5686
Locomotion_1,X13,32.244,0.5686
Locomotion_1,X13,32.316,0.5686
Locomotion_1,X13,32.388,0.5686
Locomotion_1,X13,32.46,0.5686
Locomotion_1,X13,32.531,0.5686
Locomotion_1,X13,32.603,0.5686
Locomotion_1,X13,32.675,0.5686
Locomotion_1,X13,32.747,0.5686
Locomotion_1,X13,32.819,0.5686
Locomotion_1,X13,32.89,0.5686
Locomotion_1,X13,32.962,0.5686
Locomotion_1,X13,33.034,0.5686
Locomotion_1,X13,33.106,0.5686
Locomotion_1,X13,33.178,0.5686
Locomotion_1,X13,33.25,0.5686
Locomotion_1,X13,33.321,0.5686
Locomotion_1,X13,33.393,0.5686
Locomotion_1,X13,33.465,0.5686
Locomotion_1,X13,33.537,0.5686
Locomotion_1,X13,33.609,0.5686
Locomotion_1,X13,33.68,0.5686
Locomotion_1,X13,33.752,0.5686
Locomotion_1,X13,33.824,0.5686
Locomotion_1,X13,33.896,0.5686
Locomotion_1,X13,33.968,0.5686
Locomotion_1,X13,34.039,0.5686
Locomotion_1,X13,34.111,0.5686
Locomotion_1,X13,34.183,0.5686
Locomotion_1,X13,34.255,0.5686
Locomotion_1,X13,34.327,0.5686
Locomotion_1,X13,34.399,0.5686
Locomotion_1,X13,34.47,0.5686
Locomotion_1,X13,34.542,0.5686
Locomotion_1,X13,34.614,0.5686
Locomotion_1,X13,34.686,0.5686
Locomotion_1,X13,34.758,0.5686
Locomotion_1,X13,34.829,0.5686
Locomotion_1,X13,34.901,0.5686
Locomotion_1,X13,34.973,0.5686
Locomotion_1,X13,35.045,0.5686
Locomotion_1,X13,35.117,0.5686
Locomotion_1,X13,35.189,0.5686
Locomotion_1,X13,35.26,0.5686
Locomotion_1,X13,35.332,0.5686
Locomotion_1,X13,35.404,0.5686
Locomotion_1,X13,35.476,0.5686
Locomotion_1,X13,35.548,0.5686
Locomotion_1,X13,35.619,0.5686
Locomotion_1,X13,35.691,0.5686
Locomotion_1,X13,35.763,0.5686
Locomotion_1,X13,35.835,0.5686
Locomotion_1,X13,35.907,0.5686
Locomotion_1,X13,35.978,0.5686
Locomotion_1,X13,36.05,0.5686
Locomotion_1,X13,36.122,0.5686
Locomotion_1,X13,36.194,0.5686
Locomotion_1,X13,36.266,0.5686
Locomotion_1,X13,36.338,0.5686
Locomotion_1,X13,36.409,0.5686
Locomotion_1,X13,36.481,0.5686
Locomotion_1,X13,36.553,0.5686
Locomotion_1,X13,36.625,0.5686
Locomotion_1,X13,36.697,0.5686
Locomotion_1,X13,36.768,0.5686
Locomotion_1,X13,36.84,0.5686
Locomotion_1,X13,36.912,0.5686
Locomotion_1,X13,36.984,0.5686
Locomotion_1,X13,37.056,0.5686
Locomotion_1,X13,37.127,0.5686
Locomotion_1,X13,37.199,0.5686
Locomotion_1,X13,37.271,0.5686
Locomotion_1,X13,37.343,0.5686
Locomotion_1,X13,37.415,0.5686
Locomotion_1,X13,37.487,0.5686
Locomotion_1,X13,37.558,0.5686
Locomotion_1,X13,37.63,0.5686
Locomotion_1,X13,37.702,0.5686
Locomotion_1,X13,37.774,0.5686
Locomotion_1,X13,37.846,0.5686
Locomotion_1,X13,37.917,0.5686
Locomotion_1,X13,37.989,0.5686
Locomotion_1,X13,38.061,0.5686
Locomotion_1,X13,38.133,0.5686
Locomotion_1,X13,38.205,0.5686
Locomotion_1,X13,38.276,0.5686
Locomotion_1,X13,38.348,0.5686
Locomotion_1,X13,38.42,0.5686
Locomotion_1,X13,38.492,0.5686
Locomotion_1,X13,38.564,0.5686
Locomotion_1,X13,38.636,0.5686
Locomotion_1,X13,38.707,0.5686
Locomotion_1,X13,38.779,0.5686
Locomotion_1,X13,38.851,0.5686
Locomotion_1,X13,38.923,0.5686
Locomotion_1,X13,38.995,0.5686
Locomotion_1,X13,39.066,0.5686
Locomotion_1,X13,39.138,0.5686
Locomotion_1,X13,39.21,0.5686
Locomotion_1,X13,39.282,0.5686
Locomotion_1,X13,39.354,0.5686
Locomotion_1,X13,39.425,0.5686
Locomotion_1,X13,39.497,0.5686
Locomotion_1,X13,39.569,0.5686
Locomotion_1,X13,39.641,0.5686
Locomotion_1,X13,39.713,0.5686
Locomotion_1,X13,39.785,0.5686
Locomotion_1,X13,39.856,0.5686
Locomotion_1,X13,39.928,0.5686
Locomotion_1,X13,40.0,0.5686
Locomotion_1,X13,40.072,0.5686
Locomotion_1,X13,40.144,0.5686
Locomotion_1,X13,40.215,0.5686
Locomotion_1,X13,40.287,0.5686
Locomotion_1,X13,40.359,0.5686
Locomotion_1,X13,40.431,0.5686
Locomotion_1,X13,40.503,0.5686
Locomotion_1,X13,40.575,0.5686
Locomotion_1,X13,40.646,0.5686
Locomotion_1,X13,40.718,0.5686
Locomotion_1,X13,40.79,0.5686
Locomotion_1,X13,40.862,0.5686
Locomotion_1,X13,40.934,0.5686
Locomotion_1,X13,41.005,0.5686
Locomotion_1,X13,41.077,0.5686
Locomotion_1,X13,41.149,0.5686
Locomotion_1,X13,41.221,0.5686
Locomotion_1,X13,41.293,0.5686
Locomotion_1,X13,41.364,0.5686
Locomotion_1,X13,41.436,0.5686
Locomotion_1,X13,41.508,0.5686
Locomotion_1,X13,41.58,0.5686
Locomotion_1,X13,41.652,0.5686
Locomotion_1,X13,41.724,0.5686
Locomotion_1,X13,41.795,0.5686
Locomotion_1,X13,41.867,0.5686
Locomotion_1,X13,41.939,0.5686
Locomotion_1,X13,42.011,0.5686
Locomotion_1,X13,42.083,0.5686
Locomotion_1,X13,42.154,0.5686
Locomotion_1,X13,42.226,0.5686
Locomotion_1,X13,42.298,0.5686
Locomotion_1,X13,42.37,0.5686
Locomotion_1,X13,42.442,0.5686
Locomotion_1,X13,42.513,0.5686
Locomotion_1,X13,42.585,0.5686
Locomotion_1,X13,42.657,0.5686
Locomotion_1,X13,42.729,0.5686
Locomotion_1,X13,42.801,0.5686
Locomotion_1,X13,42.873,0.5686
Locomotion_1,X13,42.944,0.5686
Locomotion_1,X13,43.016,0.5686
Locomotion_1,X13,43.088,0.5686
Locomotion_1,X13,43.16,0.5686
Locomotion_1,X13,43.232,0.5686
Locomotion_1,X13,43.303,0.5686
Locomotion_1,X13,43.375,0.5686
Locomotion_1,X13,43.447,0.5686
Locomotion_1,X13,43.519,0.5686
Locomotion_1,X13,43.591,0.5686
Locomotion_1,X13,43.662,0.5686
Locomotion_1,X13,43.734,0.5686
Locomotion_1,X13,43.806,0.5686
Locomotion_1,X13,43.878,0.5686
Locomotion_1,X13,43.95,0.5686
Locomotion_1,X13,44.022,0.5686
Locomotion_1,X13,44.093,0.5686
Locomotion_1,X13,44.165,0.5686
Locomotion_1,X13,44.237,0.5686
Locomotion_1,X13,44.309,0.5686
Locomotion_1,X13,44.381,0.5686
Locomotion_1,X13,44.452,0.5686
Locomotion_1,X13,44.524,0.5686
Locomotion_1,X13,44.596,0.5686
Locomotion_1,X13,44.668,0.5686
Locomotion_1,X13,44.74,0.5686
Locomotion_1,X13,44.811,0.5686
Locomotion_1,X13,44.883,0.5686
Locomotion_1,X13,44.955,0.5686
Locomotion_1,X13,45.027,0.5686
Locomotion_1,X13,45.099,0.5686
Locomotion_1,X13,45.171,0.5686
Locomotion_1,X13,45.242,0.5686
Locomotion_1,X13,45.314,0.5686
Locomotion_1,X13,45.386,0.5686
Locomotion_1,X13,45.458,0.5686
Locomotion_1,X13,45.53,0.5686
Locomotion_1,X13,45.601,0.5686
Locomotion_1,X13,45.673,0.5686
Locomotion_1,X13,45.745,0.5686
Locomotion_1,X13,45.817,0.5686
Locomotion_1,X13,45.889,0.5686
Locomotion_1,X13,45.961,0.5686
Locomotion_1,X13,46.032,0.5686
Locomotion_1,X13,46.104,0.5686
Locomotion_1,X13,46.176,0.5686
Locomotion_1,X13,46.248,0.5686
Locomotion_1,X13,46.32,0.5686
Locomotion_1,X13,46.391,0.5686
Locomotion_1,X13,46.463,0.5686
Locomotion_1,X13,46.535,0.5686
Locomotion_1,X13,46.607,0.5686
Locomotion_1,X13,46.679,0.5686
Locomotion_1,X13,46.75,0.5686
Locomotion_1,X13,46.822,0.5686
Locomotion_1,X13,46.894,0.5686
Locomotion_1,X13,46.966,0.5686
Locomotion_1,X13,47.038,0.5686
Locomotion_1,X13,47.11,0.5686
Locomotion_1,X13,47.181,0.5686
Locomotion_1,X13,47.253,0.5686
Locomotion_1,X13,47.325,0.5686
Locomotion_1,X13,47.397,0.5686
Locomotion_1,X13,47.469,0.5686
Locomotion_1,X13,47.54,0.5686
Locomotion_1,X13,47.612,0.5686
Locomotion_1,X13,47.684,0.5686
Locomotion_1,X13,47.756,0.5686
Locomotion_1,X13,47.828,0.5686
Locomotion_1,X13,47.899,0.5686
Locomotion_1,X13,47.971,0.5686
Locomotion_1,X13,48.043,0.5686
Locomotion_1,X13,48.115,0.5686
Locomotion_1,X13,48.187,0.5686
Locomotion_1,X13,48.259,0.5686
Locomotion_1,X13,48.33,0.5686
Locomotion_1,X13,48.402,0.5686
Locomotion_1,X13,48.474,0.5686
Locomotion_1,X13,48.546,0.5686
Locomotion_1,X13,48.618,0.5686
Locomotion_1,X13,48.689,0.5686
Locomotion_1,X13,48.761,0.5686
Locomotion_1,X13,48.833,0.5686
Locomotion_1,X13,48.905,0.5686
Locomotion_1,X13,48.977,0.5686
Locomotion_1,X13,49.048,0.5686
Locomotion_1,X13,49.12,0.5686
Locomotion_1,X13,49.192,0.5686
Locomotion_1,X13,49.264,0.5686
Locomotion_1,X13,49.336,0.5686
Locomotion_1,X13,49.408,0.5686
Locomotion_1,X13,49.479,0.5686
Locomotion_1,X13,49.551,0.5686
Locomotion_1,X13,49.623,0.5686
Locomotion_1,X13,49.695,0.5686
Locomotion_1,X13,49.767,0.5686
Locomotion_1,X13,49.838,0.5686
Locomotion_1,X13,49.91,0.5686
Locomotion_1,X13,49.982,0.5686
Locomotion_1,X13,50.054,0.5686
Locomotion_1,X13,50.126,0.5686
Locomotion_1,X13,50.197,0.5686
Locomotion_1,X13,50.269,0.5686
Locomotion_1,X13,50.341,0.5686
Locomotion_1,X13,50.413,0.5686
Locomotion_1,X13,50.485,0.5686
Locomotion_1,X13,50.557,0.5686
Locomotion_1,X13,50.628,0.5686
Locomotion_1,X13,50.7,0.5686
Locomotion_1,X13,50.772,0.5686
Locomotion_1,X13,50.844,0.5686
Locomotion_1,X13,50.916,0.5686
Locomotion_1,X13,50.987,0.5686
Locomotion_1,X13,51.059,0.5686
Locomotion_1,X13,51.131,0.5686
Locomotion_1,X13,51.203,0.5686
Locomotion_1,X13,51.275,0.5686
Locomotion_1,X13,51.346,0.5686
Locomotion_1,X13,51.418,0.5686
Locomotion_1,X13,51.49,0.5686
Locomotion_1,X13,51.562,0.5686
Locomotion_1,X13,51.634,0.5686
Locomotion_1,X13,51.706,0.5686
Locomotion_1,X13,51.777,0.5686
Locomotion_1,X13,51.849,0.5686
Locomotion_1,X13,51.921,0.5686
Locomotion_1,X13,51.993,0.5686
Locomotion_1,X13,52.065,0.5686
Locomotion_1,X13,52.136,0.5686
Locomotion_1,X13,52.208,0.5686
Locomotion_1,X13,52.28,0.5686
Locomotion_1,X13,52.352,0.5955
Locomotion_1,X13,52.424,1.0
Locomotion_2,X17,0.0,1.0
Locomotion_2,X17,0.072,0.5294
Locomotion_2,X17,0.144,0.502
Locomotion_2,X17,0.215,0.502
Locomotion_2,X17,0.287,0.502
Locomotion_2,X17,0.359,0.502
Locomotion_2,X17,0.431,0.502
Locomotion_2,X17,0.503,0.502
Locomotion_2,X17,0.575,0.502
Locomotion_2,X17,0.646,0.502
Locomotion_2,X17,0.718,0.502
Locomotion_2,X17,0.79,0.502
Locomotion_2,X17,0.862,0.502
Locomotion_2,X17,0.934,0.502
Locomotion_2,X17,1.005,0.502
Locomotion_2,X17,1.077,0.502
Locomotion_2,X17,1.149,0.502
Locomotion_2,X17,1.221,0.502
Locomotion_2,X17,1.293,0.502
Locomotion_2,X17,1.364,0.502
Locomotion_2,X17,1.436,0.502
Locomotion_2,X17,1.508,0.502
Locomotion_2,X17,1.58,0.502
Locomotion_2,X17,1.652,0.502
Locomotion_2,X17,1.724,0.502
Locomotion_2,X17,1.795,0.502
Locomotion_2,X17,1.867,0.502
Locomotion_2,X17,1.939,0.502
Locomotion_2,X17,2.011,0.502
Locomotion_2,X17,2.083,0.502
Locomotion_2,X17,2.154,0.502
Locomotion_2,X17,2.226,0.502
Locomotion_2,X17,2.298,0.502
Locomotion_2,X17,2.37,0.502
Locomotion_2,X17,2.442,0.502
Locomotion_2,X17,2.513,0.502
Locomotion_2,X17,2.585,0.502
Locomotion_2,X17,2.657,0.502
Locomotion_2,X17,2.729,0.502
Locomotion_2,X17,2.801,0.502
Locomotion_2,X17,2.873,0.502
Locomotion_2,X17,2.944,0.502
Locomotion_2,X17,3.016,0.502
Locomotion_2,X17,3.088,0.502
Locomotion_2,X17,3.16,0.502
Locomotion_2,X17,3.232,0.502
Locomotion_2,X17,3.303,0.502
Locomotion_2,X17,3.375,0.502
Locomotion_2,X17,3.447,0.502
Locomotion_2,X17,3.519,0.502
Locomotion_2,X17,3.591,0.502
Locomotion_2,X17,3.662,0.502
Locomotion_2,X17,3.734,0.502
Locomotion_2,X17,3.806,0.502
Locomotion_2,X17,3.878,0.502
Locomotion_2,X17,3.95,0.502
Locomotion_2,X17,4.022,0.502
Locomotion_2,X17,4.093,0.502
Locomotion_2,X17,4.165,0.502
Locomotion_2,X17,4.237,0.502
Locomotion_2,X17,4.309,0.502
Locomotion_2,X17,4.381,0.502
Locomotion_2,X17,4.452,0.502
Locomotion_2,X17,4.524,0.502
Locomotion_2,X17,4.596,0.502
Locomotion_2,X17,4.668,0.502
Locomotion_2,X17,4.74,0.502
Locomotion_2,X17,4.811,0.502
Locomotion_2,X17,4.883,0.502
Locomotion_2,X17,4.955,0.502
Locomotion_2,X17,5.027,0.502
Locomotion_2,X17,5.099,0.502
Locomotion_2,X17,5.171,0.502
Locomotion_2,X17,5.242,0.502
Locomotion_2,X17,5.314,0.502
Locomotion_2,X17,5.386,0.502
Locomotion_2,X17,5.458,0.502
Locomotion_2,X17,5.53,0.502
Locomotion_2,X17,5.601,0.502
Locomotion_2,X17,5.673,0.502
Locomotion_2,X17,5.745,0.502
Locomotion_2,X17,5.817,0.502
Locomotion_2,X17,5.889,0.502
Locomotion_2,X17,5.961,0.502
Locomotion_2,X17,6.032,0.502
Locomotion_2,X17,6.104,0.502
Locomotion_2,X17,6.176,0.502
Locomotion_2,X17,6.248,0.502
Locomotion_2,X17,6.32,0.502
Locomotion_2,X17,6.391,0.502
Locomotion_2,X17,6.463,0.502
Locomotion_2,X17,6.535,0.502
Locomotion_2,X17,6.607,0.502
Locomotion_2,X17,6.679,0.502
Locomotion_2,X17,6.75,0.502
Locomotion_2,X17,6.822,0.502
Locomotion_2,X17,6.894,0.502
Locomotion_2,X17,6.966,0.502
Locomotion_2,X17,7.038,0.502
Locomotion_2,X17,7.11,0.502
Locomotion_2,X17,7.181,0.502
Locomotion_2,X17,7.253,0.502
Locomotion_2,X17,7.325,0.502
Locomotion_2,X17,7.397,0.502
Locomotion_2,X17,7.469,0.502
Locomotion_2,X17,7.54,0.502
Locomotion_2,X17,7.612,0.502
Locomotion_2,X17,7.684,0.502
Locomotion_2,X17,7.756,0.502
Locomotion_2,X17,7.828,0.502
Locomotion_2,X17,7.899,0.502
Locomotion_2,X17,7.971,0.502
Locomotion_2,X17,8.043,0.502
Locomotion_2,X17,8.115,0.502
Locomotion_2,X17,8.187,0.502
Locomotion_2,X17,8.259,0.502
Locomotion_2,X17,8.33,0.502
Locomotion_2,X17,8.402,0.502
Locomotion_2,X17,8.474,0.502
Locomotion_2,X17,8.546,0.502
Locomotion_2,X17,8.618,0.502
Locomotion_2,X17,8.689,0.502
Locomotion_2,X17,8.761,0.502
Locomotion_2,X17,8.833,0.502
Locomotion_2,X17,8.905,0.502
Locomotion_2,X17,8.977,0.502
Locomotion_2,X17,9.048,0.502
Locomotion_2,X17,9.12,0.502
Locomotion_2,X17,9.192,0.502
Locomotion_2,X17,9.264,0.502
Locomotion_2,X17,9.336,0.502
Locomotion_2,X17,9.408,0.502
Locomotion_2,X17,9.479,0.502
Locomotion_2,X17,9.551,0.502
Locomotion_2,X17,9.623,0.502
Locomotion_2,X17,9.695,0.502
Locomotion_2,X17,9.767,0.502
Locomotion_2,X17,9.838,0.502
Locomotion_2,X17,9.91,0.502
Locomotion_2,X17,9.982,0.502
Locomotion_2,X17,10.054,0.502
Locomotion_2,X17,10.126,0.502
Locomotion_2,X17,10.197,0.502
Locomotion_2,X17,10.269,0.502
Locomotion_2,X17,10.341,0.502
Locomotion_2,X17,10.413,0.502
Locomotion_2,X17,10.485,0.502
Locomotion_2,X17,10.557,0.502
Locomotion_2,X17,10.628,0.502
Locomotion_2,X17,10.7,0.502
Locomotion_2,X17,10.772,0.502
Locomotion_2,X17,10.844,0.502
Locomotion_2,X17,10.916,0.502
Locomotion_2,X17,10.987,0.502
Locomotion_2,X17,11.059,0.502
Locomotion_2,X17,11.131,0.502
Locomotion_2,X17,11.203,0.502
Locomotion_2,X17,11.275,0.502
Locomotion_2,X17,11.346,0.502
Locomotion_2,X17,11.418,0.502
Locomotion_2,X17,11.49,0.502
Locomotion_2,X17,11.562,0.502
Locomotion_2,X17,11.634,0.502
Locomotion_2,X17,11.706,0.502
Locomotion_2,X17,11.777,0.502
Locomotion_2,X17,11.849,0.502
Locomotion_2,X17,11.921,0.502
Locomotion_2,X17,11.993,0.502
Locomotion_2,X17,12.065,0.502
Locomotion_2,X17,12.136,0.502
Locomotion_2,X17,12.208,0.502
Locomotion_2,X17,12.28,0.502
Locomotion_2,X17,12.352,0.502
Locomotion_2,X17,12.424,0.502
Locomotion_2,X17,12.496,0.502
Locomotion_2,X17,12.567,0.502
Locomotion_2,X17,12.639,0.502
Locomotion_2,X17,12.711,0.502
Locomotion_2,X17,12.783,0.502
Locomotion_2,X17,12.855,0.502
Locomotion_2,X17,12.926,0.502
Locomotion_2,X17,12.998,0.502
Locomotion_2,X17,13.07,0.502
Locomotion_2,X17,13.142,0.502
Locomotion_2,X17,13.214,0.502
Locomotion_2,X17,13.285,0.502
Locomotion_2,X17,13.357,0.502
Locomotion_2,X17,13.429,0.502
Locomotion_2,X17,13.501,0.502
Locomotion_2,X17,13.573,0.502
Locomotion_2,X17,13.645,0.502
Locomotion_2,X17,13.716,0.502
Locomotion_2,X17,13.788,0.502
Locomotion_2,X17,13.86,0.502
Locomotion_2,X17,13.932,0.502
Locomotion_2,X17,14.004,0.502
Locomotion_2,X17,14.075,0.502
Locomotion_2,X17,14.147,0.502
Locomotion_2,X17,14.219,0.502
Locomotion_2,X17,14.291,0.502
Locomotion_2,X17,14.363,0.502
Locomotion_2,X17,14.434,0.502
Locomotion_2,X17,14.506,0.502
Locomotion_2,X17,14.578,0.502
Locomotion_2,X17,14.65,0.502
Locomotion_2,X17,14.722,0.502
Locomotion_2,X17,14.794,0.502
Locomotion_2,X17,14.865,0.502
Locomotion_2,X17,14.937,0.502
Locomotion_2,X17,15.009,0.502
Locomotion_2,X17,15.081,0.502
Locomotion_2,X17,15.153,0.502
Locomotion_2,X17,15.224,0.502
Locomotion_2,X17,15.296,0.502
Locomotion_2,X17,15.368,0.502
Locomotion_2,X17,15.44,0.502
Locomotion_2,X17,15.512,0.502
Locomotion_2,X17,15.583,0.502
Locomotion_2,X17,15.655,0.502
Locomotion_2,X17,15.727,0.502
Locomotion_2,X17,15.799,0.502
Locomotion_2,X17,15.871,0.502
Locomotion_2,X17,15.943,0.502
Locomotion_2,X17,16.014,0.502
Locomotion_2,X17,16.086,0.502
Locomotion_2,X17,16.158,0.502
Locomotion_2,X17,16.23,0.502
Locomotion_2,X17,16.302,0.502
Locomotion_2,X17,16.373,0.502
Locomotion_2,X17,16.445,0.502
Locomotion_2,X17,16.517,0.502
Locomotion_2,X17,16.589,0.502
Locomotion_2,X17,16.661,0.502
Locomotion_2,X17,16.732,0.502
Locomotion_2,X17,16.804,0.502
Locomotion_2,X17,16.876,0.502
Locomotion_2,X17,16.948,0.502
Locomotion_2,X17,17.02,0.502
Locomotion_2,X17,17.092,0.502
Locomotion_2,X17,17.163,0.502
Locomotion_2,X17,17.235,0.502
Locomotion_2,X17,17.307,0.502
Locomotion_2,X17,17.379,0.502
Locomotion_2,X17,17.451,0.502
Locomotion_2,X17,17.522,0.502
Locomotion_2,X17,17.594,0.502
Locomotion_2,X17,17.666,0.502
Locomotion_2,X17,17.738,0.502
Locomotion_2,X17,17.81,0.502
Locomotion_2,X17,17.882,0.502
Locomotion_2,X17,17.953,0.502
Locomotion_2,X17,18.025,0.502
Locomotion_2,X17,18.097,0.502
Locomotion_2,X17,18.169,0.502
Locomotion_2,X17,18.241,0.502
Locomotion_2,X17,18.312,0.502
Locomotion_2,X17,18.384,0.502
Locomotion_2,X17,18.456,0.502
Locomotion_2,X17,18.528,0.502
Locomotion_2,X17,18.6,0.502
Locomotion_2,X17,18.671,0.502
Locomotion_2,X17,18.743,0.502
Locomotion_2,X17,18.815,0.502
Locomotion_2,X17,18.887,0.502
Locomotion_2,X17,18.959,0.502
Locomotion_2,X17,19.031,0.502
Locomotion_2,X17,19.102,0.502
Locomotion_2,X17,19.174,0.502
Locomotion_2,X17,19.246,0.502
Locomotion_2,X17,19.318,0.502
Locomotion_2,X17,19.39,0.502
Locomotion_2,X17,19.461,0.502
Locomotion_2,X17,19.533,0.502
Locomotion_2,X17,19.605,0.502
Locomotion_2,X17,19.677,0.502
Locomotion_2,X17,19.749,0.502
Locomotion_2,X17,19.82,0.502
Locomotion_2,X17,19.892,0.502
Locomotion_2,X17,19.964,0.502
Locomotion_2,X17,20.036,0.502
Locomotion_2,X17,20.108,0.502
Locomotion_2,X17,20.18,0.502
Locomotion_2,X17,20.251,0.502
Locomotion_2,X17,20.323,0.502
Locomotion_2,X17,20.395,0.502
Locomotion_2,X17,20.467,0.502
Locomotion_2,X17,20.539,0.502
Locomotion_2,X17,20.61,0.502
Locomotion_2,X17,20.682,0.502
Locomotion_2,X17,20.754,0.502
Locomotion_2,X17,20.826,0.502
Locomotion_2,X17,20.898,0.502
Locomotion_2,X17,20.969,0.502
Locomotion_2,X17,21.041,0.502
Locomotion_2,X17,21.113,0.502
Locomotion_2,X17,21.185,0.502
Locomotion_2,X17,21.257,0.502
Locomotion_2,X17,21.329,0.502
Locomotion_2,X17,21.4,0.502
Locomotion_2,X17,21.472,0.502
Locomotion_2,X17,21.544,0.502
Locomotion_2,X17,21.616,0.502
Locomotion_2,X17,21.688,0.502
Locomotion_2,X17,21.759,0.502
Locomotion_2,X17,21.831,0.502
Locomotion_2,X17,21.903,0.502
Locomotion_2,X17,21.975,0.502
Locomotion_2,X17,22.047,0.502
Locomotion_2,X17,22.118,0.502
Locomotion_2,X17,22.19,0.502
Locomotion_2,X17,22.262,0.502
Locomotion_2,X17,22.334,0.502
Locomotion_2,X17,22.406,0.502
Locomotion_2,X17,22.478,0.502
Locomotion_2,X17,22.549,0.502
Locomotion_2,X17,22.621,0.502
Locomotion_2,X17,22.693,0.502
Locomotion_2,X17,22.765,0.502
Locomotion_2,X17,22.837,0.502
Locomotion_2,X17,22.908,0.502
Locomotion_2,X17,22.98,0.502
Locomotion_2,X17,23.052,0.502
Locomotion_2,X17,23.124,0.502
Locomotion_2,X17,23.196,0.502
Locomotion_2,X17,23.268,0.502
Locomotion_2,X17,23.339,0.502
Locomotion_2,X17,23.411,0.502
Locomotion_2,X17,23.483,0.502
Locomotion_2,X17,23.555,0.502
Locomotion_2,X17,23.627,0.502
Locomotion_2,X17,23.698,0.502
Locomotion_2,X17,23.77,0.502
Locomotion_2,X17,23.842,0.502
Locomotion_2,X17,23.914,0.502
Locomotion_2,X17,23.986,0.502
Locomotion_2,X17,24.057,0.502
Locomotion_2,X17,24.129,0.502
Locomotion_2,X17,24.201,0.502
Locomotion_2,X17,24.273,0.502
Locomotion_2,X17,24.345,0.502
Locomotion_2,X17,24.417,0.502
Locomotion_2,X17,24.488,0.502
Locomotion_2,X17,24.56,0.502
Locomotion_2,X17,24.632,0.502
Locomotion_2,X17,24.704,0.502
Locomotion_2,X17,24.776,0.502
Locomotion_2,X17,24.847,0.502
Locomotion_2,X17,24.919,0.502
Locomotion_2,X17,24.991,0.502
Locomotion_2,X17,25.063,0.502
Locomotion_2,X17,25.135,0.502
Locomotion_2,X17,25.206,0.502
Locomotion_2,X17,25.278,0.502
Locomotion_2,X17,25.35,0.502
Locomotion_2,X17,25.422,0.502
Locomotion_2,X17,25.494,0.502
Locomotion_2,X17,25.566,0.502
Locomotion_2,X17,25.637,0.502
Locomotion_2,X17,25.709,0.502
Locomotion_2,X17,25.781,0.502
Locomotion_2,X17,25.853,0.502
Locomotion_2,X17,25.925,0.502
Locomotion_2,X17,25.996,0.502
Locomotion_2,X17,26.068,0.502
Locomotion_2,X17,26.14,0.502
Locomotion_2,X17,26.212,0.502
Locomotion_2,X17,26.284,0.502
Locomotion_2,X17,26.355,0.502
Locomotion_2,X17,26.427,0.502
Locomotion_2,X17,26.499,0.502
Locomotion_2,X17,26.571,0.502
Locomotion_2,X17,26.643,0.502
Locomotion_2,X17,26.715,0.502
Locomotion_2,X17,26.786,0.502
Locomotion_2,X17,26.858,0.502
Locomotion_2,X17,26.93,0.502
Locomotion_2,X17,27.002,0.502
Locomotion_2,X17,27.074,0.502
Locomotion_2,X17,27.145,0.502
Locomotion_2,X17,27.217,0.502
Locomotion_2,X17,27.289,0.502
Locomotion_2,X17,27.361,0.502
Locomotion_2,X17,27.433,0.502
Locomotion_2,X17,27.504,0.502
Locomotion_2,X17,27.576,0.502
Locomotion_2,X17,27.648,0.502
Locomotion_2,X17,27.72,0.502
Locomotion_2,X17,27.792,0.502
Locomotion_2,X17,27.864,0.502
Locomotion_2,X17,27.935,0.502
Locomotion_2,X17,28.007,0.502
Locomotion_2,X17,28.079,0.502
Locomotion_2,X17,28.151,0.502
Locomotion_2,X17,28.223,0.502
Locomotion_2,X17,28.294,0.502
Locomotion_2,X17,28.366,0.502
Locomotion_2,X17,28.438,0.502
Locomotion_2,X17,28.51,0.502
Locomotion_2,X17,28.582,0.502
Locomotion_2,X17,28.654,0.502
Locomotion_2,X17,28.725,0.502
Locomotion_2,X17,28.797,0.502
Locomotion_2,X17,28.869,0.502
Locomotion_2,X17,28.941,0.502
Locomotion_2,X17,29.013,0.502
Locomotion_2,X17,29.084,0.502
Locomotion_2,X17,29.156,0.502
Locomotion_2,X17,29.228,0.502
Locomotion_2,X17,29.3,0.502
Locomotion_2,X17,29.372,0.502
Locomotion_2,X17,29.443,0.502
Locomotion_2,X17,29.515,0.502
Locomotion_2,X17,29.587,0.502
Locomotion_2,X17,29.659,0.502
Locomotion_2,X17,29.731,0.502
Locomotion_2,X17,29.803,0.502
Locomotion_2,X17,29.874,0.502
Locomotion_2,X17,29.946,0.502
Locomotion_2,X17,30.018,0.502
Locomotion_2,X17,30.09,0.502
Locomotion_2,X17,30.162,0.502
Locomotion_2,X17,30.233,0.502
Locomotion_2,X17,30.305,0.502
Locomotion_2,X17,30.377,0.502
Locomotion_2,X17,30.449,0.502
Locomotion_2,X17,30.521,0.502
Locomotion_2,X17,30.592,0.502
Locomotion_2,X17,30.664,0.502
Locomotion_2,X17,30.736,0.502
Locomotion_2,X17,30.808,0.502
Locomotion_2,X17,30.88,0.502
Locomotion_2,X17,30.952,0.502
Locomotion_2,X17,31.023,0.502
Locomotion_2,X17,31.095,0.502
Locomotion_2,X17,31.167,0.502
Locomotion_2,X17,31.239,0.502
Locomotion_2,X17,31.311,0.502
Locomotion_2,X17,31.382,0.502
Locomotion_2,X17,31.454,0.502
Locomotion_2,X17,31.526,0.502
Locomotion_2,X17,31.598,0.502
Locomotion_2,X17,31.67,0.502
Locomotion_2,X17,31.741,0.502
Locomotion_2,X17,31.813,0.502
Locomotion_2,X17,31.885,0.502
Locomotion_2,X17,31.957,0.502
Locomotion_2,X17,32.029,0.502
Locomotion_2,X17,32.101,0.502
Locomotion_2,X17,32.172,0.502
Locomotion_2,X17,32.244,0.502
Locomotion_2,X17,32.316,0.502
Locomotion_2,X17,32.388,0.502
Locomotion_2,X17,32.46,0.502
Locomotion_2,X17,32.531,0.502
Locomotion_2,X17,32.603,0.502
Locomotion_2,X17,32.675,0.502
Locomotion_2,X17,32.747,0.502
Locomotion_2,X17,32.819,0.502
Locomotion_2,X17,32.89,0.502
Locomotion_2,X17,32.962,0.502
Locomotion_2,X17,33.034,0.502
Locomotion_2,X17,33.106,0.502
Locomotion_2,X17,33.178,0.502
Locomotion_2,X17,33.25,0.502
Locomotion_2,X17,33.321,0.502
Locomotion_2,X17,33.393,0.502
Locomotion_2,X17,33.465,0.502
Locomotion_2,X17,33.537,0.502
Locomotion_2,X17,33.609,0.502
Locomotion_2,X17,33.68,0.502
Locomotion_2,X17,33.752,0.502
Locomotion_2,X17,33.824,0.502
Locomotion_2,X17,33.896,0.502
Locomotion_2,X17,33.968,0.502
Locomotion_2,X17,34.039,0.502
Locomotion_2,X17,34.111,0.502
Locomotion_2,X17,34.183,0.502
Locomotion_2,X17,34.255,0.502
Locomotion_2,X17,34.327,0.502
Locomotion_2,X17,34.399,0.502
Locomotion_2,X17,34.47,0.502
Locomotion_2,X17,34.542,0.502
Locomotion_2,X17,34.614,0.502
Locomotion_2,X17,34.686,0.502
Locomotion_2,X17,34.758,0.502
Locomotion_2,X17,34.829,0.502
Locomotion_2,X17,34.901,0.502
Locomotion_2,X17,34.973,0.502
Locomotion_2,X17,35.045,0.502
Locomotion_2,X17,35.117,0.502
Locomotion_2,X17,35.189,0.502
Locomotion_2,X17,35.26,0.502
Locomotion_2,X17,35.332,0.502
Locomotion_2,X17,35.404,0.502
Locomotion_2,X17,35.476,0.502
Locomotion_2,X17,35.548,0.502
Locomotion_2,X17,35.619,0.502
Locomotion_2,X17,35.691,0.502
Locomotion_2,X17,35.763,0.502
Locomotion_2,X17,35.835,0.502
Locomotion_2,X17,35.907,0.502
Locomotion_2,X17,35.978,0.502
Locomotion_2,X17,36.05,0.502
Locomotion_2,X17,36.122,0.502
Locomotion_2,X17,36.194,0.502
Locomotion_2,X17,36.266,0.502
Locomotion_2,X17,36.338,0.502
Locomotion_2,X17,36.409,0.502
Locomotion_2,X17,36.481,0.502
Locomotion_2,X17,36.553,0.502
Locomotion_2,X17,36.625,0.502
Locomotion_2,X17,36.697,0.502
Locomotion_2,X17,36.768,0.502
Locomotion_2,X17,36.84,0.502
Locomotion_2,X17,36.912,0.502
Locomotion_2,X17,36.984,0.502
Locomotion_2,X17,37.056,0.502
Locomotion_2,X17,37.127,0.502
Locomotion_2,X17,37.199,0.502
Locomotion_2,X17,37.271,0.502
Locomotion_2,X17,37.343,0.502
Locomotion_2,X17,37.415,0.502
Locomotion_2,X17,37.487,0.502
Locomotion_2,X17,37.558,0.502
Locomotion_2,X17,37.63,0.502
Locomotion_2,X17,37.702,0.502
Locomotion_2,X17,37.774,0.502
Locomotion_2,X17,37.846,0.502
Locomotion_2,X17,37.917,0.502
Locomotion_2,X17,37.989,0.502
Locomotion_2,X17,38.061,0.502
Locomotion_2,X17,38.133,0.502
Locomotion_2,X17,38.205,0.502
Locomotion_2,X17,38.276,0.502
Locomotion_2,X17,38.348,0.502
Locomotion_2,X17,38.42,0.502
Locomotion_2,X17,38.492,0.502
Locomotion_2,X17,38.564,0.502
Locomotion_2,X17,38.636,0.502
Locomotion_2,X17,38.707,0.502
Locomotion_2,X17,38.779,0.502
Locomotion_2,X17,38.851,0.502
Locomotion_2,X17,38.923,0.502
Locomotion_2,X17,38.995,0.502
Locomotion_2,X17,39.066,0.502
Locomotion_2,X17,39.138,0.502
Locomotion_2,X17,39.21,0.502
Locomotion_2,X17,39.282,0.502
Locomotion_2,X17,39.354,0.502
Locomotion_2,X17,39.425,0.502
Locomotion_2,X17,39.497,0.502
Locomotion_2,X17,39.569,0.502
Locomotion_2,X17,39.641,0.502
Locomotion_2,X17,39.713,0.502
Locomotion_2,X17,39.785,0.502
Locomotion_2,X17,39.856,0.502
Locomotion_2,X17,39.928,0.502
Locomotion_2,X17,40.0,0.502
Locomotion_2,X17,40.072,0.502
Locomotion_2,X17,40.144,0.502
Locomotion_2,X17,40.215,0.502
Locomotion_2,X17,40.287,0.502
Locomotion_2,X17,40.359,0.502
Locomotion_2,X17,40.431,0.502
Locomotion_2,X17,40.503,0.502
Locomotion_2,X17,40.575,0.502
Locomotion_2,X17,40.646,0.502
Locomotion_2,X17,40.718,0.502
Locomotion_2,X17,40.79,0.502
Locomotion_2,X17,40.862,0.502
Locomotion_2,X17,40.934,0.502
Locomotion_2,X17,41.005,0.502
Locomotion_2,X17,41.077,0.502
Locomotion_2,X17,41.149,0.502
Locomotion_2,X17,41.221,0.502
Locomotion_2,X17,41.293,0.502
Locomotion_2,X17,41.364,0.502
Locomotion_2,X17,41.436,0.502
Locomotion_2,X17,41.508,0.502
Locomotion_2,X17,41.58,0.502
Locomotion_2,X17,41.652,0.502
Locomotion_2,X17,41.724,0.502
Locomotion_2,X17,41.795,0.502
Locomotion_2,X17,41.867,0.502
Locomotion_2,X17,41.939,0.502
Locomotion_2,X17,42.011,0.502
Locomotion_2,X17,42.083,0.502
Locomotion_2,X17,42.154,0.502
Locomotion_2,X17,42.226,0.502
Locomotion_2,X17,42.298,0.502
Locomotion_2,X17,42.37,0.502
Locomotion_2,X17,42.442,0.502
Locomotion_2,X17,42.513,0.502
Locomotion_2,X17,42.585,0.502
Locomotion_2,X17,42.657,0.502
Locomotion_2,X17,42.729,0.502
Locomotion_2,X17,42.801,0.502
Locomotion_2,X17,42.873,0.502
Locomotion_2,X17,42.944,0.502
Locomotion_2,X17,43.016,0.502
Locomotion_2,X17,43.088,0.502
Locomotion_2,X17,43.16,0.502
Locomotion_2,X17,43.232,0.502
Locomotion_2,X17,43.303,0.502
Locomotion_2,X17,43.375,0.502
Locomotion_2,X17,43.447,0.502
Locomotion_2,X17,43.519,0.502
Locomotion_2,X17,43.591,0.502
Locomotion_2,X17,43.662,0.502
Locomotion_2,X17,43.734,0.502
Locomotion_2,X17,43.806,0.502
Locomotion_2,X17,43.878,0.502
Locomotion_2,X17,43.95,0.502
Locomotion_2,X17,44.022,0.502
Locomotion_2,X17,44.093,0.502
Locomotion_2,X17,44.165,0.502
Locomotion_2,X17,44.237,0.502
Locomotion_2,X17,44.309,0.502
Locomotion_2,X17,44.381,0.502
Locomotion_2,X17,44.452,0.502
Locomotion_2,X17,44.524,0.502
Locomotion_2,X17,44.596,0.502
Locomotion_2,X17,44.668,0.502
Locomotion_2,X17,44.74,0.502
Locomotion_2,X17,44.811,0.502
Locomotion_2,X17,44.883,0.502
Locomotion_2,X17,44.955,0.502
Locomotion_2,X17,45.027,0.502
Locomotion_2,X17,45.099,0.502
Locomotion_2,X17,45.171,0.502
Locomotion_2,X17,45.242,0.502
Locomotion_2,X17,45.314,0.502
Locomotion_2,X17,45.386,0.502
Locomotion_2,X17,45.458,0.502
Locomotion_2,X17,45.53,0.502
Locomotion_2,X17,45.601,0.502
Locomotion_2,X17,45.673,0.502
Locomotion_2,X17,45.745,0.502
Locomotion_2,X17,45.817,0.502
Locomotion_2,X17,45.889,0.502
Locomotion_2,X17,45.961,0.502
Locomotion_2,X17,46.032,0.502
Locomotion_2,X17,46.104,0.502
Locomotion_2,X17,46.176,0.502
Locomotion_2,X17,46.248,0.502
Locomotion_2,X17,46.32,0.502
Locomotion_2,X17,46.391,0.502
Locomotion_2,X17,46.463,0.502
Locomotion_2,X17,46.535,0.502
Locomotion_2,X17,46.607,0.502
Locomotion_2,X17,46.679,0.502
Locomotion_2,X17,46.75,0.502
Locomotion_2,X17,46.822,0.502
Locomotion_2,X17,46.894,0.502
Locomotion_2,X17,46.966,0.502
Locomotion_2,X17,47.038,0.502
Locomotion_2,X17,47.11,0.502
Locomotion_2,X17,47.181,0.502
Locomotion_2,X17,47.253,0.502
Locomotion_2,X17,47.325,0.502
Locomotion_2,X17,47.397,0.502
Locomotion_2,X17,47.469,0.502
Locomotion_2,X17,47.54,0.502
Locomotion_2,X17,47.612,0.502
Locomotion_2,X17,47.684,0.502
Locomotion_2,X17,47.756,0.502
Locomotion_2,X17,47.828,0.502
Locomotion_2,X17,47.899,0.502
Locomotion_2,X17,47.971,0.502
Locomotion_2,X17,48.043,0.502
Locomotion_2,X17,48.115,0.502
Locomotion_2,X17,48.187,0.502
Locomotion_2,X17,48.259,0.502
Locomotion_2,X17,48.33,0.502
Locomotion_2,X17,48.402,0.502
Locomotion_2,X17,48.474,0.502
Locomotion_2,X17,48.546,0.502
Locomotion_2,X17,48.618,0.502
Locomotion_2,X17,48.689,0.502
Locomotion_2,X17,48.761,0.502
Locomotion_2,X17,48.833,0.502
Locomotion_2,X17,48.905,0.502
Locomotion_2,X17,48.977,0.502
Locomotion_2,X17,49.048,0.502
Locomotion_2,X17,49.12,0.502
Locomotion_2,X17,49.192,0.502
Locomotion_2,X17,49.264,0.502
Locomotion_2,X17,49.336,0.502
Locomotion_2,X17,49.408,0.502
Locomotion_2,X17,49.479,0.502
Locomotion_2,X17,49.551,0.502
Locomotion_2,X17,49.623,0.502
Locomotion_2,X17,49.695,0.502
Locomotion_2,X17,49.767,0.502
Locomotion_2,X17,49.838,0.502
Locomotion_2,X17,49.91,0.502
Locomotion_2,X17,49.982,0.502
Locomotion_2,X17,50.054,0.502
Locomotion_2,X17,50.126,0.502
Locomotion_2,X17,50.197,0.502
Locomotion_2,X17,50.269,0.502
Locomotion_2,X17,50.341,0.502
Locomotion_2,X17,50.413,0.502
Locomotion_2,X17,50.485,0.502
Locomotion_2,X17,50.557,0.502
Locomotion_2,X17,50.628,0.502
Locomotion_2,X17,50.7,0.502
Locomotion_2,X17,50.772,0.502
Locomotion_2,X17,50.844,0.502
Locomotion_2,X17,50.916,0.502
Locomotion_2,X17,50.987,0.502
Locomotion_2,X17,51.059,0.502
Locomotion_2,X17,51.131,0.502
Locomotion_2,X17,51.203,0.502
Locomotion_2,X17,51.275,0.502
Locomotion_2,X17,51.346,0.502
Locomotion_2,X17,51.418,0.502
Locomotion_2,X17,51.49,0.502
Locomotion_2,X17,51.562,0.502
Locomotion_2,X17,51.634,0.502
Locomotion_2,X17,51.706,0.502
Locomotion_2,X17,51.777,0.502
Locomotion_2,X17,51.849,0.502
Locomotion_2,X17,51.921,0.502
Locomotion_2,X17,51.993,0.502
Locomotion_2,X17,52.065,0.502
Locomotion_2,X17,52.136,0.502
Locomotion_2,X17,52.208,0.502
Locomotion_2,X17,52.28,0.502
Locomotion_2,X17,52.352,0.5294
Locomotion_2,X17,52.424,1.0
Decision_1,X0,0.0,1.0
Decision_1,X0,0.072,0.0549
Decision_1,X0,0.144,0.0
Decision_1,X0,0.215,0.0
Decision_1,X0,0.287,0.0
Decision_1,X0,0.359,0.0
Decision_1,X0,0.431,0.0
Decision_1,X0,0.503,0.0
Decision_1,X0,0.575,0.0
Decision_1,X0,0.646,0.0
Decision_1,X0,0.718,0.0
Decision_1,X0,0.79,0.0
Decision_1,X0,0.862,0.0
Decision_1,X0,0.934,0.0
Decision_1,X0,1.005,0.0
Decision_1,X0,1.077,0.0
Decision_1,X0,1.149,0.0
Decision_1,X0,1.221,0.0
Decision_1,X0,1.293,0.0
Decision_1,X0,1.364,0.0
Decision_1,X0,1.436,0.0
Decision_1,X0,1.508,0.0
Decision_1,X0,1.58,0.0
Decision_1,X0,1.652,0.0
Decision_1,X0,1.724,0.0
Decision_1,X0,1.795,0.0
Decision_1,X0,1.867,0.0
Decision_1,X0,1.939,0.0
Decision_1,X0,2.011,0.0
Decision_1,X0,2.083,0.0
Decision_1,X0,2.154,0.0
Decision_1,X0,2.226,0.0
Decision_1,X0,2.298,0.0
Decision_1,X0,2.37,0.0
Decision_1,X0,2.442,0.0
Decision_1,X0,2.513,0.0
Decision_1,X0,2.585,0.0
Decision_1,X0,2.657,0.0
Decision_1,X0,2.729,0.0
Decision_1,X0,2.801,0.0
Decision_1,X0,2.873,0.0
Decision_1,X0,2.944,0.0
Decision_1,X0,3.016,0.0
Decision_1,X0,3.088,0.0
Decision_1,X0,3.16,0.0
Decision_1,X0,3.232,0.0
Decision_1,X0,3.303,0.0
Decision_1,X0,3.375,0.0
Decision_1,X0,3.447,0.0
Decision_1,X0,3.519,0.0
Decision_1,X0,3.591,0.0
Decision_1,X0,3.662,0.0
Decision_1,X0,3.734,0.0
Decision_1,X0,3.806,0.0
Decision_1,X0,3.878,0.0
Decision_1,X0,3.95,0.0
Decision_1,X0,4.022,0.0
Decision_1,X0,4.093,0.0
Decision_1,X0,4.165,0.0
Decision_1,X0,4.237,0.0
Decision_1,X0,4.309,0.0
Decision_1,X0,4.381,0.0
Decision_1,X0,4.452,0.0
Decision_1,X0,4.524,0.0
Decision_1,X0,4.596,0.0
Decision_1,X0,4.668,0.0
Decision_1,X0,4.74,0.0
Decision_1,X0,4.811,0.0
Decision_1,X0,4.883,0.0
Decision_1,X0,4.955,0.0
Decision_1,X0,5.027,0.0
Decision_1,X0,5.099,0.0
Decision_1,X0,5.171,0.0
Decision_1,X0,5.242,0.0
Decision_1,X0,5.314,0.0
Decision_1,X0,5.386,0.0
Decision_1,X0,5.458,0.0
Decision_1,X0,5.53,0.0
Decision_1,X0,5.601,0.0
Decision_1,X0,5.673,0.0
Decision_1,X0,5.745,0.0
Decision_1,X0,5.817,0.0
Decision_1,X0,5.889,0.0
Decision_1,X0,5.961,0.0
Decision_1,X0,6.032,0.0
Decision_1,X0,6.104,0.0
Decision_1,X0,6.176,0.0
Decision_1,X0,6.248,0.0
Decision_1,X0,6.32,0.0
Decision_1,X0,6.391,0.0
Decision_1,X0,6.463,0.0
Decision_1,X0,6.535,0.0
Decision_1,X0,6.607,0.0
Decision_1,X0,6.679,0.0
Decision_1,X0,6.75,0.0
Decision_1,X0,6.822,0.0
Decision_1,X0,6.894,0.0
Decision_1,X0,6.966,0.0
Decision_1,X0,7.038,0.0
Decision_1,X0,7.11,0.0
Decision_1,X0,7.181,0.0
Decision_1,X0,7.253,0.0
Decision_1,X0,7.325,0.0
Decision_1,X0,7.397,0.0
Decision_1,X0,7.469,0.0
Decision_1,X0,7.54,0.0
Decision_1,X0,7.612,0.0
Decision_1,X0,7.684,0.0
Decision_1,X0,7.756,0.0
Decision_1,X0,7.828,0.0
Decision_1,X0,7.899,0.0
Decision_1,X0,7.971,0.0
Decision_1,X0,8.043,0.0
Decision_1,X0,8.115,0.0
Decision_1,X0,8.187,0.0
Decision_1,X0,8.259,0.0
Decision_1,X0,8.33,0.0
Decision_1,X0,8.402,0.0
Decision_1,X0,8.474,0.0
Decision_1,X0,8.546,0.0
Decision_1,X0,8.618,0.0
Decision_1,X0,8.689,0.0
Decision_1,X0,8.761,0.0
Decision_1,X0,8.833,0.0
Decision_1,X0,8.905,0.0
Decision_1,X0,8.977,0.0
Decision_1,X0,9.048,0.0
Decision_1,X0,9.12,0.0
Decision_1,X0,9.192,0.0
Decision_1,X0,9.264,0.0
Decision_1,X0,9.336,0.0
Decision_1,X0,9.408,0.0
Decision_1,X0,9.479,0.0
Decision_1,X0,9.551,0.0
Decision_1,X0,9.623,0.0
Decision_1,X0,9.695,0.0
Decision_1,X0,9.767,0.0
Decision_1,X0,9.838,0.0
Decision_1,X0,9.91,0.0
Decision_1,X0,9.982,0.0
Decision_1,X0,10.054,0.0
Decision_1,X0,10.126,0.0
Decision_1,X0,10.197,0.0
Decision_1,X0,10.269,0.0
Decision_1,X0,10.341,0.0
Decision_1,X0,10.413,0.0
Decision_1,X0,10.485,0.0
Decision_1,X0,10.557,0.0
Decision_1,X0,10.628,0.0
Decision_1,X0,10.7,0.0
Decision_1,X0,10.772,0.0
Decision_1,X0,10.844,0.0
Decision_1,X0,10.916,0.0
Decision_1,X0,10.987,0.0
Decision_1,X0,11.059,0.0
Decision_1,X0,11.131,0.0
Decision_1,X0,11.203,0.0
Decision_1,X0,11.275,0.0
Decision_1,X0,11.346,0.0
Decision_1,X0,11.418,0.0
Decision_1,X0,11.49,0.0
Decision_1,X0,11.562,0.0
Decision_1,X0,11.634,0.0
Decision_1,X0,11.706,0.0
Decision_1,X0,11.777,0.0
Decision_1,X0,11.849,0.0
Decision_1,X0,11.921,0.0
Decision_1,X0,11.993,0.0
Decision_1,X0,12.065,0.0
Decision_1,X0,12.136,0.0
Decision_1,X0,12.208,0.0
Decision_1,X0,12.28,0.0
Decision_1,X0,12.352,0.0
Decision_1,X0,12.424,0.0
Decision_1,X0,12.496,0.0
Decision_1,X0,12.567,0.0
Decision_1,X0,12.639,0.0
Decision_1,X0,12.711,0.0
Decision_1,X0,12.783,0.0
Decision_1,X0,12.855,0.0
Decision_1,X0,12.926,0.0
Decision_1,X0,12.998,0.0
Decision_1,X0,13.07,0.0
Decision_1,X0,13.142,0.0
Decision_1,X0,13.214,0.0
Decision_1,X0,13.285,0.0
Decision_1,X0,13.357,0.0
Decision_1,X0,13.429,0.0
Decision_1,X0,13.501,0.0
Decision_1,X0,13.573,0.0
Decision_1,X0,13.645,0.0
Decision_1,X0,13.716,0.0
Decision_1,X0,13.788,0.0
Decision_1,X0,13.86,0.0
Decision_1,X0,13.932,0.0
Decision_1,X0,14.004,0.0
Decision_1,X0,14.075,0.0
Decision_1,X0,14.147,0.0
Decision_1,X0,14.219,0.0
Decision_1,X0,14.291,0.0
Decision_1,X0,14.363,0.0
Decision_1,X0,14.434,0.0
Decision_1,X0,14.506,0.0
Decision_1,X0,14.578,0.0
Decision_1,X0,14.65,0.0
Decision_1,X0,14.722,0.0
Decision_1,X0,14.794,0.0
Decision_1,X0,14.865,0.0
Decision_1,X0,14.937,0.0
Decision_1,X0,15.009,0.0
Decision_1,X0,15.081,0.0
Decision_1,X0,15.153,0.0
Decision_1,X0,15.224,0.0
Decision_1,X0,15.296,0.0
Decision_1,X0,15.368,0.0
Decision_1,X0,15.44,0.0
Decision_1,X0,15.512,0.0
Decision_1,X0,15.583,0.0
Decision_1,X0,15.655,0.0
Decision_1,X0,15.727,0.0
Decision_1,X0,15.799,0.0
Decision_1,X0,15.871,0.0
Decision_1,X0,15.943,0.0
Decision_1,X0,16.014,0.0
Decision_1,X0,16.086,0.0
Decision_1,X0,16.158,0.0
Decision_1,X0,16.23,0.0
Decision_1,X0,16.302,0.0
Decision_1,X0,16.373,0.0
Decision_1,X0,16.445,0.0
Decision_1,X0,16.517,0.0
Decision_1,X0,16.589,0.0
Decision_1,X0,16.661,0.0
Decision_1,X0,16.732,0.0
Decision_1,X0,16.804,0.0
Decision_1,X0,16.876,0.0
Decision_1,X0,16.948,0.0
Decision_1,X0,17.02,0.0
Decision_1,X0,17.092,0.0
Decision_1,X0,17.163,0.0
Decision_1,X0,17.235,0.0
Decision_1,X0,17.307,0.0
Decision_1,X0,17.379,0.0
Decision_1,X0,17.451,0.0
Decision_1,X0,17.522,0.0
Decision_1,X0,17.594,0.0
Decision_1,X0,17.666,0.0
Decision_1,X0,17.738,0.0
Decision_1,X0,17.81,0.0
Decision_1,X0,17.882,0.0
Decision_1,X0,17.953,0.0
Decision_1,X0,18.025,0.0
Decision_1,X0,18.097,0.0
Decision_1,X0,18.169,0.0
Decision_1,X0,18.241,0.0
Decision_1,X0,18.312,0.0
Decision_1,X0,18.384,0.0
Decision_1,X0,18.456,0.0
Decision_1,X0,18.528,0.0
Decision_1,X0,18.6,0.0
Decision_1,X0,18.671,0.0
Decision_1,X0,18.743,0.0
Decision_1,X0,18.815,0.0
Decision_1,X0,18.887,0.0
Decision_1,X0,18.959,0.0
Decision_1,X0,19.031,0.0
Decision_1,X0,19.102,0.0
Decision_1,X0,19.174,0.0
Decision_1,X0,19.246,0.0
Decision_1,X0,19.318,0.0
Decision_1,X0,19.39,0.0
Decision_1,X0,19.461,0.0
Decision_1,X0,19.533,0.0
Decision_1,X0,19.605,0.0
Decision_1,X0,19.677,0.0
Decision_1,X0,19.749,0.0
Decision_1,X0,19.82,0.0
Decision_1,X0,19.892,0.0
Decision_1,X0,19.964,0.0
Decision_1,X0,20.036,0.0
Decision_1,X0,20.108,0.0
Decision_1,X0,20.18,0.0
Decision_1,X0,20.251,0.0
Decision_1,X0,20.323,0.0
Decision_1,X0,20.395,0.0
Decision_1,X0,20.467,0.0
Decision_1,X0,20.539,0.0
Decision_1,X0,20.61,0.0
Decision_1,X0,20.682,0.0
Decision_1,X0,20.754,0.0
Decision_1,X0,20.826,0.0
Decision_1,X0,20.898,0.0
Decision_1,X0,20.969,0.0
Decision_1,X0,21.041,0.0
Decision_1,X0,21.113,0.0
Decision_1,X0,21.185,0.0
Decision_1,X0,21.257,0.0
Decision_1,X0,21.329,0.0
Decision_1,X0,21.4,0.0
Decision_1,X0,21.472,0.0
Decision_1,X0,21.544,0.0
Decision_1,X0,21.616,0.0
Decision_1,X0,21.688,0.0
Decision_1,X0,21.759,0.0
Decision_1,X0,21.831,0.0
Decision_1,X0,21.903,0.0
Decision_1,X0,21.975,0.0
Decision_1,X0,22.047,0.0
Decision_1,X0,22.118,0.0
Decision_1,X0,22.19,0.0
Decision_1,X0,22.262,0.0
Decision_1,X0,22.334,0.0
Decision_1,X0,22.406,0.0
Decision_1,X0,22.478,0.0
Decision_1,X0,22.549,0.0
Decision_1,X0,22.621,0.0
Decision_1,X0,22.693,0.0
Decision_1,X0,22.765,0.0
Decision_1,X0,22.837,0.0
Decision_1,X0,22.908,0.0
Decision_1,X0,22.98,0.0
Decision_1,X0,23.052,0.0
Decision_1,X0,23.124,0.0
Decision_1,X0,23.196,0.0
Decision_1,X0,23.268,0.0
Decision_1,X0,23.339,0.0
Decision_1,X0,23.411,0.0
Decision_1,X0,23.483,0.0
Decision_1,X0,23.555,0.0
Decision_1,X0,23.627,0.0
Decision_1,X0,23.698,0.0
Decision_1,X0,23.77,0.0
Decision_1,X0,23.842,0.0
Decision_1,X0,23.914,0.0
Decision_1,X0,23.986,0.0
Decision_1,X0,24.057,0.0
Decision_1,X0,24.129,0.0
Decision_1,X0,24.201,0.0
Decision_1,X0,24.273,0.0
Decision_1,X0,24.345,0.0
Decision_1,X0,24.417,0.0
Decision_1,X0,24.488,0.0
Decision_1,X0,24.56,0.0
Decision_1,X0,24.632,0.0
Decision_1,X0,24.704,0.0
Decision_1,X0,24.776,0.0
Decision_1,X0,24.847,0.0
Decision_1,X0,24.919,0.0
Decision_1,X0,24.991,0.0
Decision_1,X0,25.063,0.0
Decision_1,X0,25.135,0.0
Decision_1,X0,25.206,0.0
Decision_1,X0,25.278,0.0
Decision_1,X0,25.35,0.0
Decision_1,X0,25.422,0.0
Decision_1,X0,25.494,0.0
Decision_1,X0,25.566,0.0
Decision_1,X0,25.637,0.0
Decision_1,X0,25.709,0.0
Decision_1,X0,25.781,0.0
Decision_1,X0,25.853,0.0
Decision_1,X0,25.925,0.0
Decision_1,X0,25.996,0.0
Decision_1,X0,26.068,0.0
Decision_1,X0,26.14,0.0
Decision_1,X0,26.212,0.0
Decision_1,X0,26.284,0.0
Decision_1,X0,26.355,0.0
Decision_1,X0,26.427,0.0
Decision_1,X0,26.499,0.0
Decision_1,X0,26.571,0.0
Decision_1,X0,26.643,0.0
Decision_1,X0,26.715,0.0
Decision_1,X0,26.786,0.0
Decision_1,X0,26.858,0.0
Decision_1,X0,26.93,0.0
Decision_1,X0,27.002,0.0
Decision_1,X0,27.074,0.0
Decision_1,X0,27.145,0.0
Decision_1,X0,27.217,0.0
Decision_1,X0,27.289,0.0
Decision_1,X0,27.361,0.0
Decision_1,X0,27.433,0.0
Decision_1,X0,27.504,0.0
Decision_1,X0,27.576,0.0
Decision_1,X0,27.648,0.0
Decision_1,X0,27.72,0.0
Decision_1,X0,27.792,0.0
Decision_1,X0,27.864,0.0
Decision_1,X0,27.935,0.0
Decision_1,X0,28.007,0.0
Decision_1,X0,28.079,0.0
Decision_1,X0,28.151,0.0
Decision_1,X0,28.223,0.0
Decision_1,X0,28.294,0.0
Decision_1,X0,28.366,0.0
Decision_1,X0,28.438,0.0
Decision_1,X0,28.51,0.0
Decision_1,X0,28.582,0.0
Decision_1,X0,28.654,0.0
Decision_1,X0,28.725,0.0
Decision_1,X0,28.797,0.0
Decision_1,X0,28.869,0.0
Decision_1,X0,28.941,0.0
Decision_1,X0,29.013,0.0
Decision_1,X0,29.084,0.0
Decision_1,X0,29.156,0.0
Decision_1,X0,29.228,0.0
Decision_1,X0,29.3,0.0
Decision_1,X0,29.372,0.0
Decision_1,X0,29.443,0.0
Decision_1,X0,29.515,0.0
Decision_1,X0,29.587,0.0
Decision_1,X0,29.659,0.0
Decision_1,X0,29.731,0.0
Decision_1,X0,29.803,0.0
Decision_1,X0,29.874,0.0
Decision_1,X0,29.946,0.0
Decision_1,X0,30.018,0.0
Decision_1,X0,30.09,0.0
Decision_1,X0,30.162,0.0
Decision_1,X0,30.233,0.0
Decision_1,X0,30.305,0.0
Decision_1,X0,30.377,0.0
Decision_1,X0,30.449,0.0
Decision_1,X0,30.521,0.0
Decision_1,X0,30.592,0.0
Decision_1,X0,30.664,0.0
Decision_1,X0,30.736,0.0
Decision_1,X0,30.808,0.0
Decision_1,X0,30.88,0.0
Decision_1,X0,30.952,0.0
Decision_1,X0,31.023,0.0
Decision_1,X0,31.095,0.0
Decision_1,X0,31.167,0.0
Decision_1,X0,31.239,0.0
Decision_1,X0,31.311,0.0
Decision_1,X0,31.382,0.0
Decision_1,X0,31.454,0.0
Decision_1,X0,31.526,0.0
Decision_1,X0,31.598,0.0
Decision_1,X0,31.67,0.0
Decision_1,X0,31.741,0.0
Decision_1,X0,31.813,0.0
Decision_1,X0,31.885,0.0
Decision_1,X0,31.957,0.0
Decision_1,X0,32.029,0.0
Decision_1,X0,32.101,0.0
Decision_1,X0,32.172,0.0
Decision_1,X0,32.244,0.0
Decision_1,X0,32.316,0.0
Decision_1,X0,32.388,0.0
Decision_1,X0,32.46,0.0
Decision_1,X0,32.531,0.0
Decision_1,X0,32.603,0.0
Decision_1,X0,32.675,0.0
Decision_1,X0,32.747,0.0
Decision_1,X0,32.819,0.0
Decision_1,X0,32.89,0.0
Decision_1,X0,32.962,0.0
Decision_1,X0,33.034,0.0
Decision_1,X0,33.106,0.0
Decision_1,X0,33.178,0.0
Decision_1,X0,33.25,0.0
Decision_1,X0,33.321,0.0
Decision_1,X0,33.393,0.0
Decision_1,X0,33.465,0.0
Decision_1,X0,33.537,0.0
Decision_1,X0,33.609,0.0
Decision_1,X0,33.68,0.0
Decision_1,X0,33.752,0.0
Decision_1,X0,33.824,0.0
Decision_1,X0,33.896,0.0
Decision_1,X0,33.968,0.0
Decision_1,X0,34.039,0.0
Decision_1,X0,34.111,0.0
Decision_1,X0,34.183,0.0
Decision_1,X0,34.255,0.0
Decision_1,X0,34.327,0.0
Decision_1,X0,34.399,0.0
Decision_1,X0,34.47,0.0
Decision_1,X0,34.542,0.0
Decision_1,X0,34.614,0.0
Decision_1,X0,34.686,0.0
Decision_1,X0,34.758,0.0
Decision_1,X0,34.829,0.0
Decision_1,X0,34.901,0.0
Decision_1,X0,34.973,0.0
Decision_1,X0,35.045,0.0
Decision_1,X0,35.117,0.0
Decision_1,X0,35.189,0.0
Decision_1,X0,35.26,0.0
Decision_1,X0,35.332,0.0
Decision_1,X0,35.404,0.0
Decision_1,X0,35.476,0.0
Decision_1,X0,35.548,0.0
Decision_1,X0,35.619,0.0
Decision_1,X0,35.691,0.0
Decision_1,X0,35.763,0.0
Decision_1,X0,35.835,0.0
Decision_1,X0,35.907,0.0
Decision_1,X0,35.978,0.0
Decision_1,X0,36.05,0.0
Decision_1,X0,36.122,0.0
Decision_1,X0,36.194,0.0
Decision_1,X0,36.266,0.0
Decision_1,X0,36.338,0.0
Decision_1,X0,36.409,0.0
Decision_1,X0,36.481,0.0
Decision_1,X0,36.553,0.0
Decision_1,X0,36.625,0.0
Decision_1,X0,36.697,0.0
Decision_1,X0,36.768,0.0
Decision_1,X0,36.84,0.0
Decision_1,X0,36.912,0.0
Decision_1,X0,36.984,0.0
Decision_1,X0,37.056,0.0
Decision_1,X0,37.127,0.0
Decision_1,X0,37.199,0.0
Decision_1,X0,37.271,0.0
Decision_1,X0,37.343,0.0
Decision_1,X0,37.415,0.0
Decision_1,X0,37.487,0.0
Decision_1,X0,37.558,0.0
Decision_1,X0,37.63,0.0
Decision_1,X0,37.702,0.0
Decision_1,X0,37.774,0.0
Decision_1,X0,37.846,0.0
Decision_1,X0,37.917,0.0
Decision_1,X0,37.989,0.0
Decision_1,X0,38.061,0.0
Decision_1,X0,38.133,0.0
Decision_1,X0,38.205,0.0
Decision_1,X0,38.276,0.0
Decision_1,X0,38.348,0.0
Decision_1,X0,38.42,0.0
Decision_1,X0,38.492,0.0
Decision_1,X0,38.564,0.0
Decision_1,X0,38.636,0.0
Decision_1,X0,38.707,0.0
Decision_1,X0,38.779,0.0
Decision_1,X0,38.851,0.0
Decision_1,X0,38.923,0.0
Decision_1,X0,38.995,0.0
Decision_1,X0,39.066,0.0
Decision_1,X0,39.138,0.0
Decision_1,X0,39.21,0.0
Decision_1,X0,39.282,0.0
Decision_1,X0,39.354,0.0
Decision_1,X0,39.425,0.0
Decision_1,X0,39.497,0.0
Decision_1,X0,39.569,0.0
Decision_1,X0,39.641,0.0
Decision_1,X0,39.713,0.0
Decision_1,X0,39.785,0.0
Decision_1,X0,39.856,0.0
Decision_1,X0,39.928,0.0
Decision_1,X0,40.0,0.0
Decision_1,X0,40.072,0.0
Decision_1,X0,40.144,0.0
Decision_1,X0,40.215,0.0
Decision_1,X0,40.287,0.0
Decision_1,X0,40.359,0.0
Decision_1,X0,40.431,0.0
Decision_1,X0,40.503,0.0
Decision_1,X0,40.575,0.0
Decision_1,X0,40.646,0.0
Decision_1,X0,40.718,0.0
Decision_1,X0,40.79,0.0
Decision_1,X0,40.862,0.0
Decision_1,X0,40.934,0.0
Decision_1,X0,41.005,0.0
Decision_1,X0,41.077,0.0
Decision_1,X0,41.149,0.0
Decision_1,X0,41.221,0.0
Decision_1,X0,41.293,0.0
Decision_1,X0,41.364,0.0
Decision_1,X0,41.436,0.0
Decision_1,X0,41.508,0.0
Decision_1,X0,41.58,0.0
Decision_1,X0,41.652,0.0
Decision_1,X0,41.724,0.0
Decision_1,X0,41.795,0.0
Decision_1,X0,41.867,0.0
Decision_1,X0,41.939,0.0
Decision_1,X0,42.011,0.0
Decision_1,X0,42.083,0.0
Decision_1,X0,42.154,0.0
Decision_1,X0,42.226,0.0
Decision_1,X0,42.298,0.0
Decision_1,X0,42.37,0.0
Decision_1,X0,42.442,0.0
Decision_1,X0,42.513,0.0
Decision_1,X0,42.585,0.0
Decision_1,X0,42.657,0.0
Decision_1,X0,42.729,0.0
Decision_1,X0,42.801,0.0
Decision_1,X0,42.873,0.0
Decision_1,X0,42.944,0.0
Decision_1,X0,43.016,0.0
Decision_1,X0,43.088,0.0
Decision_1,X0,43.16,0.0
Decision_1,X0,43.232,0.0
Decision_1,X0,43.303,0.0
Decision_1,X0,43.375,0.0
Decision_1,X0,43.447,0.0
Decision_1,X0,43.519,0.0
Decision_1,X0,43.591,0.0
Decision_1,X0,43.662,0.0
Decision_1,X0,43.734,0.0
Decision_1,X0,43.806,0.0
Decision_1,X0,43.878,0.0
Decision_1,X0,43.95,0.0
Decision_1,X0,44.022,0.0
Decision_1,X0,44.093,0.0
Decision_1,X0,44.165,0.0
Decision_1,X0,44.237,0.0
Decision_1,X0,44.309,0.0
Decision_1,X0,44.381,0.0
Decision_1,X0,44.452,0.0
Decision_1,X0,44.524,0.0
Decision_1,X0,44.596,0.0
Decision_1,X0,44.668,0.0
Decision_1,X0,44.74,0.0
Decision_1,X0,44.811,0.0
Decision_1,X0,44.883,0.0
Decision_1,X0,44.955,0.0
Decision_1,X0,45.027,0.0
Decision_1,X0,45.099,0.0
Decision_1,X0,45.171,0.0
Decision_1,X0,45.242,0.0
Decision_1,X0,45.314,0.0
Decision_1,X0,45.386,0.0
Decision_1,X0,45.458,0.0
Decision_1,X0,45.53,0.0
Decision_1,X0,45.601,0.0
Decision_1,X0,45.673,0.0
Decision_1,X0,45.745,0.0
Decision_1,X0,45.817,0.0
Decision_1,X0,45.889,0.0
Decision_1,X0,45.961,0.0
Decision_1,X0,46.032,0.0
Decision_1,X0,46.104,0.0
Decision_1,X0,46.176,0.0
Decision_1,X0,46.248,0.0
Decision_1,X0,46.32,0.0
Decision_1,X0,46.391,0.0
Decision_1,X0,46.463,0.0
Decision_1,X0,46.535,0.0
Decision_1,X0,46.607,0.0
Decision_1,X0,46.679,0.0
Decision_1,X0,46.75,0.0
Decision_1,X0,46.822,0.0
Decision_1,X0,46.894,0.0
Decision_1,X0,46.966,0.0
Decision_1,X0,47.038,0.0
Decision_1,X0,47.11,0.0
Decision_1,X0,47.181,0.0
Decision_1,X0,47.253,0.0
Decision_1,X0,47.325,0.0
Decision_1,X0,47.397,0.0
Decision_1,X0,47.469,0.0
Decision_1,X0,47.54,0.0
Decision_1,X0,47.612,0.0
Decision_1,X0,47.684,0.0
Decision_1,X0,47.756,0.0
Decision_1,X0,47.828,0.0
Decision_1,X0,47.899,0.0
Decision_1,X0,47.971,0.0
Decision_1,X0,48.043,0.0
Decision_1,X0,48.115,0.0
Decision_1,X0,48.187,0.0
Decision_1,X0,48.259,0.0
Decision_1,X0,48.33,0.0
Decision_1,X0,48.402,0.0
Decision_1,X0,48.474,0.0
Decision_1,X0,48.546,0.0
Decision_1,X0,48.618,0.0
Decision_1,X0,48.689,0.0
Decision_1,X0,48.761,0.0
Decision_1,X0,48.833,0.0
Decision_1,X0,48.905,0.0
Decision_1,X0,48.977,0.0
Decision_1,X0,49.048,0.0
Decision_1,X0,49.12,0.0
Decision_1,X0,49.192,0.0
Decision_1,X0,49.264,0.0
Decision_1,X0,49.336,0.0
Decision_1,X0,49.408,0.0
Decision_1,X0,49.479,0.0
Decision_1,X0,49.551,0.0
Decision_1,X0,49.623,0.0
Decision_1,X0,49.695,0.0
Decision_1,X0,49.767,0.0
Decision_1,X0,49.838,0.0
Decision_1,X0,49.91,0.0
Decision_1,X0,49.982,0.0
Decision_1,X0,50.054,0.0
Decision_1,X0,50.126,0.0
Decision_1,X0,50.197,0.0
Decision_1,X0,50.269,0.0
Decision_1,X0,50.341,0.0
Decision_1,X0,50.413,0.0
Decision_1,X0,50.485,0.0
Decision_1,X0,50.557,0.0
Decision_1,X0,50.628,0.0
Decision_1,X0,50.7,0.0
Decision_1,X0,50.772,0.0
Decision_1,X0,50.844,0.0
Decision_1,X0,50.916,0.0
Decision_1,X0,50.987,0.0
Decision_1,X0,51.059,0.0
Decision_1,X0,51.131,0.0
Decision_1,X0,51.203,0.0
Decision_1,X0,51.275,0.0
Decision_1,X0,51.346,0.0
Decision_1,X0,51.418,0.0
Decision_1,X0,51.49,0.0
Decision_1,X0,51.562,0.0
Decision_1,X0,51.634,0.0
Decision_1,X0,51.706,0.0
Decision_1,X0,51.777,0.0
Decision_1,X0,51.849,0.0
Decision_1,X0,51.921,0.0
Decision_1,X0,51.993,0.0
Decision_1,X0,52.065,0.0
Decision_1,X0,52.136,0.0
Decision_1,X0,52.208,0.0
Decision_1,X0,52.28,0.0
Decision_1,X0,52.352,0.0549
Decision_1,X0,52.424,1.0
Decision_1,X1,0.0,1.0
Decision_1,X1,0.072,0.0549
Decision_1,X1,0.144,0.0
Decision_1,X1,0.215,0.0
Decision_1,X1,0.287,0.0
Decision_1,X1,0.359,0.0
Decision_1,X1,0.431,0.0
Decision_1,X1,0.503,0.0
Decision_1,X1,0.575,0.0
Decision_1,X1,0.646,0.0
Decision_1,X1,0.718,0.0
Decision_1,X1,0.79,0.0
Decision_1,X1,0.862,0.0
Decision_1,X1,0.934,0.0
Decision_1,X1,1.005,0.0
Decision_1,X1,1.077,0.0
Decision_1,X1,1.149,0.0
Decision_1,X1,1.221,0.0
Decision_1,X1,1.293,0.0
Decision_1,X1,1.364,0.0
Decision_1,X1,1.436,0.0
Decision_1,X1,1.508,0.0
Decision_1,X1,1.58,0.0
Decision_1,X1,1.652,0.0
Decision_1,X1,1.724,0.0
Decision_1,X1,1.795,0.0
Decision_1,X1,1.867,0.0
Decision_1,X1,1.939,0.0
Decision_1,X1,2.011,0.0
Decision_1,X1,2.083,0.0
Decision_1,X1,2.154,0.0
Decision_1,X1,2.226,0.0
Decision_1,X1,2.298,0.0
Decision_1,X1,2.37,0.0
Decision_1,X1,2.442,0.0
Decision_1,X1,2.513,0.0
Decision_1,X1,2.585,0.0
Decision_1,X1,2.657,0.0
Decision_1,X1,2.729,0.0
Decision_1,X1,2.801,0.0
Decision_1,X1,2.873,0.0
Decision_1,X1,2.944,0.0
Decision_1,X1,3.016,0.0
Decision_1,X1,3.088,0.0
Decision_1,X1,3.16,0.0
Decision_1,X1,3.232,0.0
Decision_1,X1,3.303,0.0
Decision_1,X1,3.375,0.0
Decision_1,X1,3.447,0.0
Decision_1,X1,3.519,0.0
Decision_1,X1,3.591,0.0
Decision_1,X1,3.662,0.0
Decision_1,X1,3.734,0.0
Decision_1,X1,3.806,0.0
Decision_1,X1,3.878,0.0
Decision_1,X1,3.95,0.0
Decision_1,X1,4.022,0.0
Decision_1,X1,4.093,0.0
Decision_1,X1,4.165,0.0
Decision_1,X1,4.237,0.0
Decision_1,X1,4.309,0.0
Decision_1,X1,4.381,0.0
Decision_1,X1,4.452,0.0
Decision_1,X1,4.524,0.0
Decision_1,X1,4.596,0.0
Decision_1,X1,4.668,0.0
Decision_1,X1,4.74,0.0
Decision_1,X1,4.811,0.0
Decision_1,X1,4.883,0.0
Decision_1,X1,4.955,0.0
Decision_1,X1,5.027,0.0
Decision_1,X1,5.099,0.0
Decision_1,X1,5.171,0.0
Decision_1,X1,5.242,0.0
Decision_1,X1,5.314,0.0
Decision_1,X1,5.386,0.0
Decision_1,X1,5.458,0.0
Decision_1,X1,5.53,0.0
Decision_1,X1,5.601,0.0
Decision_1,X1,5.673,0.0
Decision_1,X1,5.745,0.0
Decision_1,X1,5.817,0.0
Decision_1,X1,5.889,0.0
Decision_1,X1,5.961,0.0
Decision_1,X1,6.032,0.0
Decision_1,X1,6.104,0.0
Decision_1,X1,6.176,0.0
Decision_1,X1,6.248,0.0
Decision_1,X1,6.32,0.0
Decision_1,X1,6.391,0.0
Decision_1,X1,6.463,0.0
Decision_1,X1,6.535,0.0
Decision_1,X1,6.607,0.0
Decision_1,X1,6.679,0.0
Decision_1,X1,6.75,0.0
Decision_1,X1,6.822,0.0
Decision_1,X1,6.894,0.0
Decision_1,X1,6.966,0.0
Decision_1,X1,7.038,0.0
Decision_1,X1,7.11,0.0
Decision_1,X1,7.181,0.0
Decision_1,X1,7.253,0.0
Decision_1,X1,7.325,0.0
Decision_1,X1,7.397,0.0
Decision_1,X1,7.469,0.0
Decision_1,X1,7.54,0.0
Decision_1,X1,7.612,0.0
Decision_1,X1,7.684,0.0
Decision_1,X1,7.756,0.0
Decision_1,X1,7.828,0.0
Decision_1,X1,7.899,0.0
Decision_1,X1,7.971,0.0
Decision_1,X1,8.043,0.0
Decision_1,X1,8.115,0.0
Decision_1,X1,8.187,0.0
Decision_1,X1,8.259,0.0
Decision_1,X1,8.33,0.0
Decision_1,X1,8.402,0.0
Decision_1,X1,8.474,0.0
Decision_1,X1,8.546,0.0
Decision_1,X1,8.618,0.0
Decision_1,X1,8.689,0.0
Decision_1,X1,8.761,0.0
Decision_1,X1,8.833,0.0
Decision_1,X1,8.905,0.0
Decision_1,X1,8.977,0.0
Decision_1,X1,9.048,0.0
Decision_1,X1,9.12,0.0
Decision_1,X1,9.192,0.0
Decision_1,X1,9.264,0.0
Decision_1,X1,9.336,0.0
Decision_1,X1,9.408,0.0
Decision_1,X1,9.479,0.0
Decision_1,X1,9.551,0.0
Decision_1,X1,9.623,0.0
Decision_1,X1,9.695,0.0
Decision_1,X1,9.767,0.0
Decision_1,X1,9.838,0.0
Decision_1,X1,9.91,0.0
Decision_1,X1,9.982,0.0
Decision_1,X1,10.054,0.0
Decision_1,X1,10.126,0.0
Decision_1,X1,10.197,0.0
Decision_1,X1,10.269,0.0
Decision_1,X1,10.341,0.0
Decision_1,X1,10.413,0.0
Decision_1,X1,10.485,0.0
Decision_1,X1,10.557,0.0
Decision_1,X1,10.628,0.0
Decision_1,X1,10.7,0.0
Decision_1,X1,10.772,0.0
Decision_1,X1,10.844,0.0
Decision_1,X1,10.916,0.0
Decision_1,X1,10.987,0.0
Decision_1,X1,11.059,0.0
Decision_1,X1,11.131,0.0
Decision_1,X1,11.203,0.0
Decision_1,X1,11.275,0.0
Decision_1,X1,11.346,0.0
Decision_1,X1,11.418,0.0
Decision_1,X1,11.49,0.0
Decision_1,X1,11.562,0.0
Decision_1,X1,11.634,0.0
Decision_1,X1,11.706,0.0
Decision_1,X1,11.777,0.0
Decision_1,X1,11.849,0.0
Decision_1,X1,11.921,0.0
Decision_1,X1,11.993,0.0
Decision_1,X1,12.065,0.0
Decision_1,X1,12.136,0.0
Decision_1,X1,12.208,0.0
Decision_1,X1,12.28,0.0
Decision_1,X1,12.352,0.0
Decision_1,X1,12.424,0.0
Decision_1,X1,12.496,0.0
Decision_1,X1,12.567,0.0
Decision_1,X1,12.639,0.0
Decision_1,X1,12.711,0.0
Decision_1,X1,12.783,0.0
Decision_1,X1,12.855,0.0
Decision_1,X1,12.926,0.0
Decision_1,X1,12.998,0.0
Decision_1,X1,13.07,0.0
Decision_1,X1,13.142,0.0
Decision_1,X1,13.214,0.0
Decision_1,X1,13.285,0.0
Decision_1,X1,13.357,0.0
Decision_1,X1,13.429,0.0
Decision_1,X1,13.501,0.0
Decision_1,X1,13.573,0.0
Decision_1,X1,13.645,0.0
Decision_1,X1,13.716,0.0
Decision_1,X1,13.788,0.0
Decision_1,X1,13.86,0.0
Decision_1,X1,13.932,0.0
Decision_1,X1,14.004,0.0
Decision_1,X1,14.075,0.0
Decision_1,X1,14.147,0.0
Decision_1,X1,14.219,0.0
Decision_1,X1,14.291,0.0
Decision_1,X1,14.363,0.0
Decision_1,X1,14.434,0.0
Decision_1,X1,14.506,0.0
Decision_1,X1,14.578,0.0
Decision_1,X1,14.65,0.0
Decision_1,X1,14.722,0.0
Decision_1,X1,14.794,0.0
Decision_1,X1,14.865,0.0
Decision_1,X1,14.937,0.0
Decision_1,X1,15.009,0.0
Decision_1,X1,15.081,0.0
Decision_1,X1,15.153,0.0
Decision_1,X1,15.224,0.0
Decision_1,X1,15.296,0.0
Decision_1,X1,15.368,0.0
Decision_1,X1,15.44,0.0
Decision_1,X1,15.512,0.0
Decision_1,X1,15.583,0.0
Decision_1,X1,15.655,0.0
Decision_1,X1,15.727,0.0
Decision_1,X1,15.799,0.0
Decision_1,X1,15.871,0.0
Decision_1,X1,15.943,0.0
Decision_1,X1,16.014,0.0
Decision_1,X1,16.086,0.0
Decision_1,X1,16.158,0.0
Decision_1,X1,16.23,0.0
Decision_1,X1,16.302,0.0
Decision_1,X1,16.373,0.0
Decision_1,X1,16.445,0.0
Decision_1,X1,16.517,0.0
Decision_1,X1,16.589,0.0
Decision_1,X1,16.661,0.0
Decision_1,X1,16.732,0.0
Decision_1,X1,16.804,0.0
Decision_1,X1,16.876,0.0
Decision_1,X1,16.948,0.0
Decision_1,X1,17.02,0.0
Decision_1,X1,17.092,0.0
Decision_1,X1,17.163,0.0
Decision_1,X1,17.235,0.0
Decision_1,X1,17.307,0.0
Decision_1,X1,17.379,0.0
Decision_1,X1,17.451,0.0
Decision_1,X1,17.522,0.0
Decision_1,X1,17.594,0.0
Decision_1,X1,17.666,0.0
Decision_1,X1,17.738,0.0
Decision_1,X1,17.81,0.0
Decision_1,X1,17.882,0.0
Decision_1,X1,17.953,0.0
Decision_1,X1,18.025,0.0
Decision_1,X1,18.097,0.0
Decision_1,X1,18.169,0.0
Decision_1,X1,18.241,0.0
Decision_1,X1,18.312,0.0
Decision_1,X1,18.384,0.0
Decision_1,X1,18.456,0.0
Decision_1,X1,18.528,0.0
Decision_1,X1,18.6,0.0
Decision_1,X1,18.671,0.0
Decision_1,X1,18.743,0.0
Decision_1,X1,18.815,0.0
Decision_1,X1,18.887,0.0
Decision_1,X1,18.959,0.0
Decision_1,X1,19.031,0.0
Decision_1,X1,19.102,0.0
Decision_1,X1,19.174,0.0
Decision_1,X1,19.246,0.0
Decision_1,X1,19.318,0.0
Decision_1,X1,19.39,0.0
Decision_1,X1,19.461,0.0
Decision_1,X1,19.533,0.0
Decision_1,X1,19.605,0.0
Decision_1,X1,19.677,0.0
Decision_1,X1,19.749,0.0
Decision_1,X1,19.82,0.0
Decision_1,X1,19.892,0.0
Decision_1,X1,19.964,0.0
Decision_1,X1,20.036,0.0
Decision_1,X1,20.108,0.0
Decision_1,X1,20.18,0.0
Decision_1,X1,20.251,0.0
Decision_1,X1,20.323,0.0
Decision_1,X1,20.395,0.0
Decision_1,X1,20.467,0.0
Decision_1,X1,20.539,0.0
Decision_1,X1,20.61,0.0
Decision_1,X1,20.682,0.0
Decision_1,X1,20.754,0.0
Decision_1,X1,20.826,0.0
Decision_1,X1,20.898,0.0
Decision_1,X1,20.969,0.0
Decision_1,X1,21.041,0.0
Decision_1,X1,21.113,0.0
Decision_1,X1,21.185,0.0
Decision_1,X1,21.257,0.0
Decision_1,X1,21.329,0.0
Decision_1,X1,21.4,0.0
Decision_1,X1,21.472,0.0
Decision_1,X1,21.544,0.0
Decision_1,X1,21.616,0.0
Decision_1,X1,21.688,0.0
Decision_1,X1,21.759,0.0
Decision_1,X1,21.831,0.0
Decision_1,X1,21.903,0.0
Decision_1,X1,21.975,0.0
Decision_1,X1,22.047,0.0
Decision_1,X1,22.118,0.0
Decision_1,X1,22.19,0.0
Decision_1,X1,22.262,0.0
Decision_1,X1,22.334,0.0
Decision_1,X1,22.406,0.0
Decision_1,X1,22.478,0.0
Decision_1,X1,22.549,0.0
Decision_1,X1,22.621,0.0
Decision_1,X1,22.693,0.0
Decision_1,X1,22.765,0.0
Decision_1,X1,22.837,0.0
Decision_1,X1,22.908,0.0
Decision_1,X1,22.98,0.0
Decision_1,X1,23.052,0.0
Decision_1,X1,23.124,0.0
Decision_1,X1,23.196,0.0
Decision_1,X1,23.268,0.0
Decision_1,X1,23.339,0.0
Decision_1,X1,23.411,0.0
Decision_1,X1,23.483,0.0
Decision_1,X1,23.555,0.0
Decision_1,X1,23.627,0.0
Decision_1,X1,23.698,0.0
Decision_1,X1,23.77,0.0
Decision_1,X1,23.842,0.0
Decision_1,X1,23.914,0.0
Decision_1,X1,23.986,0.0
Decision_1,X1,24.057,0.0
Decision_1,X1,24.129,0.0
Decision_1,X1,24.201,0.0
Decision_1,X1,24.273,0.0
Decision_1,X1,24.345,0.0
Decision_1,X1,24.417,0.0
Decision_1,X1,24.488,0.0
Decision_1,X1,24.56,0.0
Decision_1,X1,24.632,0.0
Decision_1,X1,24.704,0.0
Decision_1,X1,24.776,0.0
Decision_1,X1,24.847,0.0
Decision_1,X1,24.919,0.0
Decision_1,X1,24.991,0.0
Decision_1,X1,25.063,0.0
Decision_1,X1,25.135,0.0
Decision_1,X1,25.206,0.0
Decision_1,X1,25.278,0.0
Decision_1,X1,25.35,0.0
Decision_1,X1,25.422,0.0
Decision_1,X1,25.494,0.0
Decision_1,X1,25.566,0.0
Decision_1,X1,25.637,0.0
Decision_1,X1,25.709,0.0
Decision_1,X1,25.781,0.0
Decision_1,X1,25.853,0.0
Decision_1,X1,25.925,0.0
Decision_1,X1,25.996,0.0
Decision_1,X1,26.068,0.0
Decision_1,X1,26.14,0.0
Decision_1,X1,26.212,0.0
Decision_1,X1,26.284,0.0
Decision_1,X1,26.355,0.0
Decision_1,X1,26.427,0.0
Decision_1,X1,26.499,0.0
Decision_1,X1,26.571,0.0
Decision_1,X1,26.643,0.0
Decision_1,X1,26.715,0.0
Decision_1,X1,26.786,0.0
Decision_1,X1,26.858,0.0
Decision_1,X1,26.93,0.0
Decision_1,X1,27.002,0.0
Decision_1,X1,27.074,0.0
Decision_1,X1,27.145,0.0
Decision_1,X1,27.217,0.0
Decision_1,X1,27.289,0.0
Decision_1,X1,27.361,0.0
Decision_1,X1,27.433,0.0
Decision_1,X1,27.504,0.0
Decision_1,X1,27.576,0.0
Decision_1,X1,27.648,0.0
Decision_1,X1,27.72,0.0
Decision_1,X1,27.792,0.0
Decision_1,X1,27.864,0.0
Decision_1,X1,27.935,0.0
Decision_1,X1,28.007,0.0
Decision_1,X1,28.079,0.0
Decision_1,X1,28.151,0.0
Decision_1,X1,28.223,0.0
Decision_1,X1,28.294,0.0
Decision_1,X1,28.366,0.0
Decision_1,X1,28.438,0.0
Decision_1,X1,28.51,0.0
Decision_1,X1,28.582,0.0
Decision_1,X1,28.654,0.0
Decision_1,X1,28.725,0.0
Decision_1,X1,28.797,0.0
Decision_1,X1,28.869,0.0
Decision_1,X1,28.941,0.0
Decision_1,X1,29.013,0.0
Decision_1,X1,29.084,0.0
Decision_1,X1,29.156,0.0
Decision_1,X1,29.228,0.0
Decision_1,X1,29.3,0.0
Decision_1,X1,29.372,0.0
Decision_1,X1,29.443,0.0
Decision_1,X1,29.515,0.0
Decision_1,X1,29.587,0.0
Decision_1,X1,29.659,0.0
Decision_1,X1,29.731,0.0
Decision_1,X1,29.803,0.0
Decision_1,X1,29.874,0.0
Decision_1,X1,29.946,0.0
Decision_1,X1,30.018,0.0
Decision_1,X1,30.09,0.0
Decision_1,X1,30.162,0.0
Decision_1,X1,30.233,0.0
Decision_1,X1,30.305,0.0
Decision_1,X1,30.377,0.0
Decision_1,X1,30.449,0.0
Decision_1,X1,30.521,0.0
Decision_1,X1,30.592,0.0
Decision_1,X1,30.664,0.0
Decision_1,X1,30.736,0.0
Decision_1,X1,30.808,0.0
Decision_1,X1,30.88,0.0
Decision_1,X1,30.952,0.0
Decision_1,X1,31.023,0.0
Decision_1,X1,31.095,0.0
Decision_1,X1,31.167,0.0
Decision_1,X1,31.239,0.0
Decision_1,X1,31.311,0.0
Decision_1,X1,31.382,0.0
Decision_1,X1,31.454,0.0
Decision_1,X1,31.526,0.0
Decision_1,X1,31.598,0.0
Decision_1,X1,31.67,0.0
Decision_1,X1,31.741,0.0
Decision_1,X1,31.813,0.0
Decision_1,X1,31.885,0.0
Decision_1,X1,31.957,0.0
Decision_1,X1,32.029,0.0
Decision_1,X1,32.101,0.0
Decision_1,X1,32.172,0.0
Decision_1,X1,32.244,0.0
Decision_1,X1,32.316,0.0
Decision_1,X1,32.388,0.0
Decision_1,X1,32.46,0.0
Decision_1,X1,32.531,0.0
Decision_1,X1,32.603,0.0
Decision_1,X1,32.675,0.0
Decision_1,X1,32.747,0.0
Decision_1,X1,32.819,0.0
Decision_1,X1,32.89,0.0
Decision_1,X1,32.962,0.0
Decision_1,X1,33.034,0.0
Decision_1,X1,33.106,0.0
Decision_1,X1,33.178,0.0
Decision_1,X1,33.25,0.0
Decision_1,X1,33.321,0.0
Decision_1,X1,33.393,0.0
Decision_1,X1,33.465,0.0
Decision_1,X1,33.537,0.0
Decision_1,X1,33.609,0.0
Decision_1,X1,33.68,0.0
Decision_1,X1,33.752,0.0
Decision_1,X1,33.824,0.0
Decision_1,X1,33.896,0.0
Decision_1,X1,33.968,0.0
Decision_1,X1,34.039,0.0
Decision_1,X1,34.111,0.0
Decision_1,X1,34.183,0.0
Decision_1,X1,34.255,0.0
Decision_1,X1,34.327,0.0
Decision_1,X1,34.399,0.0
Decision_1,X1,34.47,0.0
Decision_1,X1,34.542,0.0
Decision_1,X1,34.614,0.0
Decision_1,X1,34.686,0.0
Decision_1,X1,34.758,0.0
Decision_1,X1,34.829,0.0
Decision_1,X1,34.901,0.0
Decision_1,X1,34.973,0.0
Decision_1,X1,35.045,0.0
Decision_1,X1,35.117,0.0
Decision_1,X1,35.189,0.0
Decision_1,X1,35.26,0.0
Decision_1,X1,35.332,0.0
Decision_1,X1,35.404,0.0
Decision_1,X1,35.476,0.0
Decision_1,X1,35.548,0.0
Decision_1,X1,35.619,0.0
Decision_1,X1,35.691,0.0
Decision_1,X1,35.763,0.0
Decision_1,X1,35.835,0.0
Decision_1,X1,35.907,0.0
Decision_1,X1,35.978,0.0
Decision_1,X1,36.05,0.0
Decision_1,X1,36.122,0.0
Decision_1,X1,36.194,0.0
Decision_1,X1,36.266,0.0
Decision_1,X1,36.338,0.0
Decision_1,X1,36.409,0.0
Decision_1,X1,36.481,0.0
Decision_1,X1,36.553,0.0
Decision_1,X1,36.625,0.0
Decision_1,X1,36.697,0.0
Decision_1,X1,36.768,0.0
Decision_1,X1,36.84,0.0
Decision_1,X1,36.912,0.0
Decision_1,X1,36.984,0.0
Decision_1,X1,37.056,0.0
Decision_1,X1,37.127,0.0
Decision_1,X1,37.199,0.0
Decision_1,X1,37.271,0.0
Decision_1,X1,37.343,0.0
Decision_1,X1,37.415,0.0
Decision_1,X1,37.487,0.0
Decision_1,X1,37.558,0.0
Decision_1,X1,37.63,0.0
Decision_1,X1,37.702,0.0
Decision_1,X1,37.774,0.0
Decision_1,X1,37.846,0.0039
Decision_1,X1,37.917,0.0118
Decision_1,X1,37.989,0.0
Decision_1,X1,38.061,0.0
Decision_1,X1,38.133,0.0
Decision_1,X1,38.205,0.0039
Decision_1,X1,38.276,0.0039
Decision_1,X1,38.348,0.0078
Decision_1,X1,38.42,0.0039
Decision_1,X1,38.492,0.0118
Decision_1,X1,38.564,0.0118
Decision_1,X1,38.636,0.0039
Decision_1,X1,38.707,0.0078
Decision_1,X1,38.779,0.0078
Decision_1,X1,38.851,0.0118
Decision_1,X1,38.923,0.0118
Decision_1,X1,38.995,0.0118
Decision_1,X1,39.066,0.0118
Decision_1,X1,39.138,0.0275
Decision_1,X1,39.21,0.0039
Decision_1,X1,39.282,0.0039
Decision_1,X1,39.354,0.0235
Decision_1,X1,39.425,0.0039
Decision_1,X1,39.497,0.0314
Decision_1,X1,39.569,0.0314
Decision_1,X1,39.641,0.0
Decision_1,X1,39.713,0.0196
Decision_1,X1,39.785,0.0196
Decision_1,X1,39.856,0.0078
Decision_1,X1,39.928,0.0353
Decision_1,X1,40.0,0.0
Decision_1,X1,40.072,0.0
Decision_1,X1,40.144,0.0196
Decision_1,X1,40.215,0.0078
Decision_1,X1,40.287,0.0275
Decision_1,X1,40.359,0.0275
Decision_1,X1,40.431,0.0039
Decision_1,X1,40.503,0.0235
Decision_1,X1,40.575,0.0235
Decision_1,X1,40.646,0.0039
Decision_1,X1,40.718,0.0314
Decision_1,X1,40.79,0.0
Decision_1,X1,40.862,0.0
Decision_1,X1,40.934,0.0196
Decision_1,X1,41.005,0.0078
Decision_1,X1,41.077,0.0078
Decision_1,X1,41.149,0.0314
Decision_1,X1,41.221,0.0
Decision_1,X1,41.293,0.0235
Decision_1,X1,41.364,0.0235
Decision_1,X1,41.436,0.0039
Decision_1,X1,41.508,0.0392
Decision_1,X1,41.58,0.0392
Decision_1,X1,41.652,0.0
Decision_1,X1,41.724,0.0275
Decision_1,X1,41.795,0.0157
Decision_1,X1,41.867,0.0157
Decision_1,X1,41.939,0.0863
Decision_1,X1,42.011,0.0
Decision_1,X1,42.083,0.0235
Decision_1,X1,42.154,0.0235
Decision_1,X1,42.226,0.102
Decision_1,X1,42.298,0.0
Decision_1,X1,42.37,0.0
Decision_1,X1,42.442,0.0275
Decision_1,X1,42.513,0.2706
Decision_1,X1,42.585,0.0
Decision_1,X1,42.657,0.0
Decision_1,X1,42.729,0.0235
Decision_1,X1,42.801,0.2863
Decision_1,X1,42.873,0.2863
Decision_1,X1,42.944,0.0
Decision_1,X1,43.016,0.0235
Decision_1,X1,43.088,0.2824
Decision_1,X1,43.16,0.2824
Decision_1,X1,43.232,0.0
Decision_1,X1,43.303,0.0235
Decision_1,X1,43.375,0.0235
Decision_1,X1,43.447,0.2824
Decision_1,X1,43.519,0.0
Decision_1,X1,43.591,0.0235
Decision_1,X1,43.662,0.0235
Decision_1,X1,43.734,0.2863
Decision_1,X1,43.806,0.0
Decision_1,X1,43.878,0.0235
Decision_1,X1,43.95,0.0235
Decision_1,X1,44.022,0.2902
Decision_1,X1,44.093,0.0
Decision_1,X1,44.165,0.0
Decision_1,X1,44.237,0.0235
Decision_1,X1,44.309,0.2824
Decision_1,X1,44.381,0.0
Decision_1,X1,44.452,0.0
Decision_1,X1,44.524,0.0235
Decision_1,X1,44.596,0.2784
Decision_1,X1,44.668,0.2784
Decision_1,X1,44.74,0.0
Decision_1,X1,44.811,0.0235
Decision_1,X1,44.883,0.2157
Decision_1,X1,44.955,0.2157
Decision_1,X1,45.027,0.0
Decision_1,X1,45.099,0.0235
Decision_1,X1,45.171,0.0235
Decision_1,X1,45.242,0.1804
Decision_1,X1,45.314,0.0
Decision_1,X1,45.386,0.0275
Decision_1,X1,45.458,0.0275
Decision_1,X1,45.53,0.1412
Decision_1,X1,45.601,0.0078
Decision_1,X1,45.673,0.0353
Decision_1,X1,45.745,0.0353
Decision_1,X1,45.817,0.1882
Decision_1,X1,45.889,0.0039
Decision_1,X1,45.961,0.0039
Decision_1,X1,46.032,0.0314
Decision_1,X1,46.104,0.1098
Decision_1,X1,46.176,0.0353
Decision_1,X1,46.248,0.0353
Decision_1,X1,46.32,0.1412
Decision_1,X1,46.391,0.0118
Decision_1,X1,46.463,0.0118
Decision_1,X1,46.535,0.0431
Decision_1,X1,46.607,0.3255
Decision_1,X1,46.679,0.0
Decision_1,X1,46.75,0.0
Decision_1,X1,46.822,0.0235
Decision_1,X1,46.894,0.0824
Decision_1,X1,46.966,0.0824
Decision_1,X1,47.038,0.1529
Decision_1,X1,47.11,0.0078
Decision_1,X1,47.181,0.0353
Decision_1,X1,47.253,0.0353
Decision_1,X1,47.325,0.1608
Decision_1,X1,47.397,0.0078
Decision_1,X1,47.469,0.0078
Decision_1,X1,47.54,0.0353
Decision_1,X1,47.612,0.1529
Decision_1,X1,47.684,0.0078
Decision_1,X1,47.756,0.0078
Decision_1,X1,47.828,0.0353
Decision_1,X1,47.899,0.1804
Decision_1,X1,47.971,0.0039
Decision_1,X1,48.043,0.0039
Decision_1,X1,48.115,0.0314
Decision_1,X1,48.187,0.0941
Decision_1,X1,48.259,0.0941
Decision_1,X1,48.33,0.2706
Decision_1,X1,48.402,0.0039
Decision_1,X1,48.474,0.0275
Decision_1,X1,48.546,0.0275
Decision_1,X1,48.618,0.0588
Decision_1,X1,48.689,0.349
Decision_1,X1,48.761,0.349
Decision_1,X1,48.833,0.0
Decision_1,X1,48.905,0.0275
Decision_1,X1,48.977,0.051
Decision_1,X1,49.048,0.051
Decision_1,X1,49.12,0.1137
Decision_1,X1,49.192,1.0
Decision_1,X1,49.264,1.0
Decision_1,X1,49.336,0.0
Decision_1,X1,49.408,0.0235
Decision_1,X1,49.479,0.0431
Decision_1,X1,49.551,0.0431
Decision_1,X1,49.623,0.0784
Decision_1,X1,49.695,0.4157
Decision_1,X1,49.767,0.0
Decision_1,X1,49.838,0.0
Decision_1,X1,49.91,0.0275
Decision_1,X1,49.982,0.0471
Decision_1,X1,50.054,0.0471
Decision_1,X1,50.126,0.0824
Decision_1,X1,50.197,0.5765
Decision_1,X1,50.269,0.0
Decision_1,X1,50.341,0.0
Decision_1,X1,50.413,0.0235
Decision_1,X1,50.485,0.0431
Decision_1,X1,50.557,0.0431
Decision_1,X1,50.628,0.0784
Decision_1,X1,50.7,0.4235
Decision_1,X1,50.772,0.0
Decision_1,X1,50.844,0.0
Decision_1,X1,50.916,0.0275
Decision_1,X1,50.987,0.0471
Decision_1,X1,51.059,0.0471
Decision_1,X1,51.131,0.0824
Decision_1,X1,51.203,0.5804
Decision_1,X1,51.275,0.0
Decision_1,X1,51.346,0.0
Decision_1,X1,51.418,0.0235
Decision_1,X1,51.49,0.0471
Decision_1,X1,51.562,0.0745
Decision_1,X1,51.634,0.0745
Decision_1,X1,51.706,0.2549
Decision_1,X1,51.777,0.0157
Decision_1,X1,51.849,0.0157
Decision_1,X1,51.921,0.0353
Decision_1,X1,51.993,0.051
Decision_1,X1,52.065,0.0706
Decision_1,X1,52.136,0.0706
Decision_1,X1,52.208,0.1137
Decision_1,X1,52.28,0.7804
Decision_1,X1,52.352,0.7961
Decision_1,X1,52.424,1.0
Decision_1,X2,0.0,1.0
Decision_1,X2,0.072,0.0549
Decision_1,X2,0.144,0.0
Decision_1,X2,0.215,0.0
Decision_1,X2,0.287,0.0
Decision_1,X2,0.359,0.0
Decision_1,X2,0.431,0.0
Decision_1,X2,0.503,0.0
Decision_1,X2,0.575,0.0
Decision_1,X2,0.646,0.0
Decision_1,X2,0.718,0.0
Decision_1,X2,0.79,0.0
Decision_1,X2,0.862,0.0
Decision_1,X2,0.934,0.0
Decision_1,X2,1.005,0.0
Decision_1,X2,1.077,0.0
Decision_1,X2,1.149,0.0
Decision_1,X2,1.221,0.0
Decision_1,X2,1.293,0.0
Decision_1,X2,1.364,0.0
Decision_1,X2,1.436,0.0
Decision_1,X2,1.508,0.0
Decision_1,X2,1.58,0.0
Decision_1,X2,1.652,0.0
Decision_1,X2,1.724,0.0
Decision_1,X2,1.795,0.0
Decision_1,X2,1.867,0.0
Decision_1,X2,1.939,0.0
Decision_1,X2,2.011,0.0
Decision_1,X2,2.083,0.0
Decision_1,X2,2.154,0.0
Decision_1,X2,2.226,0.0
Decision_1,X2,2.298,0.0
Decision_1,X2,2.37,0.0
Decision_1,X2,2.442,0.0
Decision_1,X2,2.513,0.0
Decision_1,X2,2.585,0.0
Decision_1,X2,2.657,0.0
Decision_1,X2,2.729,0.0
Decision_1,X2,2.801,0.0
Decision_1,X2,2.873,0.0
Decision_1,X2,2.944,0.0
Decision_1,X2,3.016,0.0
Decision_1,X2,3.088,0.0
Decision_1,X2,3.16,0.0
Decision_1,X2,3.232,0.0
Decision_1,X2,3.303,0.0
Decision_1,X2,3.375,0.0
Decision_1,X2,3.447,0.0
Decision_1,X2,3.519,0.0
Decision_1,X2,3.591,0.0
Decision_1,X2,3.662,0.0
Decision_1,X2,3.734,0.0
Decision_1,X2,3.806,0.0
Decision_1,X2,3.878,0.0
Decision_1,X2,3.95,0.0
Decision_1,X2,4.022,0.0
Decision_1,X2,4.093,0.0
Decision_1,X2,4.165,0.0
Decision_1,X2,4.237,0.0
Decision_1,X2,4.309,0.0
Decision_1,X2,4.381,0.0
Decision_1,X2,4.452,0.0
Decision_1,X2,4.524,0.0
Decision_1,X2,4.596,0.0
Decision_1,X2,4.668,0.0
Decision_1,X2,4.74,0.0
Decision_1,X2,4.811,0.0
Decision_1,X2,4.883,0.0
Decision_1,X2,4.955,0.0
Decision_1,X2,5.027,0.0
Decision_1,X2,5.099,0.0
Decision_1,X2,5.171,0.0
Decision_1,X2,5.242,0.0
Decision_1,X2,5.314,0.0
Decision_1,X2,5.386,0.0
Decision_1,X2,5.458,0.0
Decision_1,X2,5.53,0.0
Decision_1,X2,5.601,0.0
Decision_1,X2,5.673,0.0
Decision_1,X2,5.745,0.0
Decision_1,X2,5.817,0.0
Decision_1,X2,5.889,0.0
Decision_1,X2,5.961,0.0
Decision_1,X2,6.032,0.0
Decision_1,X2,6.104,0.0
Decision_1,X2,6.176,0.0
Decision_1,X2,6.248,0.0
Decision_1,X2,6.32,0.0
Decision_1,X2,6.391,0.0
Decision_1,X2,6.463,0.0
Decision_1,X2,6.535,0.0
Decision_1,X2,6.607,0.0
Decision_1,X2,6.679,0.0
Decision_1,X2,6.75,0.0
Decision_1,X2,6.822,0.0
Decision_1,X2,6.894,0.0
Decision_1,X2,6.966,0.0
Decision_1,X2,7.038,0.0
Decision_1,X2,7.11,0.0
Decision_1,X2,7.181,0.0
Decision_1,X2,7.253,0.0
Decision_1,X2,7.325,0.0
Decision_1,X2,7.397,0.0
Decision_1,X2,7.469,0.0
Decision_1,X2,7.54,0.0
Decision_1,X2,7.612,0.0
Decision_1,X2,7.684,0.0
Decision_1,X2,7.756,0.0
Decision_1,X2,7.828,0.0
Decision_1,X2,7.899,0.0
Decision_1,X2,7.971,0.0
Decision_1,X2,8.043,0.0
Decision_1,X2,8.115,0.0
Decision_1,X2,8.187,0.0
Decision_1,X2,8.259,0.0
Decision_1,X2,8.33,0.0
Decision_1,X2,8.402,0.0
Decision_1,X2,8.474,0.0
Decision_1,X2,8.546,0.0
Decision_1,X2,8.618,0.0
Decision_1,X2,8.689,0.0
Decision_1,X2,8.761,0.0
Decision_1,X2,8.833,0.0
Decision_1,X2,8.905,0.0
Decision_1,X2,8.977,0.0
Decision_1,X2,9.048,0.0
Decision_1,X2,9.12,0.0
Decision_1,X2,9.192,0.0
Decision_1,X2,9.264,0.0
Decision_1,X2,9.336,0.0
Decision_1,X2,9.408,0.0
Decision_1,X2,9.479,0.0
Decision_1,X2,9.551,0.0
Decision_1,X2,9.623,0.0
Decision_1,X2,9.695,0.0
Decision_1,X2,9.767,0.0
Decision_1,X2,9.838,0.0
Decision_1,X2,9.91,0.0
Decision_1,X2,9.982,0.0
Decision_1,X2,10.054,0.0
Decision_1,X2,10.126,0.0
Decision_1,X2,10.197,0.0
Decision_1,X2,10.269,0.0
Decision_1,X2,10.341,0.0
Decision_1,X2,10.413,0.0
Decision_1,X2,10.485,0.0
Decision_1,X2,10.557,0.0
Decision_1,X2,10.628,0.0
Decision_1,X2,10.7,0.0
Decision_1,X2,10.772,0.0
Decision_1,X2,10.844,0.0
Decision_1,X2,10.916,0.0
Decision_1,X2,10.987,0.0
Decision_1,X2,11.059,0.0
Decision_1,X2,11.131,0.0
Decision_1,X2,11.203,0.0
Decision_1,X2,11.275,0.0
Decision_1,X2,11.346,0.0
Decision_1,X2,11.418,0.0
Decision_1,X2,11.49,0.0
Decision_1,X2,11.562,0.0
Decision_1,X2,11.634,0.0
Decision_1,X2,11.706,0.0
Decision_1,X2,11.777,0.0
Decision_1,X2,11.849,0.0
Decision_1,X2,11.921,0.0
Decision_1,X2,11.993,0.0
Decision_1,X2,12.065,0.0
Decision_1,X2,12.136,0.0
Decision_1,X2,12.208,0.0
Decision_1,X2,12.28,0.0
Decision_1,X2,12.352,0.0
Decision_1,X2,12.424,0.0
Decision_1,X2,12.496,0.0
Decision_1,X2,12.567,0.0
Decision_1,X2,12.639,0.0
Decision_1,X2,12.711,0.0
Decision_1,X2,12.783,0.0
Decision_1,X2,12.855,0.0
Decision_1,X2,12.926,0.0
Decision_1,X2,12.998,0.0
Decision_1,X2,13.07,0.0
Decision_1,X2,13.142,0.0
Decision_1,X2,13.214,0.0
Decision_1,X2,13.285,0.0
Decision_1,X2,13.357,0.0
Decision_1,X2,13.429,0.0
Decision_1,X2,13.501,0.0
Decision_1,X2,13.573,0.0
Decision_1,X2,13.645,0.0
Decision_1,X2,13.716,0.0
Decision_1,X2,13.788,0.0
Decision_1,X2,13.86,0.0
Decision_1,X2,13.932,0.0
Decision_1,X2,14.004,0.0
Decision_1,X2,14.075,0.0
Decision_1,X2,14.147,0.0
Decision_1,X2,14.219,0.0
Decision_1,X2,14.291,0.0
Decision_1,X2,14.363,0.0
Decision_1,X2,14.434,0.0
Decision_1,X2,14.506,0.0
Decision_1,X2,14.578,0.0
Decision_1,X2,14.65,0.0
Decision_1,X2,14.722,0.0
Decision_1,X2,14.794,0.0
Decision_1,X2,14.865,0.0
Decision_1,X2,14.937,0.0
Decision_1,X2,15.009,0.0
Decision_1,X2,15.081,0.0
Decision_1,X2,15.153,0.0
Decision_1,X2,15.224,0.0
Decision_1,X2,15.296,0.0
Decision_1,X2,15.368,0.0
Decision_1,X2,15.44,0.0
Decision_1,X2,15.512,0.0
Decision_1,X2,15.583,0.0
Decision_1,X2,15.655,0.0
Decision_1,X2,15.727,0.0
Decision_1,X2,15.799,0.0
Decision_1,X2,15.871,0.0
Decision_1,X2,15.943,0.0
Decision_1,X2,16.014,0.0
Decision_1,X2,16.086,0.0
Decision_1,X2,16.158,0.0
Decision_1,X2,16.23,0.0
Decision_1,X2,16.302,0.0
Decision_1,X2,16.373,0.0
Decision_1,X2,16.445,0.0
Decision_1,X2,16.517,0.0
Decision_1,X2,16.589,0.0
Decision_1,X2,16.661,0.0
Decision_1,X2,16.732,0.0
Decision_1,X2,16.804,0.0
Decision_1,X2,16.876,0.0
Decision_1,X2,16.948,0.0
Decision_1,X2,17.02,0.0
Decision_1,X2,17.092,0.0
Decision_1,X2,17.163,0.0
Decision_1,X2,17.235,0.0
Decision_1,X2,17.307,0.0
Decision_1,X2,17.379,0.0
Decision_1,X2,17.451,0.0
Decision_1,X2,17.522,0.0
Decision_1,X2,17.594,0.0
Decision_1,X2,17.666,0.0
Decision_1,X2,17.738,0.0
Decision_1,X2,17.81,0.0
Decision_1,X2,17.882,0.0
Decision_1,X2,17.953,0.0
Decision_1,X2,18.025,0.0
Decision_1,X2,18.097,0.0
Decision_1,X2,18.169,0.0
Decision_1,X2,18.241,0.0
Decision_1,X2,18.312,0.0
Decision_1,X2,18.384,0.0
Decision_1,X2,18.456,0.0
Decision_1,X2,18.528,0.0
Decision_1,X2,18.6,0.0
Decision_1,X2,18.671,0.0
Decision_1,X2,18.743,0.0
Decision_1,X2,18.815,0.0
Decision_1,X2,18.887,0.0
Decision_1,X2,18.959,0.0
Decision_1,X2,19.031,0.0
Decision_1,X2,19.102,0.0
Decision_1,X2,19.174,0.0
Decision_1,X2,19.246,0.0
Decision_1,X2,19.318,0.0
Decision_1,X2,19.39,0.0
Decision_1,X2,19.461,0.0
Decision_1,X2,19.533,0.0
Decision_1,X2,19.605,0.0
Decision_1,X2,19.677,0.0
Decision_1,X2,19.749,0.0
Decision_1,X2,19.82,0.0
Decision_1,X2,19.892,0.0
Decision_1,X2,19.964,0.0
Decision_1,X2,20.036,0.0
Decision_1,X2,20.108,0.0
Decision_1,X2,20.18,0.0
Decision_1,X2,20.251,0.0
Decision_1,X2,20.323,0.0
Decision_1,X2,20.395,0.0
Decision_1,X2,20.467,0.0
Decision_1,X2,20.539,0.0
Decision_1,X2,20.61,0.0
Decision_1,X2,20.682,0.0
Decision_1,X2,20.754,0.0
Decision_1,X2,20.826,0.0
Decision_1,X2,20.898,0.0
Decision_1,X2,20.969,0.0
Decision_1,X2,21.041,0.0
Decision_1,X2,21.113,0.0
Decision_1,X2,21.185,0.0
Decision_1,X2,21.257,0.0
Decision_1,X2,21.329,0.0
Decision_1,X2,21.4,0.0
Decision_1,X2,21.472,0.0
Decision_1,X2,21.544,0.0
Decision_1,X2,21.616,0.0
Decision_1,X2,21.688,0.0
Decision_1,X2,21.759,0.0
Decision_1,X2,21.831,0.0
Decision_1,X2,21.903,0.0
Decision_1,X2,21.975,0.0
Decision_1,X2,22.047,0.0
Decision_1,X2,22.118,0.0
Decision_1,X2,22.19,0.0
Decision_1,X2,22.262,0.0
Decision_1,X2,22.334,0.0
Decision_1,X2,22.406,0.0
Decision_1,X2,22.478,0.0
Decision_1,X2,22.549,0.0
Decision_1,X2,22.621,0.0
Decision_1,X2,22.693,0.0
Decision_1,X2,22.765,0.0
Decision_1,X2,22.837,0.0
Decision_1,X2,22.908,0.0
Decision_1,X2,22.98,0.0
Decision_1,X2,23.052,0.0
Decision_1,X2,23.124,0.0
Decision_1,X2,23.196,0.0
Decision_1,X2,23.268,0.0
Decision_1,X2,23.339,0.0
Decision_1,X2,23.411,0.0
Decision_1,X2,23.483,0.0
Decision_1,X2,23.555,0.0
Decision_1,X2,23.627,0.0
Decision_1,X2,23.698,0.0
Decision_1,X2,23.77,0.0
Decision_1,X2,23.842,0.0
Decision_1,X2,23.914,0.0
Decision_1,X2,23.986,0.0
Decision_1,X2,24.057,0.0
Decision_1,X2,24.129,0.0
Decision_1,X2,24.201,0.0
Decision_1,X2,24.273,0.0
Decision_1,X2,24.345,0.0
Decision_1,X2,24.417,0.0
Decision_1,X2,24.488,0.0
Decision_1,X2,24.56,0.0
Decision_1,X2,24.632,0.0
Decision_1,X2,24.704,0.0
Decision_1,X2,24.776,0.0
Decision_1,X2,24.847,0.0
Decision_1,X2,24.919,0.0
Decision_1,X2,24.991,0.0
Decision_1,X2,25.063,0.0
Decision_1,X2,25.135,0.0
Decision_1,X2,25.206,0.0
Decision_1,X2,25.278,0.0
Decision_1,X2,25.35,0.0
Decision_1,X2,25.422,0.0
Decision_1,X2,25.494,0.0
Decision_1,X2,25.566,0.0
Decision_1,X2,25.637,0.0
Decision_1,X2,25.709,0.0
Decision_1,X2,25.781,0.0
Decision_1,X2,25.853,0.0
Decision_1,X2,25.925,0.0
Decision_1,X2,25.996,0.0
Decision_1,X2,26.068,0.0
Decision_1,X2,26.14,0.0
Decision_1,X2,26.212,0.0
Decision_1,X2,26.284,0.0
Decision_1,X2,26.355,0.0
Decision_1,X2,26.427,0.0
Decision_1,X2,26.499,0.0
Decision_1,X2,26.571,0.0
Decision_1,X2,26.643,0.0
Decision_1,X2,26.715,0.0
Decision_1,X2,26.786,0.0
Decision_1,X2,26.858,0.0
Decision_1,X2,26.93,0.0
Decision_1,X2,27.002,0.0
Decision_1,X2,27.074,0.0
Decision_1,X2,27.145,0.0
Decision_1,X2,27.217,0.0
Decision_1,X2,27.289,0.0
Decision_1,X2,27.361,0.0
Decision_1,X2,27.433,0.0
Decision_1,X2,27.504,0.0
Decision_1,X2,27.576,0.0
Decision_1,X2,27.648,0.0
Decision_1,X2,27.72,0.0
Decision_1,X2,27.792,0.0
Decision_1,X2,27.864,0.0
Decision_1,X2,27.935,0.0
Decision_1,X2,28.007,0.0
Decision_1,X2,28.079,0.0
Decision_1,X2,28.151,0.0
Decision_1,X2,28.223,0.0
Decision_1,X2,28.294,0.0
Decision_1,X2,28.366,0.0
Decision_1,X2,28.438,0.0
Decision_1,X2,28.51,0.0
Decision_1,X2,28.582,0.0
Decision_1,X2,28.654,0.0
Decision_1,X2,28.725,0.0
Decision_1,X2,28.797,0.0
Decision_1,X2,28.869,0.0
Decision_1,X2,28.941,0.0
Decision_1,X2,29.013,0.0
Decision_1,X2,29.084,0.0
Decision_1,X2,29.156,0.0
Decision_1,X2,29.228,0.0
Decision_1,X2,29.3,0.0
Decision_1,X2,29.372,0.0
Decision_1,X2,29.443,0.0
Decision_1,X2,29.515,0.0
Decision_1,X2,29.587,0.0
Decision_1,X2,29.659,0.0
Decision_1,X2,29.731,0.0
Decision_1,X2,29.803,0.0
Decision_1,X2,29.874,0.0
Decision_1,X2,29.946,0.0
Decision_1,X2,30.018,0.0
Decision_1,X2,30.09,0.0
Decision_1,X2,30.162,0.0
Decision_1,X2,30.233,0.0
Decision_1,X2,30.305,0.0
Decision_1,X2,30.377,0.0
Decision_1,X2,30.449,0.0
Decision_1,X2,30.521,0.0
Decision_1,X2,30.592,0.0
Decision_1,X2,30.664,0.0
Decision_1,X2,30.736,0.0
Decision_1,X2,30.808,0.0
Decision_1,X2,30.88,0.0
Decision_1,X2,30.952,0.0
Decision_1,X2,31.023,0.0
Decision_1,X2,31.095,0.0
Decision_1,X2,31.167,0.0
Decision_1,X2,31.239,0.0
Decision_1,X2,31.311,0.0
Decision_1,X2,31.382,0.0
Decision_1,X2,31.454,0.0
Decision_1,X2,31.526,0.0
Decision_1,X2,31.598,0.0
Decision_1,X2,31.67,0.0
Decision_1,X2,31.741,0.0
Decision_1,X2,31.813,0.0
Decision_1,X2,31.885,0.0
Decision_1,X2,31.957,0.0
Decision_1,X2,32.029,0.0
Decision_1,X2,32.101,0.0
Decision_1,X2,32.172,0.0
Decision_1,X2,32.244,0.0
Decision_1,X2,32.316,0.0
Decision_1,X2,32.388,0.0
Decision_1,X2,32.46,0.0
Decision_1,X2,32.531,0.0
Decision_1,X2,32.603,0.0
Decision_1,X2,32.675,0.0
Decision_1,X2,32.747,0.0
Decision_1,X2,32.819,0.0
Decision_1,X2,32.89,0.0
Decision_1,X2,32.962,0.0
Decision_1,X2,33.034,0.0
Decision_1,X2,33.106,0.0
Decision_1,X2,33.178,0.0
Decision_1,X2,33.25,0.0
Decision_1,X2,33.321,0.0
Decision_1,X2,33.393,0.0
Decision_1,X2,33.465,0.0
Decision_1,X2,33.537,0.0
Decision_1,X2,33.609,0.0
Decision_1,X2,33.68,0.0
Decision_1,X2,33.752,0.0
Decision_1,X2,33.824,0.0
Decision_1,X2,33.896,0.0
Decision_1,X2,33.968,0.0
Decision_1,X2,34.039,0.0
Decision_1,X2,34.111,0.0
Decision_1,X2,34.183,0.0
Decision_1,X2,34.255,0.0
Decision_1,X2,34.327,0.0
Decision_1,X2,34.399,0.0
Decision_1,X2,34.47,0.0
Decision_1,X2,34.542,0.0
Decision_1,X2,34.614,0.0
Decision_1,X2,34.686,0.0
Decision_1,X2,34.758,0.0
Decision_1,X2,34.829,0.0
Decision_1,X2,34.901,0.0
Decision_1,X2,34.973,0.0
Decision_1,X2,35.045,0.0
Decision_1,X2,35.117,0.0
Decision_1,X2,35.189,0.0
Decision_1,X2,35.26,0.0
Decision_1,X2,35.332,0.0
Decision_1,X2,35.404,0.0
Decision_1,X2,35.476,0.0
Decision_1,X2,35.548,0.0
Decision_1,X2,35.619,0.0
Decision_1,X2,35.691,0.0
Decision_1,X2,35.763,0.0
Decision_1,X2,35.835,0.0
Decision_1,X2,35.907,0.0
Decision_1,X2,35.978,0.0
Decision_1,X2,36.05,0.0
Decision_1,X2,36.122,0.0
Decision_1,X2,36.194,0.0
Decision_1,X2,36.266,0.0
Decision_1,X2,36.338,0.0
Decision_1,X2,36.409,0.0
Decision_1,X2,36.481,0.0
Decision_1,X2,36.553,0.0
Decision_1,X2,36.625,0.0
Decision_1,X2,36.697,0.0
Decision_1,X2,36.768,0.0
Decision_1,X2,36.84,0.0
Decision_1,X2,36.912,0.0
Decision_1,X2,36.984,0.0
Decision_1,X2,37.056,0.0
Decision_1,X2,37.127,0.0
Decision_1,X2,37.199,0.0
Decision_1,X2,37.271,0.0
Decision_1,X2,37.343,0.0
Decision_1,X2,37.415,0.0
Decision_1,X2,37.487,0.0
Decision_1,X2,37.558,0.0
Decision_1,X2,37.63,0.0
Decision_1,X2,37.702,0.0
Decision_1,X2,37.774,0.0
Decision_1,X2,37.846,0.0
Decision_1,X2,37.917,0.0
Decision_1,X2,37.989,0.0
Decision_1,X2,38.061,0.0
Decision_1,X2,38.133,0.0
Decision_1,X2,38.205,0.0
Decision_1,X2,38.276,0.0
Decision_1,X2,38.348,0.0
Decision_1,X2,38.42,0.0
Decision_1,X2,38.492,0.0
Decision_1,X2,38.564,0.0
Decision_1,X2,38.636,0.0
Decision_1,X2,38.707,0.0
Decision_1,X2,38.779,0.0
Decision_1,X2,38.851,0.0
Decision_1,X2,38.923,0.0
Decision_1,X2,38.995,0.0
Decision_1,X2,39.066,0.0
Decision_1,X2,39.138,0.0
Decision_1,X2,39.21,0.0
Decision_1,X2,39.282,0.0
Decision_1,X2,39.354,0.0
Decision_1,X2,39.425,0.0
Decision_1,X2,39.497,0.0
Decision_1,X2,39.569,0.0
Decision_1,X2,39.641,0.0
Decision_1,X2,39.713,0.0
Decision_1,X2,39.785,0.0
Decision_1,X2,39.856,0.0
Decision_1,X2,39.928,0.0
Decision_1,X2,40.0,0.0
Decision_1,X2,40.072,0.0
Decision_1,X2,40.144,0.0
Decision_1,X2,40.215,0.0
Decision_1,X2,40.287,0.0
Decision_1,X2,40.359,0.0
Decision_1,X2,40.431,0.0
Decision_1,X2,40.503,0.0
Decision_1,X2,40.575,0.0
Decision_1,X2,40.646,0.0
Decision_1,X2,40.718,0.0
Decision_1,X2,40.79,0.0
Decision_1,X2,40.862,0.0
Decision_1,X2,40.934,0.0
Decision_1,X2,41.005,0.0
Decision_1,X2,41.077,0.0
Decision_1,X2,41.149,0.0
Decision_1,X2,41.221,0.0
Decision_1,X2,41.293,0.0
Decision_1,X2,41.364,0.0
Decision_1,X2,41.436,0.0
Decision_1,X2,41.508,0.0
Decision_1,X2,41.58,0.0
Decision_1,X2,41.652,0.0
Decision_1,X2,41.724,0.0
Decision_1,X2,41.795,0.0
Decision_1,X2,41.867,0.0
Decision_1,X2,41.939,0.0
Decision_1,X2,42.011,0.0
Decision_1,X2,42.083,0.0
Decision_1,X2,42.154,0.0
Decision_1,X2,42.226,0.0
Decision_1,X2,42.298,0.0
Decision_1,X2,42.37,0.0
Decision_1,X2,42.442,0.0
Decision_1,X2,42.513,0.0
Decision_1,X2,42.585,0.0
Decision_1,X2,42.657,0.0
Decision_1,X2,42.729,0.0
Decision_1,X2,42.801,0.0
Decision_1,X2,42.873,0.0
Decision_1,X2,42.944,0.0
Decision_1,X2,43.016,0.0
Decision_1,X2,43.088,0.0
Decision_1,X2,43.16,0.0
Decision_1,X2,43.232,0.0
Decision_1,X2,43.303,0.0
Decision_1,X2,43.375,0.0
Decision_1,X2,43.447,0.0
Decision_1,X2,43.519,0.0
Decision_1,X2,43.591,0.0
Decision_1,X2,43.662,0.0
Decision_1,X2,43.734,0.0
Decision_1,X2,43.806,0.0
Decision_1,X2,43.878,0.0
Decision_1,X2,43.95,0.0
Decision_1,X2,44.022,0.0
Decision_1,X2,44.093,0.0
Decision_1,X2,44.165,0.0
Decision_1,X2,44.237,0.0
Decision_1,X2,44.309,0.0
Decision_1,X2,44.381,0.0
Decision_1,X2,44.452,0.0
Decision_1,X2,44.524,0.0
Decision_1,X2,44.596,0.0
Decision_1,X2,44.668,0.0
Decision_1,X2,44.74,0.0
Decision_1,X2,44.811,0.0
Decision_1,X2,44.883,0.0
Decision_1,X2,44.955,0.0
Decision_1,X2,45.027,0.0
Decision_1,X2,45.099,0.0
Decision_1,X2,45.171,0.0
Decision_1,X2,45.242,0.0
Decision_1,X2,45.314,0.0
Decision_1,X2,45.386,0.0
Decision_1,X2,45.458,0.0
Decision_1,X2,45.53,0.0
Decision_1,X2,45.601,0.0
Decision_1,X2,45.673,0.0
Decision_1,X2,45.745,0.0
Decision_1,X2,45.817,0.0
Decision_1,X2,45.889,0.0
Decision_1,X2,45.961,0.0
Decision_1,X2,46.032,0.0
Decision_1,X2,46.104,0.0
Decision_1,X2,46.176,0.0
Decision_1,X2,46.248,0.0
Decision_1,X2,46.32,0.0
Decision_1,X2,46.391,0.0
Decision_1,X2,46.463,0.0
Decision_1,X2,46.535,0.0
Decision_1,X2,46.607,0.0
Decision_1,X2,46.679,0.0
Decision_1,X2,46.75,0.0
Decision_1,X2,46.822,0.0
Decision_1,X2,46.894,0.0
Decision_1,X2,46.966,0.0
Decision_1,X2,47.038,0.0
Decision_1,X2,47.11,0.0
Decision_1,X2,47.181,0.0
Decision_1,X2,47.253,0.0
Decision_1,X2,47.325,0.0
Decision_1,X2,47.397,0.0
Decision_1,X2,47.469,0.0
Decision_1,X2,47.54,0.0
Decision_1,X2,47.612,0.0
Decision_1,X2,47.684,0.0
Decision_1,X2,47.756,0.0
Decision_1,X2,47.828,0.0
Decision_1,X2,47.899,0.0
Decision_1,X2,47.971,0.0
Decision_1,X2,48.043,0.0
Decision_1,X2,48.115,0.0
Decision_1,X2,48.187,0.0
Decision_1,X2,48.259,0.0
Decision_1,X2,48.33,0.0
Decision_1,X2,48.402,0.0
Decision_1,X2,48.474,0.0
Decision_1,X2,48.546,0.0
Decision_1,X2,48.618,0.0
Decision_1,X2,48.689,0.0
Decision_1,X2,48.761,0.0
Decision_1,X2,48.833,0.0
Decision_1,X2,48.905,0.0
Decision_1,X2,48.977,0.0
Decision_1,X2,49.048,0.0
Decision_1,X2,49.12,0.0
Decision_1,X2,49.192,0.0
Decision_1,X2,49.264,0.0
Decision_1,X2,49.336,0.0
Decision_1,X2,49.408,0.0
Decision_1,X2,49.479,0.0
Decision_1,X2,49.551,0.0
Decision_1,X2,49.623,0.0
Decision_1,X2,49.695,0.0
Decision_1,X2,49.767,0.0
Decision_1,X2,49.838,0.0
Decision_1,X2,49.91,0.0
Decision_1,X2,49.982,0.0
Decision_1,X2,50.054,0.0
Decision_1,X2,50.126,0.0
Decision_1,X2,50.197,0.0
Decision_1,X2,50.269,0.0
Decision_1,X2,50.341,0.0
Decision_1,X2,50.413,0.0
Decision_1,X2,50.485,0.0
Decision_1,X2,50.557,0.0
Decision_1,X2,50.628,0.0
Decision_1,X2,50.7,0.0
Decision_1,X2,50.772,0.0
Decision_1,X2,50.844,0.0
Decision_1,X2,50.916,0.0
Decision_1,X2,50.987,0.0
Decision_1,X2,51.059,0.0
Decision_1,X2,51.131,0.0
Decision_1,X2,51.203,0.0
Decision_1,X2,51.275,0.0
Decision_1,X2,51.346,0.0
Decision_1,X2,51.418,0.0
Decision_1,X2,51.49,0.0
Decision_1,X2,51.562,0.0
Decision_1,X2,51.634,0.0
Decision_1,X2,51.706,0.0
Decision_1,X2,51.777,0.0
Decision_1,X2,51.849,0.0
Decision_1,X2,51.921,0.0
Decision_1,X2,51.993,0.0
Decision_1,X2,52.065,0.0
Decision_1,X2,52.136,0.0
Decision_1,X2,52.208,0.0
Decision_1,X2,52.28,0.0
Decision_1,X2,52.352,0.0549
Decision_1,X2,52.424,1.0
Decision_1,X3,0.0,1.0
Decision_1,X3,0.072,0.0549
Decision_1,X3,0.144,0.0
Decision_1,X3,0.215,0.0
Decision_1,X3,0.287,0.0
Decision_1,X3,0.359,0.0
Decision_1,X3,0.431,0.0
Decision_1,X3,0.503,0.0
Decision_1,X3,0.575,0.0
Decision_1,X3,0.646,0.0
Decision_1,X3,0.718,0.0
Decision_1,X3,0.79,0.0
Decision_1,X3,0.862,0.0
Decision_1,X3,0.934,0.0
Decision_1,X3,1.005,0.0
Decision_1,X3,1.077,0.0
Decision_1,X3,1.149,0.0
Decision_1,X3,1.221,0.0
Decision_1,X3,1.293,0.0
Decision_1,X3,1.364,0.0
Decision_1,X3,1.436,0.0
Decision_1,X3,1.508,0.0
Decision_1,X3,1.58,0.0
Decision_1,X3,1.652,0.0
Decision_1,X3,1.724,0.0
Decision_1,X3,1.795,0.0
Decision_1,X3,1.867,0.0
Decision_1,X3,1.939,0.0
Decision_1,X3,2.011,0.0
Decision_1,X3,2.083,0.0
Decision_1,X3,2.154,0.0
Decision_1,X3,2.226,0.0
Decision_1,X3,2.298,0.0
Decision_1,X3,2.37,0.0
Decision_1,X3,2.442,0.0
Decision_1,X3,2.513,0.0
Decision_1,X3,2.585,0.0
Decision_1,X3,2.657,0.0
Decision_1,X3,2.729,0.0
Decision_1,X3,2.801,0.0
Decision_1,X3,2.873,0.0
Decision_1,X3,2.944,0.0
Decision_1,X3,3.016,0.0
Decision_1,X3,3.088,0.0
Decision_1,X3,3.16,0.0
Decision_1,X3,3.232,0.0
Decision_1,X3,3.303,0.0
Decision_1,X3,3.375,0.0
Decision_1,X3,3.447,0.0
Decision_1,X3,3.519,0.0
Decision_1,X3,3.591,0.0
Decision_1,X3,3.662,0.0
Decision_1,X3,3.734,0.0
Decision_1,X3,3.806,0.0
Decision_1,X3,3.878,0.0
Decision_1,X3,3.95,0.0
Decision_1,X3,4.022,0.0
Decision_1,X3,4.093,0.0
Decision_1,X3,4.165,0.0
Decision_1,X3,4.237,0.0
Decision_1,X3,4.309,0.0
Decision_1,X3,4.381,0.0
Decision_1,X3,4.452,0.0
Decision_1,X3,4.524,0.0
Decision_1,X3,4.596,0.0
Decision_1,X3,4.668,0.0
Decision_1,X3,4.74,0.0
Decision_1,X3,4.811,0.0
Decision_1,X3,4.883,0.0
Decision_1,X3,4.955,0.0
Decision_1,X3,5.027,0.0
Decision_1,X3,5.099,0.0
Decision_1,X3,5.171,0.0
Decision_1,X3,5.242,0.0
Decision_1,X3,5.314,0.0
Decision_1,X3,5.386,0.0
Decision_1,X3,5.458,0.0
Decision_1,X3,5.53,0.0
Decision_1,X3,5.601,0.0
Decision_1,X3,5.673,0.0
Decision_1,X3,5.745,0.0
Decision_1,X3,5.817,0.0
Decision_1,X3,5.889,0.0
Decision_1,X3,5.961,0.0
Decision_1,X3,6.032,0.0
Decision_1,X3,6.104,0.0
Decision_1,X3,6.176,0.0
Decision_1,X3,6.248,0.0
Decision_1,X3,6.32,0.0
Decision_1,X3,6.391,0.0
Decision_1,X3,6.463,0.0
Decision_1,X3,6.535,0.0
Decision_1,X3,6.607,0.0
Decision_1,X3,6.679,0.0
Decision_1,X3,6.75,0.0
Decision_1,X3,6.822,0.0
Decision_1,X3,6.894,0.0
Decision_1,X3,6.966,0.0
Decision_1,X3,7.038,0.0
Decision_1,X3,7.11,0.0
Decision_1,X3,7.181,0.0
Decision_1,X3,7.253,0.0
Decision_1,X3,7.325,0.0
Decision_1,X3,7.397,0.0
Decision_1,X3,7.469,0.0
Decision_1,X3,7.54,0.0
Decision_1,X3,7.612,0.0
Decision_1,X3,7.684,0.0
Decision_1,X3,7.756,0.0
Decision_1,X3,7.828,0.0
Decision_1,X3,7.899,0.0
Decision_1,X3,7.971,0.0
Decision_1,X3,8.043,0.0
Decision_1,X3,8.115,0.0
Decision_1,X3,8.187,0.0
Decision_1,X3,8.259,0.0
Decision_1,X3,8.33,0.0
Decision_1,X3,8.402,0.0
Decision_1,X3,8.474,0.0
Decision_1,X3,8.546,0.0
Decision_1,X3,8.618,0.0
Decision_1,X3,8.689,0.0
Decision_1,X3,8.761,0.0
Decision_1,X3,8.833,0.0
Decision_1,X3,8.905,0.0
Decision_1,X3,8.977,0.0
Decision_1,X3,9.048,0.0
Decision_1,X3,9.12,0.0
Decision_1,X3,9.192,0.0
Decision_1,X3,9.264,0.0
Decision_1,X3,9.336,0.0
Decision_1,X3,9.408,0.0
Decision_1,X3,9.479,0.0
Decision_1,X3,9.551,0.0
Decision_1,X3,9.623,0.0
Decision_1,X3,9.695,0.0
Decision_1,X3,9.767,0.0
Decision_1,X3,9.838,0.0
Decision_1,X3,9.91,0.0
Decision_1,X3,9.982,0.0
Decision_1,X3,10.054,0.0
Decision_1,X3,10.126,0.0
Decision_1,X3,10.197,0.0
Decision_1,X3,10.269,0.0
Decision_1,X3,10.341,0.0
Decision_1,X3,10.413,0.0
Decision_1,X3,10.485,0.0
Decision_1,X3,10.557,0.0
Decision_1,X3,10.628,0.0
Decision_1,X3,10.7,0.0
Decision_1,X3,10.772,0.0
Decision_1,X3,10.844,0.0
Decision_1,X3,10.916,0.0
Decision_1,X3,10.987,0.0
Decision_1,X3,11.059,0.0
Decision_1,X3,11.131,0.0
Decision_1,X3,11.203,0.0
Decision_1,X3,11.275,0.0
Decision_1,X3,11.346,0.0
Decision_1,X3,11.418,0.0
Decision_1,X3,11.49,0.0
Decision_1,X3,11.562,0.0
Decision_1,X3,11.634,0.0
Decision_1,X3,11.706,0.0
Decision_1,X3,11.777,0.0
Decision_1,X3,11.849,0.0
Decision_1,X3,11.921,0.0
Decision_1,X3,11.993,0.0
Decision_1,X3,12.065,0.0
Decision_1,X3,12.136,0.0
Decision_1,X3,12.208,0.0
Decision_1,X3,12.28,0.0
Decision_1,X3,12.352,0.0
Decision_1,X3,12.424,0.0
Decision_1,X3,12.496,0.0
Decision_1,X3,12.567,0.0
Decision_1,X3,12.639,0.0
Decision_1,X3,12.711,0.0
Decision_1,X3,12.783,0.0
Decision_1,X3,12.855,0.0
Decision_1,X3,12.926,0.0
Decision_1,X3,12.998,0.0
Decision_1,X3,13.07,0.0
Decision_1,X3,13.142,0.0
Decision_1,X3,13.214,0.0
Decision_1,X3,13.285,0.0
Decision_1,X3,13.357,0.0
Decision_1,X3,13.429,0.0
Decision_1,X3,13.501,0.0
Decision_1,X3,13.573,0.0
Decision_1,X3,13.645,0.0
Decision_1,X3,13.716,0.0
Decision_1,X3,13.788,0.0
Decision_1,X3,13.86,0.0
Decision_1,X3,13.932,0.0
Decision_1,X3,14.004,0.0
Decision_1,X3,14.075,0.0
Decision_1,X3,14.147,0.0
Decision_1,X3,14.219,0.0
Decision_1,X3,14.291,0.0
Decision_1,X3,14.363,0.0
Decision_1,X3,14.434,0.0
Decision_1,X3,14.506,0.0
Decision_1,X3,14.578,0.0
Decision_1,X3,14.65,0.0
Decision_1,X3,14.722,0.0
Decision_1,X3,14.794,0.0
Decision_1,X3,14.865,0.0
Decision_1,X3,14.937,0.0
Decision_1,X3,15.009,0.0
Decision_1,X3,15.081,0.0
Decision_1,X3,15.153,0.0
Decision_1,X3,15.224,0.0
Decision_1,X3,15.296,0.0
Decision_1,X3,15.368,0.0
Decision_1,X3,15.44,0.0
Decision_1,X3,15.512,0.0
Decision_1,X3,15.583,0.0
Decision_1,X3,15.655,0.0
Decision_1,X3,15.727,0.0
Decision_1,X3,15.799,0.0
Decision_1,X3,15.871,0.0
Decision_1,X3,15.943,0.0
Decision_1,X3,16.014,0.0
Decision_1,X3,16.086,0.0
Decision_1,X3,16.158,0.0
Decision_1,X3,16.23,0.0
Decision_1,X3,16.302,0.0
Decision_1,X3,16.373,0.0
Decision_1,X3,16.445,0.0
Decision_1,X3,16.517,0.0
Decision_1,X3,16.589,0.0
Decision_1,X3,16.661,0.0
Decision_1,X3,16.732,0.0
Decision_1,X3,16.804,0.0
Decision_1,X3,16.876,0.0
Decision_1,X3,16.948,0.0
Decision_1,X3,17.02,0.0
Decision_1,X3,17.092,0.0
Decision_1,X3,17.163,0.0
Decision_1,X3,17.235,0.0
Decision_1,X3,17.307,0.0
Decision_1,X3,17.379,0.0
Decision_1,X3,17.451,0.0
Decision_1,X3,17.522,0.0
Decision_1,X3,17.594,0.0
Decision_1,X3,17.666,0.0
Decision_1,X3,17.738,0.0
Decision_1,X3,17.81,0.0
Decision_1,X3,17.882,0.0
Decision_1,X3,17.953,0.0
Decision_1,X3,18.025,0.0
Decision_1,X3,18.097,0.0
Decision_1,X3,18.169,0.0
Decision_1,X3,18.241,0.0
Decision_1,X3,18.312,0.0
Decision_1,X3,18.384,0.0
Decision_1,X3,18.456,0.0
Decision_1,X3,18.528,0.0
Decision_1,X3,18.6,0.0
Decision_1,X3,18.671,0.0
Decision_1,X3,18.743,0.0
Decision_1,X3,18.815,0.0
Decision_1,X3,18.887,0.0
Decision_1,X3,18.959,0.0
Decision_1,X3,19.031,0.0
Decision_1,X3,19.102,0.0
Decision_1,X3,19.174,0.0
Decision_1,X3,19.246,0.0
Decision_1,X3,19.318,0.0
Decision_1,X3,19.39,0.0
Decision_1,X3,19.461,0.0
Decision_1,X3,19.533,0.0
Decision_1,X3,19.605,0.0
Decision_1,X3,19.677,0.0
Decision_1,X3,19.749,0.0
Decision_1,X3,19.82,0.0
Decision_1,X3,19.892,0.0
Decision_1,X3,19.964,0.0
Decision_1,X3,20.036,0.0
Decision_1,X3,20.108,0.0
Decision_1,X3,20.18,0.0
Decision_1,X3,20.251,0.0
Decision_1,X3,20.323,0.0
Decision_1,X3,20.395,0.0
Decision_1,X3,20.467,0.0
Decision_1,X3,20.539,0.0
Decision_1,X3,20.61,0.0
Decision_1,X3,20.682,0.0
Decision_1,X3,20.754,0.0
Decision_1,X3,20.826,0.0
Decision_1,X3,20.898,0.0
Decision_1,X3,20.969,0.0
Decision_1,X3,21.041,0.0
Decision_1,X3,21.113,0.0
Decision_1,X3,21.185,0.0
Decision_1,X3,21.257,0.0
Decision_1,X3,21.329,0.0
Decision_1,X3,21.4,0.0
Decision_1,X3,21.472,0.0
Decision_1,X3,21.544,0.0
Decision_1,X3,21.616,0.0
Decision_1,X3,21.688,0.0
Decision_1,X3,21.759,0.0
Decision_1,X3,21.831,0.0
Decision_1,X3,21.903,0.0
Decision_1,X3,21.975,0.0
Decision_1,X3,22.047,0.0
Decision_1,X3,22.118,0.0
Decision_1,X3,22.19,0.0
Decision_1,X3,22.262,0.0
Decision_1,X3,22.334,0.0
Decision_1,X3,22.406,0.0
Decision_1,X3,22.478,0.0
Decision_1,X3,22.549,0.0
Decision_1,X3,22.621,0.0
Decision_1,X3,22.693,0.0
Decision_1,X3,22.765,0.0
Decision_1,X3,22.837,0.0
Decision_1,X3,22.908,0.0
Decision_1,X3,22.98,0.0
Decision_1,X3,23.052,0.0
Decision_1,X3,23.124,0.0
Decision_1,X3,23.196,0.0
Decision_1,X3,23.268,0.0
Decision_1,X3,23.339,0.0
Decision_1,X3,23.411,0.0
Decision_1,X3,23.483,0.0
Decision_1,X3,23.555,0.0
Decision_1,X3,23.627,0.0
Decision_1,X3,23.698,0.0
Decision_1,X3,23.77,0.0
Decision_1,X3,23.842,0.0
Decision_1,X3,23.914,0.0
Decision_1,X3,23.986,0.0
Decision_1,X3,24.057,0.0
Decision_1,X3,24.129,0.0
Decision_1,X3,24.201,0.0
Decision_1,X3,24.273,0.0
Decision_1,X3,24.345,0.0
Decision_1,X3,24.417,0.0
Decision_1,X3,24.488,0.0
Decision_1,X3,24.56,0.0
Decision_1,X3,24.632,0.0
Decision_1,X3,24.704,0.0
Decision_1,X3,24.776,0.0
Decision_1,X3,24.847,0.0
Decision_1,X3,24.919,0.0
Decision_1,X3,24.991,0.0
Decision_1,X3,25.063,0.0
Decision_1,X3,25.135,0.0
Decision_1,X3,25.206,0.0
Decision_1,X3,25.278,0.0
Decision_1,X3,25.35,0.0
Decision_1,X3,25.422,0.0
Decision_1,X3,25.494,0.0
Decision_1,X3,25.566,0.0
Decision_1,X3,25.637,0.0
Decision_1,X3,25.709,0.0
Decision_1,X3,25.781,0.0
Decision_1,X3,25.853,0.0
Decision_1,X3,25.925,0.0
Decision_1,X3,25.996,0.0
Decision_1,X3,26.068,0.0
Decision_1,X3,26.14,0.0
Decision_1,X3,26.212,0.0
Decision_1,X3,26.284,0.0
Decision_1,X3,26.355,0.0
Decision_1,X3,26.427,0.0
Decision_1,X3,26.499,0.0
Decision_1,X3,26.571,0.0
Decision_1,X3,26.643,0.0
Decision_1,X3,26.715,0.0
Decision_1,X3,26.786,0.0
Decision_1,X3,26.858,0.0
Decision_1,X3,26.93,0.0
Decision_1,X3,27.002,0.0
Decision_1,X3,27.074,0.0
Decision_1,X3,27.145,0.0
Decision_1,X3,27.217,0.0
Decision_1,X3,27.289,0.0
Decision_1,X3,27.361,0.0
Decision_1,X3,27.433,0.0
Decision_1,X3,27.504,0.0
Decision_1,X3,27.576,0.0
Decision_1,X3,27.648,0.0
Decision_1,X3,27.72,0.0
Decision_1,X3,27.792,0.0
Decision_1,X3,27.864,0.0
Decision_1,X3,27.935,0.0
Decision_1,X3,28.007,0.0
Decision_1,X3,28.079,0.0
Decision_1,X3,28.151,0.0
Decision_1,X3,28.223,0.0
Decision_1,X3,28.294,0.0
Decision_1,X3,28.366,0.0
Decision_1,X3,28.438,0.0
Decision_1,X3,28.51,0.0
Decision_1,X3,28.582,0.0
Decision_1,X3,28.654,0.0
Decision_1,X3,28.725,0.0
Decision_1,X3,28.797,0.0
Decision_1,X3,28.869,0.0
Decision_1,X3,28.941,0.0
Decision_1,X3,29.013,0.0
Decision_1,X3,29.084,0.0
Decision_1,X3,29.156,0.0
Decision_1,X3,29.228,0.0
Decision_1,X3,29.3,0.0
Decision_1,X3,29.372,0.0
Decision_1,X3,29.443,0.0
Decision_1,X3,29.515,0.0
Decision_1,X3,29.587,0.0
Decision_1,X3,29.659,0.0
Decision_1,X3,29.731,0.0
Decision_1,X3,29.803,0.0
Decision_1,X3,29.874,0.0
Decision_1,X3,29.946,0.0
Decision_1,X3,30.018,0.0
Decision_1,X3,30.09,0.0
Decision_1,X3,30.162,0.0
Decision_1,X3,30.233,0.0
Decision_1,X3,30.305,0.0
Decision_1,X3,30.377,0.0
Decision_1,X3,30.449,0.0
Decision_1,X3,30.521,0.0
Decision_1,X3,30.592,0.0
Decision_1,X3,30.664,0.0
Decision_1,X3,30.736,0.0
Decision_1,X3,30.808,0.0
Decision_1,X3,30.88,0.0
Decision_1,X3,30.952,0.0
Decision_1,X3,31.023,0.0
Decision_1,X3,31.095,0.0
Decision_1,X3,31.167,0.0
Decision_1,X3,31.239,0.0
Decision_1,X3,31.311,0.0
Decision_1,X3,31.382,0.0
Decision_1,X3,31.454,0.0
Decision_1,X3,31.526,0.0
Decision_1,X3,31.598,0.0
Decision_1,X3,31.67,0.0
Decision_1,X3,31.741,0.0
Decision_1,X3,31.813,0.0
Decision_1,X3,31.885,0.0
Decision_1,X3,31.957,0.0
Decision_1,X3,32.029,0.0
Decision_1,X3,32.101,0.0
Decision_1,X3,32.172,0.0
Decision_1,X3,32.244,0.0
Decision_1,X3,32.316,0.0
Decision_1,X3,32.388,0.0
Decision_1,X3,32.46,0.0
Decision_1,X3,32.531,0.0
Decision_1,X3,32.603,0.0
Decision_1,X3,32.675,0.0
Decision_1,X3,32.747,0.0
Decision_1,X3,32.819,0.0
Decision_1,X3,32.89,0.0
Decision_1,X3,32.962,0.0
Decision_1,X3,33.034,0.0
Decision_1,X3,33.106,0.0
Decision_1,X3,33.178,0.0
Decision_1,X3,33.25,0.0
Decision_1,X3,33.321,0.0
Decision_1,X3,33.393,0.0
Decision_1,X3,33.465,0.0
Decision_1,X3,33.537,0.0
Decision_1,X3,33.609,0.0
Decision_1,X3,33.68,0.0
Decision_1,X3,33.752,0.0
Decision_1,X3,33.824,0.0
Decision_1,X3,33.896,0.0
Decision_1,X3,33.968,0.0
Decision_1,X3,34.039,0.0
Decision_1,X3,34.111,0.0
Decision_1,X3,34.183,0.0
Decision_1,X3,34.255,0.0
Decision_1,X3,34.327,0.0
Decision_1,X3,34.399,0.0
Decision_1,X3,34.47,0.0
Decision_1,X3,34.542,0.0
Decision_1,X3,34.614,0.0
Decision_1,X3,34.686,0.0
Decision_1,X3,34.758,0.0
Decision_1,X3,34.829,0.0
Decision_1,X3,34.901,0.0
Decision_1,X3,34.973,0.0
Decision_1,X3,35.045,0.0
Decision_1,X3,35.117,0.0
Decision_1,X3,35.189,0.0
Decision_1,X3,35.26,0.0
Decision_1,X3,35.332,0.0
Decision_1,X3,35.404,0.0
Decision_1,X3,35.476,0.0
Decision_1,X3,35.548,0.0
Decision_1,X3,35.619,0.0
Decision_1,X3,35.691,0.0
Decision_1,X3,35.763,0.0
Decision_1,X3,35.835,0.0
Decision_1,X3,35.907,0.0
Decision_1,X3,35.978,0.0
Decision_1,X3,36.05,0.0
Decision_1,X3,36.122,0.0
Decision_1,X3,36.194,0.0
Decision_1,X3,36.266,0.0
Decision_1,X3,36.338,0.0
Decision_1,X3,36.409,0.0
Decision_1,X3,36.481,0.0
Decision_1,X3,36.553,0.0
Decision_1,X3,36.625,0.0
Decision_1,X3,36.697,0.0
Decision_1,X3,36.768,0.0
Decision_1,X3,36.84,0.0
Decision_1,X3,36.912,0.0
Decision_1,X3,36.984,0.0
Decision_1,X3,37.056,0.0
Decision_1,X3,37.127,0.0
Decision_1,X3,37.199,0.0
Decision_1,X3,37.271,0.0
Decision_1,X3,37.343,0.0
Decision_1,X3,37.415,0.0
Decision_1,X3,37.487,0.0
Decision_1,X3,37.558,0.0
Decision_1,X3,37.63,0.0
Decision_1,X3,37.702,0.0
Decision_1,X3,37.774,0.0
Decision_1,X3,37.846,0.0
Decision_1,X3,37.917,0.0
Decision_1,X3,37.989,0.0
Decision_1,X3,38.061,0.0
Decision_1,X3,38.133,0.0
Decision_1,X3,38.205,0.0
Decision_1,X3,38.276,0.0
Decision_1,X3,38.348,0.0
Decision_1,X3,38.42,0.0
Decision_1,X3,38.492,0.0
Decision_1,X3,38.564,0.0
Decision_1,X3,38.636,0.0
Decision_1,X3,38.707,0.0
Decision_1,X3,38.779,0.0
Decision_1,X3,38.851,0.0
Decision_1,X3,38.923,0.0
Decision_1,X3,38.995,0.0
Decision_1,X3,39.066,0.0
Decision_1,X3,39.138,0.0
Decision_1,X3,39.21,0.0
Decision_1,X3,39.282,0.0
Decision_1,X3,39.354,0.0
Decision_1,X3,39.425,0.0
Decision_1,X3,39.497,0.0
Decision_1,X3,39.569,0.0
Decision_1,X3,39.641,0.0
Decision_1,X3,39.713,0.0
Decision_1,X3,39.785,0.0
Decision_1,X3,39.856,0.0
Decision_1,X3,39.928,0.0
Decision_1,X3,40.0,0.0
Decision_1,X3,40.072,0.0
Decision_1,X3,40.144,0.0
Decision_1,X3,40.215,0.0
Decision_1,X3,40.287,0.0
Decision_1,X3,40.359,0.0
Decision_1,X3,40.431,0.0
Decision_1,X3,40.503,0.0
Decision_1,X3,40.575,0.0
Decision_1,X3,40.646,0.0
Decision_1,X3,40.718,0.0
Decision_1,X3,40.79,0.0
Decision_1,X3,40.862,0.0
Decision_1,X3,40.934,0.0
Decision_1,X3,41.005,0.0
Decision_1,X3,41.077,0.0
Decision_1,X3,41.149,0.0
Decision_1,X3,41.221,0.0
Decision_1,X3,41.293,0.0
Decision_1,X3,41.364,0.0
Decision_1,X3,41.436,0.0
Decision_1,X3,41.508,0.0
Decision_1,X3,41.58,0.0
Decision_1,X3,41.652,0.0
Decision_1,X3,41.724,0.0
Decision_1,X3,41.795,0.0
Decision_1,X3,41.867,0.0
Decision_1,X3,41.939,0.0
Decision_1,X3,42.011,0.0
Decision_1,X3,42.083,0.0
Decision_1,X3,42.154,0.0
Decision_1,X3,42.226,0.0
Decision_1,X3,42.298,0.0
Decision_1,X3,42.37,0.0
Decision_1,X3,42.442,0.0
Decision_1,X3,42.513,0.0
Decision_1,X3,42.585,0.0
Decision_1,X3,42.657,0.0
Decision_1,X3,42.729,0.0
Decision_1,X3,42.801,0.0
Decision_1,X3,42.873,0.0
Decision_1,X3,42.944,0.0
Decision_1,X3,43.016,0.0
Decision_1,X3,43.088,0.0
Decision_1,X3,43.16,0.0
Decision_1,X3,43.232,0.0
Decision_1,X3,43.303,0.0
Decision_1,X3,43.375,0.0
Decision_1,X3,43.447,0.0
Decision_1,X3,43.519,0.0
Decision_1,X3,43.591,0.0
Decision_1,X3,43.662,0.0
Decision_1,X3,43.734,0.0
Decision_1,X3,43.806,0.0
Decision_1,X3,43.878,0.0
Decision_1,X3,43.95,0.0
Decision_1,X3,44.022,0.0
Decision_1,X3,44.093,0.0
Decision_1,X3,44.165,0.0
Decision_1,X3,44.237,0.0
Decision_1,X3,44.309,0.0
Decision_1,X3,44.381,0.0
Decision_1,X3,44.452,0.0
Decision_1,X3,44.524,0.0
Decision_1,X3,44.596,0.0
Decision_1,X3,44.668,0.0
Decision_1,X3,44.74,0.0
Decision_1,X3,44.811,0.0
Decision_1,X3,44.883,0.0
Decision_1,X3,44.955,0.0
Decision_1,X3,45.027,0.0
Decision_1,X3,45.099,0.0
Decision_1,X3,45.171,0.0
Decision_1,X3,45.242,0.0
Decision_1,X3,45.314,0.0
Decision_1,X3,45.386,0.0
Decision_1,X3,45.458,0.0
Decision_1,X3,45.53,0.0
Decision_1,X3,45.601,0.0
Decision_1,X3,45.673,0.0
Decision_1,X3,45.745,0.0
Decision_1,X3,45.817,0.0
Decision_1,X3,45.889,0.0
Decision_1,X3,45.961,0.0
Decision_1,X3,46.032,0.0
Decision_1,X3,46.104,0.0
Decision_1,X3,46.176,0.0
Decision_1,X3,46.248,0.0
Decision_1,X3,46.32,0.0
Decision_1,X3,46.391,0.0
Decision_1,X3,46.463,0.0
Decision_1,X3,46.535,0.0
Decision_1,X3,46.607,0.0
Decision_1,X3,46.679,0.0
Decision_1,X3,46.75,0.0
Decision_1,X3,46.822,0.0
Decision_1,X3,46.894,0.0
Decision_1,X3,46.966,0.0
Decision_1,X3,47.038,0.0
Decision_1,X3,47.11,0.0
Decision_1,X3,47.181,0.0
Decision_1,X3,47.253,0.0
Decision_1,X3,47.325,0.0
Decision_1,X3,47.397,0.0
Decision_1,X3,47.469,0.0
Decision_1,X3,47.54,0.0
Decision_1,X3,47.612,0.0
Decision_1,X3,47.684,0.0
Decision_1,X3,47.756,0.0
Decision_1,X3,47.828,0.0
Decision_1,X3,47.899,0.0
Decision_1,X3,47.971,0.0
Decision_1,X3,48.043,0.0
Decision_1,X3,48.115,0.0
Decision_1,X3,48.187,0.0
Decision_1,X3,48.259,0.0
Decision_1,X3,48.33,0.0
Decision_1,X3,48.402,0.0
Decision_1,X3,48.474,0.0
Decision_1,X3,48.546,0.0
Decision_1,X3,48.618,0.0
Decision_1,X3,48.689,0.0
Decision_1,X3,48.761,0.0
Decision_1,X3,48.833,0.0
Decision_1,X3,48.905,0.0
Decision_1,X3,48.977,0.0
Decision_1,X3,49.048,0.0
Decision_1,X3,49.12,0.0
Decision_1,X3,49.192,0.0
Decision_1,X3,49.264,0.0
Decision_1,X3,49.336,0.0
Decision_1,X3,49.408,0.0
Decision_1,X3,49.479,0.0
Decision_1,X3,49.551,0.0
Decision_1,X3,49.623,0.0
Decision_1,X3,49.695,0.0
Decision_1,X3,49.767,0.0
Decision_1,X3,49.838,0.0
Decision_1,X3,49.91,0.0
Decision_1,X3,49.982,0.0
Decision_1,X3,50.054,0.0
Decision_1,X3,50.126,0.0
Decision_1,X3,50.197,0.0
Decision_1,X3,50.269,0.0
Decision_1,X3,50.341,0.0
Decision_1,X3,50.413,0.0
Decision_1,X3,50.485,0.0
Decision_1,X3,50.557,0.0
Decision_1,X3,50.628,0.0
Decision_1,X3,50.7,0.0
Decision_1,X3,50.772,0.0
Decision_1,X3,50.844,0.0
Decision_1,X3,50.916,0.0
Decision_1,X3,50.987,0.0
Decision_1,X3,51.059,0.0
Decision_1,X3,51.131,0.0
Decision_1,X3,51.203,0.0
Decision_1,X3,51.275,0.0
Decision_1,X3,51.346,0.0
Decision_1,X3,51.418,0.0
Decision_1,X3,51.49,0.0
Decision_1,X3,51.562,0.0
Decision_1,X3,51.634,0.0
Decision_1,X3,51.706,0.0
Decision_1,X3,51.777,0.0
Decision_1,X3,51.849,0.0
Decision_1,X3,51.921,0.0
Decision_1,X3,51.993,0.0
Decision_1,X3,52.065,0.0
Decision_1,X3,52.136,0.0
Decision_1,X3,52.208,0.0
Decision_1,X3,52.28,0.0
Decision_1,X3,52.352,0.0549
Decision_1,X3,52.424,1.0
Decision_1,X4,0.0,1.0
Decision_1,X4,0.072,0.0824
Decision_1,X4,0.144,0.0275
Decision_1,X4,0.215,0.0275
Decision_1,X4,0.287,0.0275
Decision_1,X4,0.359,0.0275
Decision_1,X4,0.431,0.0275
Decision_1,X4,0.503,0.0275
Decision_1,X4,0.575,0.0275
Decision_1,X4,0.646,0.0275
Decision_1,X4,0.718,0.0275
Decision_1,X4,0.79,0.0275
Decision_1,X4,0.862,0.0275
Decision_1,X4,0.934,0.0275
Decision_1,X4,1.005,0.0275
Decision_1,X4,1.077,0.0275
Decision_1,X4,1.149,0.0275
Decision_1,X4,1.221,0.0275
Decision_1,X4,1.293,0.0275
Decision_1,X4,1.364,0.0275
Decision_1,X4,1.436,0.0275
Decision_1,X4,1.508,0.0275
Decision_1,X4,1.58,0.0275
Decision_1,X4,1.652,0.0275
Decision_1,X4,1.724,0.0275
Decision_1,X4,1.795,0.0275
Decision_1,X4,1.867,0.0275
Decision_1,X4,1.939,0.0275
Decision_1,X4,2.011,0.0275
Decision_1,X4,2.083,0.0275
Decision_1,X4,2.154,0.0275
Decision_1,X4,2.226,0.0275
Decision_1,X4,2.298,0.0275
Decision_1,X4,2.37,0.0275
Decision_1,X4,2.442,0.0275
Decision_1,X4,2.513,0.0275
Decision_1,X4,2.585,0.0275
Decision_1,X4,2.657,0.0275
Decision_1,X4,2.729,0.0275
Decision_1,X4,2.801,0.0275
Decision_1,X4,2.873,0.0275
Decision_1,X4,2.944,0.0275
Decision_1,X4,3.016,0.0275
Decision_1,X4,3.088,0.0275
Decision_1,X4,3.16,0.0275
Decision_1,X4,3.232,0.0275
Decision_1,X4,3.303,0.0275
Decision_1,X4,3.375,0.0275
Decision_1,X4,3.447,0.0275
Decision_1,X4,3.519,0.0275
Decision_1,X4,3.591,0.0275
Decision_1,X4,3.662,0.0275
Decision_1,X4,3.734,0.0275
Decision_1,X4,3.806,0.0275
Decision_1,X4,3.878,0.0275
Decision_1,X4,3.95,0.0275
Decision_1,X4,4.022,0.0275
Decision_1,X4,4.093,0.0275
Decision_1,X4,4.165,0.0275
Decision_1,X4,4.237,0.0275
Decision_1,X4,4.309,0.0275
Decision_1,X4,4.381,0.0275
Decision_1,X4,4.452,0.0275
Decision_1,X4,4.524,0.0275
Decision_1,X4,4.596,0.0275
Decision_1,X4,4.668,0.0275
Decision_1,X4,4.74,0.0275
Decision_1,X4,4.811,0.0275
Decision_1,X4,4.883,0.0275
Decision_1,X4,4.955,0.0275
Decision_1,X4,5.027,0.0275
Decision_1,X4,5.099,0.0275
Decision_1,X4,5.171,0.0275
Decision_1,X4,5.242,0.0275
Decision_1,X4,5.314,0.0275
Decision_1,X4,5.386,0.0275
Decision_1,X4,5.458,0.0275
Decision_1,X4,5.53,0.0275
Decision_1,X4,5.601,0.0275
Decision_1,X4,5.673,0.0275
Decision_1,X4,5.745,0.0275
Decision_1,X4,5.817,0.0275
Decision_1,X4,5.889,0.0275
Decision_1,X4,5.961,0.0275
Decision_1,X4,6.032,0.0275
Decision_1,X4,6.104,0.0275
Decision_1,X4,6.176,0.0275
Decision_1,X4,6.248,0.0275
Decision_1,X4,6.32,0.0275
Decision_1,X4,6.391,0.0275
Decision_1,X4,6.463,0.0275
Decision_1,X4,6.535,0.0275
Decision_1,X4,6.607,0.0275
Decision_1,X4,6.679,0.0275
Decision_1,X4,6.75,0.0275
Decision_1,X4,6.822,0.0275
Decision_1,X4,6.894,0.0275
Decision_1,X4,6.966,0.0275
Decision_1,X4,7.038,0.0275
Decision_1,X4,7.11,0.0275
Decision_1,X4,7.181,0.0275
Decision_1,X4,7.253,0.0275
Decision_1,X4,7.325,0.0275
Decision_1,X4,7.397,0.0275
Decision_1,X4,7.469,0.0275
Decision_1,X4,7.54,0.0275
Decision_1,X4,7.612,0.0275
Decision_1,X4,7.684,0.0275
Decision_1,X4,7.756,0.0275
Decision_1,X4,7.828,0.0275
Decision_1,X4,7.899,0.0275
Decision_1,X4,7.971,0.0275
Decision_1,X4,8.043,0.0275
Decision_1,X4,8.115,0.0275
Decision_1,X4,8.187,0.0275
Decision_1,X4,8.259,0.0275
Decision_1,X4,8.33,0.0275
Decision_1,X4,8.402,0.0275
Decision_1,X4,8.474,0.0275
Decision_1,X4,8.546,0.0275
Decision_1,X4,8.618,0.0275
Decision_1,X4,8.689,0.0275
Decision_1,X4,8.761,0.0275
Decision_1,X4,8.833,0.0275
Decision_1,X4,8.905,0.0275
Decision_1,X4,8.977,0.0275
Decision_1,X4,9.048,0.0275
Decision_1,X4,9.12,0.0275
Decision_1,X4,9.192,0.0275
Decision_1,X4,9.264,0.0275
Decision_1,X4,9.336,0.0275
Decision_1,X4,9.408,0.0275
Decision_1,X4,9.479,0.0275
Decision_1,X4,9.551,0.0275
Decision_1,X4,9.623,0.0275
Decision_1,X4,9.695,0.0275
Decision_1,X4,9.767,0.0275
Decision_1,X4,9.838,0.0275
Decision_1,X4,9.91,0.0275
Decision_1,X4,9.982,0.0275
Decision_1,X4,10.054,0.0275
Decision_1,X4,10.126,0.0275
Decision_1,X4,10.197,0.0275
Decision_1,X4,10.269,0.0275
Decision_1,X4,10.341,0.0275
Decision_1,X4,10.413,0.0275
Decision_1,X4,10.485,0.0275
Decision_1,X4,10.557,0.0275
Decision_1,X4,10.628,0.0275
Decision_1,X4,10.7,0.0275
Decision_1,X4,10.772,0.0275
Decision_1,X4,10.844,0.0275
Decision_1,X4,10.916,0.0275
Decision_1,X4,10.987,0.0275
Decision_1,X4,11.059,0.0275
Decision_1,X4,11.131,0.0275
Decision_1,X4,11.203,0.0275
Decision_1,X4,11.275,0.0275
Decision_1,X4,11.346,0.0275
Decision_1,X4,11.418,0.0275
Decision_1,X4,11.49,0.0275
Decision_1,X4,11.562,0.0275
Decision_1,X4,11.634,0.0275
Decision_1,X4,11.706,0.0275
Decision_1,X4,11.777,0.0275
Decision_1,X4,11.849,0.0275
Decision_1,X4,11.921,0.0275
Decision_1,X4,11.993,0.0275
Decision_1,X4,12.065,0.0275
Decision_1,X4,12.136,0.0275
Decision_1,X4,12.208,0.0275
Decision_1,X4,12.28,0.0275
Decision_1,X4,12.352,0.0275
Decision_1,X4,12.424,0.0275
Decision_1,X4,12.496,0.0275
Decision_1,X4,12.567,0.0275
Decision_1,X4,12.639,0.0275
Decision_1,X4,12.711,0.0275
Decision_1,X4,12.783,0.0275
Decision_1,X4,12.855,0.0275
Decision_1,X4,12.926,0.0275
Decision_1,X4,12.998,0.0275
Decision_1,X4,13.07,0.0275
Decision_1,X4,13.142,0.0275
Decision_1,X4,13.214,0.0275
Decision_1,X4,13.285,0.0275
Decision_1,X4,13.357,0.0275
Decision_1,X4,13.429,0.0275
Decision_1,X4,13.501,0.0275
Decision_1,X4,13.573,0.0275
Decision_1,X4,13.645,0.0275
Decision_1,X4,13.716,0.0275
Decision_1,X4,13.788,0.0275
Decision_1,X4,13.86,0.0275
Decision_1,X4,13.932,0.0275
Decision_1,X4,14.004,0.0275
Decision_1,X4,14.075,0.0275
Decision_1,X4,14.147,0.0275
Decision_1,X4,14.219,0.0275
Decision_1,X4,14.291,0.0275
Decision_1,X4,14.363,0.0275
Decision_1,X4,14.434,0.0275
Decision_1,X4,14.506,0.0275
Decision_1,X4,14.578,0.0275
Decision_1,X4,14.65,0.0275
Decision_1,X4,14.722,0.0275
Decision_1,X4,14.794,0.0275
Decision_1,X4,14.865,0.0275
Decision_1,X4,14.937,0.0275
Decision_1,X4,15.009,0.0275
Decision_1,X4,15.081,0.0275
Decision_1,X4,15.153,0.0275
Decision_1,X4,15.224,0.0275
Decision_1,X4,15.296,0.0275
Decision_1,X4,15.368,0.0275
Decision_1,X4,15.44,0.0275
Decision_1,X4,15.512,0.0275
Decision_1,X4,15.583,0.0275
Decision_1,X4,15.655,0.0275
Decision_1,X4,15.727,0.0275
Decision_1,X4,15.799,0.0275
Decision_1,X4,15.871,0.0275
Decision_1,X4,15.943,0.0275
Decision_1,X4,16.014,0.0275
Decision_1,X4,16.086,0.0275
Decision_1,X4,16.158,0.0275
Decision_1,X4,16.23,0.0275
Decision_1,X4,16.302,0.0275
Decision_1,X4,16.373,0.0275
Decision_1,X4,16.445,0.0275
Decision_1,X4,16.517,0.0275
Decision_1,X4,16.589,0.0275
Decision_1,X4,16.661,0.0275
Decision_1,X4,16.732,0.0275
Decision_1,X4,16.804,0.0275
Decision_1,X4,16.876,0.0275
Decision_1,X4,16.948,0.0275
Decision_1,X4,17.02,0.0275
Decision_1,X4,17.092,0.0275
Decision_1,X4,17.163,0.0275
Decision_1,X4,17.235,0.0275
Decision_1,X4,17.307,0.0275
Decision_1,X4,17.379,0.0275
Decision_1,X4,17.451,0.0275
Decision_1,X4,17.522,0.0275
Decision_1,X4,17.594,0.0275
Decision_1,X4,17.666,0.0275
Decision_1,X4,17.738,0.0275
Decision_1,X4,17.81,0.0275
Decision_1,X4,17.882,0.0275
Decision_1,X4,17.953,0.0275
Decision_1,X4,18.025,0.0275
Decision_1,X4,18.097,0.0275
Decision_1,X4,18.169,0.0275
Decision_1,X4,18.241,0.0275
Decision_1,X4,18.312,0.0275
Decision_1,X4,18.384,0.0275
Decision_1,X4,18.456,0.0275
Decision_1,X4,18.528,0.0275
Decision_1,X4,18.6,0.0275
Decision_1,X4,18.671,0.0275
Decision_1,X4,18.743,0.0275
Decision_1,X4,18.815,0.0275
Decision_1,X4,18.887,0.0275
Decision_1,X4,18.959,0.0275
Decision_1,X4,19.031,0.0275
Decision_1,X4,19.102,0.0275
Decision_1,X4,19.174,0.0275
Decision_1,X4,19.246,0.0275
Decision_1,X4,19.318,0.0275
Decision_1,X4,19.39,0.0275
Decision_1,X4,19.461,0.0275
Decision_1,X4,19.533,0.0275
Decision_1,X4,19.605,0.0275
Decision_1,X4,19.677,0.0275
Decision_1,X4,19.749,0.0275
Decision_1,X4,19.82,0.0275
Decision_1,X4,19.892,0.0275
Decision_1,X4,19.964,0.0275
Decision_1,X4,20.036,0.0275
Decision_1,X4,20.108,0.0275
Decision_1,X4,20.18,0.0275
Decision_1,X4,20.251,0.0275
Decision_1,X4,20.323,0.0275
Decision_1,X4,20.395,0.0275
Decision_1,X4,20.467,0.0275
Decision_1,X4,20.539,0.0275
Decision_1,X4,20.61,0.0275
Decision_1,X4,20.682,0.0275
Decision_1,X4,20.754,0.0275
Decision_1,X4,20.826,0.0275
Decision_1,X4,20.898,0.0275
Decision_1,X4,20.969,0.0275
Decision_1,X4,21.041,0.0275
Decision_1,X4,21.113,0.0275
Decision_1,X4,21.185,0.0275
Decision_1,X4,21.257,0.0275
Decision_1,X4,21.329,0.0275
Decision_1,X4,21.4,0.0275
Decision_1,X4,21.472,0.0275
Decision_1,X4,21.544,0.0275
Decision_1,X4,21.616,0.0275
Decision_1,X4,21.688,0.0275
Decision_1,X4,21.759,0.0275
Decision_1,X4,21.831,0.0275
Decision_1,X4,21.903,0.0275
Decision_1,X4,21.975,0.0275
Decision_1,X4,22.047,0.0275
Decision_1,X4,22.118,0.0275
Decision_1,X4,22.19,0.0275
Decision_1,X4,22.262,0.0275
Decision_1,X4,22.334,0.0275
Decision_1,X4,22.406,0.0275
Decision_1,X4,22.478,0.0275
Decision_1,X4,22.549,0.0275
Decision_1,X4,22.621,0.0275
Decision_1,X4,22.693,0.0275
Decision_1,X4,22.765,0.0275
Decision_1,X4,22.837,0.0275
Decision_1,X4,22.908,0.0275
Decision_1,X4,22.98,0.0275
Decision_1,X4,23.052,0.0275
Decision_1,X4,23.124,0.0275
Decision_1,X4,23.196,0.0275
Decision_1,X4,23.268,0.0275
Decision_1,X4,23.339,0.0275
Decision_1,X4,23.411,0.0275
Decision_1,X4,23.483,0.0275
Decision_1,X4,23.555,0.0275
Decision_1,X4,23.627,0.0275
Decision_1,X4,23.698,0.0275
Decision_1,X4,23.77,0.0275
Decision_1,X4,23.842,0.0275
Decision_1,X4,23.914,0.0275
Decision_1,X4,23.986,0.0275
Decision_1,X4,24.057,0.0275
Decision_1,X4,24.129,0.0275
Decision_1,X4,24.201,0.0275
Decision_1,X4,24.273,0.0275
Decision_1,X4,24.345,0.0275
Decision_1,X4,24.417,0.0275
Decision_1,X4,24.488,0.0275
Decision_1,X4,24.56,0.0275
Decision_1,X4,24.632,0.0275
Decision_1,X4,24.704,0.0275
Decision_1,X4,24.776,0.0275
Decision_1,X4,24.847,0.0275
Decision_1,X4,24.919,0.0275
Decision_1,X4,24.991,0.0275
Decision_1,X4,25.063,0.0275
Decision_1,X4,25.135,0.0275
Decision_1,X4,25.206,0.0275
Decision_1,X4,25.278,0.0275
Decision_1,X4,25.35,0.0275
Decision_1,X4,25.422,0.0275
Decision_1,X4,25.494,0.0275
Decision_1,X4,25.566,0.0275
Decision_1,X4,25.637,0.0275
Decision_1,X4,25.709,0.0275
Decision_1,X4,25.781,0.0275
Decision_1,X4,25.853,0.0275
Decision_1,X4,25.925,0.0275
Decision_1,X4,25.996,0.0275
Decision_1,X4,26.068,0.0275
Decision_1,X4,26.14,0.0275
Decision_1,X4,26.212,0.0275
Decision_1,X4,26.284,0.0275
Decision_1,X4,26.355,0.0275
Decision_1,X4,26.427,0.0275
Decision_1,X4,26.499,0.0275
Decision_1,X4,26.571,0.0275
Decision_1,X4,26.643,0.0275
Decision_1,X4,26.715,0.0275
Decision_1,X4,26.786,0.0275
Decision_1,X4,26.858,0.0275
Decision_1,X4,26.93,0.0275
Decision_1,X4,27.002,0.0275
Decision_1,X4,27.074,0.0275
Decision_1,X4,27.145,0.0275
Decision_1,X4,27.217,0.0275
Decision_1,X4,27.289,0.0275
Decision_1,X4,27.361,0.0275
Decision_1,X4,27.433,0.0275
Decision_1,X4,27.504,0.0275
Decision_1,X4,27.576,0.0275
Decision_1,X4,27.648,0.0275
Decision_1,X4,27.72,0.0275
Decision_1,X4,27.792,0.0275
Decision_1,X4,27.864,0.0275
Decision_1,X4,27.935,0.0275
Decision_1,X4,28.007,0.0275
Decision_1,X4,28.079,0.0275
Decision_1,X4,28.151,0.0275
Decision_1,X4,28.223,0.0275
Decision_1,X4,28.294,0.0275
Decision_1,X4,28.366,0.0275
Decision_1,X4,28.438,0.0275
Decision_1,X4,28.51,0.0275
Decision_1,X4,28.582,0.0275
Decision_1,X4,28.654,0.0275
Decision_1,X4,28.725,0.0275
Decision_1,X4,28.797,0.0275
Decision_1,X4,28.869,0.0275
Decision_1,X4,28.941,0.0275
Decision_1,X4,29.013,0.0275
Decision_1,X4,29.084,0.0275
Decision_1,X4,29.156,0.0275
Decision_1,X4,29.228,0.0275
Decision_1,X4,29.3,0.0275
Decision_1,X4,29.372,0.0275
Decision_1,X4,29.443,0.0275
Decision_1,X4,29.515,0.0275
Decision_1,X4,29.587,0.0275
Decision_1,X4,29.659,0.0275
Decision_1,X4,29.731,0.0275
Decision_1,X4,29.803,0.0275
Decision_1,X4,29.874,0.0275
Decision_1,X4,29.946,0.0275
Decision_1,X4,30.018,0.0275
Decision_1,X4,30.09,0.0275
Decision_1,X4,30.162,0.0275
Decision_1,X4,30.233,0.0275
Decision_1,X4,30.305,0.0275
Decision_1,X4,30.377,0.0275
Decision_1,X4,30.449,0.0275
Decision_1,X4,30.521,0.0275
Decision_1,X4,30.592,0.0275
Decision_1,X4,30.664,0.0275
Decision_1,X4,30.736,0.0275
Decision_1,X4,30.808,0.0275
Decision_1,X4,30.88,0.0275
Decision_1,X4,30.952,0.0275
Decision_1,X4,31.023,0.0275
Decision_1,X4,31.095,0.0275
Decision_1,X4,31.167,0.0275
Decision_1,X4,31.239,0.0275
Decision_1,X4,31.311,0.0275
Decision_1,X4,31.382,0.0275
Decision_1,X4,31.454,0.0275
Decision_1,X4,31.526,0.0275
Decision_1,X4,31.598,0.0275
Decision_1,X4,31.67,0.0275
Decision_1,X4,31.741,0.0275
Decision_1,X4,31.813,0.0275
Decision_1,X4,31.885,0.0275
Decision_1,X4,31.957,0.0275
Decision_1,X4,32.029,0.0275
Decision_1,X4,32.101,0.0275
Decision_1,X4,32.172,0.0275
Decision_1,X4,32.244,0.0275
Decision_1,X4,32.316,0.0275
Decision_1,X4,32.388,0.0275
Decision_1,X4,32.46,0.0275
Decision_1,X4,32.531,0.0275
Decision_1,X4,32.603,0.0275
Decision_1,X4,32.675,0.0275
Decision_1,X4,32.747,0.0275
Decision_1,X4,32.819,0.0275
Decision_1,X4,32.89,0.0275
Decision_1,X4,32.962,0.0275
Decision_1,X4,33.034,0.0275
Decision_1,X4,33.106,0.0275
Decision_1,X4,33.178,0.0275
Decision_1,X4,33.25,0.0275
Decision_1,X4,33.321,0.0275
Decision_1,X4,33.393,0.0275
Decision_1,X4,33.465,0.0275
Decision_1,X4,33.537,0.0275
Decision_1,X4,33.609,0.0275
Decision_1,X4,33.68,0.0275
Decision_1,X4,33.752,0.0275
Decision_1,X4,33.824,0.0275
Decision_1,X4,33.896,0.0275
Decision_1,X4,33.968,0.0275
Decision_1,X4,34.039,0.0275
Decision_1,X4,34.111,0.0275
Decision_1,X4,34.183,0.0275
Decision_1,X4,34.255,0.0275
Decision_1,X4,34.327,0.0275
Decision_1,X4,34.399,0.0275
Decision_1,X4,34.47,0.0275
Decision_1,X4,34.542,0.0275
Decision_1,X4,34.614,0.0275
Decision_1,X4,34.686,0.0275
Decision_1,X4,34.758,0.0275
Decision_1,X4,34.829,0.0275
Decision_1,X4,34.901,0.0275
Decision_1,X4,34.973,0.0275
Decision_1,X4,35.045,0.0275
Decision_1,X4,35.117,0.0275
Decision_1,X4,35.189,0.0275
Decision_1,X4,35.26,0.0275
Decision_1,X4,35.332,0.0275
Decision_1,X4,35.404,0.0275
Decision_1,X4,35.476,0.0275
Decision_1,X4,35.548,0.0275
Decision_1,X4,35.619,0.0275
Decision_1,X4,35.691,0.0275
Decision_1,X4,35.763,0.0275
Decision_1,X4,35.835,0.0275
Decision_1,X4,35.907,0.0275
Decision_1,X4,35.978,0.0275
Decision_1,X4,36.05,0.0275
Decision_1,X4,36.122,0.0275
Decision_1,X4,36.194,0.0275
Decision_1,X4,36.266,0.0275
Decision_1,X4,36.338,0.0275
Decision_1,X4,36.409,0.0275
Decision_1,X4,36.481,0.0275
Decision_1,X4,36.553,0.0275
Decision_1,X4,36.625,0.0275
Decision_1,X4,36.697,0.0275
Decision_1,X4,36.768,0.0275
Decision_1,X4,36.84,0.0275
Decision_1,X4,36.912,0.0275
Decision_1,X4,36.984,0.0275
Decision_1,X4,37.056,0.0275
Decision_1,X4,37.127,0.0275
Decision_1,X4,37.199,0.0275
Decision_1,X4,37.271,0.0275
Decision_1,X4,37.343,0.0275
Decision_1,X4,37.415,0.0275
Decision_1,X4,37.487,0.0275
Decision_1,X4,37.558,0.0275
Decision_1,X4,37.63,0.0275
Decision_1,X4,37.702,0.0275
Decision_1,X4,37.774,0.0275
Decision_1,X4,37.846,0.0275
Decision_1,X4,37.917,0.0275
Decision_1,X4,37.989,0.0275
Decision_1,X4,38.061,0.0275
Decision_1,X4,38.133,0.0275
Decision_1,X4,38.205,0.0275
Decision_1,X4,38.276,0.0275
Decision_1,X4,38.348,0.0275
Decision_1,X4,38.42,0.0275
Decision_1,X4,38.492,0.0275
Decision_1,X4,38.564,0.0275
Decision_1,X4,38.636,0.0275
Decision_1,X4,38.707,0.0275
Decision_1,X4,38.779,0.0275
Decision_1,X4,38.851,0.0275
Decision_1,X4,38.923,0.0275
Decision_1,X4,38.995,0.0275
Decision_1,X4,39.066,0.0275
Decision_1,X4,39.138,0.0275
Decision_1,X4,39.21,0.0275
Decision_1,X4,39.282,0.0275
Decision_1,X4,39.354,0.0275
Decision_1,X4,39.425,0.0275
Decision_1,X4,39.497,0.0275
Decision_1,X4,39.569,0.0275
Decision_1,X4,39.641,0.0275
Decision_1,X4,39.713,0.0275
Decision_1,X4,39.785,0.0275
Decision_1,X4,39.856,0.0275
Decision_1,X4,39.928,0.0275
Decision_1,X4,40.0,0.0275
Decision_1,X4,40.072,0.0275
Decision_1,X4,40.144,0.0275
Decision_1,X4,40.215,0.0275
Decision_1,X4,40.287,0.0275
Decision_1,X4,40.359,0.0275
Decision_1,X4,40.431,0.0275
Decision_1,X4,40.503,0.0275
Decision_1,X4,40.575,0.0275
Decision_1,X4,40.646,0.0275
Decision_1,X4,40.718,0.0275
Decision_1,X4,40.79,0.0275
Decision_1,X4,40.862,0.0275
Decision_1,X4,40.934,0.0275
Decision_1,X4,41.005,0.0275
Decision_1,X4,41.077,0.0275
Decision_1,X4,41.149,0.0275
Decision_1,X4,41.221,0.0275
Decision_1,X4,41.293,0.0275
Decision_1,X4,41.364,0.0275
Decision_1,X4,41.436,0.0275
Decision_1,X4,41.508,0.0275
Decision_1,X4,41.58,0.0275
Decision_1,X4,41.652,0.0275
Decision_1,X4,41.724,0.0275
Decision_1,X4,41.795,0.0275
Decision_1,X4,41.867,0.0275
Decision_1,X4,41.939,0.0275
Decision_1,X4,42.011,0.0275
Decision_1,X4,42.083,0.0275
Decision_1,X4,42.154,0.0275
Decision_1,X4,42.226,0.0275
Decision_1,X4,42.298,0.0275
Decision_1,X4,42.37,0.0275
Decision_1,X4,42.442,0.0275
Decision_1,X4,42.513,0.0275
Decision_1,X4,42.585,0.0275
Decision_1,X4,42.657,0.0275
Decision_1,X4,42.729,0.0275
Decision_1,X4,42.801,0.0275
Decision_1,X4,42.873,0.0275
Decision_1,X4,42.944,0.0275
Decision_1,X4,43.016,0.0275
Decision_1,X4,43.088,0.0275
Decision_1,X4,43.16,0.0275
Decision_1,X4,43.232,0.0275
Decision_1,X4,43.303,0.0275
Decision_1,X4,43.375,0.0275
Decision_1,X4,43.447,0.0275
Decision_1,X4,43.519,0.0275
Decision_1,X4,43.591,0.0275
Decision_1,X4,43.662,0.0275
Decision_1,X4,43.734,0.0275
Decision_1,X4,43.806,0.0275
Decision_1,X4,43.878,0.0275
Decision_1,X4,43.95,0.0275
Decision_1,X4,44.022,0.0275
Decision_1,X4,44.093,0.0275
Decision_1,X4,44.165,0.0275
Decision_1,X4,44.237,0.0275
Decision_1,X4,44.309,0.0275
Decision_1,X4,44.381,0.0275
Decision_1,X4,44.452,0.0275
Decision_1,X4,44.524,0.0275
Decision_1,X4,44.596,0.0275
Decision_1,X4,44.668,0.0275
Decision_1,X4,44.74,0.0275
Decision_1,X4,44.811,0.0275
Decision_1,X4,44.883,0.0275
Decision_1,X4,44.955,0.0275
Decision_1,X4,45.027,0.0275
Decision_1,X4,45.099,0.0275
Decision_1,X4,45.171,0.0275
Decision_1,X4,45.242,0.0275
Decision_1,X4,45.314,0.0275
Decision_1,X4,45.386,0.0275
Decision_1,X4,45.458,0.0275
Decision_1,X4,45.53,0.0275
Decision_1,X4,45.601,0.0275
Decision_1,X4,45.673,0.0275
Decision_1,X4,45.745,0.0275
Decision_1,X4,45.817,0.0275
Decision_1,X4,45.889,0.0275
Decision_1,X4,45.961,0.0275
Decision_1,X4,46.032,0.0275
Decision_1,X4,46.104,0.0275
Decision_1,X4,46.176,0.0275
Decision_1,X4,46.248,0.0275
Decision_1,X4,46.32,0.0275
Decision_1,X4,46.391,0.0275
Decision_1,X4,46.463,0.0275
Decision_1,X4,46.535,0.0275
Decision_1,X4,46.607,0.0275
Decision_1,X4,46.679,0.0275
Decision_1,X4,46.75,0.0275
Decision_1,X4,46.822,0.0275
Decision_1,X4,46.894,0.0275
Decision_1,X4,46.966,0.0275
Decision_1,X4,47.038,0.0275
Decision_1,X4,47.11,0.0275
Decision_1,X4,47.181,0.0275
Decision_1,X4,47.253,0.0275
Decision_1,X4,47.325,0.0275
Decision_1,X4,47.397,0.0275
Decision_1,X4,47.469,0.0275
Decision_1,X4,47.54,0.0275
Decision_1,X4,47.612,0.0275
Decision_1,X4,47.684,0.0275
Decision_1,X4,47.756,0.0275
Decision_1,X4,47.828,0.0275
Decision_1,X4,47.899,0.0275
Decision_1,X4,47.971,0.0275
Decision_1,X4,48.043,0.0275
Decision_1,X4,48.115,0.0275
Decision_1,X4,48.187,0.0275
Decision_1,X4,48.259,0.0275
Decision_1,X4,48.33,0.0275
Decision_1,X4,48.402,0.0275
Decision_1,X4,48.474,0.0275
Decision_1,X4,48.546,0.0275
Decision_1,X4,48.618,0.0275
Decision_1,X4,48.689,0.0275
Decision_1,X4,48.761,0.0275
Decision_1,X4,48.833,0.0275
Decision_1,X4,48.905,0.0275
Decision_1,X4,48.977,0.0275
Decision_1,X4,49.048,0.0275
Decision_1,X4,49.12,0.0275
Decision_1,X4,49.192,0.0275
Decision_1,X4,49.264,0.0275
Decision_1,X4,49.336,0.0275
Decision_1,X4,49.408,0.0275
Decision_1,X4,49.479,0.0275
Decision_1,X4,49.551,0.0275
Decision_1,X4,49.623,0.0275
Decision_1,X4,49.695,0.0275
Decision_1,X4,49.767,0.0275
Decision_1,X4,49.838,0.0275
Decision_1,X4,49.91,0.0275
Decision_1,X4,49.982,0.0275
Decision_1,X4,50.054,0.0275
Decision_1,X4,50.126,0.0275
Decision_1,X4,50.197,0.0275
Decision_1,X4,50.269,0.0275
Decision_1,X4,50.341,0.0275
Decision_1,X4,50.413,0.0275
Decision_1,X4,50.485,0.0275
Decision_1,X4,50.557,0.0275
Decision_1,X4,50.628,0.0275
Decision_1,X4,50.7,0.0275
Decision_1,X4,50.772,0.0275
Decision_1,X4,50.844,0.0275
Decision_1,X4,50.916,0.0275
Decision_1,X4,50.987,0.0275
Decision_1,X4,51.059,0.0275
Decision_1,X4,51.131,0.0275
Decision_1,X4,51.203,0.0275
Decision_1,X4,51.275,0.0275
Decision_1,X4,51.346,0.0275
Decision_1,X4,51.418,0.0275
Decision_1,X4,51.49,0.0275
Decision_1,X4,51.562,0.0275
Decision_1,X4,51.634,0.0275
Decision_1,X4,51.706,0.0275
Decision_1,X4,51.777,0.0275
Decision_1,X4,51.849,0.0275
Decision_1,X4,51.921,0.0275
Decision_1,X4,51.993,0.0275
Decision_1,X4,52.065,0.0275
Decision_1,X4,52.136,0.0275
Decision_1,X4,52.208,0.0275
Decision_1,X4,52.28,0.0275
Decision_1,X4,52.352,0.0824
Decision_1,X4,52.424,1.0
Decision_2,X14,0.0,1.0
Decision_2,X14,0.072,0.0549
Decision_2,X14,0.144,0.0
Decision_2,X14,0.215,0.0
Decision_2,X14,0.287,0.0
Decision_2,X14,0.359,0.0
Decision_2,X14,0.431,0.0
Decision_2,X14,0.503,0.0
Decision_2,X14,0.575,0.0
Decision_2,X14,0.646,0.0
Decision_2,X14,0.718,0.0
Decision_2,X14,0.79,0.0
Decision_2,X14,0.862,0.0
Decision_2,X14,0.934,0.0
Decision_2,X14,1.005,0.0
Decision_2,X14,1.077,0.0
Decision_2,X14,1.149,0.0
Decision_2,X14,1.221,0.0
Decision_2,X14,1.293,0.0
Decision_2,X14,1.364,0.0
Decision_2,X14,1.436,0.0
Decision_2,X14,1.508,0.0
Decision_2,X14,1.58,0.0
Decision_2,X14,1.652,0.0
Decision_2,X14,1.724,0.0
Decision_2,X14,1.795,0.0
Decision_2,X14,1.867,0.0
Decision_2,X14,1.939,0.0
Decision_2,X14,2.011,0.0
Decision_2,X14,2.083,0.0
Decision_2,X14,2.154,0.0
Decision_2,X14,2.226,0.0
Decision_2,X14,2.298,0.0
Decision_2,X14,2.37,0.0
Decision_2,X14,2.442,0.0
Decision_2,X14,2.513,0.0
Decision_2,X14,2.585,0.0
Decision_2,X14,2.657,0.0
Decision_2,X14,2.729,0.0
Decision_2,X14,2.801,0.0
Decision_2,X14,2.873,0.0
Decision_2,X14,2.944,0.0
Decision_2,X14,3.016,0.0
Decision_2,X14,3.088,0.0
Decision_2,X14,3.16,0.0
Decision_2,X14,3.232,0.0
Decision_2,X14,3.303,0.0
Decision_2,X14,3.375,0.0
Decision_2,X14,3.447,0.0
Decision_2,X14,3.519,0.0
Decision_2,X14,3.591,0.0
Decision_2,X14,3.662,0.0
Decision_2,X14,3.734,0.0
Decision_2,X14,3.806,0.0
Decision_2,X14,3.878,0.0
Decision_2,X14,3.95,0.0
Decision_2,X14,4.022,0.0
Decision_2,X14,4.093,0.0
Decision_2,X14,4.165,0.0
Decision_2,X14,4.237,0.0
Decision_2,X14,4.309,0.0
Decision_2,X14,4.381,0.0
Decision_2,X14,4.452,0.0
Decision_2,X14,4.524,0.0
Decision_2,X14,4.596,0.0
Decision_2,X14,4.668,0.0
Decision_2,X14,4.74,0.0
Decision_2,X14,4.811,0.0
Decision_2,X14,4.883,0.0
Decision_2,X14,4.955,0.0
Decision_2,X14,5.027,0.0
Decision_2,X14,5.099,0.0
Decision_2,X14,5.171,0.0
Decision_2,X14,5.242,0.0
Decision_2,X14,5.314,0.0
Decision_2,X14,5.386,0.0
Decision_2,X14,5.458,0.0
Decision_2,X14,5.53,0.0
Decision_2,X14,5.601,0.0
Decision_2,X14,5.673,0.0
Decision_2,X14,5.745,0.0
Decision_2,X14,5.817,0.0
Decision_2,X14,5.889,0.0
Decision_2,X14,5.961,0.0
Decision_2,X14,6.032,0.0
Decision_2,X14,6.104,0.0
Decision_2,X14,6.176,0.0
Decision_2,X14,6.248,0.0
Decision_2,X14,6.32,0.0
Decision_2,X14,6.391,0.0
Decision_2,X14,6.463,0.0
Decision_2,X14,6.535,0.0
Decision_2,X14,6.607,0.0
Decision_2,X14,6.679,0.0
Decision_2,X14,6.75,0.0
Decision_2,X14,6.822,0.0
Decision_2,X14,6.894,0.0
Decision_2,X14,6.966,0.0
Decision_2,X14,7.038,0.0
Decision_2,X14,7.11,0.0
Decision_2,X14,7.181,0.0
Decision_2,X14,7.253,0.0
Decision_2,X14,7.325,0.0
Decision_2,X14,7.397,0.0
Decision_2,X14,7.469,0.0
Decision_2,X14,7.54,0.0
Decision_2,X14,7.612,0.0
Decision_2,X14,7.684,0.0
Decision_2,X14,7.756,0.0
Decision_2,X14,7.828,0.0
Decision_2,X14,7.899,0.0
Decision_2,X14,7.971,0.0
Decision_2,X14,8.043,0.0
Decision_2,X14,8.115,0.0
Decision_2,X14,8.187,0.0
Decision_2,X14,8.259,0.0
Decision_2,X14,8.33,0.0
Decision_2,X14,8.402,0.0
Decision_2,X14,8.474,0.0
Decision_2,X14,8.546,0.0
Decision_2,X14,8.618,0.0
Decision_2,X14,8.689,0.0
Decision_2,X14,8.761,0.0
Decision_2,X14,8.833,0.0
Decision_2,X14,8.905,0.0
Decision_2,X14,8.977,0.0
Decision_2,X14,9.048,0.0
Decision_2,X14,9.12,0.0
Decision_2,X14,9.192,0.0
Decision_2,X14,9.264,0.0
Decision_2,X14,9.336,0.0
Decision_2,X14,9.408,0.0
Decision_2,X14,9.479,0.0
Decision_2,X14,9.551,0.0
Decision_2,X14,9.623,0.0
Decision_2,X14,9.695,0.0
Decision_2,X14,9.767,0.0
Decision_2,X14,9.838,0.0
Decision_2,X14,9.91,0.0
Decision_2,X14,9.982,0.0
Decision_2,X14,10.054,0.0
Decision_2,X14,10.126,0.0
Decision_2,X14,10.197,0.0
Decision_2,X14,10.269,0.0
Decision_2,X14,10.341,0.0
Decision_2,X14,10.413,0.0
Decision_2,X14,10.485,0.0
Decision_2,X14,10.557,0.0
Decision_2,X14,10.628,0.0
Decision_2,X14,10.7,0.0
Decision_2,X14,10.772,0.0
Decision_2,X14,10.844,0.0
Decision_2,X14,10.916,0.0
Decision_2,X14,10.987,0.0
Decision_2,X14,11.059,0.0
Decision_2,X14,11.131,0.0
Decision_2,X14,11.203,0.0
Decision_2,X14,11.275,0.0
Decision_2,X14,11.346,0.0
Decision_2,X14,11.418,0.0
Decision_2,X14,11.49,0.0
Decision_2,X14,11.562,0.0
Decision_2,X14,11.634,0.0
Decision_2,X14,11.706,0.0
Decision_2,X14,11.777,0.0
Decision_2,X14,11.849,0.0
Decision_2,X14,11.921,0.0
Decision_2,X14,11.993,0.0
Decision_2,X14,12.065,0.0
Decision_2,X14,12.136,0.0
Decision_2,X14,12.208,0.0
Decision_2,X14,12.28,0.0
Decision_2,X14,12.352,0.0
Decision_2,X14,12.424,0.0
Decision_2,X14,12.496,0.0
Decision_2,X14,12.567,0.0
Decision_2,X14,12.639,0.0
Decision_2,X14,12.711,0.0
Decision_2,X14,12.783,0.0
Decision_2,X14,12.855,0.0
Decision_2,X14,12.926,0.0
Decision_2,X14,12.998,0.0
Decision_2,X14,13.07,0.0
Decision_2,X14,13.142,0.0
Decision_2,X14,13.214,0.0
Decision_2,X14,13.285,0.0
Decision_2,X14,13.357,0.0
Decision_2,X14,13.429,0.0
Decision_2,X14,13.501,0.0
Decision_2,X14,13.573,0.0
Decision_2,X14,13.645,0.0
Decision_2,X14,13.716,0.0
Decision_2,X14,13.788,0.0
Decision_2,X14,13.86,0.0
Decision_2,X14,13.932,0.0
Decision_2,X14,14.004,0.0
Decision_2,X14,14.075,0.0
Decision_2,X14,14.147,0.0
Decision_2,X14,14.219,0.0
Decision_2,X14,14.291,0.0
Decision_2,X14,14.363,0.0
Decision_2,X14,14.434,0.0
Decision_2,X14,14.506,0.0
Decision_2,X14,14.578,0.0
Decision_2,X14,14.65,0.0
Decision_2,X14,14.722,0.0
Decision_2,X14,14.794,0.0
Decision_2,X14,14.865,0.0
Decision_2,X14,14.937,0.0
Decision_2,X14,15.009,0.0
Decision_2,X14,15.081,0.0
Decision_2,X14,15.153,0.0
Decision_2,X14,15.224,0.0
Decision_2,X14,15.296,0.0
Decision_2,X14,15.368,0.0
Decision_2,X14,15.44,0.0
Decision_2,X14,15.512,0.0
Decision_2,X14,15.583,0.0
Decision_2,X14,15.655,0.0
Decision_2,X14,15.727,0.0
Decision_2,X14,15.799,0.0
Decision_2,X14,15.871,0.0
Decision_2,X14,15.943,0.0
Decision_2,X14,16.014,0.0
Decision_2,X14,16.086,0.0
Decision_2,X14,16.158,0.0
Decision_2,X14,16.23,0.0
Decision_2,X14,16.302,0.0
Decision_2,X14,16.373,0.0
Decision_2,X14,16.445,0.0
Decision_2,X14,16.517,0.0
Decision_2,X14,16.589,0.0
Decision_2,X14,16.661,0.0
Decision_2,X14,16.732,0.0
Decision_2,X14,16.804,0.0
Decision_2,X14,16.876,0.0
Decision_2,X14,16.948,0.0
Decision_2,X14,17.02,0.0
Decision_2,X14,17.092,0.0
Decision_2,X14,17.163,0.0
Decision_2,X14,17.235,0.0
Decision_2,X14,17.307,0.0
Decision_2,X14,17.379,0.0
Decision_2,X14,17.451,0.0
Decision_2,X14,17.522,0.0
Decision_2,X14,17.594,0.0
Decision_2,X14,17.666,0.0
Decision_2,X14,17.738,0.0
Decision_2,X14,17.81,0.0
Decision_2,X14,17.882,0.0
Decision_2,X14,17.953,0.0
Decision_2,X14,18.025,0.0
Decision_2,X14,18.097,0.0
Decision_2,X14,18.169,0.0
Decision_2,X14,18.241,0.0
Decision_2,X14,18.312,0.0
Decision_2,X14,18.384,0.0
Decision_2,X14,18.456,0.0
Decision_2,X14,18.528,0.0
Decision_2,X14,18.6,0.0
Decision_2,X14,18.671,0.0
Decision_2,X14,18.743,0.0
Decision_2,X14,18.815,0.0
Decision_2,X14,18.887,0.0
Decision_2,X14,18.959,0.0
Decision_2,X14,19.031,0.0
Decision_2,X14,19.102,0.0
Decision_2,X14,19.174,0.0
Decision_2,X14,19.246,0.0
Decision_2,X14,19.318,0.0
Decision_2,X14,19.39,0.0
Decision_2,X14,19.461,0.0
Decision_2,X14,19.533,0.0
Decision_2,X14,19.605,0.0
Decision_2,X14,19.677,0.0
Decision_2,X14,19.749,0.0
Decision_2,X14,19.82,0.0
Decision_2,X14,19.892,0.0
Decision_2,X14,19.964,0.0
Decision_2,X14,20.036,0.0
Decision_2,X14,20.108,0.0
Decision_2,X14,20.18,0.0
Decision_2,X14,20.251,0.0
Decision_2,X14,20.323,0.0
Decision_2,X14,20.395,0.0
Decision_2,X14,20.467,0.0
Decision_2,X14,20.539,0.0
Decision_2,X14,20.61,0.0
Decision_2,X14,20.682,0.0
Decision_2,X14,20.754,0.0
Decision_2,X14,20.826,0.0
Decision_2,X14,20.898,0.0
Decision_2,X14,20.969,0.0
Decision_2,X14,21.041,0.0
Decision_2,X14,21.113,0.0
Decision_2,X14,21.185,0.0
Decision_2,X14,21.257,0.0
Decision_2,X14,21.329,0.0
Decision_2,X14,21.4,0.0
Decision_2,X14,21.472,0.0
Decision_2,X14,21.544,0.0
Decision_2,X14,21.616,0.0
Decision_2,X14,21.688,0.0
Decision_2,X14,21.759,0.0
Decision_2,X14,21.831,0.0
Decision_2,X14,21.903,0.0
Decision_2,X14,21.975,0.0
Decision_2,X14,22.047,0.0
Decision_2,X14,22.118,0.0
Decision_2,X14,22.19,0.0
Decision_2,X14,22.262,0.0
Decision_2,X14,22.334,0.0
Decision_2,X14,22.406,0.0
Decision_2,X14,22.478,0.0
Decision_2,X14,22.549,0.0
Decision_2,X14,22.621,0.0
Decision_2,X14,22.693,0.0
Decision_2,X14,22.765,0.0
Decision_2,X14,22.837,0.0
Decision_2,X14,22.908,0.0
Decision_2,X14,22.98,0.0
Decision_2,X14,23.052,0.0
Decision_2,X14,23.124,0.0
Decision_2,X14,23.196,0.0
Decision_2,X14,23.268,0.0
Decision_2,X14,23.339,0.0
Decision_2,X14,23.411,0.0
Decision_2,X14,23.483,0.0
Decision_2,X14,23.555,0.0
Decision_2,X14,23.627,0.0
Decision_2,X14,23.698,0.0
Decision_2,X14,23.77,0.0
Decision_2,X14,23.842,0.0
Decision_2,X14,23.914,0.0
Decision_2,X14,23.986,0.0
Decision_2,X14,24.057,0.0
Decision_2,X14,24.129,0.0
Decision_2,X14,24.201,0.0
Decision_2,X14,24.273,0.0
Decision_2,X14,24.345,0.0
Decision_2,X14,24.417,0.0
Decision_2,X14,24.488,0.0
Decision_2,X14,24.56,0.0
Decision_2,X14,24.632,0.0
Decision_2,X14,24.704,0.0
Decision_2,X14,24.776,0.0
Decision_2,X14,24.847,0.0
Decision_2,X14,24.919,0.0
Decision_2,X14,24.991,0.0
Decision_2,X14,25.063,0.0
Decision_2,X14,25.135,0.0
Decision_2,X14,25.206,0.0
Decision_2,X14,25.278,0.0
Decision_2,X14,25.35,0.0
Decision_2,X14,25.422,0.0
Decision_2,X14,25.494,0.0
Decision_2,X14,25.566,0.0
Decision_2,X14,25.637,0.0
Decision_2,X14,25.709,0.0
Decision_2,X14,25.781,0.0
Decision_2,X14,25.853,0.0
Decision_2,X14,25.925,0.0
Decision_2,X14,25.996,0.0
Decision_2,X14,26.068,0.0
Decision_2,X14,26.14,0.0
Decision_2,X14,26.212,0.0
Decision_2,X14,26.284,0.0
Decision_2,X14,26.355,0.0
Decision_2,X14,26.427,0.0
Decision_2,X14,26.499,0.0
Decision_2,X14,26.571,0.0
Decision_2,X14,26.643,0.0
Decision_2,X14,26.715,0.0
Decision_2,X14,26.786,0.0
Decision_2,X14,26.858,0.0
Decision_2,X14,26.93,0.0
Decision_2,X14,27.002,0.0
Decision_2,X14,27.074,0.0
Decision_2,X14,27.145,0.0
Decision_2,X14,27.217,0.0
Decision_2,X14,27.289,0.0
Decision_2,X14,27.361,0.0
Decision_2,X14,27.433,0.0
Decision_2,X14,27.504,0.0
Decision_2,X14,27.576,0.0
Decision_2,X14,27.648,0.0
Decision_2,X14,27.72,0.0
Decision_2,X14,27.792,0.0
Decision_2,X14,27.864,0.0
Decision_2,X14,27.935,0.0
Decision_2,X14,28.007,0.0
Decision_2,X14,28.079,0.0
Decision_2,X14,28.151,0.0
Decision_2,X14,28.223,0.0
Decision_2,X14,28.294,0.0
Decision_2,X14,28.366,0.0
Decision_2,X14,28.438,0.0
Decision_2,X14,28.51,0.0
Decision_2,X14,28.582,0.0
Decision_2,X14,28.654,0.0
Decision_2,X14,28.725,0.0
Decision_2,X14,28.797,0.0
Decision_2,X14,28.869,0.0
Decision_2,X14,28.941,0.0
Decision_2,X14,29.013,0.0
Decision_2,X14,29.084,0.0
Decision_2,X14,29.156,0.0
Decision_2,X14,29.228,0.0
Decision_2,X14,29.3,0.0
Decision_2,X14,29.372,0.0
Decision_2,X14,29.443,0.0
Decision_2,X14,29.515,0.0
Decision_2,X14,29.587,0.0
Decision_2,X14,29.659,0.0
Decision_2,X14,29.731,0.0
Decision_2,X14,29.803,0.0
Decision_2,X14,29.874,0.0
Decision_2,X14,29.946,0.0
Decision_2,X14,30.018,0.0
Decision_2,X14,30.09,0.0
Decision_2,X14,30.162,0.0
Decision_2,X14,30.233,0.0
Decision_2,X14,30.305,0.0
Decision_2,X14,30.377,0.0
Decision_2,X14,30.449,0.0
Decision_2,X14,30.521,0.0
Decision_2,X14,30.592,0.0
Decision_2,X14,30.664,0.0
Decision_2,X14,30.736,0.0
Decision_2,X14,30.808,0.0
Decision_2,X14,30.88,0.0
Decision_2,X14,30.952,0.0
Decision_2,X14,31.023,0.0
Decision_2,X14,31.095,0.0
Decision_2,X14,31.167,0.0
Decision_2,X14,31.239,0.0
Decision_2,X14,31.311,0.0
Decision_2,X14,31.382,0.0
Decision_2,X14,31.454,0.0
Decision_2,X14,31.526,0.0
Decision_2,X14,31.598,0.0
Decision_2,X14,31.67,0.0
Decision_2,X14,31.741,0.0
Decision_2,X14,31.813,0.0
Decision_2,X14,31.885,0.0
Decision_2,X14,31.957,0.0
Decision_2,X14,32.029,0.0
Decision_2,X14,32.101,0.0
Decision_2,X14,32.172,0.0
Decision_2,X14,32.244,0.0
Decision_2,X14,32.316,0.0
Decision_2,X14,32.388,0.0
Decision_2,X14,32.46,0.0
Decision_2,X14,32.531,0.0
Decision_2,X14,32.603,0.0
Decision_2,X14,32.675,0.0
Decision_2,X14,32.747,0.0
Decision_2,X14,32.819,0.0
Decision_2,X14,32.89,0.0
Decision_2,X14,32.962,0.0
Decision_2,X14,33.034,0.0
Decision_2,X14,33.106,0.0
Decision_2,X14,33.178,0.0
Decision_2,X14,33.25,0.0
Decision_2,X14,33.321,0.0
Decision_2,X14,33.393,0.0
Decision_2,X14,33.465,0.0
Decision_2,X14,33.537,0.0
Decision_2,X14,33.609,0.0
Decision_2,X14,33.68,0.0
Decision_2,X14,33.752,0.0
Decision_2,X14,33.824,0.0
Decision_2,X14,33.896,0.0
Decision_2,X14,33.968,0.0
Decision_2,X14,34.039,0.0
Decision_2,X14,34.111,0.0
Decision_2,X14,34.183,0.0
Decision_2,X14,34.255,0.0
Decision_2,X14,34.327,0.0
Decision_2,X14,34.399,0.0
Decision_2,X14,34.47,0.0
Decision_2,X14,34.542,0.0
Decision_2,X14,34.614,0.0
Decision_2,X14,34.686,0.0
Decision_2,X14,34.758,0.0
Decision_2,X14,34.829,0.0
Decision_2,X14,34.901,0.0
Decision_2,X14,34.973,0.0
Decision_2,X14,35.045,0.0
Decision_2,X14,35.117,0.0
Decision_2,X14,35.189,0.0
Decision_2,X14,35.26,0.0
Decision_2,X14,35.332,0.0
Decision_2,X14,35.404,0.0
Decision_2,X14,35.476,0.0
Decision_2,X14,35.548,0.0
Decision_2,X14,35.619,0.0
Decision_2,X14,35.691,0.0
Decision_2,X14,35.763,0.0
Decision_2,X14,35.835,0.0
Decision_2,X14,35.907,0.0
Decision_2,X14,35.978,0.0
Decision_2,X14,36.05,0.0
Decision_2,X14,36.122,0.0
Decision_2,X14,36.194,0.0
Decision_2,X14,36.266,0.0
Decision_2,X14,36.338,0.0
Decision_2,X14,36.409,0.0
Decision_2,X14,36.481,0.0
Decision_2,X14,36.553,0.0
Decision_2,X14,36.625,0.0
Decision_2,X14,36.697,0.0
Decision_2,X14,36.768,0.0
Decision_2,X14,36.84,0.0
Decision_2,X14,36.912,0.0
Decision_2,X14,36.984,0.0
Decision_2,X14,37.056,0.0
Decision_2,X14,37.127,0.0
Decision_2,X14,37.199,0.0
Decision_2,X14,37.271,0.0
Decision_2,X14,37.343,0.0
Decision_2,X14,37.415,0.0
Decision_2,X14,37.487,0.0
Decision_2,X14,37.558,0.0
Decision_2,X14,37.63,0.0
Decision_2,X14,37.702,0.0
Decision_2,X14,37.774,0.0
Decision_2,X14,37.846,0.0
Decision_2,X14,37.917,0.0
Decision_2,X14,37.989,0.0
Decision_2,X14,38.061,0.0
Decision_2,X14,38.133,0.0
Decision_2,X14,38.205,0.0
Decision_2,X14,38.276,0.0
Decision_2,X14,38.348,0.0
Decision_2,X14,38.42,0.0
Decision_2,X14,38.492,0.0
Decision_2,X14,38.564,0.0
Decision_2,X14,38.636,0.0
Decision_2,X14,38.707,0.0
Decision_2,X14,38.779,0.0
Decision_2,X14,38.851,0.0
Decision_2,X14,38.923,0.0
Decision_2,X14,38.995,0.0
Decision_2,X14,39.066,0.0
Decision_2,X14,39.138,0.0
Decision_2,X14,39.21,0.0
Decision_2,X14,39.282,0.0
Decision_2,X14,39.354,0.0
Decision_2,X14,39.425,0.0
Decision_2,X14,39.497,0.0
Decision_2,X14,39.569,0.0
Decision_2,X14,39.641,0.0
Decision_2,X14,39.713,0.0
Decision_2,X14,39.785,0.0
Decision_2,X14,39.856,0.0
Decision_2,X14,39.928,0.0
Decision_2,X14,40.0,0.0
Decision_2,X14,40.072,0.0
Decision_2,X14,40.144,0.0
Decision_2,X14,40.215,0.0
Decision_2,X14,40.287,0.0
Decision_2,X14,40.359,0.0
Decision_2,X14,40.431,0.0
Decision_2,X14,40.503,0.0
Decision_2,X14,40.575,0.0
Decision_2,X14,40.646,0.0
Decision_2,X14,40.718,0.0
Decision_2,X14,40.79,0.0
Decision_2,X14,40.862,0.0
Decision_2,X14,40.934,0.0
Decision_2,X14,41.005,0.0
Decision_2,X14,41.077,0.0
Decision_2,X14,41.149,0.0
Decision_2,X14,41.221,0.0
Decision_2,X14,41.293,0.0
Decision_2,X14,41.364,0.0
Decision_2,X14,41.436,0.0
Decision_2,X14,41.508,0.0
Decision_2,X14,41.58,0.0
Decision_2,X14,41.652,0.0
Decision_2,X14,41.724,0.0
Decision_2,X14,41.795,0.0
Decision_2,X14,41.867,0.0
Decision_2,X14,41.939,0.0
Decision_2,X14,42.011,0.0
Decision_2,X14,42.083,0.0
Decision_2,X14,42.154,0.0
Decision_2,X14,42.226,0.0
Decision_2,X14,42.298,0.0
Decision_2,X14,42.37,0.0
Decision_2,X14,42.442,0.0
Decision_2,X14,42.513,0.0
Decision_2,X14,42.585,0.0
Decision_2,X14,42.657,0.0
Decision_2,X14,42.729,0.0
Decision_2,X14,42.801,0.0
Decision_2,X14,42.873,0.0
Decision_2,X14,42.944,0.0
Decision_2,X14,43.016,0.0
Decision_2,X14,43.088,0.0
Decision_2,X14,43.16,0.0
Decision_2,X14,43.232,0.0
Decision_2,X14,43.303,0.0
Decision_2,X14,43.375,0.0
Decision_2,X14,43.447,0.0
Decision_2,X14,43.519,0.0
Decision_2,X14,43.591,0.0
Decision_2,X14,43.662,0.0
Decision_2,X14,43.734,0.0
Decision_2,X14,43.806,0.0
Decision_2,X14,43.878,0.0
Decision_2,X14,43.95,0.0
Decision_2,X14,44.022,0.0
Decision_2,X14,44.093,0.0
Decision_2,X14,44.165,0.0
Decision_2,X14,44.237,0.0
Decision_2,X14,44.309,0.0
Decision_2,X14,44.381,0.0
Decision_2,X14,44.452,0.0
Decision_2,X14,44.524,0.0
Decision_2,X14,44.596,0.0
Decision_2,X14,44.668,0.0
Decision_2,X14,44.74,0.0
Decision_2,X14,44.811,0.0
Decision_2,X14,44.883,0.0
Decision_2,X14,44.955,0.0
Decision_2,X14,45.027,0.0
Decision_2,X14,45.099,0.0
Decision_2,X14,45.171,0.0
Decision_2,X14,45.242,0.0
Decision_2,X14,45.314,0.0
Decision_2,X14,45.386,0.0
Decision_2,X14,45.458,0.0
Decision_2,X14,45.53,0.0
Decision_2,X14,45.601,0.0
Decision_2,X14,45.673,0.0
Decision_2,X14,45.745,0.0
Decision_2,X14,45.817,0.0
Decision_2,X14,45.889,0.0
Decision_2,X14,45.961,0.0
Decision_2,X14,46.032,0.0
Decision_2,X14,46.104,0.0
Decision_2,X14,46.176,0.0
Decision_2,X14,46.248,0.0
Decision_2,X14,46.32,0.0
Decision_2,X14,46.391,0.0
Decision_2,X14,46.463,0.0
Decision_2,X14,46.535,0.0
Decision_2,X14,46.607,0.0
Decision_2,X14,46.679,0.0
Decision_2,X14,46.75,0.0
Decision_2,X14,46.822,0.0
Decision_2,X14,46.894,0.0
Decision_2,X14,46.966,0.0
Decision_2,X14,47.038,0.0
Decision_2,X14,47.11,0.0
Decision_2,X14,47.181,0.0
Decision_2,X14,47.253,0.0
Decision_2,X14,47.325,0.0
Decision_2,X14,47.397,0.0
Decision_2,X14,47.469,0.0
Decision_2,X14,47.54,0.0
Decision_2,X14,47.612,0.0
Decision_2,X14,47.684,0.0
Decision_2,X14,47.756,0.0
Decision_2,X14,47.828,0.0
Decision_2,X14,47.899,0.0
Decision_2,X14,47.971,0.0
Decision_2,X14,48.043,0.0
Decision_2,X14,48.115,0.0
Decision_2,X14,48.187,0.0
Decision_2,X14,48.259,0.0
Decision_2,X14,48.33,0.0
Decision_2,X14,48.402,0.0
Decision_2,X14,48.474,0.0
Decision_2,X14,48.546,0.0
Decision_2,X14,48.618,0.0
Decision_2,X14,48.689,0.0
Decision_2,X14,48.761,0.0
Decision_2,X14,48.833,0.0
Decision_2,X14,48.905,0.0
Decision_2,X14,48.977,0.0
Decision_2,X14,49.048,0.0
Decision_2,X14,49.12,0.0
Decision_2,X14,49.192,0.0
Decision_2,X14,49.264,0.0
Decision_2,X14,49.336,0.0
Decision_2,X14,49.408,0.0
Decision_2,X14,49.479,0.0
Decision_2,X14,49.551,0.0
Decision_2,X14,49.623,0.0
Decision_2,X14,49.695,0.0
Decision_2,X14,49.767,0.0
Decision_2,X14,49.838,0.0
Decision_2,X14,49.91,0.0
Decision_2,X14,49.982,0.0
Decision_2,X14,50.054,0.0
Decision_2,X14,50.126,0.0
Decision_2,X14,50.197,0.0
Decision_2,X14,50.269,0.0
Decision_2,X14,50.341,0.0
Decision_2,X14,50.413,0.0
Decision_2,X14,50.485,0.0
Decision_2,X14,50.557,0.0
Decision_2,X14,50.628,0.0
Decision_2,X14,50.7,0.0
Decision_2,X14,50.772,0.0
Decision_2,X14,50.844,0.0
Decision_2,X14,50.916,0.0
Decision_2,X14,50.987,0.0
Decision_2,X14,51.059,0.0
Decision_2,X14,51.131,0.0
Decision_2,X14,51.203,0.0
Decision_2,X14,51.275,0.0
Decision_2,X14,51.346,0.0
Decision_2,X14,51.418,0.0
Decision_2,X14,51.49,0.0
Decision_2,X14,51.562,0.0
Decision_2,X14,51.634,0.0
Decision_2,X14,51.706,0.0
Decision_2,X14,51.777,0.0
Decision_2,X14,51.849,0.0
Decision_2,X14,51.921,0.0
Decision_2,X14,51.993,0.0
Decision_2,X14,52.065,0.0
Decision_2,X14,52.136,0.0
Decision_2,X14,52.208,0.0
Decision_2,X14,52.28,0.0
Decision_2,X14,52.352,0.0549
Decision_2,X14,52.424,1.0
Decision_2,X15,0.0,1.0
Decision_2,X15,0.072,0.3961
Decision_2,X15,0.144,0.3608
Decision_2,X15,0.215,0.6
Decision_2,X15,0.287,1.0
Decision_2,X15,0.359,1.0
Decision_2,X15,0.431,1.0
Decision_2,X15,0.503,1.0
Decision_2,X15,0.575,1.0
Decision_2,X15,0.646,1.0
Decision_2,X15,0.718,1.0
Decision_2,X15,0.79,1.0
Decision_2,X15,0.862,1.0
Decision_2,X15,0.934,1.0
Decision_2,X15,1.005,1.0
Decision_2,X15,1.077,1.0
Decision_2,X15,1.149,1.0
Decision_2,X15,1.221,1.0
Decision_2,X15,1.293,1.0
Decision_2,X15,1.364,1.0
Decision_2,X15,1.436,1.0
Decision_2,X15,1.508,1.0
Decision_2,X15,1.58,1.0
Decision_2,X15,1.652,1.0
Decision_2,X15,1.724,1.0
Decision_2,X15,1.795,1.0
Decision_2,X15,1.867,1.0
Decision_2,X15,1.939,1.0
Decision_2,X15,2.011,1.0
Decision_2,X15,2.083,1.0
Decision_2,X15,2.154,1.0
Decision_2,X15,2.226,1.0
Decision_2,X15,2.298,1.0
Decision_2,X15,2.37,1.0
Decision_2,X15,2.442,1.0
Decision_2,X15,2.513,1.0
Decision_2,X15,2.585,1.0
Decision_2,X15,2.657,1.0
Decision_2,X15,2.729,1.0
Decision_2,X15,2.801,1.0
Decision_2,X15,2.873,1.0
Decision_2,X15,2.944,1.0
Decision_2,X15,3.016,1.0
Decision_2,X15,3.088,1.0
Decision_2,X15,3.16,1.0
Decision_2,X15,3.232,1.0
Decision_2,X15,3.303,1.0
Decision_2,X15,3.375,1.0
Decision_2,X15,3.447,1.0
Decision_2,X15,3.519,1.0
Decision_2,X15,3.591,1.0
Decision_2,X15,3.662,1.0
Decision_2,X15,3.734,1.0
Decision_2,X15,3.806,1.0
Decision_2,X15,3.878,1.0
Decision_2,X15,3.95,1.0
Decision_2,X15,4.022,1.0
Decision_2,X15,4.093,1.0
Decision_2,X15,4.165,1.0
Decision_2,X15,4.237,1.0
Decision_2,X15,4.309,1.0
Decision_2,X15,4.381,1.0
Decision_2,X15,4.452,1.0
Decision_2,X15,4.524,1.0
Decision_2,X15,4.596,1.0
Decision_2,X15,4.668,1.0
Decision_2,X15,4.74,1.0
Decision_2,X15,4.811,1.0
Decision_2,X15,4.883,1.0
Decision_2,X15,4.955,1.0
Decision_2,X15,5.027,1.0
Decision_2,X15,5.099,1.0
Decision_2,X15,5.171,1.0
Decision_2,X15,5.242,1.0
Decision_2,X15,5.314,1.0
Decision_2,X15,5.386,1.0
Decision_2,X15,5.458,1.0
Decision_2,X15,5.53,1.0
Decision_2,X15,5.601,1.0
Decision_2,X15,5.673,1.0
Decision_2,X15,5.745,1.0
Decision_2,X15,5.817,1.0
Decision_2,X15,5.889,1.0
Decision_2,X15,5.961,1.0
Decision_2,X15,6.032,1.0
Decision_2,X15,6.104,1.0
Decision_2,X15,6.176,1.0
Decision_2,X15,6.248,1.0
Decision_2,X15,6.32,1.0
Decision_2,X15,6.391,1.0
Decision_2,X15,6.463,1.0
Decision_2,X15,6.535,1.0
Decision_2,X15,6.607,1.0
Decision_2,X15,6.679,1.0
Decision_2,X15,6.75,1.0
Decision_2,X15,6.822,1.0
Decision_2,X15,6.894,1.0
Decision_2,X15,6.966,1.0
Decision_2,X15,7.038,1.0
Decision_2,X15,7.11,1.0
Decision_2,X15,7.181,1.0
Decision_2,X15,7.253,1.0
Decision_2,X15,7.325,1.0
Decision_2,X15,7.397,1.0
Decision_2,X15,7.469,1.0
Decision_2,X15,7.54,1.0
Decision_2,X15,7.612,1.0
Decision_2,X15,7.684,1.0
Decision_2,X15,7.756,1.0
Decision_2,X15,7.828,1.0
Decision_2,X15,7.899,1.0
Decision_2,X15,7.971,1.0
Decision_2,X15,8.043,1.0
Decision_2,X15,8.115,1.0
Decision_2,X15,8.187,1.0
Decision_2,X15,8.259,1.0
Decision_2,X15,8.33,1.0
Decision_2,X15,8.402,1.0
Decision_2,X15,8.474,1.0
Decision_2,X15,8.546,1.0
Decision_2,X15,8.618,1.0
Decision_2,X15,8.689,1.0
Decision_2,X15,8.761,1.0
Decision_2,X15,8.833,1.0
Decision_2,X15,8.905,1.0
Decision_2,X15,8.977,1.0
Decision_2,X15,9.048,1.0
Decision_2,X15,9.12,1.0
Decision_2,X15,9.192,1.0
Decision_2,X15,9.264,1.0
Decision_2,X15,9.336,1.0
Decision_2,X15,9.408,1.0
Decision_2,X15,9.479,1.0
Decision_2,X15,9.551,1.0
Decision_2,X15,9.623,1.0
Decision_2,X15,9.695,1.0
Decision_2,X15,9.767,1.0
Decision_2,X15,9.838,1.0
Decision_2,X15,9.91,1.0
Decision_2,X15,9.982,1.0
Decision_2,X15,10.054,1.0
Decision_2,X15,10.126,1.0
Decision_2,X15,10.197,1.0
Decision_2,X15,10.269,1.0
Decision_2,X15,10.341,1.0
Decision_2,X15,10.413,1.0
Decision_2,X15,10.485,1.0
Decision_2,X15,10.557,1.0
Decision_2,X15,10.628,1.0
Decision_2,X15,10.7,1.0
Decision_2,X15,10.772,1.0
Decision_2,X15,10.844,1.0
Decision_2,X15,10.916,1.0
Decision_2,X15,10.987,1.0
Decision_2,X15,11.059,1.0
Decision_2,X15,11.131,1.0
Decision_2,X15,11.203,1.0
Decision_2,X15,11.275,1.0
Decision_2,X15,11.346,1.0
Decision_2,X15,11.418,1.0
Decision_2,X15,11.49,1.0
Decision_2,X15,11.562,1.0
Decision_2,X15,11.634,1.0
Decision_2,X15,11.706,1.0
Decision_2,X15,11.777,1.0
Decision_2,X15,11.849,1.0
Decision_2,X15,11.921,1.0
Decision_2,X15,11.993,1.0
Decision_2,X15,12.065,1.0
Decision_2,X15,12.136,1.0
Decision_2,X15,12.208,1.0
Decision_2,X15,12.28,1.0
Decision_2,X15,12.352,1.0
Decision_2,X15,12.424,1.0
Decision_2,X15,12.496,1.0
Decision_2,X15,12.567,1.0
Decision_2,X15,12.639,1.0
Decision_2,X15,12.711,1.0
Decision_2,X15,12.783,1.0
Decision_2,X15,12.855,1.0
Decision_2,X15,12.926,1.0
Decision_2,X15,12.998,1.0
Decision_2,X15,13.07,1.0
Decision_2,X15,13.142,1.0
Decision_2,X15,13.214,1.0
Decision_2,X15,13.285,1.0
Decision_2,X15,13.357,1.0
Decision_2,X15,13.429,1.0
Decision_2,X15,13.501,1.0
Decision_2,X15,13.573,1.0
Decision_2,X15,13.645,1.0
Decision_2,X15,13.716,1.0
Decision_2,X15,13.788,1.0
Decision_2,X15,13.86,1.0
Decision_2,X15,13.932,1.0
Decision_2,X15,14.004,1.0
Decision_2,X15,14.075,1.0
Decision_2,X15,14.147,1.0
Decision_2,X15,14.219,1.0
Decision_2,X15,14.291,1.0
Decision_2,X15,14.363,1.0
Decision_2,X15,14.434,1.0
Decision_2,X15,14.506,1.0
Decision_2,X15,14.578,1.0
Decision_2,X15,14.65,1.0
Decision_2,X15,14.722,1.0
Decision_2,X15,14.794,1.0
Decision_2,X15,14.865,1.0
Decision_2,X15,14.937,1.0
Decision_2,X15,15.009,1.0
Decision_2,X15,15.081,1.0
Decision_2,X15,15.153,1.0
Decision_2,X15,15.224,1.0
Decision_2,X15,15.296,1.0
Decision_2,X15,15.368,1.0
Decision_2,X15,15.44,1.0
Decision_2,X15,15.512,1.0
Decision_2,X15,15.583,1.0
Decision_2,X15,15.655,1.0
Decision_2,X15,15.727,1.0
Decision_2,X15,15.799,1.0
Decision_2,X15,15.871,1.0
Decision_2,X15,15.943,1.0
Decision_2,X15,16.014,1.0
Decision_2,X15,16.086,1.0
Decision_2,X15,16.158,1.0
Decision_2,X15,16.23,1.0
Decision_2,X15,16.302,1.0
Decision_2,X15,16.373,1.0
Decision_2,X15,16.445,1.0
Decision_2,X15,16.517,1.0
Decision_2,X15,16.589,1.0
Decision_2,X15,16.661,1.0
Decision_2,X15,16.732,1.0
Decision_2,X15,16.804,1.0
Decision_2,X15,16.876,1.0
Decision_2,X15,16.948,1.0
Decision_2,X15,17.02,1.0
Decision_2,X15,17.092,1.0
Decision_2,X15,17.163,1.0
Decision_2,X15,17.235,1.0
Decision_2,X15,17.307,1.0
Decision_2,X15,17.379,1.0
Decision_2,X15,17.451,1.0
Decision_2,X15,17.522,1.0
Decision_2,X15,17.594,1.0
Decision_2,X15,17.666,1.0
Decision_2,X15,17.738,1.0
Decision_2,X15,17.81,1.0
Decision_2,X15,17.882,1.0
Decision_2,X15,17.953,1.0
Decision_2,X15,18.025,1.0
Decision_2,X15,18.097,1.0
Decision_2,X15,18.169,1.0
Decision_2,X15,18.241,1.0
Decision_2,X15,18.312,1.0
Decision_2,X15,18.384,1.0
Decision_2,X15,18.456,1.0
Decision_2,X15,18.528,1.0
Decision_2,X15,18.6,1.0
Decision_2,X15,18.671,1.0
Decision_2,X15,18.743,1.0
Decision_2,X15,18.815,1.0
Decision_2,X15,18.887,1.0
Decision_2,X15,18.959,1.0
Decision_2,X15,19.031,1.0
Decision_2,X15,19.102,1.0
Decision_2,X15,19.174,1.0
Decision_2,X15,19.246,1.0
Decision_2,X15,19.318,1.0
Decision_2,X15,19.39,1.0
Decision_2,X15,19.461,1.0
Decision_2,X15,19.533,1.0
Decision_2,X15,19.605,1.0
Decision_2,X15,19.677,1.0
Decision_2,X15,19.749,1.0
Decision_2,X15,19.82,1.0
Decision_2,X15,19.892,1.0
Decision_2,X15,19.964,1.0
Decision_2,X15,20.036,1.0
Decision_2,X15,20.108,1.0
Decision_2,X15,20.18,1.0
Decision_2,X15,20.251,1.0
Decision_2,X15,20.323,1.0
Decision_2,X15,20.395,1.0
Decision_2,X15,20.467,1.0
Decision_2,X15,20.539,1.0
Decision_2,X15,20.61,1.0
Decision_2,X15,20.682,1.0
Decision_2,X15,20.754,1.0
Decision_2,X15,20.826,1.0
Decision_2,X15,20.898,1.0
Decision_2,X15,20.969,1.0
Decision_2,X15,21.041,1.0
Decision_2,X15,21.113,1.0
Decision_2,X15,21.185,1.0
Decision_2,X15,21.257,1.0
Decision_2,X15,21.329,1.0
Decision_2,X15,21.4,1.0
Decision_2,X15,21.472,1.0
Decision_2,X15,21.544,1.0
Decision_2,X15,21.616,1.0
Decision_2,X15,21.688,1.0
Decision_2,X15,21.759,1.0
Decision_2,X15,21.831,1.0
Decision_2,X15,21.903,1.0
Decision_2,X15,21.975,1.0
Decision_2,X15,22.047,1.0
Decision_2,X15,22.118,1.0
Decision_2,X15,22.19,1.0
Decision_2,X15,22.262,1.0
Decision_2,X15,22.334,1.0
Decision_2,X15,22.406,1.0
Decision_2,X15,22.478,1.0
Decision_2,X15,22.549,1.0
Decision_2,X15,22.621,1.0
Decision_2,X15,22.693,1.0
Decision_2,X15,22.765,1.0
Decision_2,X15,22.837,1.0
Decision_2,X15,22.908,1.0
Decision_2,X15,22.98,1.0
Decision_2,X15,23.052,1.0
Decision_2,X15,23.124,1.0
Decision_2,X15,23.196,1.0
Decision_2,X15,23.268,1.0
Decision_2,X15,23.339,1.0
Decision_2,X15,23.411,1.0
Decision_2,X15,23.483,1.0
Decision_2,X15,23.555,1.0
Decision_2,X15,23.627,1.0
Decision_2,X15,23.698,1.0
Decision_2,X15,23.77,1.0
Decision_2,X15,23.842,1.0
Decision_2,X15,23.914,1.0
Decision_2,X15,23.986,1.0
Decision_2,X15,24.057,1.0
Decision_2,X15,24.129,1.0
Decision_2,X15,24.201,1.0
Decision_2,X15,24.273,1.0
Decision_2,X15,24.345,1.0
Decision_2,X15,24.417,1.0
Decision_2,X15,24.488,1.0
Decision_2,X15,24.56,1.0
Decision_2,X15,24.632,1.0
Decision_2,X15,24.704,1.0
Decision_2,X15,24.776,1.0
Decision_2,X15,24.847,1.0
Decision_2,X15,24.919,1.0
Decision_2,X15,24.991,1.0
Decision_2,X15,25.063,1.0
Decision_2,X15,25.135,1.0
Decision_2,X15,25.206,1.0
Decision_2,X15,25.278,1.0
Decision_2,X15,25.35,1.0
Decision_2,X15,25.422,1.0
Decision_2,X15,25.494,1.0
Decision_2,X15,25.566,1.0
Decision_2,X15,25.637,1.0
Decision_2,X15,25.709,1.0
Decision_2,X15,25.781,1.0
Decision_2,X15,25.853,1.0
Decision_2,X15,25.925,1.0
Decision_2,X15,25.996,1.0
Decision_2,X15,26.068,1.0
Decision_2,X15,26.14,1.0
Decision_2,X15,26.212,1.0
Decision_2,X15,26.284,1.0
Decision_2,X15,26.355,1.0
Decision_2,X15,26.427,1.0
Decision_2,X15,26.499,1.0
Decision_2,X15,26.571,1.0
Decision_2,X15,26.643,1.0
Decision_2,X15,26.715,1.0
Decision_2,X15,26.786,1.0
Decision_2,X15,26.858,1.0
Decision_2,X15,26.93,1.0
Decision_2,X15,27.002,1.0
Decision_2,X15,27.074,1.0
Decision_2,X15,27.145,1.0
Decision_2,X15,27.217,1.0
Decision_2,X15,27.289,1.0
Decision_2,X15,27.361,1.0
Decision_2,X15,27.433,1.0
Decision_2,X15,27.504,1.0
Decision_2,X15,27.576,1.0
Decision_2,X15,27.648,1.0
Decision_2,X15,27.72,1.0
Decision_2,X15,27.792,1.0
Decision_2,X15,27.864,1.0
Decision_2,X15,27.935,1.0
Decision_2,X15,28.007,1.0
Decision_2,X15,28.079,1.0
Decision_2,X15,28.151,1.0
Decision_2,X15,28.223,1.0
Decision_2,X15,28.294,1.0
Decision_2,X15,28.366,1.0
Decision_2,X15,28.438,1.0
Decision_2,X15,28.51,1.0
Decision_2,X15,28.582,1.0
Decision_2,X15,28.654,1.0
Decision_2,X15,28.725,1.0
Decision_2,X15,28.797,1.0
Decision_2,X15,28.869,1.0
Decision_2,X15,28.941,1.0
Decision_2,X15,29.013,1.0
Decision_2,X15,29.084,1.0
Decision_2,X15,29.156,1.0
Decision_2,X15,29.228,1.0
Decision_2,X15,29.3,1.0
Decision_2,X15,29.372,1.0
Decision_2,X15,29.443,1.0
Decision_2,X15,29.515,1.0
Decision_2,X15,29.587,1.0
Decision_2,X15,29.659,1.0
Decision_2,X15,29.731,1.0
Decision_2,X15,29.803,1.0
Decision_2,X15,29.874,1.0
Decision_2,X15,29.946,1.0
Decision_2,X15,30.018,1.0
Decision_2,X15,30.09,1.0
Decision_2,X15,30.162,1.0
Decision_2,X15,30.233,1.0
Decision_2,X15,30.305,1.0
Decision_2,X15,30.377,1.0
Decision_2,X15,30.449,1.0
Decision_2,X15,30.521,1.0
Decision_2,X15,30.592,1.0
Decision_2,X15,30.664,1.0
Decision_2,X15,30.736,1.0
Decision_2,X15,30.808,1.0
Decision_2,X15,30.88,1.0
Decision_2,X15,30.952,1.0
Decision_2,X15,31.023,1.0
Decision_2,X15,31.095,1.0
Decision_2,X15,31.167,1.0
Decision_2,X15,31.239,1.0
Decision_2,X15,31.311,1.0
Decision_2,X15,31.382,1.0
Decision_2,X15,31.454,1.0
Decision_2,X15,31.526,1.0
Decision_2,X15,31.598,1.0
Decision_2,X15,31.67,1.0
Decision_2,X15,31.741,1.0
Decision_2,X15,31.813,1.0
Decision_2,X15,31.885,1.0
Decision_2,X15,31.957,1.0
Decision_2,X15,32.029,1.0
Decision_2,X15,32.101,1.0
Decision_2,X15,32.172,1.0
Decision_2,X15,32.244,1.0
Decision_2,X15,32.316,1.0
Decision_2,X15,32.388,1.0
Decision_2,X15,32.46,1.0
Decision_2,X15,32.531,1.0
Decision_2,X15,32.603,1.0
Decision_2,X15,32.675,1.0
Decision_2,X15,32.747,1.0
Decision_2,X15,32.819,1.0
Decision_2,X15,32.89,1.0
Decision_2,X15,32.962,1.0
Decision_2,X15,33.034,1.0
Decision_2,X15,33.106,1.0
Decision_2,X15,33.178,1.0
Decision_2,X15,33.25,1.0
Decision_2,X15,33.321,1.0
Decision_2,X15,33.393,1.0
Decision_2,X15,33.465,1.0
Decision_2,X15,33.537,1.0
Decision_2,X15,33.609,1.0
Decision_2,X15,33.68,1.0
Decision_2,X15,33.752,1.0
Decision_2,X15,33.824,1.0
Decision_2,X15,33.896,1.0
Decision_2,X15,33.968,1.0
Decision_2,X15,34.039,1.0
Decision_2,X15,34.111,1.0
Decision_2,X15,34.183,1.0
Decision_2,X15,34.255,1.0
Decision_2,X15,34.327,1.0
Decision_2,X15,34.399,1.0
Decision_2,X15,34.47,1.0
Decision_2,X15,34.542,1.0
Decision_2,X15,34.614,1.0
Decision_2,X15,34.686,1.0
Decision_2,X15,34.758,1.0
Decision_2,X15,34.829,1.0
Decision_2,X15,34.901,1.0
Decision_2,X15,34.973,1.0
Decision_2,X15,35.045,1.0
Decision_2,X15,35.117,1.0
Decision_2,X15,35.189,1.0
Decision_2,X15,35.26,1.0
Decision_2,X15,35.332,1.0
Decision_2,X15,35.404,1.0
Decision_2,X15,35.476,1.0
Decision_2,X15,35.548,1.0
Decision_2,X15,35.619,1.0
Decision_2,X15,35.691,1.0
Decision_2,X15,35.763,1.0
Decision_2,X15,35.835,0.051
Decision_2,X15,35.907,1.0
Decision_2,X15,35.978,1.0
Decision_2,X15,36.05,1.0
Decision_2,X15,36.122,1.0
Decision_2,X15,36.194,1.0
Decision_2,X15,36.266,1.0
Decision_2,X15,36.338,1.0
Decision_2,X15,36.409,1.0
Decision_2,X15,36.481,1.0
Decision_2,X15,36.553,1.0
Decision_2,X15,36.625,1.0
Decision_2,X15,36.697,1.0
Decision_2,X15,36.768,1.0
Decision_2,X15,36.84,1.0
Decision_2,X15,36.912,1.0
Decision_2,X15,36.984,1.0
Decision_2,X15,37.056,1.0
Decision_2,X15,37.127,1.0
Decision_2,X15,37.199,1.0
Decision_2,X15,37.271,1.0
Decision_2,X15,37.343,1.0
Decision_2,X15,37.415,1.0
Decision_2,X15,37.487,1.0
Decision_2,X15,37.558,1.0
Decision_2,X15,37.63,1.0
Decision_2,X15,37.702,1.0
Decision_2,X15,37.774,1.0
Decision_2,X15,37.846,1.0
Decision_2,X15,37.917,1.0
Decision_2,X15,37.989,0.0157
Decision_2,X15,38.061,0.0157
Decision_2,X15,38.133,0.0157
Decision_2,X15,38.205,0.0471
Decision_2,X15,38.276,0.0471
Decision_2,X15,38.348,0.0196
Decision_2,X15,38.42,0.0157
Decision_2,X15,38.492,0.0157
Decision_2,X15,38.564,0.0157
Decision_2,X15,38.636,0.0157
Decision_2,X15,38.707,0.0157
Decision_2,X15,38.779,0.0157
Decision_2,X15,38.851,0.0157
Decision_2,X15,38.923,0.0157
Decision_2,X15,38.995,0.0157
Decision_2,X15,39.066,0.0157
Decision_2,X15,39.138,0.0157
Decision_2,X15,39.21,0.0157
Decision_2,X15,39.282,0.0157
Decision_2,X15,39.354,0.0157
Decision_2,X15,39.425,0.0157
Decision_2,X15,39.497,0.0157
Decision_2,X15,39.569,0.0157
Decision_2,X15,39.641,0.0157
Decision_2,X15,39.713,0.0157
Decision_2,X15,39.785,0.0157
Decision_2,X15,39.856,0.0157
Decision_2,X15,39.928,0.0157
Decision_2,X15,40.0,0.0157
Decision_2,X15,40.072,0.0157
Decision_2,X15,40.144,0.0157
Decision_2,X15,40.215,0.0157
Decision_2,X15,40.287,0.0157
Decision_2,X15,40.359,0.0157
Decision_2,X15,40.431,0.0157
Decision_2,X15,40.503,0.0157
Decision_2,X15,40.575,0.0157
Decision_2,X15,40.646,0.0157
Decision_2,X15,40.718,0.0157
Decision_2,X15,40.79,0.0157
Decision_2,X15,40.862,0.0157
Decision_2,X15,40.934,0.0157
Decision_2,X15,41.005,0.0157
Decision_2,X15,41.077,0.0157
Decision_2,X15,41.149,0.0157
Decision_2,X15,41.221,0.0157
Decision_2,X15,41.293,0.0157
Decision_2,X15,41.364,0.0157
Decision_2,X15,41.436,0.0157
Decision_2,X15,41.508,0.0157
Decision_2,X15,41.58,0.0157
Decision_2,X15,41.652,0.0157
Decision_2,X15,41.724,0.0157
Decision_2,X15,41.795,0.0157
Decision_2,X15,41.867,0.0157
Decision_2,X15,41.939,0.0157
Decision_2,X15,42.011,0.0157
Decision_2,X15,42.083,0.0157
Decision_2,X15,42.154,0.0157
Decision_2,X15,42.226,0.0157
Decision_2,X15,42.298,0.0157
Decision_2,X15,42.37,0.0157
Decision_2,X15,42.442,0.0157
Decision_2,X15,42.513,0.0157
Decision_2,X15,42.585,0.0157
Decision_2,X15,42.657,0.0157
Decision_2,X15,42.729,0.0157
Decision_2,X15,42.801,0.0824
Decision_2,X15,42.873,0.0824
Decision_2,X15,42.944,0.0157
Decision_2,X15,43.016,0.0157
Decision_2,X15,43.088,0.0588
Decision_2,X15,43.16,0.0588
Decision_2,X15,43.232,0.0157
Decision_2,X15,43.303,0.0157
Decision_2,X15,43.375,0.0157
Decision_2,X15,43.447,0.0588
Decision_2,X15,43.519,0.0157
Decision_2,X15,43.591,0.0157
Decision_2,X15,43.662,0.0157
Decision_2,X15,43.734,0.0588
Decision_2,X15,43.806,0.0157
Decision_2,X15,43.878,0.0157
Decision_2,X15,43.95,0.0157
Decision_2,X15,44.022,0.0588
Decision_2,X15,44.093,0.0157
Decision_2,X15,44.165,0.0157
Decision_2,X15,44.237,0.0157
Decision_2,X15,44.309,0.0549
Decision_2,X15,44.381,0.0157
Decision_2,X15,44.452,0.0157
Decision_2,X15,44.524,0.0157
Decision_2,X15,44.596,0.0627
Decision_2,X15,44.668,0.0627
Decision_2,X15,44.74,0.0157
Decision_2,X15,44.811,0.0157
Decision_2,X15,44.883,0.0392
Decision_2,X15,44.955,0.0392
Decision_2,X15,45.027,0.0157
Decision_2,X15,45.099,0.0157
Decision_2,X15,45.171,0.0157
Decision_2,X15,45.242,0.0196
Decision_2,X15,45.314,0.0157
Decision_2,X15,45.386,0.0157
Decision_2,X15,45.458,0.0157
Decision_2,X15,45.53,0.0157
Decision_2,X15,45.601,0.0157
Decision_2,X15,45.673,0.0157
Decision_2,X15,45.745,0.0157
Decision_2,X15,45.817,0.0157
Decision_2,X15,45.889,0.0157
Decision_2,X15,45.961,0.0157
Decision_2,X15,46.032,0.0157
Decision_2,X15,46.104,0.0157
Decision_2,X15,46.176,0.0157
Decision_2,X15,46.248,0.0157
Decision_2,X15,46.32,0.0157
Decision_2,X15,46.391,0.0157
Decision_2,X15,46.463,0.0157
Decision_2,X15,46.535,0.0157
Decision_2,X15,46.607,0.0157
Decision_2,X15,46.679,0.0157
Decision_2,X15,46.75,0.0157
Decision_2,X15,46.822,0.0157
Decision_2,X15,46.894,0.0196
Decision_2,X15,46.966,0.0196
Decision_2,X15,47.038,0.0157
Decision_2,X15,47.11,0.0157
Decision_2,X15,47.181,0.0157
Decision_2,X15,47.253,0.0157
Decision_2,X15,47.325,0.0157
Decision_2,X15,47.397,0.0157
Decision_2,X15,47.469,0.0157
Decision_2,X15,47.54,0.0157
Decision_2,X15,47.612,0.0157
Decision_2,X15,47.684,0.0157
Decision_2,X15,47.756,0.0157
Decision_2,X15,47.828,0.0157
Decision_2,X15,47.899,0.0157
Decision_2,X15,47.971,0.0157
Decision_2,X15,48.043,0.0157
Decision_2,X15,48.115,0.0157
Decision_2,X15,48.187,0.0157
Decision_2,X15,48.259,0.0157
Decision_2,X15,48.33,0.0157
Decision_2,X15,48.402,0.0157
Decision_2,X15,48.474,0.0157
Decision_2,X15,48.546,0.0157
Decision_2,X15,48.618,0.0157
Decision_2,X15,48.689,0.0157
Decision_2,X15,48.761,0.0157
Decision_2,X15,48.833,0.0157
Decision_2,X15,48.905,0.0157
Decision_2,X15,48.977,0.0157
Decision_2,X15,49.048,0.0157
Decision_2,X15,49.12,0.0157
Decision_2,X15,49.192,0.0157
Decision_2,X15,49.264,0.0157
Decision_2,X15,49.336,0.0157
Decision_2,X15,49.408,0.0157
Decision_2,X15,49.479,0.051
Decision_2,X15,49.551,0.051
Decision_2,X15,49.623,0.0157
Decision_2,X15,49.695,0.0157
Decision_2,X15,49.767,0.0157
Decision_2,X15,49.838,0.0157
Decision_2,X15,49.91,0.0157
Decision_2,X15,49.982,0.0157
Decision_2,X15,50.054,0.0157
Decision_2,X15,50.126,0.0157
Decision_2,X15,50.197,0.0157
Decision_2,X15,50.269,0.0157
Decision_2,X15,50.341,0.0157
Decision_2,X15,50.413,0.0157
Decision_2,X15,50.485,0.0196
Decision_2,X15,50.557,0.0196
Decision_2,X15,50.628,0.0157
Decision_2,X15,50.7,0.0157
Decision_2,X15,50.772,0.0157
Decision_2,X15,50.844,0.0157
Decision_2,X15,50.916,0.0157
Decision_2,X15,50.987,0.0157
Decision_2,X15,51.059,0.0157
Decision_2,X15,51.131,0.0157
Decision_2,X15,51.203,0.0157
Decision_2,X15,51.275,0.0157
Decision_2,X15,51.346,0.0157
Decision_2,X15,51.418,0.0157
Decision_2,X15,51.49,0.0196
Decision_2,X15,51.562,0.0157
Decision_2,X15,51.634,0.0157
Decision_2,X15,51.706,0.0157
Decision_2,X15,51.777,0.0157
Decision_2,X15,51.849,0.0157
Decision_2,X15,51.921,0.0157
Decision_2,X15,51.993,0.0157
Decision_2,X15,52.065,0.0157
Decision_2,X15,52.136,0.0157
Decision_2,X15,52.208,0.0157
Decision_2,X15,52.28,0.0157
Decision_2,X15,52.352,0.0706
Decision_2,X15,52.424,1.0
Decision_2,X16,0.0,1.0
Decision_2,X16,0.072,1.0
Decision_2,X16,0.144,0.9961
Decision_2,X16,0.215,0.0
Decision_2,X16,0.287,0.0
Decision_2,X16,0.359,0.0
Decision_2,X16,0.431,0.0
Decision_2,X16,0.503,0.0
Decision_2,X16,0.575,0.0
Decision_2,X16,0.646,0.0
Decision_2,X16,0.718,0.0
Decision_2,X16,0.79,0.0
Decision_2,X16,0.862,0.0
Decision_2,X16,0.934,0.0
Decision_2,X16,1.005,0.0
Decision_2,X16,1.077,0.0
Decision_2,X16,1.149,0.0
Decision_2,X16,1.221,0.0
Decision_2,X16,1.293,0.0
Decision_2,X16,1.364,0.0
Decision_2,X16,1.436,0.0
Decision_2,X16,1.508,0.0
Decision_2,X16,1.58,0.0
Decision_2,X16,1.652,0.0
Decision_2,X16,1.724,0.0
Decision_2,X16,1.795,0.0
Decision_2,X16,1.867,0.0
Decision_2,X16,1.939,0.0
Decision_2,X16,2.011,0.0
Decision_2,X16,2.083,0.0
Decision_2,X16,2.154,0.0
Decision_2,X16,2.226,0.0
Decision_2,X16,2.298,0.0
Decision_2,X16,2.37,0.0
Decision_2,X16,2.442,0.0
Decision_2,X16,2.513,0.0
Decision_2,X16,2.585,0.0
Decision_2,X16,2.657,0.0
Decision_2,X16,2.729,0.0
Decision_2,X16,2.801,0.0
Decision_2,X16,2.873,0.0
Decision_2,X16,2.944,0.0
Decision_2,X16,3.016,0.0
Decision_2,X16,3.088,0.0
Decision_2,X16,3.16,0.0
Decision_2,X16,3.232,0.0
Decision_2,X16,3.303,0.0
Decision_2,X16,3.375,0.0
Decision_2,X16,3.447,0.0
Decision_2,X16,3.519,0.0
Decision_2,X16,3.591,0.0
Decision_2,X16,3.662,0.0
Decision_2,X16,3.734,0.0
Decision_2,X16,3.806,0.0
Decision_2,X16,3.878,0.0
Decision_2,X16,3.95,0.0
Decision_2,X16,4.022,0.0
Decision_2,X16,4.093,0.0
Decision_2,X16,4.165,0.0
Decision_2,X16,4.237,0.0
Decision_2,X16,4.309,0.0
Decision_2,X16,4.381,0.0
Decision_2,X16,4.452,0.0
Decision_2,X16,4.524,0.0
Decision_2,X16,4.596,0.0
Decision_2,X16,4.668,0.0
Decision_2,X16,4.74,0.0
Decision_2,X16,4.811,0.0
Decision_2,X16,4.883,0.0
Decision_2,X16,4.955,0.0
Decision_2,X16,5.027,0.0
Decision_2,X16,5.099,0.0
Decision_2,X16,5.171,0.0
Decision_2,X16,5.242,0.0
Decision_2,X16,5.314,0.0
Decision_2,X16,5.386,0.0
Decision_2,X16,5.458,0.0
Decision_2,X16,5.53,0.0
Decision_2,X16,5.601,0.0
Decision_2,X16,5.673,0.0
Decision_2,X16,5.745,0.0
Decision_2,X16,5.817,0.0
Decision_2,X16,5.889,0.0
Decision_2,X16,5.961,0.0
Decision_2,X16,6.032,0.0
Decision_2,X16,6.104,0.0
Decision_2,X16,6.176,0.0
Decision_2,X16,6.248,0.0
Decision_2,X16,6.32,0.0
Decision_2,X16,6.391,0.0
Decision_2,X16,6.463,0.0
Decision_2,X16,6.535,0.0
Decision_2,X16,6.607,0.0
Decision_2,X16,6.679,0.0
Decision_2,X16,6.75,0.0
Decision_2,X16,6.822,0.0
Decision_2,X16,6.894,0.0
Decision_2,X16,6.966,0.0
Decision_2,X16,7.038,0.0
Decision_2,X16,7.11,0.0
Decision_2,X16,7.181,0.0
Decision_2,X16,7.253,0.0
Decision_2,X16,7.325,0.0
Decision_2,X16,7.397,0.0
Decision_2,X16,7.469,0.0
Decision_2,X16,7.54,0.0
Decision_2,X16,7.612,0.0
Decision_2,X16,7.684,0.0
Decision_2,X16,7.756,0.0
Decision_2,X16,7.828,0.0
Decision_2,X16,7.899,0.0
Decision_2,X16,7.971,0.0
Decision_2,X16,8.043,0.0
Decision_2,X16,8.115,0.0
Decision_2,X16,8.187,0.0
Decision_2,X16,8.259,0.0
Decision_2,X16,8.33,0.0
Decision_2,X16,8.402,0.0
Decision_2,X16,8.474,0.0
Decision_2,X16,8.546,0.0
Decision_2,X16,8.618,0.0
Decision_2,X16,8.689,0.0
Decision_2,X16,8.761,0.0
Decision_2,X16,8.833,0.0
Decision_2,X16,8.905,0.0
Decision_2,X16,8.977,0.0
Decision_2,X16,9.048,0.0
Decision_2,X16,9.12,0.0
Decision_2,X16,9.192,0.0
Decision_2,X16,9.264,0.0
Decision_2,X16,9.336,0.0
Decision_2,X16,9.408,0.0
Decision_2,X16,9.479,0.0
Decision_2,X16,9.551,0.0
Decision_2,X16,9.623,0.0
Decision_2,X16,9.695,0.0
Decision_2,X16,9.767,0.0
Decision_2,X16,9.838,0.0
Decision_2,X16,9.91,0.0
Decision_2,X16,9.982,0.0
Decision_2,X16,10.054,0.0
Decision_2,X16,10.126,0.0
Decision_2,X16,10.197,0.0
Decision_2,X16,10.269,0.0
Decision_2,X16,10.341,0.0
Decision_2,X16,10.413,0.0
Decision_2,X16,10.485,0.0
Decision_2,X16,10.557,0.0
Decision_2,X16,10.628,0.0
Decision_2,X16,10.7,0.0
Decision_2,X16,10.772,0.0
Decision_2,X16,10.844,0.0
Decision_2,X16,10.916,0.0
Decision_2,X16,10.987,0.0
Decision_2,X16,11.059,0.0
Decision_2,X16,11.131,0.0
Decision_2,X16,11.203,0.0
Decision_2,X16,11.275,0.0
Decision_2,X16,11.346,0.0
Decision_2,X16,11.418,0.0
Decision_2,X16,11.49,0.0
Decision_2,X16,11.562,0.0
Decision_2,X16,11.634,0.0
Decision_2,X16,11.706,0.0
Decision_2,X16,11.777,0.0
Decision_2,X16,11.849,0.0
Decision_2,X16,11.921,0.0
Decision_2,X16,11.993,0.0
Decision_2,X16,12.065,0.0
Decision_2,X16,12.136,0.0
Decision_2,X16,12.208,0.0
Decision_2,X16,12.28,0.0
Decision_2,X16,12.352,0.0
Decision_2,X16,12.424,0.0
Decision_2,X16,12.496,0.0
Decision_2,X16,12.567,0.0
Decision_2,X16,12.639,0.0
Decision_2,X16,12.711,0.0
Decision_2,X16,12.783,0.0
Decision_2,X16,12.855,0.0
Decision_2,X16,12.926,0.0
Decision_2,X16,12.998,0.0
Decision_2,X16,13.07,0.0
Decision_2,X16,13.142,0.0
Decision_2,X16,13.214,0.0
Decision_2,X16,13.285,0.0
Decision_2,X16,13.357,0.0
Decision_2,X16,13.429,0.0
Decision_2,X16,13.501,0.0
Decision_2,X16,13.573,0.0
Decision_2,X16,13.645,0.0
Decision_2,X16,13.716,0.0
Decision_2,X16,13.788,0.0
Decision_2,X16,13.86,0.0
Decision_2,X16,13.932,0.0
Decision_2,X16,14.004,0.0
Decision_2,X16,14.075,0.0
Decision_2,X16,14.147,0.0
Decision_2,X16,14.219,0.0
Decision_2,X16,14.291,0.0
Decision_2,X16,14.363,0.0
Decision_2,X16,14.434,0.0
Decision_2,X16,14.506,0.0
Decision_2,X16,14.578,0.0
Decision_2,X16,14.65,0.0
Decision_2,X16,14.722,0.0
Decision_2,X16,14.794,0.0
Decision_2,X16,14.865,0.0
Decision_2,X16,14.937,0.0
Decision_2,X16,15.009,0.0
Decision_2,X16,15.081,0.0
Decision_2,X16,15.153,0.0
Decision_2,X16,15.224,0.0
Decision_2,X16,15.296,0.0
Decision_2,X16,15.368,0.0
Decision_2,X16,15.44,0.0
Decision_2,X16,15.512,0.0
Decision_2,X16,15.583,0.0
Decision_2,X16,15.655,0.0
Decision_2,X16,15.727,0.0
Decision_2,X16,15.799,0.0
Decision_2,X16,15.871,0.0
Decision_2,X16,15.943,0.0
Decision_2,X16,16.014,0.0
Decision_2,X16,16.086,0.0
Decision_2,X16,16.158,0.0
Decision_2,X16,16.23,0.0
Decision_2,X16,16.302,0.0
Decision_2,X16,16.373,0.0
Decision_2,X16,16.445,0.0
Decision_2,X16,16.517,0.0
Decision_2,X16,16.589,0.0
Decision_2,X16,16.661,0.0
Decision_2,X16,16.732,0.0
Decision_2,X16,16.804,0.0
Decision_2,X16,16.876,0.0
Decision_2,X16,16.948,0.0
Decision_2,X16,17.02,0.0
Decision_2,X16,17.092,0.0
Decision_2,X16,17.163,0.0
Decision_2,X16,17.235,0.0
Decision_2,X16,17.307,0.0
Decision_2,X16,17.379,0.0
Decision_2,X16,17.451,0.0
Decision_2,X16,17.522,0.0
Decision_2,X16,17.594,0.0
Decision_2,X16,17.666,0.0
Decision_2,X16,17.738,0.0
Decision_2,X16,17.81,0.0
Decision_2,X16,17.882,0.0
Decision_2,X16,17.953,0.0
Decision_2,X16,18.025,0.0
Decision_2,X16,18.097,0.0
Decision_2,X16,18.169,0.0
Decision_2,X16,18.241,0.0
Decision_2,X16,18.312,0.0
Decision_2,X16,18.384,0.0
Decision_2,X16,18.456,0.0
Decision_2,X16,18.528,0.0
Decision_2,X16,18.6,0.0
Decision_2,X16,18.671,0.0
Decision_2,X16,18.743,0.0
Decision_2,X16,18.815,0.0
Decision_2,X16,18.887,0.0
Decision_2,X16,18.959,0.0
Decision_2,X16,19.031,0.0
Decision_2,X16,19.102,0.0
Decision_2,X16,19.174,0.0
Decision_2,X16,19.246,0.0
Decision_2,X16,19.318,0.0
Decision_2,X16,19.39,0.0
Decision_2,X16,19.461,0.0
Decision_2,X16,19.533,0.0
Decision_2,X16,19.605,0.0
Decision_2,X16,19.677,0.0
Decision_2,X16,19.749,0.0
Decision_2,X16,19.82,0.0
Decision_2,X16,19.892,0.0
Decision_2,X16,19.964,0.0
Decision_2,X16,20.036,0.0
Decision_2,X16,20.108,0.0
Decision_2,X16,20.18,0.0
Decision_2,X16,20.251,0.0
Decision_2,X16,20.323,0.0
Decision_2,X16,20.395,0.0
Decision_2,X16,20.467,0.0
Decision_2,X16,20.539,0.0
Decision_2,X16,20.61,0.0
Decision_2,X16,20.682,0.0
Decision_2,X16,20.754,0.0
Decision_2,X16,20.826,0.0
Decision_2,X16,20.898,0.0
Decision_2,X16,20.969,0.0
Decision_2,X16,21.041,0.0
Decision_2,X16,21.113,0.0
Decision_2,X16,21.185,0.0
Decision_2,X16,21.257,0.0
Decision_2,X16,21.329,0.0
Decision_2,X16,21.4,0.0
Decision_2,X16,21.472,0.0
Decision_2,X16,21.544,0.0
Decision_2,X16,21.616,0.0
Decision_2,X16,21.688,0.0
Decision_2,X16,21.759,0.0
Decision_2,X16,21.831,0.0
Decision_2,X16,21.903,0.0
Decision_2,X16,21.975,0.0
Decision_2,X16,22.047,0.0
Decision_2,X16,22.118,0.0
Decision_2,X16,22.19,0.0
Decision_2,X16,22.262,0.0
Decision_2,X16,22.334,0.0
Decision_2,X16,22.406,0.0
Decision_2,X16,22.478,0.0
Decision_2,X16,22.549,0.0
Decision_2,X16,22.621,0.0
Decision_2,X16,22.693,0.0
Decision_2,X16,22.765,0.0
Decision_2,X16,22.837,0.0
Decision_2,X16,22.908,0.0
Decision_2,X16,22.98,0.0
Decision_2,X16,23.052,0.0
Decision_2,X16,23.124,0.0
Decision_2,X16,23.196,0.0
Decision_2,X16,23.268,0.0
Decision_2,X16,23.339,0.0
Decision_2,X16,23.411,0.0
Decision_2,X16,23.483,0.0
Decision_2,X16,23.555,0.0
Decision_2,X16,23.627,0.0
Decision_2,X16,23.698,0.0
Decision_2,X16,23.77,0.0
Decision_2,X16,23.842,0.0
Decision_2,X16,23.914,0.0
Decision_2,X16,23.986,0.0
Decision_2,X16,24.057,0.0
Decision_2,X16,24.129,0.0
Decision_2,X16,24.201,0.0
Decision_2,X16,24.273,0.0
Decision_2,X16,24.345,0.0
Decision_2,X16,24.417,0.0
Decision_2,X16,24.488,0.0
Decision_2,X16,24.56,0.0
Decision_2,X16,24.632,0.0
Decision_2,X16,24.704,0.0
Decision_2,X16,24.776,0.0
Decision_2,X16,24.847,0.0
Decision_2,X16,24.919,0.0
Decision_2,X16,24.991,0.0
Decision_2,X16,25.063,0.0
Decision_2,X16,25.135,0.0
Decision_2,X16,25.206,0.0
Decision_2,X16,25.278,0.0
Decision_2,X16,25.35,0.0
Decision_2,X16,25.422,0.0
Decision_2,X16,25.494,0.0
Decision_2,X16,25.566,0.0
Decision_2,X16,25.637,0.0
Decision_2,X16,25.709,0.0
Decision_2,X16,25.781,0.0
Decision_2,X16,25.853,0.0
Decision_2,X16,25.925,0.0
Decision_2,X16,25.996,0.0
Decision_2,X16,26.068,0.0
Decision_2,X16,26.14,0.0
Decision_2,X16,26.212,0.0
Decision_2,X16,26.284,0.0
Decision_2,X16,26.355,0.0
Decision_2,X16,26.427,0.0
Decision_2,X16,26.499,0.0
Decision_2,X16,26.571,0.0
Decision_2,X16,26.643,0.0
Decision_2,X16,26.715,0.0
Decision_2,X16,26.786,0.0
Decision_2,X16,26.858,0.0
Decision_2,X16,26.93,0.0
Decision_2,X16,27.002,0.0
Decision_2,X16,27.074,0.0
Decision_2,X16,27.145,0.0
Decision_2,X16,27.217,0.0
Decision_2,X16,27.289,0.0
Decision_2,X16,27.361,0.0
Decision_2,X16,27.433,0.0
Decision_2,X16,27.504,0.0
Decision_2,X16,27.576,0.0
Decision_2,X16,27.648,0.0
Decision_2,X16,27.72,0.0
Decision_2,X16,27.792,0.0
Decision_2,X16,27.864,0.0
Decision_2,X16,27.935,0.0
Decision_2,X16,28.007,0.0
Decision_2,X16,28.079,0.0
Decision_2,X16,28.151,0.0
Decision_2,X16,28.223,0.0
Decision_2,X16,28.294,0.0
Decision_2,X16,28.366,0.0
Decision_2,X16,28.438,0.0
Decision_2,X16,28.51,0.0
Decision_2,X16,28.582,0.0
Decision_2,X16,28.654,0.0
Decision_2,X16,28.725,0.0
Decision_2,X16,28.797,0.0
Decision_2,X16,28.869,0.0
Decision_2,X16,28.941,0.0
Decision_2,X16,29.013,0.0
Decision_2,X16,29.084,0.0
Decision_2,X16,29.156,0.0
Decision_2,X16,29.228,0.0
Decision_2,X16,29.3,0.0
Decision_2,X16,29.372,0.0
Decision_2,X16,29.443,0.0
Decision_2,X16,29.515,0.0
Decision_2,X16,29.587,0.0
Decision_2,X16,29.659,0.0
Decision_2,X16,29.731,0.0
Decision_2,X16,29.803,0.0
Decision_2,X16,29.874,0.0
Decision_2,X16,29.946,0.0
Decision_2,X16,30.018,0.0
Decision_2,X16,30.09,0.0
Decision_2,X16,30.162,0.0
Decision_2,X16,30.233,0.0
Decision_2,X16,30.305,0.0
Decision_2,X16,30.377,0.0
Decision_2,X16,30.449,0.0
Decision_2,X16,30.521,0.0
Decision_2,X16,30.592,0.0
Decision_2,X16,30.664,0.0
Decision_2,X16,30.736,0.0
Decision_2,X16,30.808,0.0
Decision_2,X16,30.88,0.0
Decision_2,X16,30.952,0.0
Decision_2,X16,31.023,0.0
Decision_2,X16,31.095,0.0
Decision_2,X16,31.167,0.0
Decision_2,X16,31.239,0.0
Decision_2,X16,31.311,0.0
Decision_2,X16,31.382,0.0
Decision_2,X16,31.454,0.0
Decision_2,X16,31.526,0.0
Decision_2,X16,31.598,0.0
Decision_2,X16,31.67,0.0
Decision_2,X16,31.741,0.0
Decision_2,X16,31.813,0.0
Decision_2,X16,31.885,0.0
Decision_2,X16,31.957,0.0
Decision_2,X16,32.029,0.0
Decision_2,X16,32.101,0.0
Decision_2,X16,32.172,0.0
Decision_2,X16,32.244,0.0
Decision_2,X16,32.316,0.0
Decision_2,X16,32.388,0.0
Decision_2,X16,32.46,0.0
Decision_2,X16,32.531,0.0
Decision_2,X16,32.603,0.0
Decision_2,X16,32.675,0.0
Decision_2,X16,32.747,0.0
Decision_2,X16,32.819,0.0
Decision_2,X16,32.89,0.0
Decision_2,X16,32.962,0.0
Decision_2,X16,33.034,0.0
Decision_2,X16,33.106,0.0
Decision_2,X16,33.178,0.0
Decision_2,X16,33.25,0.0
Decision_2,X16,33.321,0.0
Decision_2,X16,33.393,0.0
Decision_2,X16,33.465,0.0
Decision_2,X16,33.537,0.0
Decision_2,X16,33.609,0.0
Decision_2,X16,33.68,0.0
Decision_2,X16,33.752,0.0
Decision_2,X16,33.824,0.0
Decision_2,X16,33.896,0.0
Decision_2,X16,33.968,0.0
Decision_2,X16,34.039,0.0
Decision_2,X16,34.111,0.0
Decision_2,X16,34.183,0.0
Decision_2,X16,34.255,0.0
Decision_2,X16,34.327,0.0
Decision_2,X16,34.399,0.0
Decision_2,X16,34.47,0.0
Decision_2,X16,34.542,0.0
Decision_2,X16,34.614,0.0
Decision_2,X16,34.686,0.0
Decision_2,X16,34.758,0.0
Decision_2,X16,34.829,0.0
Decision_2,X16,34.901,0.0
Decision_2,X16,34.973,0.0
Decision_2,X16,35.045,0.0
Decision_2,X16,35.117,0.0
Decision_2,X16,35.189,0.0
Decision_2,X16,35.26,0.0
Decision_2,X16,35.332,0.0
Decision_2,X16,35.404,0.0
Decision_2,X16,35.476,0.0
Decision_2,X16,35.548,0.0
Decision_2,X16,35.619,0.0
Decision_2,X16,35.691,0.0
Decision_2,X16,35.763,1.0
Decision_2,X16,35.835,0.0
Decision_2,X16,35.907,0.0
Decision_2,X16,35.978,0.0
Decision_2,X16,36.05,0.0
Decision_2,X16,36.122,0.0
Decision_2,X16,36.194,0.0
Decision_2,X16,36.266,0.0
Decision_2,X16,36.338,0.0
Decision_2,X16,36.409,0.0
Decision_2,X16,36.481,0.0
Decision_2,X16,36.553,0.0
Decision_2,X16,36.625,0.0
Decision_2,X16,36.697,0.0
Decision_2,X16,36.768,0.0
Decision_2,X16,36.84,0.0
Decision_2,X16,36.912,0.0
Decision_2,X16,36.984,0.0
Decision_2,X16,37.056,0.0
Decision_2,X16,37.127,0.0
Decision_2,X16,37.199,0.0
Decision_2,X16,37.271,0.0
Decision_2,X16,37.343,0.0
Decision_2,X16,37.415,0.0
Decision_2,X16,37.487,0.0
Decision_2,X16,37.558,0.0
Decision_2,X16,37.63,0.0
Decision_2,X16,37.702,0.0
Decision_2,X16,37.774,0.0
Decision_2,X16,37.846,0.0
Decision_2,X16,37.917,1.0
Decision_2,X16,37.989,1.0
Decision_2,X16,38.061,1.0
Decision_2,X16,38.133,1.0
Decision_2,X16,38.205,1.0
Decision_2,X16,38.276,1.0
Decision_2,X16,38.348,1.0
Decision_2,X16,38.42,1.0
Decision_2,X16,38.492,1.0
Decision_2,X16,38.564,1.0
Decision_2,X16,38.636,1.0
Decision_2,X16,38.707,1.0
Decision_2,X16,38.779,1.0
Decision_2,X16,38.851,1.0
Decision_2,X16,38.923,1.0
Decision_2,X16,38.995,1.0
Decision_2,X16,39.066,1.0
Decision_2,X16,39.138,1.0
Decision_2,X16,39.21,1.0
Decision_2,X16,39.282,1.0
Decision_2,X16,39.354,1.0
Decision_2,X16,39.425,1.0
Decision_2,X16,39.497,1.0
Decision_2,X16,39.569,1.0
Decision_2,X16,39.641,1.0
Decision_2,X16,39.713,1.0
Decision_2,X16,39.785,1.0
Decision_2,X16,39.856,1.0
Decision_2,X16,39.928,1.0
Decision_2,X16,40.0,1.0
Decision_2,X16,40.072,1.0
Decision_2,X16,40.144,1.0
Decision_2,X16,40.215,1.0
Decision_2,X16,40.287,1.0
Decision_2,X16,40.359,1.0
Decision_2,X16,40.431,1.0
Decision_2,X16,40.503,1.0
Decision_2,X16,40.575,1.0
Decision_2,X16,40.646,1.0
Decision_2,X16,40.718,1.0
Decision_2,X16,40.79,1.0
Decision_2,X16,40.862,1.0
Decision_2,X16,40.934,1.0
Decision_2,X16,41.005,1.0
Decision_2,X16,41.077,1.0
Decision_2,X16,41.149,1.0
Decision_2,X16,41.221,1.0
Decision_2,X16,41.293,1.0
Decision_2,X16,41.364,1.0
Decision_2,X16,41.436,1.0
Decision_2,X16,41.508,1.0
Decision_2,X16,41.58,1.0
Decision_2,X16,41.652,1.0
Decision_2,X16,41.724,1.0
Decision_2,X16,41.795,1.0
Decision_2,X16,41.867,1.0
Decision_2,X16,41.939,1.0
Decision_2,X16,42.011,1.0
Decision_2,X16,42.083,1.0
Decision_2,X16,42.154,1.0
Decision_2,X16,42.226,1.0
Decision_2,X16,42.298,1.0
Decision_2,X16,42.37,1.0
Decision_2,X16,42.442,1.0
Decision_2,X16,42.513,1.0
Decision_2,X16,42.585,1.0
Decision_2,X16,42.657,1.0
Decision_2,X16,42.729,1.0
Decision_2,X16,42.801,1.0
Decision_2,X16,42.873,1.0
Decision_2,X16,42.944,1.0
Decision_2,X16,43.016,1.0
Decision_2,X16,43.088,1.0
Decision_2,X16,43.16,1.0
Decision_2,X16,43.232,1.0
Decision_2,X16,43.303,1.0
Decision_2,X16,43.375,1.0
Decision_2,X16,43.447,1.0
Decision_2,X16,43.519,1.0
Decision_2,X16,43.591,1.0
Decision_2,X16,43.662,1.0
Decision_2,X16,43.734,1.0
Decision_2,X16,43.806,1.0
Decision_2,X16,43.878,1.0
Decision_2,X16,43.95,1.0
Decision_2,X16,44.022,1.0
Decision_2,X16,44.093,1.0
Decision_2,X16,44.165,1.0
Decision_2,X16,44.237,1.0
Decision_2,X16,44.309,1.0
Decision_2,X16,44.381,1.0
Decision_2,X16,44.452,1.0
Decision_2,X16,44.524,1.0
Decision_2,X16,44.596,1.0
Decision_2,X16,44.668,1.0
Decision_2,X16,44.74,1.0
Decision_2,X16,44.811,1.0
Decision_2,X16,44.883,1.0
Decision_2,X16,44.955,1.0
Decision_2,X16,45.027,1.0
Decision_2,X16,45.099,1.0
Decision_2,X16,45.171,1.0
Decision_2,X16,45.242,1.0
Decision_2,X16,45.314,1.0
Decision_2,X16,45.386,1.0
Decision_2,X16,45.458,1.0
Decision_2,X16,45.53,1.0
Decision_2,X16,45.601,1.0
Decision_2,X16,45.673,1.0
Decision_2,X16,45.745,1.0
Decision_2,X16,45.817,1.0
Decision_2,X16,45.889,1.0
Decision_2,X16,45.961,1.0
Decision_2,X16,46.032,1.0
Decision_2,X16,46.104,1.0
Decision_2,X16,46.176,1.0
Decision_2,X16,46.248,1.0
Decision_2,X16,46.32,1.0
Decision_2,X16,46.391,1.0
Decision_2,X16,46.463,1.0
Decision_2,X16,46.535,1.0
Decision_2,X16,46.607,1.0
Decision_2,X16,46.679,1.0
Decision_2,X16,46.75,1.0
Decision_2,X16,46.822,1.0
Decision_2,X16,46.894,1.0
Decision_2,X16,46.966,1.0
Decision_2,X16,47.038,1.0
Decision_2,X16,47.11,1.0
Decision_2,X16,47.181,1.0
Decision_2,X16,47.253,1.0
Decision_2,X16,47.325,1.0
Decision_2,X16,47.397,1.0
Decision_2,X16,47.469,1.0
Decision_2,X16,47.54,1.0
Decision_2,X16,47.612,1.0
Decision_2,X16,47.684,1.0
Decision_2,X16,47.756,1.0
Decision_2,X16,47.828,1.0
Decision_2,X16,47.899,1.0
Decision_2,X16,47.971,1.0
Decision_2,X16,48.043,1.0
Decision_2,X16,48.115,1.0
Decision_2,X16,48.187,1.0
Decision_2,X16,48.259,1.0
Decision_2,X16,48.33,1.0
Decision_2,X16,48.402,1.0
Decision_2,X16,48.474,1.0
Decision_2,X16,48.546,1.0
Decision_2,X16,48.618,1.0
Decision_2,X16,48.689,1.0
Decision_2,X16,48.761,1.0
Decision_2,X16,48.833,1.0
Decision_2,X16,48.905,1.0
Decision_2,X16,48.977,1.0
Decision_2,X16,49.048,1.0
Decision_2,X16,49.12,1.0
Decision_2,X16,49.192,1.0
Decision_2,X16,49.264,1.0
Decision_2,X16,49.336,1.0
Decision_2,X16,49.408,1.0
Decision_2,X16,49.479,1.0
Decision_2,X16,49.551,1.0
Decision_2,X16,49.623,1.0
Decision_2,X16,49.695,1.0
Decision_2,X16,49.767,1.0
Decision_2,X16,49.838,1.0
Decision_2,X16,49.91,1.0
Decision_2,X16,49.982,1.0
Decision_2,X16,50.054,1.0
Decision_2,X16,50.126,1.0
Decision_2,X16,50.197,1.0
Decision_2,X16,50.269,1.0
Decision_2,X16,50.341,1.0
Decision_2,X16,50.413,1.0
Decision_2,X16,50.485,1.0
Decision_2,X16,50.557,1.0
Decision_2,X16,50.628,1.0
Decision_2,X16,50.7,1.0
Decision_2,X16,50.772,1.0
Decision_2,X16,50.844,1.0
Decision_2,X16,50.916,1.0
Decision_2,X16,50.987,1.0
Decision_2,X16,51.059,1.0
Decision_2,X16,51.131,1.0
Decision_2,X16,51.203,1.0
Decision_2,X16,51.275,1.0
Decision_2,X16,51.346,1.0
Decision_2,X16,51.418,1.0
Decision_2,X16,51.49,1.0
Decision_2,X16,51.562,1.0
Decision_2,X16,51.634,1.0
Decision_2,X16,51.706,1.0
Decision_2,X16,51.777,1.0
Decision_2,X16,51.849,1.0
Decision_2,X16,51.921,1.0
Decision_2,X16,51.993,1.0
Decision_2,X16,52.065,1.0
Decision_2,X16,52.136,1.0
Decision_2,X16,52.208,1.0
Decision_2,X16,52.28,1.0
Decision_2,X16,52.352,1.0
Decision_2,X16,52.424,1.0
