panel,neuron,time_s,activation_normalized
Locomotion_1,X3,0.0,1.0
Locomotion_1,X3,0.102,0.0549
Locomotion_1,X3,0.204,0.0
Locomotion_1,X3,0.306,0.0
Locomotion_1,X3,0.407,0.0039
Locomotion_1,X3,0.509,0.0118
Locomotion_1,X3,0.611,0.0157
Locomotion_1,X3,0.713,0.0196
Locomotion_1,X3,0.815,0.0196
Locomotion_1,X3,0.917,0.0196
Locomotion_1,X3,1.019,0.0196
Locomotion_1,X3,1.121,0.0196
Locomotion_1,X3,1.222,0.0196
Locomotion_1,X3,1.324,0.0196
Locomotion_1,X3,1.426,0.0196
Locomotion_1,X3,1.528,0.0157
Locomotion_1,X3,1.63,0.0157
Locomotion_1,X3,1.732,0.0157
Locomotion_1,X3,1.834,0.0157
Locomotion_1,X3,1.935,0.0157
Locomotion_1,X3,2.037,0.0157
Locomotion_1,X3,2.139,0.0157
Locomotion_1,X3,2.241,0.0196
Locomotion_1,X3,2.343,0.0196
Locomotion_1,X3,2.445,0.0235
Locomotion_1,X3,2.547,0.0275
Locomotion_1,X3,2.649,0.0353
Locomotion_1,X3,2.75,0.0431
Locomotion_1,X3,2.852,0.0471
Locomotion_1,X3,2.954,0.051
Locomotion_1,X3,3.056,0.0549
Locomotion_1,X3,3.158,0.0588
Locomotion_1,X3,3.26,0.0627
Locomotion_1,X3,3.362,0.0667
Locomotion_1,X3,3.463,0.0706
Locomotion_1,X3,3.565,0.0784
Locomotion_1,X3,3.667,0.0824
Locomotion_1,X3,3.769,0.0902
Locomotion_1,X3,3.871,0.098
Locomotion_1,X3,3.973,0.1059
Locomotion_1,X3,4.075,0.1137
Locomotion_1,X3,4.177,0.1216
Locomotion_1,X3,4.278,0.1255
Locomotion_1,X3,4.38,0.1294
Locomotion_1,X3,4.482,0.1373
Locomotion_1,X3,4.584,0.1412
Locomotion_1,X3,4.686,0.149
Locomotion_1,X3,4.788,0.1529
Locomotion_1,X3,4.89,0.1569
Locomotion_1,X3,4.992,0.1647
Locomotion_1,X3,5.093,0.1725
Locomotion_1,X3,5.195,0.1725
Locomotion_1,X3,5.297,0.1765
Locomotion_1,X3,5.399,0.1843
Locomotion_1,X3,5.501,0.1882
Locomotion_1,X3,5.603,0.1922
Locomotion_1,X3,5.705,0.1961
Locomotion_1,X3,5.806,0.2039
Locomotion_1,X3,5.908,0.2078
Locomotion_1,X3,6.01,0.2118
Locomotion_1,X3,6.112,0.2157
Locomotion_1,X3,6.214,0.2235
Locomotion_1,X3,6.316,0.2275
Locomotion_1,X3,6.418,0.2353
Locomotion_1,X3,6.52,0.2392
Locomotion_1,X3,6.621,0.2431
Locomotion_1,X3,6.723,0.2471
Locomotion_1,X3,6.825,0.251
Locomotion_1,X3,6.927,0.2549
Locomotion_1,X3,7.029,0.2588
Locomotion_1,X3,7.131,0.2627
Locomotion_1,X3,7.233,0.2667
Locomotion_1,X3,7.334,0.2667
Locomotion_1,X3,7.436,0.2667
Locomotion_1,X3,7.538,0.2667
Locomotion_1,X3,7.64,0.2667
Locomotion_1,X3,7.742,0.2667
Locomotion_1,X3,7.844,0.2667
Locomotion_1,X3,7.946,0.2627
Locomotion_1,X3,8.048,0.2627
Locomotion_1,X3,8.149,0.2627
Locomotion_1,X3,8.251,0.2627
Locomotion_1,X3,8.353,0.2588
Locomotion_1,X3,8.455,0.2588
Locomotion_1,X3,8.557,0.2588
Locomotion_1,X3,8.659,0.2588
Locomotion_1,X3,8.761,0.2549
Locomotion_1,X3,8.862,0.2549
Locomotion_1,X3,8.964,0.2549
Locomotion_1,X3,9.066,0.2549
Locomotion_1,X3,9.168,0.251
Locomotion_1,X3,9.27,0.251
Locomotion_1,X3,9.372,0.2471
Locomotion_1,X3,9.474,0.2471
Locomotion_1,X3,9.576,0.2471
Locomotion_1,X3,9.677,0.2471
Locomotion_1,X3,9.779,0.2471
Locomotion_1,X3,9.881,0.2471
Locomotion_1,X3,9.983,0.2431
Locomotion_1,X3,10.085,0.2431
Locomotion_1,X3,10.187,0.2431
Locomotion_1,X3,10.289,0.2431
Locomotion_1,X3,10.39,0.2431
Locomotion_1,X3,10.492,0.2431
Locomotion_1,X3,10.594,0.2431
Locomotion_1,X3,10.696,0.2392
Locomotion_1,X3,10.798,0.2392
Locomotion_1,X3,10.9,0.2392
Locomotion_1,X3,11.002,0.2392
Locomotion_1,X3,11.104,0.2392
Locomotion_1,X3,11.205,0.2353
Locomotion_1,X3,11.307,0.2353
Locomotion_1,X3,11.409,0.2353
Locomotion_1,X3,11.511,0.2353
Locomotion_1,X3,11.613,0.2353
Locomotion_1,X3,11.715,0.2353
Locomotion_1,X3,11.817,0.2353
Locomotion_1,X3,11.919,0.2353
Locomotion_1,X3,12.02,0.2353
Locomotion_1,X3,12.122,0.2275
Locomotion_1,X3,12.224,0.2275
Locomotion_1,X3,12.326,0.2275
Locomotion_1,X3,12.428,0.2275
Locomotion_1,X3,12.53,0.2235
Locomotion_1,X3,12.632,0.2235
Locomotion_1,X3,12.733,0.2235
Locomotion_1,X3,12.835,0.2235
Locomotion_1,X3,12.937,0.2235
Locomotion_1,X3,13.039,0.2235
Locomotion_1,X3,13.141,0.2235
Locomotion_1,X3,13.243,0.2235
Locomotion_1,X3,13.345,0.2235
Locomotion_1,X3,13.447,0.2196
Locomotion_1,X3,13.548,0.2196
Locomotion_1,X3,13.65,0.2196
Locomotion_1,X3,13.752,0.2196
Locomotion_1,X3,13.854,0.2196
Locomotion_1,X3,13.956,0.2196
Locomotion_1,X3,14.058,0.2196
Locomotion_1,X3,14.16,0.2157
Locomotion_1,X3,14.261,0.2157
Locomotion_1,X3,14.363,0.2157
Locomotion_1,X3,14.465,0.2157
Locomotion_1,X3,14.567,0.2157
Locomotion_1,X3,14.669,0.2157
Locomotion_1,X3,14.771,0.2118
Locomotion_1,X3,14.873,0.2118
Locomotion_1,X3,14.975,0.2118
Locomotion_1,X3,15.076,0.2118
Locomotion_1,X3,15.178,0.2118
Locomotion_1,X3,15.28,0.2118
Locomotion_1,X3,15.382,0.2118
Locomotion_1,X3,15.484,0.2118
Locomotion_1,X3,15.586,0.2118
Locomotion_1,X3,15.688,0.2118
Locomotion_1,X3,15.789,0.2118
Locomotion_1,X3,15.891,0.2118
Locomotion_1,X3,15.993,0.2118
Locomotion_1,X3,16.095,0.2078
Locomotion_1,X3,16.197,0.2078
Locomotion_1,X3,16.299,0.2078
Locomotion_1,X3,16.401,0.2078
Locomotion_1,X3,16.503,0.2078
Locomotion_1,X3,16.604,0.2078
Locomotion_1,X3,16.706,0.2078
Locomotion_1,X3,16.808,0.2078
Locomotion_1,X3,16.91,0.2078
Locomotion_1,X3,17.012,0.2039
Locomotion_1,X3,17.114,0.2039
Locomotion_1,X3,17.216,0.2039
Locomotion_1,X3,17.317,0.2039
Locomotion_1,X3,17.419,0.2039
Locomotion_1,X3,17.521,0.2039
Locomotion_1,X3,17.623,0.2039
Locomotion_1,X3,17.725,0.2039
Locomotion_1,X3,17.827,0.2039
Locomotion_1,X3,17.929,0.2039
Locomotion_1,X3,18.031,0.2039
Locomotion_1,X3,18.132,0.2039
Locomotion_1,X3,18.234,0.2039
Locomotion_1,X3,18.336,0.2
Locomotion_1,X3,18.438,0.2
Locomotion_1,X3,18.54,0.2
Locomotion_1,X3,18.642,0.2
Locomotion_1,X3,18.744,0.2
Locomotion_1,X3,18.846,0.2
Locomotion_1,X3,18.947,0.2
Locomotion_1,X3,19.049,0.2
Locomotion_1,X3,19.151,0.2
Locomotion_1,X3,19.253,0.2
Locomotion_1,X3,19.355,0.2
Locomotion_1,X3,19.457,0.2
Locomotion_1,X3,19.559,0.2
Locomotion_1,X3,19.66,0.2
Locomotion_1,X3,19.762,0.2
Locomotion_1,X3,19.864,0.2
Locomotion_1,X3,19.966,0.2
Locomotion_1,X3,20.068,0.2039
Locomotion_1,X3,20.17,0.2039
Locomotion_1,X3,20.272,0.2039
Locomotion_1,X3,20.374,0.2039
Locomotion_1,X3,20.475,0.2078
Locomotion_1,X3,20.577,0.2078
Locomotion_1,X3,20.679,0.2078
Locomotion_1,X3,20.781,0.2078
Locomotion_1,X3,20.883,0.2078
Locomotion_1,X3,20.985,0.2078
Locomotion_1,X3,21.087,0.2118
Locomotion_1,X3,21.188,0.2118
Locomotion_1,X3,21.29,0.2118
Locomotion_1,X3,21.392,0.2118
Locomotion_1,X3,21.494,0.2118
Locomotion_1,X3,21.596,0.2157
Locomotion_1,X3,21.698,0.2157
Locomotion_1,X3,21.8,0.2157
Locomotion_1,X3,21.902,0.2157
Locomotion_1,X3,22.003,0.2157
Locomotion_1,X3,22.105,0.2196
Locomotion_1,X3,22.207,0.2196
Locomotion_1,X3,22.309,0.2196
Locomotion_1,X3,22.411,0.2196
Locomotion_1,X3,22.513,0.2196
Locomotion_1,X3,22.615,0.2235
Locomotion_1,X3,22.716,0.2235
Locomotion_1,X3,22.818,0.2235
Locomotion_1,X3,22.92,0.2235
Locomotion_1,X3,23.022,0.2235
Locomotion_1,X3,23.124,0.2235
Locomotion_1,X3,23.226,0.2275
Locomotion_1,X3,23.328,0.2275
Locomotion_1,X3,23.43,0.2275
Locomotion_1,X3,23.531,0.2275
Locomotion_1,X3,23.633,0.2275
Locomotion_1,X3,23.735,0.2353
Locomotion_1,X3,23.837,0.2353
Locomotion_1,X3,23.939,0.2353
Locomotion_1,X3,24.041,0.2353
Locomotion_1,X3,24.143,0.2353
Locomotion_1,X3,24.244,0.2353
Locomotion_1,X3,24.346,0.2353
Locomotion_1,X3,24.448,0.2353
Locomotion_1,X3,24.55,0.2353
Locomotion_1,X3,24.652,0.2353
Locomotion_1,X3,24.754,0.2392
Locomotion_1,X3,24.856,0.2392
Locomotion_1,X3,24.958,0.2392
Locomotion_1,X3,25.059,0.2431
Locomotion_1,X3,25.161,0.2431
Locomotion_1,X3,25.263,0.2431
Locomotion_1,X3,25.365,0.2431
Locomotion_1,X3,25.467,0.2431
Locomotion_1,X3,25.569,0.2471
Locomotion_1,X3,25.671,0.2471
Locomotion_1,X3,25.772,0.2471
Locomotion_1,X3,25.874,0.2471
Locomotion_1,X3,25.976,0.251
Locomotion_1,X3,26.078,0.251
Locomotion_1,X3,26.18,0.251
Locomotion_1,X3,26.282,0.251
Locomotion_1,X3,26.384,0.2549
Locomotion_1,X3,26.486,0.2549
Locomotion_1,X3,26.587,0.2549
Locomotion_1,X3,26.689,0.2549
Locomotion_1,X3,26.791,0.2549
Locomotion_1,X3,26.893,0.2588
Locomotion_1,X3,26.995,0.2588
Locomotion_1,X3,27.097,0.2588
Locomotion_1,X3,27.199,0.2588
Locomotion_1,X3,27.301,0.2588
Locomotion_1,X3,27.402,0.2588
Locomotion_1,X3,27.504,0.2627
Locomotion_1,X3,27.606,0.2627
Locomotion_1,X3,27.708,0.2627
Locomotion_1,X3,27.81,0.2667
Locomotion_1,X3,27.912,0.2667
Locomotion_1,X3,28.014,0.2667
Locomotion_1,X3,28.115,0.2706
Locomotion_1,X3,28.217,0.2706
Locomotion_1,X3,28.319,0.2706
Locomotion_1,X3,28.421,0.2706
Locomotion_1,X3,28.523,0.2745
Locomotion_1,X3,28.625,0.2745
Locomotion_1,X3,28.727,0.2745
Locomotion_1,X3,28.829,0.2784
Locomotion_1,X3,28.93,0.2784
Locomotion_1,X3,29.032,0.2784
Locomotion_1,X3,29.134,0.2784
Locomotion_1,X3,29.236,0.2824
Locomotion_1,X3,29.338,0.2863
Locomotion_1,X3,29.44,0.2863
Locomotion_1,X3,29.542,0.2863
Locomotion_1,X3,29.643,0.2863
Locomotion_1,X3,29.745,0.2902
Locomotion_1,X3,29.847,0.2902
Locomotion_1,X3,29.949,0.2902
Locomotion_1,X3,30.051,0.2902
Locomotion_1,X3,30.153,0.298
Locomotion_1,X3,30.255,0.298
Locomotion_1,X3,30.357,0.298
Locomotion_1,X3,30.458,0.298
Locomotion_1,X3,30.56,0.298
Locomotion_1,X3,30.662,0.302
Locomotion_1,X3,30.764,0.302
Locomotion_1,X3,30.866,0.3059
Locomotion_1,X3,30.968,0.3059
Locomotion_1,X3,31.07,0.3059
Locomotion_1,X3,31.171,0.3059
Locomotion_1,X3,31.273,0.3059
Locomotion_1,X3,31.375,0.3059
Locomotion_1,X3,31.477,0.3098
Locomotion_1,X3,31.579,0.3098
Locomotion_1,X3,31.681,0.3137
Locomotion_1,X3,31.783,0.3137
Locomotion_1,X3,31.885,0.3137
Locomotion_1,X3,31.986,0.3176
Locomotion_1,X3,32.088,0.3176
Locomotion_1,X3,32.19,0.3176
Locomotion_1,X3,32.292,0.3176
Locomotion_1,X3,32.394,0.3216
Locomotion_1,X3,32.496,0.3216
Locomotion_1,X3,32.598,0.3216
Locomotion_1,X3,32.699,0.3255
Locomotion_1,X3,32.801,0.3255
Locomotion_1,X3,32.903,0.3294
Locomotion_1,X3,33.005,0.3294
Locomotion_1,X3,33.107,0.3294
Locomotion_1,X3,33.209,0.3333
Locomotion_1,X3,33.311,0.3333
Locomotion_1,X3,33.413,0.3333
Locomotion_1,X3,33.514,0.3373
Locomotion_1,X3,33.616,0.3373
Locomotion_1,X3,33.718,0.3412
Locomotion_1,X3,33.82,0.3412
Locomotion_1,X3,33.922,0.3451
Locomotion_1,X3,34.024,0.3451
Locomotion_1,X3,34.126,0.3451
Locomotion_1,X3,34.228,0.349
Locomotion_1,X3,34.329,0.349
Locomotion_1,X3,34.431,0.349
Locomotion_1,X3,34.533,0.3529
Locomotion_1,X3,34.635,0.3608
Locomotion_1,X3,34.737,0.3608
Locomotion_1,X3,34.839,0.3608
Locomotion_1,X3,34.941,0.3608
Locomotion_1,X3,35.042,0.3647
Locomotion_1,X3,35.144,0.3647
Locomotion_1,X3,35.246,0.3686
Locomotion_1,X3,35.348,0.3686
Locomotion_1,X3,35.45,0.3725
Locomotion_1,X3,35.552,0.3725
Locomotion_1,X3,35.654,0.3765
Locomotion_1,X3,35.756,0.3765
Locomotion_1,X3,35.857,0.3765
Locomotion_1,X3,35.959,0.3804
Locomotion_1,X3,36.061,0.3804
Locomotion_1,X3,36.163,0.3843
Locomotion_1,X3,36.265,0.3843
Locomotion_1,X3,36.367,0.3843
Locomotion_1,X3,36.469,0.3882
Locomotion_1,X3,36.57,0.3922
Locomotion_1,X3,36.672,0.3922
Locomotion_1,X3,36.774,0.3961
Locomotion_1,X3,36.876,0.3961
Locomotion_1,X3,36.978,0.4
Locomotion_1,X3,37.08,0.4
Locomotion_1,X3,37.182,0.4039
Locomotion_1,X3,37.284,0.4039
Locomotion_1,X3,37.385,0.4078
Locomotion_1,X3,37.487,0.4078
Locomotion_1,X3,37.589,0.4118
Locomotion_1,X3,37.691,0.4118
Locomotion_1,X3,37.793,0.4157
Locomotion_1,X3,37.895,0.4157
Locomotion_1,X3,37.997,0.4235
Locomotion_1,X3,38.098,0.4235
Locomotion_1,X3,38.2,0.4235
Locomotion_1,X3,38.302,0.4235
Locomotion_1,X3,38.404,0.4275
Locomotion_1,X3,38.506,0.4314
Locomotion_1,X3,38.608,0.4314
Locomotion_1,X3,38.71,0.4353
Locomotion_1,X3,38.812,0.4392
Locomotion_1,X3,38.913,0.4392
Locomotion_1,X3,39.015,0.4392
Locomotion_1,X3,39.117,0.4431
Locomotion_1,X3,39.219,0.4431
Locomotion_1,X3,39.321,0.4471
Locomotion_1,X3,39.423,0.451
Locomotion_1,X3,39.525,0.451
Locomotion_1,X3,39.626,0.4549
Locomotion_1,X3,39.728,0.4588
Locomotion_1,X3,39.83,0.4588
Locomotion_1,X3,39.932,0.4627
Locomotion_1,X3,40.034,0.4627
Locomotion_1,X3,40.136,0.4667
Locomotion_1,X3,40.238,0.4667
Locomotion_1,X3,40.34,0.4706
Locomotion_1,X3,40.441,0.4745
Locomotion_1,X3,40.543,0.4784
Locomotion_1,X3,40.645,0.4784
Locomotion_1,X3,40.747,0.4863
Locomotion_1,X3,40.849,0.4863
Locomotion_1,X3,40.951,0.4863
Locomotion_1,X3,41.053,0.4902
Locomotion_1,X3,41.154,0.4902
Locomotion_1,X3,41.256,0.4941
Locomotion_1,X3,41.358,0.498
Locomotion_1,X3,41.46,0.502
Locomotion_1,X3,41.562,0.5059
Locomotion_1,X3,41.664,0.5059
Locomotion_1,X3,41.766,0.5098
Locomotion_1,X3,41.868,0.5137
Locomotion_1,X3,41.969,0.5176
Locomotion_1,X3,42.071,0.5255
Locomotion_1,X3,42.173,0.5255
Locomotion_1,X3,42.275,0.5255
Locomotion_1,X3,42.377,0.5294
Locomotion_1,X3,42.479,0.5333
Locomotion_1,X3,42.581,0.5373
Locomotion_1,X3,42.683,0.5412
Locomotion_1,X3,42.784,0.5451
Locomotion_1,X3,42.886,0.5529
Locomotion_1,X3,42.988,0.5569
Locomotion_1,X3,43.09,0.5569
Locomotion_1,X3,43.192,0.5569
Locomotion_1,X3,43.294,0.5608
Locomotion_1,X3,43.396,0.5647
Locomotion_1,X3,43.497,0.5686
Locomotion_1,X3,43.599,0.5686
Locomotion_1,X3,43.701,0.5725
Locomotion_1,X3,43.803,0.5725
Locomotion_1,X3,43.905,0.5804
Locomotion_1,X3,44.007,0.5804
Locomotion_1,X3,44.109,0.5882
Locomotion_1,X3,44.211,0.5922
Locomotion_1,X3,44.312,0.5922
Locomotion_1,X3,44.414,0.5961
Locomotion_1,X3,44.516,0.6
Locomotion_1,X3,44.618,0.6039
Locomotion_1,X3,44.72,0.6078
Locomotion_1,X3,44.822,0.6157
Locomotion_1,X3,44.924,0.6196
Locomotion_1,X3,45.025,0.6196
Locomotion_1,X3,45.127,0.6235
Locomotion_1,X3,45.229,0.6275
Locomotion_1,X3,45.331,0.6314
Locomotion_1,X3,45.433,0.6392
Locomotion_1,X3,45.535,0.6431
Locomotion_1,X3,45.637,0.651
Locomotion_1,X3,45.739,0.6549
Locomotion_1,X3,45.84,0.6588
Locomotion_1,X3,45.942,0.6588
Locomotion_1,X3,46.044,0.6627
Locomotion_1,X3,46.146,0.6706
Locomotion_1,X3,46.248,0.6784
Locomotion_1,X3,46.35,0.6824
Locomotion_1,X3,46.452,0.6824
Locomotion_1,X3,46.553,0.6863
Locomotion_1,X3,46.655,0.6941
Locomotion_1,X3,46.757,0.698
Locomotion_1,X3,46.859,0.698
Locomotion_1,X3,46.961,0.702
Locomotion_1,X3,47.063,0.7059
Locomotion_1,X3,47.165,0.7059
Locomotion_1,X3,47.267,0.7137
Locomotion_1,X3,47.368,0.7137
Locomotion_1,X3,47.47,0.7137
Locomotion_1,X3,47.572,0.7137
Locomotion_1,X3,47.674,0.7137
Locomotion_1,X3,47.776,0.7137
Locomotion_1,X3,47.878,0.7137
Locomotion_1,X3,47.98,0.7137
Locomotion_1,X3,48.081,0.7137
Locomotion_1,X3,48.183,0.7137
Locomotion_1,X3,48.285,0.7137
Locomotion_1,X3,48.387,0.7137
Locomotion_1,X3,48.489,0.7137
Locomotion_1,X3,48.591,0.7137
Locomotion_1,X3,48.693,0.7137
Locomotion_1,X3,48.795,0.7137
Locomotion_1,X3,48.896,0.7137
Locomotion_1,X3,48.998,0.7137
Locomotion_1,X3,49.1,0.7137
Locomotion_1,X3,49.202,0.7176
Locomotion_1,X3,49.304,0.7216
Locomotion_1,X3,49.406,0.7255
Locomotion_1,X3,49.508,0.7294
Locomotion_1,X3,49.61,0.7333
Locomotion_1,X3,49.711,0.7451
Locomotion_1,X3,49.813,0.7451
Locomotion_1,X3,49.915,0.749
Locomotion_1,X3,50.017,0.7529
Locomotion_1,X3,50.119,0.7569
Locomotion_1,X3,50.221,0.7608
Locomotion_1,X3,50.323,0.7647
Locomotion_1,X3,50.424,0.7686
Locomotion_1,X3,50.526,0.7804
Locomotion_1,X3,50.628,0.7804
Locomotion_1,X3,50.73,0.7804
Locomotion_1,X3,50.832,0.7804
Locomotion_1,X3,50.934,0.7804
Locomotion_1,X3,51.036,0.7843
Locomotion_1,X3,51.138,0.7843
Locomotion_1,X3,51.239,0.7843
Locomotion_1,X3,51.341,0.7843
Locomotion_1,X3,51.443,0.7843
Locomotion_1,X3,51.545,0.7843
Locomotion_1,X3,51.647,0.7843
Locomotion_1,X3,51.749,0.7843
Locomotion_1,X3,51.851,0.7843
Locomotion_1,X3,51.952,0.7804
Locomotion_1,X3,52.054,0.7804
Locomotion_1,X3,52.156,0.7804
Locomotion_1,X3,52.258,0.7804
Locomotion_1,X3,52.36,0.7804
Locomotion_1,X3,52.462,0.7804
Locomotion_1,X3,52.564,0.7804
Locomotion_1,X3,52.666,0.7804
Locomotion_1,X3,52.767,0.7804
Locomotion_1,X3,52.869,0.7804
Locomotion_1,X3,52.971,0.7804
Locomotion_1,X3,53.073,0.7804
Locomotion_1,X3,53.175,0.7804
Locomotion_1,X3,53.277,0.7843
Locomotion_1,X3,53.379,0.7843
Locomotion_1,X3,53.48,0.7843
Locomotion_1,X3,53.582,0.7882
Locomotion_1,X3,53.684,0.7882
Locomotion_1,X3,53.786,0.7922
Locomotion_1,X3,53.888,0.7922
Locomotion_1,X3,53.99,0.7961
Locomotion_1,X3,54.092,0.7961
Locomotion_1,X3,54.194,0.7961
Locomotion_1,X3,54.295,0.8039
Locomotion_1,X3,54.397,0.8039
Locomotion_1,X3,54.499,0.8078
Locomotion_1,X3,54.601,0.8118
Locomotion_1,X3,54.703,0.8118
Locomotion_1,X3,54.805,0.8118
Locomotion_1,X3,54.907,0.8118
Locomotion_1,X3,55.008,0.8118
Locomotion_1,X3,55.11,0.8157
Locomotion_1,X3,55.212,0.8157
Locomotion_1,X3,55.314,0.8196
Locomotion_1,X3,55.416,0.8196
Locomotion_1,X3,55.518,0.8235
Locomotion_1,X3,55.62,0.8235
Locomotion_1,X3,55.722,0.8235
Locomotion_1,X3,55.823,0.8196
Locomotion_1,X3,55.925,0.8196
Locomotion_1,X3,56.027,0.8196
Locomotion_1,X3,56.129,0.8196
Locomotion_1,X3,56.231,0.8196
Locomotion_1,X3,56.333,0.8196
Locomotion_1,X3,56.435,0.8196
Locomotion_1,X3,56.537,0.8235
Locomotion_1,X3,56.638,0.8196
Locomotion_1,X3,56.74,0.8196
Locomotion_1,X3,56.842,0.8157
Locomotion_1,X3,56.944,0.8157
Locomotion_1,X3,57.046,0.8157
Locomotion_1,X3,57.148,0.8196
Locomotion_1,X3,57.25,0.8196
Locomotion_1,X3,57.351,0.8196
Locomotion_1,X3,57.453,0.8235
Locomotion_1,X3,57.555,0.8235
Locomotion_1,X3,57.657,0.8275
Locomotion_1,X3,57.759,0.8275
Locomotion_1,X3,57.861,0.8314
Locomotion_1,X3,57.963,0.8392
Locomotion_1,X3,58.065,0.8392
Locomotion_1,X3,58.166,0.8431
Locomotion_1,X3,58.268,0.8431
Locomotion_1,X3,58.37,0.8431
Locomotion_1,X3,58.472,0.8471
Locomotion_1,X3,58.574,0.8471
Locomotion_1,X3,58.676,0.851
Locomotion_1,X3,58.778,0.8549
Locomotion_1,X3,58.879,0.8588
Locomotion_1,X3,58.981,0.8588
Locomotion_1,X3,59.083,0.8667
Locomotion_1,X3,59.185,0.8667
Locomotion_1,X3,59.287,0.8667
Locomotion_1,X3,59.389,0.8706
Locomotion_1,X3,59.491,0.8745
Locomotion_1,X3,59.593,0.8745
Locomotion_1,X3,59.694,0.8745
Locomotion_1,X3,59.796,0.8745
Locomotion_1,X3,59.898,0.8745
Locomotion_1,X3,60.0,0.8745
Locomotion_1,X3,60.102,0.8745
Locomotion_1,X3,60.204,0.8745
Locomotion_1,X3,60.306,0.8745
Locomotion_1,X3,60.407,0.8745
Locomotion_1,X3,60.509,0.8745
Locomotion_1,X3,60.611,0.8745
Locomotion_1,X3,60.713,0.8706
Locomotion_1,X3,60.815,0.8706
Locomotion_1,X3,60.917,0.8706
Locomotion_1,X3,61.019,0.8706
Locomotion_1,X3,61.121,0.8706
Locomotion_1,X3,61.222,0.8706
Locomotion_1,X3,61.324,0.8706
Locomotion_1,X3,61.426,0.8706
Locomotion_1,X3,61.528,0.8745
Locomotion_1,X3,61.63,0.8745
Locomotion_1,X3,61.732,0.8745
Locomotion_1,X3,61.834,0.8745
Locomotion_1,X3,61.935,0.8745
Locomotion_1,X3,62.037,0.8784
Locomotion_1,X3,62.139,0.8784
Locomotion_1,X3,62.241,0.8824
Locomotion_1,X3,62.343,0.8863
Locomotion_1,X3,62.445,0.8902
Locomotion_1,X3,62.547,0.8902
Locomotion_1,X3,62.649,0.8902
Locomotion_1,X3,62.75,0.8941
Locomotion_1,X3,62.852,0.8941
Locomotion_1,X3,62.954,0.902
Locomotion_1,X3,63.056,0.9059
Locomotion_1,X3,63.158,0.9059
Locomotion_1,X3,63.26,0.9098
Locomotion_1,X3,63.362,0.9137
Locomotion_1,X3,63.463,0.9137
Locomotion_1,X3,63.565,0.9176
Locomotion_1,X3,63.667,0.9176
Locomotion_1,X3,63.769,0.9216
Locomotion_1,X3,63.871,0.9294
Locomotion_1,X3,63.973,0.9294
Locomotion_1,X3,64.075,0.9333
Locomotion_1,X3,64.177,0.9373
Locomotion_1,X3,64.278,0.9373
Locomotion_1,X3,64.38,0.9373
Locomotion_1,X3,64.482,0.9373
Locomotion_1,X3,64.584,0.9373
Locomotion_1,X3,64.686,0.9373
Locomotion_1,X3,64.788,0.9373
Locomotion_1,X3,64.89,0.9373
Locomotion_1,X3,64.992,0.9333
Locomotion_1,X3,65.093,0.9333
Locomotion_1,X3,65.195,0.9333
Locomotion_1,X3,65.297,0.9294
Locomotion_1,X3,65.399,0.9333
Locomotion_1,X3,65.501,0.9333
Locomotion_1,X3,65.603,0.9333
Locomotion_1,X3,65.705,0.9333
Locomotion_1,X3,65.806,0.9333
Locomotion_1,X3,65.908,0.9333
Locomotion_1,X3,66.01,0.9333
Locomotion_1,X3,66.112,0.9373
Locomotion_1,X3,66.214,0.9373
Locomotion_1,X3,66.316,0.9373
Locomotion_1,X3,66.418,0.9373
Locomotion_1,X3,66.52,0.9412
Locomotion_1,X3,66.621,0.9451
Locomotion_1,X3,66.723,0.949
Locomotion_1,X3,66.825,0.949
Locomotion_1,X3,66.927,0.9529
Locomotion_1,X3,67.029,0.9529
Locomotion_1,X3,67.131,0.9569
Locomotion_1,X3,67.233,0.9647
Locomotion_1,X3,67.334,0.9686
Locomotion_1,X3,67.436,0.9686
Locomotion_1,X3,67.538,0.9686
Locomotion_1,X3,67.64,0.9725
Locomotion_1,X3,67.742,0.9725
Locomotion_1,X3,67.844,0.9725
Locomotion_1,X3,67.946,0.9765
Locomotion_1,X3,68.048,0.9765
Locomotion_1,X3,68.149,0.9765
Locomotion_1,X3,68.251,0.9725
Locomotion_1,X3,68.353,0.9725
Locomotion_1,X3,68.455,0.9725
Locomotion_1,X3,68.557,0.9725
Locomotion_1,X3,68.659,0.9725
Locomotion_1,X3,68.761,0.9725
Locomotion_1,X3,68.862,0.9725
Locomotion_1,X3,68.964,0.9725
Locomotion_1,X3,69.066,0.9725
Locomotion_1,X3,69.168,0.9725
Locomotion_1,X3,69.27,0.9725
Locomotion_1,X3,69.372,0.9725
Locomotion_1,X3,69.474,0.9725
Locomotion_1,X3,69.576,0.9725
Locomotion_1,X3,69.677,0.9725
Locomotion_1,X3,69.779,0.9725
Locomotion_1,X3,69.881,0.9725
Locomotion_1,X3,69.983,0.9725
Locomotion_1,X3,70.085,0.9725
Locomotion_1,X3,70.187,0.9725
Locomotion_1,X3,70.289,0.9725
Locomotion_1,X3,70.39,0.9725
Locomotion_1,X3,70.492,0.9725
Locomotion_1,X3,70.594,0.9725
Locomotion_1,X3,70.696,0.9725
Locomotion_1,X3,70.798,0.9725
Locomotion_1,X3,70.9,0.9725
Locomotion_1,X3,71.002,0.9725
Locomotion_1,X3,71.104,0.9725
Locomotion_1,X3,71.205,0.9725
Locomotion_1,X3,71.307,0.9725
Locomotion_1,X3,71.409,0.9725
Locomotion_1,X3,71.511,0.9725
Locomotion_1,X3,71.613,0.9725
Locomotion_1,X3,71.715,0.9725
Locomotion_1,X3,71.817,0.9725
Locomotion_1,X3,71.919,0.9725
Locomotion_1,X3,72.02,0.9725
Locomotion_1,X3,72.122,0.9725
Locomotion_1,X3,72.224,0.9725
Locomotion_1,X3,72.326,0.9725
Locomotion_1,X3,72.428,0.9725
Locomotion_1,X3,72.53,0.9725
Locomotion_1,X3,72.632,0.9725
Locomotion_1,X3,72.733,0.9725
Locomotion_1,X3,72.835,0.9725
Locomotion_1,X3,72.937,0.9725
Locomotion_1,X3,73.039,0.9725
Locomotion_1,X3,73.141,0.9725
Locomotion_1,X3,73.243,0.9725
Locomotion_1,X3,73.345,0.9725
Locomotion_1,X3,73.447,0.9725
Locomotion_1,X3,73.548,0.9725
Locomotion_1,X3,73.65,0.9725
Locomotion_1,X3,73.752,0.9725
Locomotion_1,X3,73.854,0.9725
Locomotion_1,X3,73.956,0.9725
Locomotion_1,X3,74.058,0.9725
Locomotion_1,X3,74.16,0.9725
Locomotion_1,X3,74.261,0.9765
Locomotion_1,X3,74.363,1.0
Locomotion_1,X4,0.0,1.0
Locomotion_1,X4,0.102,0.0549
Locomotion_1,X4,0.204,0.0
Locomotion_1,X4,0.306,0.0
Locomotion_1,X4,0.407,0.0
Locomotion_1,X4,0.509,0.0
Locomotion_1,X4,0.611,0.0
Locomotion_1,X4,0.713,0.0
Locomotion_1,X4,0.815,0.0
Locomotion_1,X4,0.917,0.0
Locomotion_1,X4,1.019,0.0
Locomotion_1,X4,1.121,0.0
Locomotion_1,X4,1.222,0.0
Locomotion_1,X4,1.324,0.0
Locomotion_1,X4,1.426,0.0
Locomotion_1,X4,1.528,0.0
Locomotion_1,X4,1.63,0.0
Locomotion_1,X4,1.732,0.0
Locomotion_1,X4,1.834,0.0
Locomotion_1,X4,1.935,0.0
Locomotion_1,X4,2.037,0.0
Locomotion_1,X4,2.139,0.0
Locomotion_1,X4,2.241,0.0
Locomotion_1,X4,2.343,0.0
Locomotion_1,X4,2.445,0.0
Locomotion_1,X4,2.547,0.0
Locomotion_1,X4,2.649,0.0
Locomotion_1,X4,2.75,0.0
Locomotion_1,X4,2.852,0.0
Locomotion_1,X4,2.954,0.0
Locomotion_1,X4,3.056,0.0
Locomotion_1,X4,3.158,0.0
Locomotion_1,X4,3.26,0.0
Locomotion_1,X4,3.362,0.0
Locomotion_1,X4,3.463,0.0
Locomotion_1,X4,3.565,0.0
Locomotion_1,X4,3.667,0.0
Locomotion_1,X4,3.769,0.0
Locomotion_1,X4,3.871,0.0
Locomotion_1,X4,3.973,0.0
Locomotion_1,X4,4.075,0.0
Locomotion_1,X4,4.177,0.0
Locomotion_1,X4,4.278,0.0
Locomotion_1,X4,4.38,0.0
Locomotion_1,X4,4.482,0.0
Locomotion_1,X4,4.584,0.0
Locomotion_1,X4,4.686,0.0
Locomotion_1,X4,4.788,0.0
Locomotion_1,X4,4.89,0.0
Locomotion_1,X4,4.992,0.0
Locomotion_1,X4,5.093,0.0
Locomotion_1,X4,5.195,0.0
Locomotion_1,X4,5.297,0.0
Locomotion_1,X4,5.399,0.0
Locomotion_1,X4,5.501,0.0
Locomotion_1,X4,5.603,0.0
Locomotion_1,X4,5.705,0.0
Locomotion_1,X4,5.806,0.0
Locomotion_1,X4,5.908,0.0
Locomotion_1,X4,6.01,0.0
Locomotion_1,X4,6.112,0.0
Locomotion_1,X4,6.214,0.0
Locomotion_1,X4,6.316,0.0
Locomotion_1,X4,6.418,0.0
Locomotion_1,X4,6.52,0.0
Locomotion_1,X4,6.621,0.0
Locomotion_1,X4,6.723,0.0
Locomotion_1,X4,6.825,0.0
Locomotion_1,X4,6.927,0.0
Locomotion_1,X4,7.029,0.0
Locomotion_1,X4,7.131,0.0
Locomotion_1,X4,7.233,0.0
Locomotion_1,X4,7.334,0.0
Locomotion_1,X4,7.436,0.0
Locomotion_1,X4,7.538,0.0
Locomotion_1,X4,7.64,0.0
Locomotion_1,X4,7.742,0.0
Locomotion_1,X4,7.844,0.0
Locomotion_1,X4,7.946,0.0
Locomotion_1,X4,8.048,0.0
Locomotion_1,X4,8.149,0.0
Locomotion_1,X4,8.251,0.0
Locomotion_1,X4,8.353,0.0
Locomotion_1,X4,8.455,0.0
Locomotion_1,X4,8.557,0.0
Locomotion_1,X4,8.659,0.0
Locomotion_1,X4,8.761,0.0
Locomotion_1,X4,8.862,0.0
Locomotion_1,X4,8.964,0.0
Locomotion_1,X4,9.066,0.0
Locomotion_1,X4,9.168,0.0
Locomotion_1,X4,9.27,0.0
Locomotion_1,X4,9.372,0.0
Locomotion_1,X4,9.474,0.0
Locomotion_1,X4,9.576,0.0
Locomotion_1,X4,9.677,0.0
Locomotion_1,X4,9.779,0.0
Locomotion_1,X4,9.881,0.0
Locomotion_1,X4,9.983,0.0
Locomotion_1,X4,10.085,0.0
Locomotion_1,X4,10.187,0.0
Locomotion_1,X4,10.289,0.0
Locomotion_1,X4,10.39,0.0
Locomotion_1,X4,10.492,0.0
Locomotion_1,X4,10.594,0.0
Locomotion_1,X4,10.696,0.0
Locomotion_1,X4,10.798,0.0
Locomotion_1,X4,10.9,0.0
Locomotion_1,X4,11.002,0.0
Locomotion_1,X4,11.104,0.0
Locomotion_1,X4,11.205,0.0
Locomotion_1,X4,11.307,0.0
Locomotion_1,X4,11.409,0.0
Locomotion_1,X4,11.511,0.0
Locomotion_1,X4,11.613,0.0
Locomotion_1,X4,11.715,0.0
Locomotion_1,X4,11.817,0.0
Locomotion_1,X4,11.919,0.0
Locomotion_1,X4,12.02,0.0
Locomotion_1,X4,12.122,0.0
Locomotion_1,X4,12.224,0.0
Locomotion_1,X4,12.326,0.0
Locomotion_1,X4,12.428,0.0
Locomotion_1,X4,12.53,0.0
Locomotion_1,X4,12.632,0.0
Locomotion_1,X4,12.733,0.0
Locomotion_1,X4,12.835,0.0
Locomotion_1,X4,12.937,0.0
Locomotion_1,X4,13.039,0.0
Locomotion_1,X4,13.141,0.0
Locomotion_1,X4,13.243,0.0
Locomotion_1,X4,13.345,0.0
Locomotion_1,X4,13.447,0.0
Locomotion_1,X4,13.548,0.0
Locomotion_1,X4,13.65,0.0
Locomotion_1,X4,13.752,0.0
Locomotion_1,X4,13.854,0.0
Locomotion_1,X4,13.956,0.0
Locomotion_1,X4,14.058,0.0
Locomotion_1,X4,14.16,0.0
Locomotion_1,X4,14.261,0.0
Locomotion_1,X4,14.363,0.0
Locomotion_1,X4,14.465,0.0
Locomotion_1,X4,14.567,0.0
Locomotion_1,X4,14.669,0.0
Locomotion_1,X4,14.771,0.0
Locomotion_1,X4,14.873,0.0
Locomotion_1,X4,14.975,0.0
Locomotion_1,X4,15.076,0.0
Locomotion_1,X4,15.178,0.0
Locomotion_1,X4,15.28,0.0
Locomotion_1,X4,15.382,0.0
Locomotion_1,X4,15.484,0.0
Locomotion_1,X4,15.586,0.0
Locomotion_1,X4,15.688,0.0
Locomotion_1,X4,15.789,0.0
Locomotion_1,X4,15.891,0.0
Locomotion_1,X4,15.993,0.0
Locomotion_1,X4,16.095,0.0
Locomotion_1,X4,16.197,0.0
Locomotion_1,X4,16.299,0.0
Locomotion_1,X4,16.401,0.0
Locomotion_1,X4,16.503,0.0
Locomotion_1,X4,16.604,0.0
Locomotion_1,X4,16.706,0.0
Locomotion_1,X4,16.808,0.0
Locomotion_1,X4,16.91,0.0
Locomotion_1,X4,17.012,0.0
Locomotion_1,X4,17.114,0.0
Locomotion_1,X4,17.216,0.0
Locomotion_1,X4,17.317,0.0
Locomotion_1,X4,17.419,0.0
Locomotion_1,X4,17.521,0.0
Locomotion_1,X4,17.623,0.0
Locomotion_1,X4,17.725,0.0
Locomotion_1,X4,17.827,0.0
Locomotion_1,X4,17.929,0.0
Locomotion_1,X4,18.031,0.0
Locomotion_1,X4,18.132,0.0
Locomotion_1,X4,18.234,0.0
Locomotion_1,X4,18.336,0.0
Locomotion_1,X4,18.438,0.0
Locomotion_1,X4,18.54,0.0
Locomotion_1,X4,18.642,0.0
Locomotion_1,X4,18.744,0.0
Locomotion_1,X4,18.846,0.0
Locomotion_1,X4,18.947,0.0
Locomotion_1,X4,19.049,0.0
Locomotion_1,X4,19.151,0.0
Locomotion_1,X4,19.253,0.0
Locomotion_1,X4,19.355,0.0
Locomotion_1,X4,19.457,0.0
Locomotion_1,X4,19.559,0.0
Locomotion_1,X4,19.66,0.0
Locomotion_1,X4,19.762,0.0
Locomotion_1,X4,19.864,0.0
Locomotion_1,X4,19.966,0.0
Locomotion_1,X4,20.068,0.0
Locomotion_1,X4,20.17,0.0
Locomotion_1,X4,20.272,0.0
Locomotion_1,X4,20.374,0.0
Locomotion_1,X4,20.475,0.0
Locomotion_1,X4,20.577,0.0
Locomotion_1,X4,20.679,0.0
Locomotion_1,X4,20.781,0.0
Locomotion_1,X4,20.883,0.0
Locomotion_1,X4,20.985,0.0
Locomotion_1,X4,21.087,0.0
Locomotion_1,X4,21.188,0.0
Locomotion_1,X4,21.29,0.0
Locomotion_1,X4,21.392,0.0
Locomotion_1,X4,21.494,0.0
Locomotion_1,X4,21.596,0.0
Locomotion_1,X4,21.698,0.0
Locomotion_1,X4,21.8,0.0
Locomotion_1,X4,21.902,0.0
Locomotion_1,X4,22.003,0.0
Locomotion_1,X4,22.105,0.0
Locomotion_1,X4,22.207,0.0
Locomotion_1,X4,22.309,0.0
Locomotion_1,X4,22.411,0.0
Locomotion_1,X4,22.513,0.0
Locomotion_1,X4,22.615,0.0
Locomotion_1,X4,22.716,0.0
Locomotion_1,X4,22.818,0.0
Locomotion_1,X4,22.92,0.0
Locomotion_1,X4,23.022,0.0
Locomotion_1,X4,23.124,0.0
Locomotion_1,X4,23.226,0.0
Locomotion_1,X4,23.328,0.0
Locomotion_1,X4,23.43,0.0
Locomotion_1,X4,23.531,0.0
Locomotion_1,X4,23.633,0.0
Locomotion_1,X4,23.735,0.0
Locomotion_1,X4,23.837,0.0
Locomotion_1,X4,23.939,0.0
Locomotion_1,X4,24.041,0.0
Locomotion_1,X4,24.143,0.0
Locomotion_1,X4,24.244,0.0
Locomotion_1,X4,24.346,0.0
Locomotion_1,X4,24.448,0.0
Locomotion_1,X4,24.55,0.0
Locomotion_1,X4,24.652,0.0
Locomotion_1,X4,24.754,0.0
Locomotion_1,X4,24.856,0.0
Locomotion_1,X4,24.958,0.0
Locomotion_1,X4,25.059,0.0
Locomotion_1,X4,25.161,0.0
Locomotion_1,X4,25.263,0.0
Locomotion_1,X4,25.365,0.0
Locomotion_1,X4,25.467,0.0
Locomotion_1,X4,25.569,0.0
Locomotion_1,X4,25.671,0.0
Locomotion_1,X4,25.772,0.0
Locomotion_1,X4,25.874,0.0
Locomotion_1,X4,25.976,0.0
Locomotion_1,X4,26.078,0.0
Locomotion_1,X4,26.18,0.0
Locomotion_1,X4,26.282,0.0
Locomotion_1,X4,26.384,0.0
Locomotion_1,X4,26.486,0.0
Locomotion_1,X4,26.587,0.0
Locomotion_1,X4,26.689,0.0
Locomotion_1,X4,26.791,0.0
Locomotion_1,X4,26.893,0.0
Locomotion_1,X4,26.995,0.0
Locomotion_1,X4,27.097,0.0
Locomotion_1,X4,27.199,0.0
Locomotion_1,X4,27.301,0.0
Locomotion_1,X4,27.402,0.0
Locomotion_1,X4,27.504,0.0
Locomotion_1,X4,27.606,0.0
Locomotion_1,X4,27.708,0.0
Locomotion_1,X4,27.81,0.0
Locomotion_1,X4,27.912,0.0
Locomotion_1,X4,28.014,0.0
Locomotion_1,X4,28.115,0.0
Locomotion_1,X4,28.217,0.0
Locomotion_1,X4,28.319,0.0
Locomotion_1,X4,28.421,0.0
Locomotion_1,X4,28.523,0.0
Locomotion_1,X4,28.625,0.0
Locomotion_1,X4,28.727,0.0
Locomotion_1,X4,28.829,0.0
Locomotion_1,X4,28.93,0.0
Locomotion_1,X4,29.032,0.0
Locomotion_1,X4,29.134,0.0
Locomotion_1,X4,29.236,0.0
Locomotion_1,X4,29.338,0.0
Locomotion_1,X4,29.44,0.0
Locomotion_1,X4,29.542,0.0
Locomotion_1,X4,29.643,0.0
Locomotion_1,X4,29.745,0.0
Locomotion_1,X4,29.847,0.0
Locomotion_1,X4,29.949,0.0
Locomotion_1,X4,30.051,0.0
Locomotion_1,X4,30.153,0.0
Locomotion_1,X4,30.255,0.0
Locomotion_1,X4,30.357,0.0
Locomotion_1,X4,30.458,0.0
Locomotion_1,X4,30.56,0.0
Locomotion_1,X4,30.662,0.0
Locomotion_1,X4,30.764,0.0
Locomotion_1,X4,30.866,0.0
Locomotion_1,X4,30.968,0.0
Locomotion_1,X4,31.07,0.0
Locomotion_1,X4,31.171,0.0
Locomotion_1,X4,31.273,0.0
Locomotion_1,X4,31.375,0.0
Locomotion_1,X4,31.477,0.0
Locomotion_1,X4,31.579,0.0
Locomotion_1,X4,31.681,0.0
Locomotion_1,X4,31.783,0.0
Locomotion_1,X4,31.885,0.0
Locomotion_1,X4,31.986,0.0
Locomotion_1,X4,32.088,0.0
Locomotion_1,X4,32.19,0.0
Locomotion_1,X4,32.292,0.0
Locomotion_1,X4,32.394,0.0
Locomotion_1,X4,32.496,0.0
Locomotion_1,X4,32.598,0.0
Locomotion_1,X4,32.699,0.0
Locomotion_1,X4,32.801,0.0
Locomotion_1,X4,32.903,0.0
Locomotion_1,X4,33.005,0.0
Locomotion_1,X4,33.107,0.0
Locomotion_1,X4,33.209,0.0
Locomotion_1,X4,33.311,0.0
Locomotion_1,X4,33.413,0.0
Locomotion_1,X4,33.514,0.0
Locomotion_1,X4,33.616,0.0
Locomotion_1,X4,33.718,0.0
Locomotion_1,X4,33.82,0.0
Locomotion_1,X4,33.922,0.0
Locomotion_1,X4,34.024,0.0
Locomotion_1,X4,34.126,0.0
Locomotion_1,X4,34.228,0.0
Locomotion_1,X4,34.329,0.0
Locomotion_1,X4,34.431,0.0
Locomotion_1,X4,34.533,0.0
Locomotion_1,X4,34.635,0.0
Locomotion_1,X4,34.737,0.0
Locomotion_1,X4,34.839,0.0
Locomotion_1,X4,34.941,0.0
Locomotion_1,X4,35.042,0.0
Locomotion_1,X4,35.144,0.0
Locomotion_1,X4,35.246,0.0
Locomotion_1,X4,35.348,0.0
Locomotion_1,X4,35.45,0.0
Locomotion_1,X4,35.552,0.0
Locomotion_1,X4,35.654,0.0
Locomotion_1,X4,35.756,0.0
Locomotion_1,X4,35.857,0.0
Locomotion_1,X4,35.959,0.0
Locomotion_1,X4,36.061,0.0
Locomotion_1,X4,36.163,0.0
Locomotion_1,X4,36.265,0.0
Locomotion_1,X4,36.367,0.0
Locomotion_1,X4,36.469,0.0
Locomotion_1,X4,36.57,0.0
Locomotion_1,X4,36.672,0.0
Locomotion_1,X4,36.774,0.0
Locomotion_1,X4,36.876,0.0
Locomotion_1,X4,36.978,0.0
Locomotion_1,X4,37.08,0.0
Locomotion_1,X4,37.182,0.0
Locomotion_1,X4,37.284,0.0
Locomotion_1,X4,37.385,0.0
Locomotion_1,X4,37.487,0.0
Locomotion_1,X4,37.589,0.0
Locomotion_1,X4,37.691,0.0
Locomotion_1,X4,37.793,0.0
Locomotion_1,X4,37.895,0.0
Locomotion_1,X4,37.997,0.0
Locomotion_1,X4,38.098,0.0
Locomotion_1,X4,38.2,0.0
Locomotion_1,X4,38.302,0.0
Locomotion_1,X4,38.404,0.0
Locomotion_1,X4,38.506,0.0
Locomotion_1,X4,38.608,0.0
Locomotion_1,X4,38.71,0.0
Locomotion_1,X4,38.812,0.0
Locomotion_1,X4,38.913,0.0
Locomotion_1,X4,39.015,0.0
Locomotion_1,X4,39.117,0.0
Locomotion_1,X4,39.219,0.0
Locomotion_1,X4,39.321,0.0
Locomotion_1,X4,39.423,0.0
Locomotion_1,X4,39.525,0.0
Locomotion_1,X4,39.626,0.0
Locomotion_1,X4,39.728,0.0
Locomotion_1,X4,39.83,0.0
Locomotion_1,X4,39.932,0.0
Locomotion_1,X4,40.034,0.0
Locomotion_1,X4,40.136,0.0
Locomotion_1,X4,40.238,0.0
Locomotion_1,X4,40.34,0.0
Locomotion_1,X4,40.441,0.0
Locomotion_1,X4,40.543,0.0
Locomotion_1,X4,40.645,0.0
Locomotion_1,X4,40.747,0.0
Locomotion_1,X4,40.849,0.0
Locomotion_1,X4,40.951,0.0
Locomotion_1,X4,41.053,0.0
Locomotion_1,X4,41.154,0.0
Locomotion_1,X4,41.256,0.0
Locomotion_1,X4,41.358,0.0
Locomotion_1,X4,41.46,0.0
Locomotion_1,X4,41.562,0.0
Locomotion_1,X4,41.664,0.0
Locomotion_1,X4,41.766,0.0
Locomotion_1,X4,41.868,0.0
Locomotion_1,X4,41.969,0.0
Locomotion_1,X4,42.071,0.0
Locomotion_1,X4,42.173,0.0
Locomotion_1,X4,42.275,0.0
Locomotion_1,X4,42.377,0.0
Locomotion_1,X4,42.479,0.0
Locomotion_1,X4,42.581,0.0
Locomotion_1,X4,42.683,0.0
Locomotion_1,X4,42.784,0.0
Locomotion_1,X4,42.886,0.0
Locomotion_1,X4,42.988,0.0
Locomotion_1,X4,43.09,0.0
Locomotion_1,X4,43.192,0.0
Locomotion_1,X4,43.294,0.0
Locomotion_1,X4,43.396,0.0
Locomotion_1,X4,43.497,0.0
Locomotion_1,X4,43.599,0.0
Locomotion_1,X4,43.701,0.0
Locomotion_1,X4,43.803,0.0
Locomotion_1,X4,43.905,0.0
Locomotion_1,X4,44.007,0.0
Locomotion_1,X4,44.109,0.0
Locomotion_1,X4,44.211,0.0
Locomotion_1,X4,44.312,0.0
Locomotion_1,X4,44.414,0.0
Locomotion_1,X4,44.516,0.0
Locomotion_1,X4,44.618,0.0
Locomotion_1,X4,44.72,0.0
Locomotion_1,X4,44.822,0.0
Locomotion_1,X4,44.924,0.0
Locomotion_1,X4,45.025,0.0
Locomotion_1,X4,45.127,0.0
Locomotion_1,X4,45.229,0.0
Locomotion_1,X4,45.331,0.0
Locomotion_1,X4,45.433,0.0
Locomotion_1,X4,45.535,0.0
Locomotion_1,X4,45.637,0.0
Locomotion_1,X4,45.739,0.0
Locomotion_1,X4,45.84,0.0
Locomotion_1,X4,45.942,0.0
Locomotion_1,X4,46.044,0.0
Locomotion_1,X4,46.146,0.0
Locomotion_1,X4,46.248,0.0
Locomotion_1,X4,46.35,0.0
Locomotion_1,X4,46.452,0.0
Locomotion_1,X4,46.553,0.0
Locomotion_1,X4,46.655,0.0
Locomotion_1,X4,46.757,0.0
Locomotion_1,X4,46.859,0.0
Locomotion_1,X4,46.961,0.0
Locomotion_1,X4,47.063,0.0
Locomotion_1,X4,47.165,0.0
Locomotion_1,X4,47.267,0.0
Locomotion_1,X4,47.368,0.0
Locomotion_1,X4,47.47,0.0
Locomotion_1,X4,47.572,0.0
Locomotion_1,X4,47.674,0.0
Locomotion_1,X4,47.776,0.0
Locomotion_1,X4,47.878,0.0
Locomotion_1,X4,47.98,0.0
Locomotion_1,X4,48.081,0.0
Locomotion_1,X4,48.183,0.0
Locomotion_1,X4,48.285,0.0
Locomotion_1,X4,48.387,0.0
Locomotion_1,X4,48.489,0.0
Locomotion_1,X4,48.591,0.0
Locomotion_1,X4,48.693,0.0
Locomotion_1,X4,48.795,0.0
Locomotion_1,X4,48.896,0.0
Locomotion_1,X4,48.998,0.0
Locomotion_1,X4,49.1,0.0
Locomotion_1,X4,49.202,0.0
Locomotion_1,X4,49.304,0.0
Locomotion_1,X4,49.406,0.0
Locomotion_1,X4,49.508,0.0
Locomotion_1,X4,49.61,0.0
Locomotion_1,X4,49.711,0.0
Locomotion_1,X4,49.813,0.0
Locomotion_1,X4,49.915,0.0
Locomotion_1,X4,50.017,0.0
Locomotion_1,X4,50.119,0.0
Locomotion_1,X4,50.221,0.0
Locomotion_1,X4,50.323,0.0
Locomotion_1,X4,50.424,0.0
Locomotion_1,X4,50.526,0.0
Locomotion_1,X4,50.628,0.0
Locomotion_1,X4,50.73,0.0
Locomotion_1,X4,50.832,0.0
Locomotion_1,X4,50.934,0.0
Locomotion_1,X4,51.036,0.0
Locomotion_1,X4,51.138,0.0
Locomotion_1,X4,51.239,0.0
Locomotion_1,X4,51.341,0.0
Locomotion_1,X4,51.443,0.0
Locomotion_1,X4,51.545,0.0
Locomotion_1,X4,51.647,0.0
Locomotion_1,X4,51.749,0.0
Locomotion_1,X4,51.851,0.0
Locomotion_1,X4,51.952,0.0
Locomotion_1,X4,52.054,0.0
Locomotion_1,X4,52.156,0.0
Locomotion_1,X4,52.258,0.0
Locomotion_1,X4,52.36,0.0
Locomotion_1,X4,52.462,0.0
Locomotion_1,X4,52.564,0.0
Locomotion_1,X4,52.666,0.0
Locomotion_1,X4,52.767,0.0
Locomotion_1,X4,52.869,0.0
Locomotion_1,X4,52.971,0.0
Locomotion_1,X4,53.073,0.0
Locomotion_1,X4,53.175,0.0
Locomotion_1,X4,53.277,0.0
Locomotion_1,X4,53.379,0.0
Locomotion_1,X4,53.48,0.0
Locomotion_1,X4,53.582,0.0
Locomotion_1,X4,53.684,0.0
Locomotion_1,X4,53.786,0.0
Locomotion_1,X4,53.888,0.0
Locomotion_1,X4,53.99,0.0
Locomotion_1,X4,54.092,0.0
Locomotion_1,X4,54.194,0.0
Locomotion_1,X4,54.295,0.0
Locomotion_1,X4,54.397,0.0
Locomotion_1,X4,54.499,0.0
Locomotion_1,X4,54.601,0.0
Locomotion_1,X4,54.703,0.0
Locomotion_1,X4,54.805,0.0
Locomotion_1,X4,54.907,0.0
Locomotion_1,X4,55.008,0.0
Locomotion_1,X4,55.11,0.0
Locomotion_1,X4,55.212,0.0
Locomotion_1,X4,55.314,0.0
Locomotion_1,X4,55.416,0.0
Locomotion_1,X4,55.518,0.0
Locomotion_1,X4,55.62,0.0
Locomotion_1,X4,55.722,0.0
Locomotion_1,X4,55.823,0.0
Locomotion_1,X4,55.925,0.0
Locomotion_1,X4,56.027,0.0
Locomotion_1,X4,56.129,0.0
Locomotion_1,X4,56.231,0.0
Locomotion_1,X4,56.333,0.0
Locomotion_1,X4,56.435,0.0
Locomotion_1,X4,56.537,0.0
Locomotion_1,X4,56.638,0.0
Locomotion_1,X4,56.74,0.0
Locomotion_1,X4,56.842,0.0
Locomotion_1,X4,56.944,0.0
Locomotion_1,X4,57.046,0.0
Locomotion_1,X4,57.148,0.0
Locomotion_1,X4,57.25,0.0
Locomotion_1,X4,57.351,0.0
Locomotion_1,X4,57.453,0.0
Locomotion_1,X4,57.555,0.0
Locomotion_1,X4,57.657,0.0
Locomotion_1,X4,57.759,0.0
Locomotion_1,X4,57.861,0.0
Locomotion_1,X4,57.963,0.0
Locomotion_1,X4,58.065,0.0
Locomotion_1,X4,58.166,0.0
Locomotion_1,X4,58.268,0.0
Locomotion_1,X4,58.37,0.0
Locomotion_1,X4,58.472,0.0
Locomotion_1,X4,58.574,0.0
Locomotion_1,X4,58.676,0.0
Locomotion_1,X4,58.778,0.0
Locomotion_1,X4,58.879,0.0
Locomotion_1,X4,58.981,0.0
Locomotion_1,X4,59.083,0.0
Locomotion_1,X4,59.185,0.0
Locomotion_1,X4,59.287,0.0
Locomotion_1,X4,59.389,0.0
Locomotion_1,X4,59.491,0.0
Locomotion_1,X4,59.593,0.0
Locomotion_1,X4,59.694,0.0
Locomotion_1,X4,59.796,0.0
Locomotion_1,X4,59.898,0.0
Locomotion_1,X4,60.0,0.0
Locomotion_1,X4,60.102,0.0
Locomotion_1,X4,60.204,0.0
Locomotion_1,X4,60.306,0.0
Locomotion_1,X4,60.407,0.0
Locomotion_1,X4,60.509,0.0
Locomotion_1,X4,60.611,0.0
Locomotion_1,X4,60.713,0.0
Locomotion_1,X4,60.815,0.0
Locomotion_1,X4,60.917,0.0
Locomotion_1,X4,61.019,0.0
Locomotion_1,X4,61.121,0.0
Locomotion_1,X4,61.222,0.0
Locomotion_1,X4,61.324,0.0
Locomotion_1,X4,61.426,0.0
Locomotion_1,X4,61.528,0.0
Locomotion_1,X4,61.63,0.0
Locomotion_1,X4,61.732,0.0
Locomotion_1,X4,61.834,0.0
Locomotion_1,X4,61.935,0.0
Locomotion_1,X4,62.037,0.0
Locomotion_1,X4,62.139,0.0
Locomotion_1,X4,62.241,0.0
Locomotion_1,X4,62.343,0.0
Locomotion_1,X4,62.445,0.0
Locomotion_1,X4,62.547,0.0
Locomotion_1,X4,62.649,0.0
Locomotion_1,X4,62.75,0.0
Locomotion_1,X4,62.852,0.0
Locomotion_1,X4,62.954,0.0
Locomotion_1,X4,63.056,0.0
Locomotion_1,X4,63.158,0.0
Locomotion_1,X4,63.26,0.0
Locomotion_1,X4,63.362,0.0
Locomotion_1,X4,63.463,0.0
Locomotion_1,X4,63.565,0.0
Locomotion_1,X4,63.667,0.0
Locomotion_1,X4,63.769,0.0
Locomotion_1,X4,63.871,0.0
Locomotion_1,X4,63.973,0.0
Locomotion_1,X4,64.075,0.0
Locomotion_1,X4,64.177,0.0
Locomotion_1,X4,64.278,0.0
Locomotion_1,X4,64.38,0.0
Locomotion_1,X4,64.482,0.0
Locomotion_1,X4,64.584,0.0
Locomotion_1,X4,64.686,0.0
Locomotion_1,X4,64.788,0.0
Locomotion_1,X4,64.89,0.0
Locomotion_1,X4,64.992,0.0
Locomotion_1,X4,65.093,0.0
Locomotion_1,X4,65.195,0.0
Locomotion_1,X4,65.297,0.0
Locomotion_1,X4,65.399,0.0
Locomotion_1,X4,65.501,0.0
Locomotion_1,X4,65.603,0.0
Locomotion_1,X4,65.705,0.0
Locomotion_1,X4,65.806,0.0
Locomotion_1,X4,65.908,0.0
Locomotion_1,X4,66.01,0.0
Locomotion_1,X4,66.112,0.0
Locomotion_1,X4,66.214,0.0
Locomotion_1,X4,66.316,0.0
Locomotion_1,X4,66.418,0.0
Locomotion_1,X4,66.52,0.0
Locomotion_1,X4,66.621,0.0
Locomotion_1,X4,66.723,0.0
Locomotion_1,X4,66.825,0.0
Locomotion_1,X4,66.927,0.0
Locomotion_1,X4,67.029,0.0
Locomotion_1,X4,67.131,0.0
Locomotion_1,X4,67.233,0.0
Locomotion_1,X4,67.334,0.0
Locomotion_1,X4,67.436,0.0
Locomotion_1,X4,67.538,0.0
Locomotion_1,X4,67.64,0.0
Locomotion_1,X4,67.742,0.0
Locomotion_1,X4,67.844,0.0
Locomotion_1,X4,67.946,0.0
Locomotion_1,X4,68.048,0.0
Locomotion_1,X4,68.149,0.0
Locomotion_1,X4,68.251,0.0
Locomotion_1,X4,68.353,0.0
Locomotion_1,X4,68.455,0.0
Locomotion_1,X4,68.557,0.0
Locomotion_1,X4,68.659,0.0
Locomotion_1,X4,68.761,0.0
Locomotion_1,X4,68.862,0.0
Locomotion_1,X4,68.964,0.0
Locomotion_1,X4,69.066,0.0
Locomotion_1,X4,69.168,0.0
Locomotion_1,X4,69.27,0.0
Locomotion_1,X4,69.372,0.0
Locomotion_1,X4,69.474,0.0
Locomotion_1,X4,69.576,0.0
Locomotion_1,X4,69.677,0.0
Locomotion_1,X4,69.779,0.0
Locomotion_1,X4,69.881,0.0
Locomotion_1,X4,69.983,0.0
Locomotion_1,X4,70.085,0.0
Locomotion_1,X4,70.187,0.0
Locomotion_1,X4,70.289,0.0
Locomotion_1,X4,70.39,0.0
Locomotion_1,X4,70.492,0.0
Locomotion_1,X4,70.594,0.0
Locomotion_1,X4,70.696,0.0
Locomotion_1,X4,70.798,0.0
Locomotion_1,X4,70.9,0.0
Locomotion_1,X4,71.002,0.0
Locomotion_1,X4,71.104,0.0
Locomotion_1,X4,71.205,0.0
Locomotion_1,X4,71.307,0.0
Locomotion_1,X4,71.409,0.0
Locomotion_1,X4,71.511,0.0
Locomotion_1,X4,71.613,0.0
Locomotion_1,X4,71.715,0.0
Locomotion_1,X4,71.817,0.0
Locomotion_1,X4,71.919,0.0
Locomotion_1,X4,72.02,0.0
Locomotion_1,X4,72.122,0.0
Locomotion_1,X4,72.224,0.0
Locomotion_1,X4,72.326,0.0
Locomotion_1,X4,72.428,0.0
Locomotion_1,X4,72.53,0.0
Locomotion_1,X4,72.632,0.0
Locomotion_1,X4,72.733,0.0
Locomotion_1,X4,72.835,0.0
Locomotion_1,X4,72.937,0.0
Locomotion_1,X4,73.039,0.0
Locomotion_1,X4,73.141,0.0
Locomotion_1,X4,73.243,0.0
Locomotion_1,X4,73.345,0.0
Locomotion_1,X4,73.447,0.0
Locomotion_1,X4,73.548,0.0
Locomotion_1,X4,73.65,0.0
Locomotion_1,X4,73.752,0.0
Locomotion_1,X4,73.854,0.0
Locomotion_1,X4,73.956,0.0
Locomotion_1,X4,74.058,0.0
Locomotion_1,X4,74.16,0.0
Locomotion_1,X4,74.261,0.0549
Locomotion_1,X4,74.363,1.0
Locomotion_1,X5,0.0,1.0
Locomotion_1,X5,0.102,0.0549
Locomotion_1,X5,0.204,0.0
Locomotion_1,X5,0.306,0.0
Locomotion_1,X5,0.407,0.0
Locomotion_1,X5,0.509,0.0
Locomotion_1,X5,0.611,0.0
Locomotion_1,X5,0.713,0.0
Locomotion_1,X5,0.815,0.0
Locomotion_1,X5,0.917,0.0
Locomotion_1,X5,1.019,0.0
Locomotion_1,X5,1.121,0.0
Locomotion_1,X5,1.222,0.0
Locomotion_1,X5,1.324,0.0
Locomotion_1,X5,1.426,0.0
Locomotion_1,X5,1.528,0.0
Locomotion_1,X5,1.63,0.0
Locomotion_1,X5,1.732,0.0
Locomotion_1,X5,1.834,0.0
Locomotion_1,X5,1.935,0.0
Locomotion_1,X5,2.037,0.0
Locomotion_1,X5,2.139,0.0
Locomotion_1,X5,2.241,0.0
Locomotion_1,X5,2.343,0.0
Locomotion_1,X5,2.445,0.0
Locomotion_1,X5,2.547,0.0
Locomotion_1,X5,2.649,0.0
Locomotion_1,X5,2.75,0.0
Locomotion_1,X5,2.852,0.0
Locomotion_1,X5,2.954,0.0
Locomotion_1,X5,3.056,0.0
Locomotion_1,X5,3.158,0.0
Locomotion_1,X5,3.26,0.0
Locomotion_1,X5,3.362,0.0
Locomotion_1,X5,3.463,0.0
Locomotion_1,X5,3.565,0.0
Locomotion_1,X5,3.667,0.0
Locomotion_1,X5,3.769,0.0
Locomotion_1,X5,3.871,0.0
Locomotion_1,X5,3.973,0.0
Locomotion_1,X5,4.075,0.0
Locomotion_1,X5,4.177,0.0
Locomotion_1,X5,4.278,0.0
Locomotion_1,X5,4.38,0.0
Locomotion_1,X5,4.482,0.0
Locomotion_1,X5,4.584,0.0
Locomotion_1,X5,4.686,0.0
Locomotion_1,X5,4.788,0.0
Locomotion_1,X5,4.89,0.0
Locomotion_1,X5,4.992,0.0
Locomotion_1,X5,5.093,0.0
Locomotion_1,X5,5.195,0.0
Locomotion_1,X5,5.297,0.0
Locomotion_1,X5,5.399,0.0
Locomotion_1,X5,5.501,0.0
Locomotion_1,X5,5.603,0.0
Locomotion_1,X5,5.705,0.0
Locomotion_1,X5,5.806,0.0
Locomotion_1,X5,5.908,0.0
Locomotion_1,X5,6.01,0.0
Locomotion_1,X5,6.112,0.0
Locomotion_1,X5,6.214,0.0
Locomotion_1,X5,6.316,0.0
Locomotion_1,X5,6.418,0.0
Locomotion_1,X5,6.52,0.0
Locomotion_1,X5,6.621,0.0
Locomotion_1,X5,6.723,0.0
Locomotion_1,X5,6.825,0.0
Locomotion_1,X5,6.927,0.0
Locomotion_1,X5,7.029,0.0
Locomotion_1,X5,7.131,0.0
Locomotion_1,X5,7.233,0.0
Locomotion_1,X5,7.334,0.0
Locomotion_1,X5,7.436,0.0
Locomotion_1,X5,7.538,0.0
Locomotion_1,X5,7.64,0.0
Locomotion_1,X5,7.742,0.0
Locomotion_1,X5,7.844,0.0
Locomotion_1,X5,7.946,0.0
Locomotion_1,X5,8.048,0.0
Locomotion_1,X5,8.149,0.0
Locomotion_1,X5,8.251,0.0
Locomotion_1,X5,8.353,0.0
Locomotion_1,X5,8.455,0.0
Locomotion_1,X5,8.557,0.0
Locomotion_1,X5,8.659,0.0
Locomotion_1,X5,8.761,0.0
Locomotion_1,X5,8.862,0.0
Locomotion_1,X5,8.964,0.0
Locomotion_1,X5,9.066,0.0
Locomotion_1,X5,9.168,0.0
Locomotion_1,X5,9.27,0.0
Locomotion_1,X5,9.372,0.0
Locomotion_1,X5,9.474,0.0
Locomotion_1,X5,9.576,0.0
Locomotion_1,X5,9.677,0.0
Locomotion_1,X5,9.779,0.0
Locomotion_1,X5,9.881,0.0
Locomotion_1,X5,9.983,0.0
Locomotion_1,X5,10.085,0.0
Locomotion_1,X5,10.187,0.0
Locomotion_1,X5,10.289,0.0
Locomotion_1,X5,10.39,0.0
Locomotion_1,X5,10.492,0.0
Locomotion_1,X5,10.594,0.0
Locomotion_1,X5,10.696,0.0
Locomotion_1,X5,10.798,0.0
Locomotion_1,X5,10.9,0.0
Locomotion_1,X5,11.002,0.0
Locomotion_1,X5,11.104,0.0
Locomotion_1,X5,11.205,0.0
Locomotion_1,X5,11.307,0.0
Locomotion_1,X5,11.409,0.0
Locomotion_1,X5,11.511,0.0
Locomotion_1,X5,11.613,0.0
Locomotion_1,X5,11.715,0.0
Locomotion_1,X5,11.817,0.0
Locomotion_1,X5,11.919,0.0
Locomotion_1,X5,12.02,0.0
Locomotion_1,X5,12.122,0.0
Locomotion_1,X5,12.224,0.0
Locomotion_1,X5,12.326,0.0
Locomotion_1,X5,12.428,0.0
Locomotion_1,X5,12.53,0.0
Locomotion_1,X5,12.632,0.0
Locomotion_1,X5,12.733,0.0
Locomotion_1,X5,12.835,0.0
Locomotion_1,X5,12.937,0.0
Locomotion_1,X5,13.039,0.0
Locomotion_1,X5,13.141,0.0
Locomotion_1,X5,13.243,0.0
Locomotion_1,X5,13.345,0.0
Locomotion_1,X5,13.447,0.0
Locomotion_1,X5,13.548,0.0
Locomotion_1,X5,13.65,0.0
Locomotion_1,X5,13.752,0.0
Locomotion_1,X5,13.854,0.0
Locomotion_1,X5,13.956,0.0
Locomotion_1,X5,14.058,0.0
Locomotion_1,X5,14.16,0.0
Locomotion_1,X5,14.261,0.0
Locomotion_1,X5,14.363,0.0
Locomotion_1,X5,14.465,0.0
Locomotion_1,X5,14.567,0.0
Locomotion_1,X5,14.669,0.0
Locomotion_1,X5,14.771,0.0
Locomotion_1,X5,14.873,0.0
Locomotion_1,X5,14.975,0.0
Locomotion_1,X5,15.076,0.0
Locomotion_1,X5,15.178,0.0
Locomotion_1,X5,15.28,0.0
Locomotion_1,X5,15.382,0.0
Locomotion_1,X5,15.484,0.0
Locomotion_1,X5,15.586,0.0
Locomotion_1,X5,15.688,0.0
Locomotion_1,X5,15.789,0.0
Locomotion_1,X5,15.891,0.0
Locomotion_1,X5,15.993,0.0
Locomotion_1,X5,16.095,0.0
Locomotion_1,X5,16.197,0.0
Locomotion_1,X5,16.299,0.0
Locomotion_1,X5,16.401,0.0
Locomotion_1,X5,16.503,0.0
Locomotion_1,X5,16.604,0.0
Locomotion_1,X5,16.706,0.0
Locomotion_1,X5,16.808,0.0
Locomotion_1,X5,16.91,0.0
Locomotion_1,X5,17.012,0.0
Locomotion_1,X5,17.114,0.0
Locomotion_1,X5,17.216,0.0
Locomotion_1,X5,17.317,0.0
Locomotion_1,X5,17.419,0.0
Locomotion_1,X5,17.521,0.0
Locomotion_1,X5,17.623,0.0
Locomotion_1,X5,17.725,0.0
Locomotion_1,X5,17.827,0.0
Locomotion_1,X5,17.929,0.0
Locomotion_1,X5,18.031,0.0
Locomotion_1,X5,18.132,0.0
Locomotion_1,X5,18.234,0.0
Locomotion_1,X5,18.336,0.0
Locomotion_1,X5,18.438,0.0
Locomotion_1,X5,18.54,0.0
Locomotion_1,X5,18.642,0.0
Locomotion_1,X5,18.744,0.0
Locomotion_1,X5,18.846,0.0
Locomotion_1,X5,18.947,0.0
Locomotion_1,X5,19.049,0.0
Locomotion_1,X5,19.151,0.0
Locomotion_1,X5,19.253,0.0
Locomotion_1,X5,19.355,0.0
Locomotion_1,X5,19.457,0.0
Locomotion_1,X5,19.559,0.0
Locomotion_1,X5,19.66,0.0
Locomotion_1,X5,19.762,0.0
Locomotion_1,X5,19.864,0.0
Locomotion_1,X5,19.966,0.0
Locomotion_1,X5,20.068,0.0
Locomotion_1,X5,20.17,0.0
Locomotion_1,X5,20.272,0.0
Locomotion_1,X5,20.374,0.0
Locomotion_1,X5,20.475,0.0
Locomotion_1,X5,20.577,0.0
Locomotion_1,X5,20.679,0.0
Locomotion_1,X5,20.781,0.0
Locomotion_1,X5,20.883,0.0
Locomotion_1,X5,20.985,0.0
Locomotion_1,X5,21.087,0.0
Locomotion_1,X5,21.188,0.0
Locomotion_1,X5,21.29,0.0
Locomotion_1,X5,21.392,0.0
Locomotion_1,X5,21.494,0.0
Locomotion_1,X5,21.596,0.0
Locomotion_1,X5,21.698,0.0
Locomotion_1,X5,21.8,0.0
Locomotion_1,X5,21.902,0.0
Locomotion_1,X5,22.003,0.0
Locomotion_1,X5,22.105,0.0
Locomotion_1,X5,22.207,0.0
Locomotion_1,X5,22.309,0.0
Locomotion_1,X5,22.411,0.0
Locomotion_1,X5,22.513,0.0
Locomotion_1,X5,22.615,0.0
Locomotion_1,X5,22.716,0.0
Locomotion_1,X5,22.818,0.0
Locomotion_1,X5,22.92,0.0
Locomotion_1,X5,23.022,0.0
Locomotion_1,X5,23.124,0.0
Locomotion_1,X5,23.226,0.0
Locomotion_1,X5,23.328,0.0
Locomotion_1,X5,23.43,0.0
Locomotion_1,X5,23.531,0.0
Locomotion_1,X5,23.633,0.0
Locomotion_1,X5,23.735,0.0
Locomotion_1,X5,23.837,0.0
Locomotion_1,X5,23.939,0.0
Locomotion_1,X5,24.041,0.0
Locomotion_1,X5,24.143,0.0
Locomotion_1,X5,24.244,0.0
Locomotion_1,X5,24.346,0.0
Locomotion_1,X5,24.448,0.0
Locomotion_1,X5,24.55,0.0
Locomotion_1,X5,24.652,0.0
Locomotion_1,X5,24.754,0.0
Locomotion_1,X5,24.856,0.0
Locomotion_1,X5,24.958,0.0
Locomotion_1,X5,25.059,0.0
Locomotion_1,X5,25.161,0.0
Locomotion_1,X5,25.263,0.0
Locomotion_1,X5,25.365,0.0
Locomotion_1,X5,25.467,0.0
Locomotion_1,X5,25.569,0.0
Locomotion_1,X5,25.671,0.0
Locomotion_1,X5,25.772,0.0
Locomotion_1,X5,25.874,0.0
Locomotion_1,X5,25.976,0.0
Locomotion_1,X5,26.078,0.0
Locomotion_1,X5,26.18,0.0
Locomotion_1,X5,26.282,0.0
Locomotion_1,X5,26.384,0.0
Locomotion_1,X5,26.486,0.0
Locomotion_1,X5,26.587,0.0
Locomotion_1,X5,26.689,0.0
Locomotion_1,X5,26.791,0.0
Locomotion_1,X5,26.893,0.0
Locomotion_1,X5,26.995,0.0
Locomotion_1,X5,27.097,0.0
Locomotion_1,X5,27.199,0.0
Locomotion_1,X5,27.301,0.0
Locomotion_1,X5,27.402,0.0
Locomotion_1,X5,27.504,0.0
Locomotion_1,X5,27.606,0.0
Locomotion_1,X5,27.708,0.0
Locomotion_1,X5,27.81,0.0
Locomotion_1,X5,27.912,0.0
Locomotion_1,X5,28.014,0.0
Locomotion_1,X5,28.115,0.0
Locomotion_1,X5,28.217,0.0
Locomotion_1,X5,28.319,0.0
Locomotion_1,X5,28.421,0.0
Locomotion_1,X5,28.523,0.0
Locomotion_1,X5,28.625,0.0
Locomotion_1,X5,28.727,0.0
Locomotion_1,X5,28.829,0.0
Locomotion_1,X5,28.93,0.0
Locomotion_1,X5,29.032,0.0
Locomotion_1,X5,29.134,0.0
Locomotion_1,X5,29.236,0.0
Locomotion_1,X5,29.338,0.0
Locomotion_1,X5,29.44,0.0
Locomotion_1,X5,29.542,0.0
Locomotion_1,X5,29.643,0.0
Locomotion_1,X5,29.745,0.0
Locomotion_1,X5,29.847,0.0
Locomotion_1,X5,29.949,0.0
Locomotion_1,X5,30.051,0.0
Locomotion_1,X5,30.153,0.0
Locomotion_1,X5,30.255,0.0
Locomotion_1,X5,30.357,0.0
Locomotion_1,X5,30.458,0.0
Locomotion_1,X5,30.56,0.0
Locomotion_1,X5,30.662,0.0
Locomotion_1,X5,30.764,0.0
Locomotion_1,X5,30.866,0.0
Locomotion_1,X5,30.968,0.0
Locomotion_1,X5,31.07,0.0
Locomotion_1,X5,31.171,0.0
Locomotion_1,X5,31.273,0.0
Locomotion_1,X5,31.375,0.0
Locomotion_1,X5,31.477,0.0
Locomotion_1,X5,31.579,0.0
Locomotion_1,X5,31.681,0.0
Locomotion_1,X5,31.783,0.0
Locomotion_1,X5,31.885,0.0
Locomotion_1,X5,31.986,0.0
Locomotion_1,X5,32.088,0.0
Locomotion_1,X5,32.19,0.0
Locomotion_1,X5,32.292,0.0
Locomotion_1,X5,32.394,0.0
Locomotion_1,X5,32.496,0.0
Locomotion_1,X5,32.598,0.0
Locomotion_1,X5,32.699,0.0
Locomotion_1,X5,32.801,0.0
Locomotion_1,X5,32.903,0.0
Locomotion_1,X5,33.005,0.0
Locomotion_1,X5,33.107,0.0
Locomotion_1,X5,33.209,0.0
Locomotion_1,X5,33.311,0.0
Locomotion_1,X5,33.413,0.0
Locomotion_1,X5,33.514,0.0
Locomotion_1,X5,33.616,0.0
Locomotion_1,X5,33.718,0.0
Locomotion_1,X5,33.82,0.0
Locomotion_1,X5,33.922,0.0
Locomotion_1,X5,34.024,0.0
Locomotion_1,X5,34.126,0.0
Locomotion_1,X5,34.228,0.0
Locomotion_1,X5,34.329,0.0
Locomotion_1,X5,34.431,0.0
Locomotion_1,X5,34.533,0.0
Locomotion_1,X5,34.635,0.0
Locomotion_1,X5,34.737,0.0
Locomotion_1,X5,34.839,0.0
Locomotion_1,X5,34.941,0.0
Locomotion_1,X5,35.042,0.0
Locomotion_1,X5,35.144,0.0
Locomotion_1,X5,35.246,0.0
Locomotion_1,X5,35.348,0.0
Locomotion_1,X5,35.45,0.0
Locomotion_1,X5,35.552,0.0
Locomotion_1,X5,35.654,0.0
Locomotion_1,X5,35.756,0.0
Locomotion_1,X5,35.857,0.0
Locomotion_1,X5,35.959,0.0
Locomotion_1,X5,36.061,0.0
Locomotion_1,X5,36.163,0.0
Locomotion_1,X5,36.265,0.0
Locomotion_1,X5,36.367,0.0
Locomotion_1,X5,36.469,0.0
Locomotion_1,X5,36.57,0.0
Locomotion_1,X5,36.672,0.0
Locomotion_1,X5,36.774,0.0
Locomotion_1,X5,36.876,0.0
Locomotion_1,X5,36.978,0.0
Locomotion_1,X5,37.08,0.0
Locomotion_1,X5,37.182,0.0
Locomotion_1,X5,37.284,0.0
Locomotion_1,X5,37.385,0.0
Locomotion_1,X5,37.487,0.0
Locomotion_1,X5,37.589,0.0
Locomotion_1,X5,37.691,0.0
Locomotion_1,X5,37.793,0.0
Locomotion_1,X5,37.895,0.0
Locomotion_1,X5,37.997,0.0
Locomotion_1,X5,38.098,0.0
Locomotion_1,X5,38.2,0.0
Locomotion_1,X5,38.302,0.0
Locomotion_1,X5,38.404,0.0
Locomotion_1,X5,38.506,0.0
Locomotion_1,X5,38.608,0.0
Locomotion_1,X5,38.71,0.0
Locomotion_1,X5,38.812,0.0
Locomotion_1,X5,38.913,0.0
Locomotion_1,X5,39.015,0.0
Locomotion_1,X5,39.117,0.0
Locomotion_1,X5,39.219,0.0
Locomotion_1,X5,39.321,0.0
Locomotion_1,X5,39.423,0.0
Locomotion_1,X5,39.525,0.0
Locomotion_1,X5,39.626,0.0
Locomotion_1,X5,39.728,0.0
Locomotion_1,X5,39.83,0.0
Locomotion_1,X5,39.932,0.0
Locomotion_1,X5,40.034,0.0
Locomotion_1,X5,40.136,0.0
Locomotion_1,X5,40.238,0.0
Locomotion_1,X5,40.34,0.0
Locomotion_1,X5,40.441,0.0
Locomotion_1,X5,40.543,0.0
Locomotion_1,X5,40.645,0.0
Locomotion_1,X5,40.747,0.0
Locomotion_1,X5,40.849,0.0
Locomotion_1,X5,40.951,0.0
Locomotion_1,X5,41.053,0.0
Locomotion_1,X5,41.154,0.0
Locomotion_1,X5,41.256,0.0
Locomotion_1,X5,41.358,0.0
Locomotion_1,X5,41.46,0.0
Locomotion_1,X5,41.562,0.0
Locomotion_1,X5,41.664,0.0
Locomotion_1,X5,41.766,0.0
Locomotion_1,X5,41.868,0.0
Locomotion_1,X5,41.969,0.0
Locomotion_1,X5,42.071,0.0
Locomotion_1,X5,42.173,0.0
Locomotion_1,X5,42.275,0.0
Locomotion_1,X5,42.377,0.0
Locomotion_1,X5,42.479,0.0
Locomotion_1,X5,42.581,0.0
Locomotion_1,X5,42.683,0.0
Locomotion_1,X5,42.784,0.0
Locomotion_1,X5,42.886,0.0
Locomotion_1,X5,42.988,0.0
Locomotion_1,X5,43.09,0.0
Locomotion_1,X5,43.192,0.0
Locomotion_1,X5,43.294,0.0
Locomotion_1,X5,43.396,0.0
Locomotion_1,X5,43.497,0.0
Locomotion_1,X5,43.599,0.0
Locomotion_1,X5,43.701,0.0
Locomotion_1,X5,43.803,0.0
Locomotion_1,X5,43.905,0.0
Locomotion_1,X5,44.007,0.0
Locomotion_1,X5,44.109,0.0
Locomotion_1,X5,44.211,0.0
Locomotion_1,X5,44.312,0.0
Locomotion_1,X5,44.414,0.0
Locomotion_1,X5,44.516,0.0
Locomotion_1,X5,44.618,0.0
Locomotion_1,X5,44.72,0.0
Locomotion_1,X5,44.822,0.0
Locomotion_1,X5,44.924,0.0
Locomotion_1,X5,45.025,0.0
Locomotion_1,X5,45.127,0.0
Locomotion_1,X5,45.229,0.0
Locomotion_1,X5,45.331,0.0
Locomotion_1,X5,45.433,0.0
Locomotion_1,X5,45.535,0.0
Locomotion_1,X5,45.637,0.0
Locomotion_1,X5,45.739,0.0
Locomotion_1,X5,45.84,0.0
Locomotion_1,X5,45.942,0.0
Locomotion_1,X5,46.044,0.0039
Locomotion_1,X5,46.146,0.0078
Locomotion_1,X5,46.248,0.0118
Locomotion_1,X5,46.35,0.0118
Locomotion_1,X5,46.452,0.0157
Locomotion_1,X5,46.553,0.0196
Locomotion_1,X5,46.655,0.0196
Locomotion_1,X5,46.757,0.0196
Locomotion_1,X5,46.859,0.0196
Locomotion_1,X5,46.961,0.0235
Locomotion_1,X5,47.063,0.0196
Locomotion_1,X5,47.165,0.0196
Locomotion_1,X5,47.267,0.0157
Locomotion_1,X5,47.368,0.0118
Locomotion_1,X5,47.47,0.0039
Locomotion_1,X5,47.572,0.0
Locomotion_1,X5,47.674,0.0
Locomotion_1,X5,47.776,0.0
Locomotion_1,X5,47.878,0.0
Locomotion_1,X5,47.98,0.0
Locomotion_1,X5,48.081,0.0
Locomotion_1,X5,48.183,0.0
Locomotion_1,X5,48.285,0.0
Locomotion_1,X5,48.387,0.0
Locomotion_1,X5,48.489,0.0
Locomotion_1,X5,48.591,0.0
Locomotion_1,X5,48.693,0.0
Locomotion_1,X5,48.795,0.0
Locomotion_1,X5,48.896,0.0
Locomotion_1,X5,48.998,0.0
Locomotion_1,X5,49.1,0.0
Locomotion_1,X5,49.202,0.0
Locomotion_1,X5,49.304,0.0
Locomotion_1,X5,49.406,0.0
Locomotion_1,X5,49.508,0.0
Locomotion_1,X5,49.61,0.0
Locomotion_1,X5,49.711,0.0
Locomotion_1,X5,49.813,0.0039
Locomotion_1,X5,49.915,0.0039
Locomotion_1,X5,50.017,0.0078
Locomotion_1,X5,50.119,0.0157
Locomotion_1,X5,50.221,0.0157
Locomotion_1,X5,50.323,0.0196
Locomotion_1,X5,50.424,0.0196
Locomotion_1,X5,50.526,0.0275
Locomotion_1,X5,50.628,0.0275
Locomotion_1,X5,50.73,0.0275
Locomotion_1,X5,50.832,0.0275
Locomotion_1,X5,50.934,0.0275
Locomotion_1,X5,51.036,0.0235
Locomotion_1,X5,51.138,0.0196
Locomotion_1,X5,51.239,0.0118
Locomotion_1,X5,51.341,0.0078
Locomotion_1,X5,51.443,0.0
Locomotion_1,X5,51.545,0.0
Locomotion_1,X5,51.647,0.0
Locomotion_1,X5,51.749,0.0
Locomotion_1,X5,51.851,0.0
Locomotion_1,X5,51.952,0.0
Locomotion_1,X5,52.054,0.0
Locomotion_1,X5,52.156,0.0
Locomotion_1,X5,52.258,0.0
Locomotion_1,X5,52.36,0.0
Locomotion_1,X5,52.462,0.0
Locomotion_1,X5,52.564,0.0
Locomotion_1,X5,52.666,0.0
Locomotion_1,X5,52.767,0.0
Locomotion_1,X5,52.869,0.0
Locomotion_1,X5,52.971,0.0
Locomotion_1,X5,53.073,0.0
Locomotion_1,X5,53.175,0.0
Locomotion_1,X5,53.277,0.0
Locomotion_1,X5,53.379,0.0
Locomotion_1,X5,53.48,0.0
Locomotion_1,X5,53.582,0.0
Locomotion_1,X5,53.684,0.0
Locomotion_1,X5,53.786,0.0
Locomotion_1,X5,53.888,0.0
Locomotion_1,X5,53.99,0.0
Locomotion_1,X5,54.092,0.0
Locomotion_1,X5,54.194,0.0039
Locomotion_1,X5,54.295,0.0078
Locomotion_1,X5,54.397,0.0078
Locomotion_1,X5,54.499,0.0118
Locomotion_1,X5,54.601,0.0157
Locomotion_1,X5,54.703,0.0157
Locomotion_1,X5,54.805,0.0157
Locomotion_1,X5,54.907,0.0196
Locomotion_1,X5,55.008,0.0196
Locomotion_1,X5,55.11,0.0235
Locomotion_1,X5,55.212,0.0235
Locomotion_1,X5,55.314,0.0235
Locomotion_1,X5,55.416,0.0235
Locomotion_1,X5,55.518,0.0235
Locomotion_1,X5,55.62,0.0196
Locomotion_1,X5,55.722,0.0157
Locomotion_1,X5,55.823,0.0039
Locomotion_1,X5,55.925,0.0
Locomotion_1,X5,56.027,0.0
Locomotion_1,X5,56.129,0.0
Locomotion_1,X5,56.231,0.0
Locomotion_1,X5,56.333,0.0
Locomotion_1,X5,56.435,0.0
Locomotion_1,X5,56.537,0.0
Locomotion_1,X5,56.638,0.0
Locomotion_1,X5,56.74,0.0
Locomotion_1,X5,56.842,0.0
Locomotion_1,X5,56.944,0.0
Locomotion_1,X5,57.046,0.0
Locomotion_1,X5,57.148,0.0
Locomotion_1,X5,57.25,0.0
Locomotion_1,X5,57.351,0.0
Locomotion_1,X5,57.453,0.0
Locomotion_1,X5,57.555,0.0
Locomotion_1,X5,57.657,0.0
Locomotion_1,X5,57.759,0.0
Locomotion_1,X5,57.861,0.0
Locomotion_1,X5,57.963,0.0
Locomotion_1,X5,58.065,0.0
Locomotion_1,X5,58.166,0.0
Locomotion_1,X5,58.268,0.0
Locomotion_1,X5,58.37,0.0
Locomotion_1,X5,58.472,0.0078
Locomotion_1,X5,58.574,0.0078
Locomotion_1,X5,58.676,0.0157
Locomotion_1,X5,58.778,0.0157
Locomotion_1,X5,58.879,0.0196
Locomotion_1,X5,58.981,0.0196
Locomotion_1,X5,59.083,0.0235
Locomotion_1,X5,59.185,0.0275
Locomotion_1,X5,59.287,0.0275
Locomotion_1,X5,59.389,0.0275
Locomotion_1,X5,59.491,0.0314
Locomotion_1,X5,59.593,0.0314
Locomotion_1,X5,59.694,0.0275
Locomotion_1,X5,59.796,0.0196
Locomotion_1,X5,59.898,0.0118
Locomotion_1,X5,60.0,0.0118
Locomotion_1,X5,60.102,0.0078
Locomotion_1,X5,60.204,0.0
Locomotion_1,X5,60.306,0.0
Locomotion_1,X5,60.407,0.0
Locomotion_1,X5,60.509,0.0
Locomotion_1,X5,60.611,0.0
Locomotion_1,X5,60.713,0.0
Locomotion_1,X5,60.815,0.0
Locomotion_1,X5,60.917,0.0
Locomotion_1,X5,61.019,0.0
Locomotion_1,X5,61.121,0.0
Locomotion_1,X5,61.222,0.0
Locomotion_1,X5,61.324,0.0
Locomotion_1,X5,61.426,0.0
Locomotion_1,X5,61.528,0.0
Locomotion_1,X5,61.63,0.0
Locomotion_1,X5,61.732,0.0
Locomotion_1,X5,61.834,0.0
Locomotion_1,X5,61.935,0.0
Locomotion_1,X5,62.037,0.0
Locomotion_1,X5,62.139,0.0
Locomotion_1,X5,62.241,0.0
Locomotion_1,X5,62.343,0.0
Locomotion_1,X5,62.445,0.0
Locomotion_1,X5,62.547,0.0
Locomotion_1,X5,62.649,0.0
Locomotion_1,X5,62.75,0.0
Locomotion_1,X5,62.852,0.0
Locomotion_1,X5,62.954,0.0
Locomotion_1,X5,63.056,0.0
Locomotion_1,X5,63.158,0.0078
Locomotion_1,X5,63.26,0.0078
Locomotion_1,X5,63.362,0.0118
Locomotion_1,X5,63.463,0.0118
Locomotion_1,X5,63.565,0.0196
Locomotion_1,X5,63.667,0.0196
Locomotion_1,X5,63.769,0.0235
Locomotion_1,X5,63.871,0.0235
Locomotion_1,X5,63.973,0.0235
Locomotion_1,X5,64.075,0.0275
Locomotion_1,X5,64.177,0.0275
Locomotion_1,X5,64.278,0.0196
Locomotion_1,X5,64.38,0.0157
Locomotion_1,X5,64.482,0.0118
Locomotion_1,X5,64.584,0.0039
Locomotion_1,X5,64.686,0.0
Locomotion_1,X5,64.788,0.0
Locomotion_1,X5,64.89,0.0
Locomotion_1,X5,64.992,0.0
Locomotion_1,X5,65.093,0.0
Locomotion_1,X5,65.195,0.0
Locomotion_1,X5,65.297,0.0
Locomotion_1,X5,65.399,0.0
Locomotion_1,X5,65.501,0.0
Locomotion_1,X5,65.603,0.0
Locomotion_1,X5,65.705,0.0
Locomotion_1,X5,65.806,0.0
Locomotion_1,X5,65.908,0.0
Locomotion_1,X5,66.01,0.0
Locomotion_1,X5,66.112,0.0
Locomotion_1,X5,66.214,0.0
Locomotion_1,X5,66.316,0.0
Locomotion_1,X5,66.418,0.0
Locomotion_1,X5,66.52,0.0
Locomotion_1,X5,66.621,0.0
Locomotion_1,X5,66.723,0.0
Locomotion_1,X5,66.825,0.0039
Locomotion_1,X5,66.927,0.0039
Locomotion_1,X5,67.029,0.0039
Locomotion_1,X5,67.131,0.0118
Locomotion_1,X5,67.233,0.0157
Locomotion_1,X5,67.334,0.0196
Locomotion_1,X5,67.436,0.0196
Locomotion_1,X5,67.538,0.0235
Locomotion_1,X5,67.64,0.0235
Locomotion_1,X5,67.742,0.0235
Locomotion_1,X5,67.844,0.0235
Locomotion_1,X5,67.946,0.0235
Locomotion_1,X5,68.048,0.0235
Locomotion_1,X5,68.149,0.0235
Locomotion_1,X5,68.251,0.0235
Locomotion_1,X5,68.353,0.0235
Locomotion_1,X5,68.455,0.0235
Locomotion_1,X5,68.557,0.0235
Locomotion_1,X5,68.659,0.0235
Locomotion_1,X5,68.761,0.0235
Locomotion_1,X5,68.862,0.0235
Locomotion_1,X5,68.964,0.0235
Locomotion_1,X5,69.066,0.0235
Locomotion_1,X5,69.168,0.0235
Locomotion_1,X5,69.27,0.0235
Locomotion_1,X5,69.372,0.0235
Locomotion_1,X5,69.474,0.0235
Locomotion_1,X5,69.576,0.0235
Locomotion_1,X5,69.677,0.0235
Locomotion_1,X5,69.779,0.0235
Locomotion_1,X5,69.881,0.0235
Locomotion_1,X5,69.983,0.0235
Locomotion_1,X5,70.085,0.0235
Locomotion_1,X5,70.187,0.0235
Locomotion_1,X5,70.289,0.0235
Locomotion_1,X5,70.39,0.0235
Locomotion_1,X5,70.492,0.0235
Locomotion_1,X5,70.594,0.0235
Locomotion_1,X5,70.696,0.0235
Locomotion_1,X5,70.798,0.0235
Locomotion_1,X5,70.9,0.0235
Locomotion_1,X5,71.002,0.0235
Locomotion_1,X5,71.104,0.0235
Locomotion_1,X5,71.205,0.0235
Locomotion_1,X5,71.307,0.0235
Locomotion_1,X5,71.409,0.0235
Locomotion_1,X5,71.511,0.0235
Locomotion_1,X5,71.613,0.0235
Locomotion_1,X5,71.715,0.0235
Locomotion_1,X5,71.817,0.0235
Locomotion_1,X5,71.919,0.0235
Locomotion_1,X5,72.02,0.0235
Locomotion_1,X5,72.122,0.0235
Locomotion_1,X5,72.224,0.0235
Locomotion_1,X5,72.326,0.0235
Locomotion_1,X5,72.428,0.0235
Locomotion_1,X5,72.53,0.0235
Locomotion_1,X5,72.632,0.0235
Locomotion_1,X5,72.733,0.0235
Locomotion_1,X5,72.835,0.0235
Locomotion_1,X5,72.937,0.0235
Locomotion_1,X5,73.039,0.0235
Locomotion_1,X5,73.141,0.0235
Locomotion_1,X5,73.243,0.0235
Locomotion_1,X5,73.345,0.0235
Locomotion_1,X5,73.447,0.0235
Locomotion_1,X5,73.548,0.0235
Locomotion_1,X5,73.65,0.0235
Locomotion_1,X5,73.752,0.0235
Locomotion_1,X5,73.854,0.0235
Locomotion_1,X5,73.956,0.0235
Locomotion_1,X5,74.058,0.0235
Locomotion_1,X5,74.16,0.0235
Locomotion_1,X5,74.261,0.0784
Locomotion_1,X5,74.363,1.0
Locomotion_1,X6,0.0,1.0
Locomotion_1,X6,0.102,0.0549
Locomotion_1,X6,0.204,0.0
Locomotion_1,X6,0.306,0.0
Locomotion_1,X6,0.407,0.0
Locomotion_1,X6,0.509,0.0
Locomotion_1,X6,0.611,0.8706
Locomotion_1,X6,0.713,0.8706
Locomotion_1,X6,0.815,0.8706
Locomotion_1,X6,0.917,0.8706
Locomotion_1,X6,1.019,0.8706
Locomotion_1,X6,1.121,0.8706
Locomotion_1,X6,1.222,0.8706
Locomotion_1,X6,1.324,0.8706
Locomotion_1,X6,1.426,0.8706
Locomotion_1,X6,1.528,0.0
Locomotion_1,X6,1.63,0.0
Locomotion_1,X6,1.732,0.0
Locomotion_1,X6,1.834,0.0
Locomotion_1,X6,1.935,0.0
Locomotion_1,X6,2.037,0.0
Locomotion_1,X6,2.139,0.8667
Locomotion_1,X6,2.241,0.8667
Locomotion_1,X6,2.343,0.8549
Locomotion_1,X6,2.445,0.851
Locomotion_1,X6,2.547,0.8471
Locomotion_1,X6,2.649,0.8431
Locomotion_1,X6,2.75,0.8431
Locomotion_1,X6,2.852,0.8431
Locomotion_1,X6,2.954,0.8431
Locomotion_1,X6,3.056,0.8392
Locomotion_1,X6,3.158,0.8392
Locomotion_1,X6,3.26,0.8314
Locomotion_1,X6,3.362,0.8235
Locomotion_1,X6,3.463,0.8235
Locomotion_1,X6,3.565,0.8157
Locomotion_1,X6,3.667,0.8118
Locomotion_1,X6,3.769,0.8118
Locomotion_1,X6,3.871,0.8078
Locomotion_1,X6,3.973,0.8039
Locomotion_1,X6,4.075,0.7961
Locomotion_1,X6,4.177,0.7961
Locomotion_1,X6,4.278,0.7922
Locomotion_1,X6,4.38,0.7882
Locomotion_1,X6,4.482,0.7843
Locomotion_1,X6,4.584,0.7804
Locomotion_1,X6,4.686,0.7804
Locomotion_1,X6,4.788,0.7765
Locomotion_1,X6,4.89,0.7686
Locomotion_1,X6,4.992,0.7647
Locomotion_1,X6,5.093,0.7608
Locomotion_1,X6,5.195,0.7569
Locomotion_1,X6,5.297,0.7529
Locomotion_1,X6,5.399,0.7529
Locomotion_1,X6,5.501,0.749
Locomotion_1,X6,5.603,0.7451
Locomotion_1,X6,5.705,0.7451
Locomotion_1,X6,5.806,0.7412
Locomotion_1,X6,5.908,0.7333
Locomotion_1,X6,6.01,0.7294
Locomotion_1,X6,6.112,0.7255
Locomotion_1,X6,6.214,0.7216
Locomotion_1,X6,6.316,0.7176
Locomotion_1,X6,6.418,0.7137
Locomotion_1,X6,6.52,0.7137
Locomotion_1,X6,6.621,0.7137
Locomotion_1,X6,6.723,0.7059
Locomotion_1,X6,6.825,0.698
Locomotion_1,X6,6.927,0.698
Locomotion_1,X6,7.029,0.6902
Locomotion_1,X6,7.131,0.6824
Locomotion_1,X6,7.233,0.6784
Locomotion_1,X6,7.334,0.6667
Locomotion_1,X6,7.436,0.6588
Locomotion_1,X6,7.538,0.651
Locomotion_1,X6,7.64,0.651
Locomotion_1,X6,7.742,0.6392
Locomotion_1,X6,7.844,0.6314
Locomotion_1,X6,7.946,0.6196
Locomotion_1,X6,8.048,0.6078
Locomotion_1,X6,8.149,0.6078
Locomotion_1,X6,8.251,0.6
Locomotion_1,X6,8.353,0.5961
Locomotion_1,X6,8.455,0.5882
Locomotion_1,X6,8.557,0.5804
Locomotion_1,X6,8.659,0.5725
Locomotion_1,X6,8.761,0.5686
Locomotion_1,X6,8.862,0.5569
Locomotion_1,X6,8.964,0.5569
Locomotion_1,X6,9.066,0.5569
Locomotion_1,X6,9.168,0.5569
Locomotion_1,X6,9.27,0.5373
Locomotion_1,X6,9.372,0.5294
Locomotion_1,X6,9.474,0.5255
Locomotion_1,X6,9.576,0.5176
Locomotion_1,X6,9.677,0.5098
Locomotion_1,X6,9.779,0.502
Locomotion_1,X6,9.881,0.498
Locomotion_1,X6,9.983,0.4902
Locomotion_1,X6,10.085,0.4863
Locomotion_1,X6,10.187,0.4784
Locomotion_1,X6,10.289,0.4745
Locomotion_1,X6,10.39,0.4667
Locomotion_1,X6,10.492,0.4588
Locomotion_1,X6,10.594,0.451
Locomotion_1,X6,10.696,0.4471
Locomotion_1,X6,10.798,0.4392
Locomotion_1,X6,10.9,0.4314
Locomotion_1,X6,11.002,0.4235
Locomotion_1,X6,11.104,0.4235
Locomotion_1,X6,11.205,0.4118
Locomotion_1,X6,11.307,0.4118
Locomotion_1,X6,11.409,0.4039
Locomotion_1,X6,11.511,0.4
Locomotion_1,X6,11.613,0.3922
Locomotion_1,X6,11.715,0.3843
Locomotion_1,X6,11.817,0.3804
Locomotion_1,X6,11.919,0.3647
Locomotion_1,X6,12.02,0.3608
Locomotion_1,X6,12.122,0.3529
Locomotion_1,X6,12.224,0.3529
Locomotion_1,X6,12.326,0.3451
Locomotion_1,X6,12.428,0.3373
Locomotion_1,X6,12.53,0.3294
Locomotion_1,X6,12.632,0.3216
Locomotion_1,X6,12.733,0.3176
Locomotion_1,X6,12.835,0.3098
Locomotion_1,X6,12.937,0.302
Locomotion_1,X6,13.039,0.298
Locomotion_1,X6,13.141,0.298
Locomotion_1,X6,13.243,0.2784
Locomotion_1,X6,13.345,0.2706
Locomotion_1,X6,13.447,0.2667
Locomotion_1,X6,13.548,0.2667
Locomotion_1,X6,13.65,0.2588
Locomotion_1,X6,13.752,0.251
Locomotion_1,X6,13.854,0.251
Locomotion_1,X6,13.956,0.2431
Locomotion_1,X6,14.058,0.2353
Locomotion_1,X6,14.16,0.2353
Locomotion_1,X6,14.261,0.2235
Locomotion_1,X6,14.363,0.2196
Locomotion_1,X6,14.465,0.2118
Locomotion_1,X6,14.567,0.2078
Locomotion_1,X6,14.669,0.2
Locomotion_1,X6,14.771,0.2
Locomotion_1,X6,14.873,0.1922
Locomotion_1,X6,14.975,0.1882
Locomotion_1,X6,15.076,0.1765
Locomotion_1,X6,15.178,0.1725
Locomotion_1,X6,15.28,0.1647
Locomotion_1,X6,15.382,0.1569
Locomotion_1,X6,15.484,0.1529
Locomotion_1,X6,15.586,0.1451
Locomotion_1,X6,15.688,0.1412
Locomotion_1,X6,15.789,0.1412
Locomotion_1,X6,15.891,0.1333
Locomotion_1,X6,15.993,0.1294
Locomotion_1,X6,16.095,0.1216
Locomotion_1,X6,16.197,0.1176
Locomotion_1,X6,16.299,0.1098
Locomotion_1,X6,16.401,0.1059
Locomotion_1,X6,16.503,0.098
Locomotion_1,X6,16.604,0.0902
Locomotion_1,X6,16.706,0.0902
Locomotion_1,X6,16.808,0.0745
Locomotion_1,X6,16.91,0.0745
Locomotion_1,X6,17.012,0.0706
Locomotion_1,X6,17.114,0.0667
Locomotion_1,X6,17.216,0.0588
Locomotion_1,X6,17.317,0.0549
Locomotion_1,X6,17.419,0.0471
Locomotion_1,X6,17.521,0.0431
Locomotion_1,X6,17.623,0.0353
Locomotion_1,X6,17.725,0.0353
Locomotion_1,X6,17.827,0.0235
Locomotion_1,X6,17.929,0.0196
Locomotion_1,X6,18.031,0.0157
Locomotion_1,X6,18.132,0.0078
Locomotion_1,X6,18.234,0.0039
Locomotion_1,X6,18.336,0.0
Locomotion_1,X6,18.438,0.0
Locomotion_1,X6,18.54,0.0
Locomotion_1,X6,18.642,0.0
Locomotion_1,X6,18.744,0.0
Locomotion_1,X6,18.846,0.0
Locomotion_1,X6,18.947,0.0
Locomotion_1,X6,19.049,0.0
Locomotion_1,X6,19.151,0.0
Locomotion_1,X6,19.253,0.0
Locomotion_1,X6,19.355,0.0
Locomotion_1,X6,19.457,0.0
Locomotion_1,X6,19.559,0.0
Locomotion_1,X6,19.66,0.0
Locomotion_1,X6,19.762,0.0
Locomotion_1,X6,19.864,0.0
Locomotion_1,X6,19.966,0.0
Locomotion_1,X6,20.068,0.0
Locomotion_1,X6,20.17,0.0
Locomotion_1,X6,20.272,0.0
Locomotion_1,X6,20.374,0.0
Locomotion_1,X6,20.475,0.0
Locomotion_1,X6,20.577,0.0
Locomotion_1,X6,20.679,0.0
Locomotion_1,X6,20.781,0.0
Locomotion_1,X6,20.883,0.0
Locomotion_1,X6,20.985,0.0
Locomotion_1,X6,21.087,0.0
Locomotion_1,X6,21.188,0.0
Locomotion_1,X6,21.29,0.0
Locomotion_1,X6,21.392,0.0
Locomotion_1,X6,21.494,0.0
Locomotion_1,X6,21.596,0.0
Locomotion_1,X6,21.698,0.0
Locomotion_1,X6,21.8,0.0
Locomotion_1,X6,21.902,0.0
Locomotion_1,X6,22.003,0.0
Locomotion_1,X6,22.105,0.0
Locomotion_1,X6,22.207,0.0
Locomotion_1,X6,22.309,0.0
Locomotion_1,X6,22.411,0.0
Locomotion_1,X6,22.513,0.0
Locomotion_1,X6,22.615,0.0
Locomotion_1,X6,22.716,0.0
Locomotion_1,X6,22.818,0.0
Locomotion_1,X6,22.92,0.0
Locomotion_1,X6,23.022,0.0
Locomotion_1,X6,23.124,0.0
Locomotion_1,X6,23.226,0.0
Locomotion_1,X6,23.328,0.0
Locomotion_1,X6,23.43,0.0
Locomotion_1,X6,23.531,0.0
Locomotion_1,X6,23.633,0.0
Locomotion_1,X6,23.735,0.0
Locomotion_1,X6,23.837,0.0
Locomotion_1,X6,23.939,0.0
Locomotion_1,X6,24.041,0.0
Locomotion_1,X6,24.143,0.0
Locomotion_1,X6,24.244,0.0
Locomotion_1,X6,24.346,0.0
Locomotion_1,X6,24.448,0.0
Locomotion_1,X6,24.55,0.0
Locomotion_1,X6,24.652,0.0
Locomotion_1,X6,24.754,0.0
Locomotion_1,X6,24.856,0.0
Locomotion_1,X6,24.958,0.0
Locomotion_1,X6,25.059,0.0
Locomotion_1,X6,25.161,0.0
Locomotion_1,X6,25.263,0.0
Locomotion_1,X6,25.365,0.0
Locomotion_1,X6,25.467,0.0
Locomotion_1,X6,25.569,0.0
Locomotion_1,X6,25.671,0.0
Locomotion_1,X6,25.772,0.0
Locomotion_1,X6,25.874,0.0
Locomotion_1,X6,25.976,0.0
Locomotion_1,X6,26.078,0.0
Locomotion_1,X6,26.18,0.0
Locomotion_1,X6,26.282,0.0
Locomotion_1,X6,26.384,0.0
Locomotion_1,X6,26.486,0.0
Locomotion_1,X6,26.587,0.0
Locomotion_1,X6,26.689,0.0
Locomotion_1,X6,26.791,0.0
Locomotion_1,X6,26.893,0.0
Locomotion_1,X6,26.995,0.0
Locomotion_1,X6,27.097,0.0
Locomotion_1,X6,27.199,0.0
Locomotion_1,X6,27.301,0.0
Locomotion_1,X6,27.402,0.0
Locomotion_1,X6,27.504,0.0
Locomotion_1,X6,27.606,0.0
Locomotion_1,X6,27.708,0.0
Locomotion_1,X6,27.81,0.0
Locomotion_1,X6,27.912,0.0
Locomotion_1,X6,28.014,0.0
Locomotion_1,X6,28.115,0.0
Locomotion_1,X6,28.217,0.0
Locomotion_1,X6,28.319,0.0
Locomotion_1,X6,28.421,0.0
Locomotion_1,X6,28.523,0.0
Locomotion_1,X6,28.625,0.0
Locomotion_1,X6,28.727,0.0
Locomotion_1,X6,28.829,0.0
Locomotion_1,X6,28.93,0.0
Locomotion_1,X6,29.032,0.0
Locomotion_1,X6,29.134,0.0
Locomotion_1,X6,29.236,0.0
Locomotion_1,X6,29.338,0.0
Locomotion_1,X6,29.44,0.0
Locomotion_1,X6,29.542,0.0
Locomotion_1,X6,29.643,0.0
Locomotion_1,X6,29.745,0.0
Locomotion_1,X6,29.847,0.0
Locomotion_1,X6,29.949,0.0
Locomotion_1,X6,30.051,0.0
Locomotion_1,X6,30.153,0.0
Locomotion_1,X6,30.255,0.0
Locomotion_1,X6,30.357,0.0
Locomotion_1,X6,30.458,0.0
Locomotion_1,X6,30.56,0.0
Locomotion_1,X6,30.662,0.0
Locomotion_1,X6,30.764,0.0
Locomotion_1,X6,30.866,0.0
Locomotion_1,X6,30.968,0.0
Locomotion_1,X6,31.07,0.0
Locomotion_1,X6,31.171,0.0
Locomotion_1,X6,31.273,0.0
Locomotion_1,X6,31.375,0.0
Locomotion_1,X6,31.477,0.0
Locomotion_1,X6,31.579,0.0
Locomotion_1,X6,31.681,0.0
Locomotion_1,X6,31.783,0.0
Locomotion_1,X6,31.885,0.0
Locomotion_1,X6,31.986,0.0
Locomotion_1,X6,32.088,0.0
Locomotion_1,X6,32.19,0.0
Locomotion_1,X6,32.292,0.0
Locomotion_1,X6,32.394,0.0
Locomotion_1,X6,32.496,0.0
Locomotion_1,X6,32.598,0.0
Locomotion_1,X6,32.699,0.0
Locomotion_1,X6,32.801,0.0
Locomotion_1,X6,32.903,0.0
Locomotion_1,X6,33.005,0.0
Locomotion_1,X6,33.107,0.0
Locomotion_1,X6,33.209,0.0
Locomotion_1,X6,33.311,0.0
Locomotion_1,X6,33.413,0.0
Locomotion_1,X6,33.514,0.0
Locomotion_1,X6,33.616,0.0
Locomotion_1,X6,33.718,0.0
Locomotion_1,X6,33.82,0.0
Locomotion_1,X6,33.922,0.0
Locomotion_1,X6,34.024,0.0
Locomotion_1,X6,34.126,0.0
Locomotion_1,X6,34.228,0.0
Locomotion_1,X6,34.329,0.0
Locomotion_1,X6,34.431,0.0
Locomotion_1,X6,34.533,0.0
Locomotion_1,X6,34.635,0.0
Locomotion_1,X6,34.737,0.0
Locomotion_1,X6,34.839,0.0
Locomotion_1,X6,34.941,0.0
Locomotion_1,X6,35.042,0.0
Locomotion_1,X6,35.144,0.0
Locomotion_1,X6,35.246,0.0
Locomotion_1,X6,35.348,0.0
Locomotion_1,X6,35.45,0.0
Locomotion_1,X6,35.552,0.0
Locomotion_1,X6,35.654,0.0
Locomotion_1,X6,35.756,0.0
Locomotion_1,X6,35.857,0.0
Locomotion_1,X6,35.959,0.0
Locomotion_1,X6,36.061,0.0
Locomotion_1,X6,36.163,0.0
Locomotion_1,X6,36.265,0.0
Locomotion_1,X6,36.367,0.0
Locomotion_1,X6,36.469,0.0
Locomotion_1,X6,36.57,0.0
Locomotion_1,X6,36.672,0.0
Locomotion_1,X6,36.774,0.0
Locomotion_1,X6,36.876,0.0
Locomotion_1,X6,36.978,0.0
Locomotion_1,X6,37.08,0.0
Locomotion_1,X6,37.182,0.0
Locomotion_1,X6,37.284,0.0
Locomotion_1,X6,37.385,0.0
Locomotion_1,X6,37.487,0.0
Locomotion_1,X6,37.589,0.0
Locomotion_1,X6,37.691,0.0
Locomotion_1,X6,37.793,0.0
Locomotion_1,X6,37.895,0.0
Locomotion_1,X6,37.997,0.0
Locomotion_1,X6,38.098,0.0
Locomotion_1,X6,38.2,0.0
Locomotion_1,X6,38.302,0.0
Locomotion_1,X6,38.404,0.0
Locomotion_1,X6,38.506,0.0
Locomotion_1,X6,38.608,0.0
Locomotion_1,X6,38.71,0.0
Locomotion_1,X6,38.812,0.0
Locomotion_1,X6,38.913,0.0
Locomotion_1,X6,39.015,0.0
Locomotion_1,X6,39.117,0.0
Locomotion_1,X6,39.219,0.0
Locomotion_1,X6,39.321,0.0
Locomotion_1,X6,39.423,0.0
Locomotion_1,X6,39.525,0.0
Locomotion_1,X6,39.626,0.0
Locomotion_1,X6,39.728,0.0
Locomotion_1,X6,39.83,0.0
Locomotion_1,X6,39.932,0.0
Locomotion_1,X6,40.034,0.0
Locomotion_1,X6,40.136,0.0
Locomotion_1,X6,40.238,0.0
Locomotion_1,X6,40.34,0.0
Locomotion_1,X6,40.441,0.0
Locomotion_1,X6,40.543,0.0
Locomotion_1,X6,40.645,0.0
Locomotion_1,X6,40.747,0.0
Locomotion_1,X6,40.849,0.0
Locomotion_1,X6,40.951,0.0
Locomotion_1,X6,41.053,0.0
Locomotion_1,X6,41.154,0.0
Locomotion_1,X6,41.256,0.0
Locomotion_1,X6,41.358,0.0
Locomotion_1,X6,41.46,0.0
Locomotion_1,X6,41.562,0.0
Locomotion_1,X6,41.664,0.0
Locomotion_1,X6,41.766,0.0
Locomotion_1,X6,41.868,0.0
Locomotion_1,X6,41.969,0.0
Locomotion_1,X6,42.071,0.0
Locomotion_1,X6,42.173,0.0
Locomotion_1,X6,42.275,0.0
Locomotion_1,X6,42.377,0.0
Locomotion_1,X6,42.479,0.0
Locomotion_1,X6,42.581,0.0
Locomotion_1,X6,42.683,0.0
Locomotion_1,X6,42.784,0.0
Locomotion_1,X6,42.886,0.0
Locomotion_1,X6,42.988,0.0
Locomotion_1,X6,43.09,0.0
Locomotion_1,X6,43.192,0.0
Locomotion_1,X6,43.294,0.0
Locomotion_1,X6,43.396,0.0
Locomotion_1,X6,43.497,0.0
Locomotion_1,X6,43.599,0.0
Locomotion_1,X6,43.701,0.0
Locomotion_1,X6,43.803,0.0
Locomotion_1,X6,43.905,0.0
Locomotion_1,X6,44.007,0.0
Locomotion_1,X6,44.109,0.0
Locomotion_1,X6,44.211,0.0
Locomotion_1,X6,44.312,0.0
Locomotion_1,X6,44.414,0.0
Locomotion_1,X6,44.516,0.0
Locomotion_1,X6,44.618,0.0
Locomotion_1,X6,44.72,0.0
Locomotion_1,X6,44.822,0.0
Locomotion_1,X6,44.924,0.0
Locomotion_1,X6,45.025,0.0
Locomotion_1,X6,45.127,0.0
Locomotion_1,X6,45.229,0.0
Locomotion_1,X6,45.331,0.0
Locomotion_1,X6,45.433,0.0
Locomotion_1,X6,45.535,0.0
Locomotion_1,X6,45.637,0.0
Locomotion_1,X6,45.739,0.0
Locomotion_1,X6,45.84,0.0
Locomotion_1,X6,45.942,0.0
Locomotion_1,X6,46.044,0.0
Locomotion_1,X6,46.146,0.0
Locomotion_1,X6,46.248,0.0
Locomotion_1,X6,46.35,0.0
Locomotion_1,X6,46.452,0.0
Locomotion_1,X6,46.553,0.0
Locomotion_1,X6,46.655,0.0
Locomotion_1,X6,46.757,0.0
Locomotion_1,X6,46.859,0.0
Locomotion_1,X6,46.961,0.0
Locomotion_1,X6,47.063,0.0
Locomotion_1,X6,47.165,0.0
Locomotion_1,X6,47.267,0.0
Locomotion_1,X6,47.368,0.0
Locomotion_1,X6,47.47,0.0
Locomotion_1,X6,47.572,0.0
Locomotion_1,X6,47.674,0.0
Locomotion_1,X6,47.776,0.0
Locomotion_1,X6,47.878,0.0
Locomotion_1,X6,47.98,0.0
Locomotion_1,X6,48.081,0.0
Locomotion_1,X6,48.183,0.0
Locomotion_1,X6,48.285,0.0
Locomotion_1,X6,48.387,0.0
Locomotion_1,X6,48.489,0.0
Locomotion_1,X6,48.591,0.0
Locomotion_1,X6,48.693,0.0
Locomotion_1,X6,48.795,0.0
Locomotion_1,X6,48.896,0.0
Locomotion_1,X6,48.998,0.0
Locomotion_1,X6,49.1,0.0
Locomotion_1,X6,49.202,0.0
Locomotion_1,X6,49.304,0.0
Locomotion_1,X6,49.406,0.0
Locomotion_1,X6,49.508,0.0
Locomotion_1,X6,49.61,0.0
Locomotion_1,X6,49.711,0.0
Locomotion_1,X6,49.813,0.0
Locomotion_1,X6,49.915,0.0
Locomotion_1,X6,50.017,0.0
Locomotion_1,X6,50.119,0.0
Locomotion_1,X6,50.221,0.0
Locomotion_1,X6,50.323,0.0
Locomotion_1,X6,50.424,0.0
Locomotion_1,X6,50.526,0.0
Locomotion_1,X6,50.628,0.0
Locomotion_1,X6,50.73,0.0
Locomotion_1,X6,50.832,0.0
Locomotion_1,X6,50.934,0.0
Locomotion_1,X6,51.036,0.0
Locomotion_1,X6,51.138,0.0
Locomotion_1,X6,51.239,0.0
Locomotion_1,X6,51.341,0.0
Locomotion_1,X6,51.443,0.0
Locomotion_1,X6,51.545,0.0
Locomotion_1,X6,51.647,0.0
Locomotion_1,X6,51.749,0.0
Locomotion_1,X6,51.851,0.0
Locomotion_1,X6,51.952,0.0
Locomotion_1,X6,52.054,0.0
Locomotion_1,X6,52.156,0.0
Locomotion_1,X6,52.258,0.0
Locomotion_1,X6,52.36,0.0
Locomotion_1,X6,52.462,0.0
Locomotion_1,X6,52.564,0.0
Locomotion_1,X6,52.666,0.0
Locomotion_1,X6,52.767,0.0
Locomotion_1,X6,52.869,0.0
Locomotion_1,X6,52.971,0.0
Locomotion_1,X6,53.073,0.0
Locomotion_1,X6,53.175,0.0
Locomotion_1,X6,53.277,0.0
Locomotion_1,X6,53.379,0.0
Locomotion_1,X6,53.48,0.0
Locomotion_1,X6,53.582,0.0
Locomotion_1,X6,53.684,0.0
Locomotion_1,X6,53.786,0.0
Locomotion_1,X6,53.888,0.0
Locomotion_1,X6,53.99,0.0
Locomotion_1,X6,54.092,0.0
Locomotion_1,X6,54.194,0.0
Locomotion_1,X6,54.295,0.0
Locomotion_1,X6,54.397,0.0
Locomotion_1,X6,54.499,0.0
Locomotion_1,X6,54.601,0.0
Locomotion_1,X6,54.703,0.0
Locomotion_1,X6,54.805,0.0
Locomotion_1,X6,54.907,0.0
Locomotion_1,X6,55.008,0.0
Locomotion_1,X6,55.11,0.0
Locomotion_1,X6,55.212,0.0
Locomotion_1,X6,55.314,0.0
Locomotion_1,X6,55.416,0.0
Locomotion_1,X6,55.518,0.0
Locomotion_1,X6,55.62,0.0
Locomotion_1,X6,55.722,0.0
Locomotion_1,X6,55.823,0.0
Locomotion_1,X6,55.925,0.0
Locomotion_1,X6,56.027,0.0
Locomotion_1,X6,56.129,0.0
Locomotion_1,X6,56.231,0.0
Locomotion_1,X6,56.333,0.0
Locomotion_1,X6,56.435,0.0
Locomotion_1,X6,56.537,0.0
Locomotion_1,X6,56.638,0.0
Locomotion_1,X6,56.74,0.0
Locomotion_1,X6,56.842,0.0
Locomotion_1,X6,56.944,0.0
Locomotion_1,X6,57.046,0.0
Locomotion_1,X6,57.148,0.0
Locomotion_1,X6,57.25,0.0
Locomotion_1,X6,57.351,0.0
Locomotion_1,X6,57.453,0.0
Locomotion_1,X6,57.555,0.0
Locomotion_1,X6,57.657,0.0
Locomotion_1,X6,57.759,0.0
Locomotion_1,X6,57.861,0.0
Locomotion_1,X6,57.963,0.0
Locomotion_1,X6,58.065,0.0
Locomotion_1,X6,58.166,0.0
Locomotion_1,X6,58.268,0.0
Locomotion_1,X6,58.37,0.0
Locomotion_1,X6,58.472,0.0
Locomotion_1,X6,58.574,0.0
Locomotion_1,X6,58.676,0.0
Locomotion_1,X6,58.778,0.0
Locomotion_1,X6,58.879,0.0
Locomotion_1,X6,58.981,0.0
Locomotion_1,X6,59.083,0.0
Locomotion_1,X6,59.185,0.0
Locomotion_1,X6,59.287,0.0
Locomotion_1,X6,59.389,0.0
Locomotion_1,X6,59.491,0.0
Locomotion_1,X6,59.593,0.0
Locomotion_1,X6,59.694,0.0
Locomotion_1,X6,59.796,0.0
Locomotion_1,X6,59.898,0.0
Locomotion_1,X6,60.0,0.0
Locomotion_1,X6,60.102,0.0
Locomotion_1,X6,60.204,0.0
Locomotion_1,X6,60.306,0.0
Locomotion_1,X6,60.407,0.0
Locomotion_1,X6,60.509,0.0
Locomotion_1,X6,60.611,0.0
Locomotion_1,X6,60.713,0.0
Locomotion_1,X6,60.815,0.0
Locomotion_1,X6,60.917,0.0
Locomotion_1,X6,61.019,0.0
Locomotion_1,X6,61.121,0.0
Locomotion_1,X6,61.222,0.0
Locomotion_1,X6,61.324,0.0
Locomotion_1,X6,61.426,0.0
Locomotion_1,X6,61.528,0.0
Locomotion_1,X6,61.63,0.0
Locomotion_1,X6,61.732,0.0
Locomotion_1,X6,61.834,0.0
Locomotion_1,X6,61.935,0.0
Locomotion_1,X6,62.037,0.0
Locomotion_1,X6,62.139,0.0
Locomotion_1,X6,62.241,0.0
Locomotion_1,X6,62.343,0.0
Locomotion_1,X6,62.445,0.0
Locomotion_1,X6,62.547,0.0
Locomotion_1,X6,62.649,0.0
Locomotion_1,X6,62.75,0.0
Locomotion_1,X6,62.852,0.0
Locomotion_1,X6,62.954,0.0
Locomotion_1,X6,63.056,0.0
Locomotion_1,X6,63.158,0.0
Locomotion_1,X6,63.26,0.0
Locomotion_1,X6,63.362,0.0
Locomotion_1,X6,63.463,0.0
Locomotion_1,X6,63.565,0.0
Locomotion_1,X6,63.667,0.0
Locomotion_1,X6,63.769,0.0
Locomotion_1,X6,63.871,0.0
Locomotion_1,X6,63.973,0.0
Locomotion_1,X6,64.075,0.0
Locomotion_1,X6,64.177,0.0
Locomotion_1,X6,64.278,0.0
Locomotion_1,X6,64.38,0.0
Locomotion_1,X6,64.482,0.0
Locomotion_1,X6,64.584,0.0
Locomotion_1,X6,64.686,0.0
Locomotion_1,X6,64.788,0.0
Locomotion_1,X6,64.89,0.0
Locomotion_1,X6,64.992,0.0
Locomotion_1,X6,65.093,0.0
Locomotion_1,X6,65.195,0.0
Locomotion_1,X6,65.297,0.0
Locomotion_1,X6,65.399,0.0
Locomotion_1,X6,65.501,0.0
Locomotion_1,X6,65.603,0.0
Locomotion_1,X6,65.705,0.0
Locomotion_1,X6,65.806,0.0
Locomotion_1,X6,65.908,0.0
Locomotion_1,X6,66.01,0.0
Locomotion_1,X6,66.112,0.0
Locomotion_1,X6,66.214,0.0
Locomotion_1,X6,66.316,0.0
Locomotion_1,X6,66.418,0.0
Locomotion_1,X6,66.52,0.0
Locomotion_1,X6,66.621,0.0
Locomotion_1,X6,66.723,0.0
Locomotion_1,X6,66.825,0.0
Locomotion_1,X6,66.927,0.0
Locomotion_1,X6,67.029,0.0
Locomotion_1,X6,67.131,0.0
Locomotion_1,X6,67.233,0.0
Locomotion_1,X6,67.334,0.0
Locomotion_1,X6,67.436,0.0
Locomotion_1,X6,67.538,0.0
Locomotion_1,X6,67.64,0.0
Locomotion_1,X6,67.742,0.0
Locomotion_1,X6,67.844,0.0
Locomotion_1,X6,67.946,0.0
Locomotion_1,X6,68.048,0.0
Locomotion_1,X6,68.149,0.0
Locomotion_1,X6,68.251,0.0
Locomotion_1,X6,68.353,0.0
Locomotion_1,X6,68.455,0.0
Locomotion_1,X6,68.557,0.0
Locomotion_1,X6,68.659,0.0
Locomotion_1,X6,68.761,0.0
Locomotion_1,X6,68.862,0.0
Locomotion_1,X6,68.964,0.0
Locomotion_1,X6,69.066,0.0
Locomotion_1,X6,69.168,0.0
Locomotion_1,X6,69.27,0.0
Locomotion_1,X6,69.372,0.0
Locomotion_1,X6,69.474,0.0
Locomotion_1,X6,69.576,0.0
Locomotion_1,X6,69.677,0.0
Locomotion_1,X6,69.779,0.0
Locomotion_1,X6,69.881,0.0
Locomotion_1,X6,69.983,0.0
Locomotion_1,X6,70.085,0.0
Locomotion_1,X6,70.187,0.0
Locomotion_1,X6,70.289,0.0
Locomotion_1,X6,70.39,0.0
Locomotion_1,X6,70.492,0.0
Locomotion_1,X6,70.594,0.0
Locomotion_1,X6,70.696,0.0
Locomotion_1,X6,70.798,0.0
Locomotion_1,X6,70.9,0.0
Locomotion_1,X6,71.002,0.0
Locomotion_1,X6,71.104,0.0
Locomotion_1,X6,71.205,0.0
Locomotion_1,X6,71.307,0.0
Locomotion_1,X6,71.409,0.0
Locomotion_1,X6,71.511,0.0
Locomotion_1,X6,71.613,0.0
Locomotion_1,X6,71.715,0.0
Locomotion_1,X6,71.817,0.0
Locomotion_1,X6,71.919,0.0
Locomotion_1,X6,72.02,0.0
Locomotion_1,X6,72.122,0.0
Locomotion_1,X6,72.224,0.0
Locomotion_1,X6,72.326,0.0
Locomotion_1,X6,72.428,0.0
Locomotion_1,X6,72.53,0.0
Locomotion_1,X6,72.632,0.0
Locomotion_1,X6,72.733,0.0
Locomotion_1,X6,72.835,0.0
Locomotion_1,X6,72.937,0.0
Locomotion_1,X6,73.039,0.0
Locomotion_1,X6,73.141,0.0
Locomotion_1,X6,73.243,0.0
Locomotion_1,X6,73.345,0.0
Locomotion_1,X6,73.447,0.0
Locomotion_1,X6,73.548,0.0
Locomotion_1,X6,73.65,0.0
Locomotion_1,X6,73.752,0.0
Locomotion_1,X6,73.854,0.0
Locomotion_1,X6,73.956,0.0
Locomotion_1,X6,74.058,0.0
Locomotion_1,X6,74.16,0.0
Locomotion_1,X6,74.261,0.0549
Locomotion_1,X6,74.363,1.0
Locomotion_1,X7,0.0,1.0
Locomotion_1,X7,0.102,0.0549
Locomotion_1,X7,0.204,0.0
Locomotion_1,X7,0.306,0.0
Locomotion_1,X7,0.407,0.0
Locomotion_1,X7,0.509,0.0039
Locomotion_1,X7,0.611,0.0118
Locomotion_1,X7,0.713,0.0157
Locomotion_1,X7,0.815,0.0196
Locomotion_1,X7,0.917,0.0196
Locomotion_1,X7,1.019,0.0196
Locomotion_1,X7,1.121,0.0196
Locomotion_1,X7,1.222,0.0196
Locomotion_1,X7,1.324,0.0196
Locomotion_1,X7,1.426,0.0196
Locomotion_1,X7,1.528,0.0196
Locomotion_1,X7,1.63,0.0157
Locomotion_1,X7,1.732,0.0157
Locomotion_1,X7,1.834,0.0157
Locomotion_1,X7,1.935,0.0157
Locomotion_1,X7,2.037,0.0157
Locomotion_1,X7,2.139,0.0157
Locomotion_1,X7,2.241,0.0157
Locomotion_1,X7,2.343,0.0196
Locomotion_1,X7,2.445,0.0196
Locomotion_1,X7,2.547,0.0235
Locomotion_1,X7,2.649,0.0314
Locomotion_1,X7,2.75,0.0353
Locomotion_1,X7,2.852,0.0431
Locomotion_1,X7,2.954,0.0471
Locomotion_1,X7,3.056,0.051
Locomotion_1,X7,3.158,0.0549
Locomotion_1,X7,3.26,0.0588
Locomotion_1,X7,3.362,0.0627
Locomotion_1,X7,3.463,0.0667
Locomotion_1,X7,3.565,0.0706
Locomotion_1,X7,3.667,0.0784
Locomotion_1,X7,3.769,0.0824
Locomotion_1,X7,3.871,0.0902
Locomotion_1,X7,3.973,0.098
Locomotion_1,X7,4.075,0.1059
Locomotion_1,X7,4.177,0.1137
Locomotion_1,X7,4.278,0.1216
Locomotion_1,X7,4.38,0.1255
Locomotion_1,X7,4.482,0.1294
Locomotion_1,X7,4.584,0.1373
Locomotion_1,X7,4.686,0.1412
Locomotion_1,X7,4.788,0.149
Locomotion_1,X7,4.89,0.1529
Locomotion_1,X7,4.992,0.1569
Locomotion_1,X7,5.093,0.1647
Locomotion_1,X7,5.195,0.1725
Locomotion_1,X7,5.297,0.1725
Locomotion_1,X7,5.399,0.1765
Locomotion_1,X7,5.501,0.1843
Locomotion_1,X7,5.603,0.1882
Locomotion_1,X7,5.705,0.1922
Locomotion_1,X7,5.806,0.1961
Locomotion_1,X7,5.908,0.2039
Locomotion_1,X7,6.01,0.2078
Locomotion_1,X7,6.112,0.2118
Locomotion_1,X7,6.214,0.2157
Locomotion_1,X7,6.316,0.2235
Locomotion_1,X7,6.418,0.2275
Locomotion_1,X7,6.52,0.2353
Locomotion_1,X7,6.621,0.2392
Locomotion_1,X7,6.723,0.2431
Locomotion_1,X7,6.825,0.2471
Locomotion_1,X7,6.927,0.251
Locomotion_1,X7,7.029,0.2549
Locomotion_1,X7,7.131,0.2588
Locomotion_1,X7,7.233,0.2627
Locomotion_1,X7,7.334,0.2667
Locomotion_1,X7,7.436,0.2667
Locomotion_1,X7,7.538,0.2667
Locomotion_1,X7,7.64,0.2667
Locomotion_1,X7,7.742,0.2667
Locomotion_1,X7,7.844,0.2667
Locomotion_1,X7,7.946,0.2667
Locomotion_1,X7,8.048,0.2627
Locomotion_1,X7,8.149,0.2627
Locomotion_1,X7,8.251,0.2627
Locomotion_1,X7,8.353,0.2627
Locomotion_1,X7,8.455,0.2588
Locomotion_1,X7,8.557,0.2588
Locomotion_1,X7,8.659,0.2588
Locomotion_1,X7,8.761,0.2588
Locomotion_1,X7,8.862,0.2549
Locomotion_1,X7,8.964,0.2549
Locomotion_1,X7,9.066,0.2549
Locomotion_1,X7,9.168,0.2549
Locomotion_1,X7,9.27,0.251
Locomotion_1,X7,9.372,0.251
Locomotion_1,X7,9.474,0.2471
Locomotion_1,X7,9.576,0.2471
Locomotion_1,X7,9.677,0.2471
Locomotion_1,X7,9.779,0.2471
Locomotion_1,X7,9.881,0.2471
Locomotion_1,X7,9.983,0.2471
Locomotion_1,X7,10.085,0.2431
Locomotion_1,X7,10.187,0.2431
Locomotion_1,X7,10.289,0.2431
Locomotion_1,X7,10.39,0.2431
Locomotion_1,X7,10.492,0.2431
Locomotion_1,X7,10.594,0.2431
Locomotion_1,X7,10.696,0.2431
Locomotion_1,X7,10.798,0.2392
Locomotion_1,X7,10.9,0.2392
Locomotion_1,X7,11.002,0.2392
Locomotion_1,X7,11.104,0.2392
Locomotion_1,X7,11.205,0.2392
Locomotion_1,X7,11.307,0.2353
Locomotion_1,X7,11.409,0.2353
Locomotion_1,X7,11.511,0.2353
Locomotion_1,X7,11.613,0.2353
Locomotion_1,X7,11.715,0.2353
Locomotion_1,X7,11.817,0.2353
Locomotion_1,X7,11.919,0.2353
Locomotion_1,X7,12.02,0.2353
Locomotion_1,X7,12.122,0.2353
Locomotion_1,X7,12.224,0.2275
Locomotion_1,X7,12.326,0.2275
Locomotion_1,X7,12.428,0.2275
Locomotion_1,X7,12.53,0.2275
Locomotion_1,X7,12.632,0.2235
Locomotion_1,X7,12.733,0.2235
Locomotion_1,X7,12.835,0.2235
Locomotion_1,X7,12.937,0.2235
Locomotion_1,X7,13.039,0.2235
Locomotion_1,X7,13.141,0.2235
Locomotion_1,X7,13.243,0.2235
Locomotion_1,X7,13.345,0.2235
Locomotion_1,X7,13.447,0.2235
Locomotion_1,X7,13.548,0.2196
Locomotion_1,X7,13.65,0.2196
Locomotion_1,X7,13.752,0.2196
Locomotion_1,X7,13.854,0.2196
Locomotion_1,X7,13.956,0.2196
Locomotion_1,X7,14.058,0.2196
Locomotion_1,X7,14.16,0.2196
Locomotion_1,X7,14.261,0.2157
Locomotion_1,X7,14.363,0.2157
Locomotion_1,X7,14.465,0.2157
Locomotion_1,X7,14.567,0.2157
Locomotion_1,X7,14.669,0.2157
Locomotion_1,X7,14.771,0.2157
Locomotion_1,X7,14.873,0.2118
Locomotion_1,X7,14.975,0.2118
Locomotion_1,X7,15.076,0.2118
Locomotion_1,X7,15.178,0.2118
Locomotion_1,X7,15.28,0.2118
Locomotion_1,X7,15.382,0.2118
Locomotion_1,X7,15.484,0.2118
Locomotion_1,X7,15.586,0.2118
Locomotion_1,X7,15.688,0.2118
Locomotion_1,X7,15.789,0.2118
Locomotion_1,X7,15.891,0.2118
Locomotion_1,X7,15.993,0.2118
Locomotion_1,X7,16.095,0.2118
Locomotion_1,X7,16.197,0.2078
Locomotion_1,X7,16.299,0.2078
Locomotion_1,X7,16.401,0.2078
Locomotion_1,X7,16.503,0.2078
Locomotion_1,X7,16.604,0.2078
Locomotion_1,X7,16.706,0.2078
Locomotion_1,X7,16.808,0.2078
Locomotion_1,X7,16.91,0.2078
Locomotion_1,X7,17.012,0.2078
Locomotion_1,X7,17.114,0.2039
Locomotion_1,X7,17.216,0.2039
Locomotion_1,X7,17.317,0.2039
Locomotion_1,X7,17.419,0.2039
Locomotion_1,X7,17.521,0.2039
Locomotion_1,X7,17.623,0.2039
Locomotion_1,X7,17.725,0.2039
Locomotion_1,X7,17.827,0.2039
Locomotion_1,X7,17.929,0.2039
Locomotion_1,X7,18.031,0.2039
Locomotion_1,X7,18.132,0.2039
Locomotion_1,X7,18.234,0.2039
Locomotion_1,X7,18.336,0.2039
Locomotion_1,X7,18.438,0.2
Locomotion_1,X7,18.54,0.2
Locomotion_1,X7,18.642,0.2
Locomotion_1,X7,18.744,0.2
Locomotion_1,X7,18.846,0.2
Locomotion_1,X7,18.947,0.2
Locomotion_1,X7,19.049,0.2
Locomotion_1,X7,19.151,0.2
Locomotion_1,X7,19.253,0.2
Locomotion_1,X7,19.355,0.2
Locomotion_1,X7,19.457,0.2
Locomotion_1,X7,19.559,0.2
Locomotion_1,X7,19.66,0.2
Locomotion_1,X7,19.762,0.2
Locomotion_1,X7,19.864,0.2
Locomotion_1,X7,19.966,0.2
Locomotion_1,X7,20.068,0.2
Locomotion_1,X7,20.17,0.2039
Locomotion_1,X7,20.272,0.2039
Locomotion_1,X7,20.374,0.2039
Locomotion_1,X7,20.475,0.2039
Locomotion_1,X7,20.577,0.2078
Locomotion_1,X7,20.679,0.2078
Locomotion_1,X7,20.781,0.2078
Locomotion_1,X7,20.883,0.2078
Locomotion_1,X7,20.985,0.2078
Locomotion_1,X7,21.087,0.2078
Locomotion_1,X7,21.188,0.2118
Locomotion_1,X7,21.29,0.2118
Locomotion_1,X7,21.392,0.2118
Locomotion_1,X7,21.494,0.2118
Locomotion_1,X7,21.596,0.2118
Locomotion_1,X7,21.698,0.2157
Locomotion_1,X7,21.8,0.2157
Locomotion_1,X7,21.902,0.2157
Locomotion_1,X7,22.003,0.2157
Locomotion_1,X7,22.105,0.2157
Locomotion_1,X7,22.207,0.2196
Locomotion_1,X7,22.309,0.2196
Locomotion_1,X7,22.411,0.2196
Locomotion_1,X7,22.513,0.2196
Locomotion_1,X7,22.615,0.2196
Locomotion_1,X7,22.716,0.2235
Locomotion_1,X7,22.818,0.2235
Locomotion_1,X7,22.92,0.2235
Locomotion_1,X7,23.022,0.2235
Locomotion_1,X7,23.124,0.2235
Locomotion_1,X7,23.226,0.2235
Locomotion_1,X7,23.328,0.2275
Locomotion_1,X7,23.43,0.2275
Locomotion_1,X7,23.531,0.2275
Locomotion_1,X7,23.633,0.2275
Locomotion_1,X7,23.735,0.2275
Locomotion_1,X7,23.837,0.2353
Locomotion_1,X7,23.939,0.2353
Locomotion_1,X7,24.041,0.2353
Locomotion_1,X7,24.143,0.2353
Locomotion_1,X7,24.244,0.2353
Locomotion_1,X7,24.346,0.2353
Locomotion_1,X7,24.448,0.2353
Locomotion_1,X7,24.55,0.2353
Locomotion_1,X7,24.652,0.2353
Locomotion_1,X7,24.754,0.2353
Locomotion_1,X7,24.856,0.2392
Locomotion_1,X7,24.958,0.2392
Locomotion_1,X7,25.059,0.2392
Locomotion_1,X7,25.161,0.2431
Locomotion_1,X7,25.263,0.2431
Locomotion_1,X7,25.365,0.2431
Locomotion_1,X7,25.467,0.2431
Locomotion_1,X7,25.569,0.2431
Locomotion_1,X7,25.671,0.2471
Locomotion_1,X7,25.772,0.2471
Locomotion_1,X7,25.874,0.2471
Locomotion_1,X7,25.976,0.2471
Locomotion_1,X7,26.078,0.251
Locomotion_1,X7,26.18,0.251
Locomotion_1,X7,26.282,0.251
Locomotion_1,X7,26.384,0.251
Locomotion_1,X7,26.486,0.2549
Locomotion_1,X7,26.587,0.2549
Locomotion_1,X7,26.689,0.2549
Locomotion_1,X7,26.791,0.2549
Locomotion_1,X7,26.893,0.2549
Locomotion_1,X7,26.995,0.2588
Locomotion_1,X7,27.097,0.2588
Locomotion_1,X7,27.199,0.2588
Locomotion_1,X7,27.301,0.2588
Locomotion_1,X7,27.402,0.2588
Locomotion_1,X7,27.504,0.2588
Locomotion_1,X7,27.606,0.2627
Locomotion_1,X7,27.708,0.2627
Locomotion_1,X7,27.81,0.2627
Locomotion_1,X7,27.912,0.2667
Locomotion_1,X7,28.014,0.2667
Locomotion_1,X7,28.115,0.2667
Locomotion_1,X7,28.217,0.2706
Locomotion_1,X7,28.319,0.2706
Locomotion_1,X7,28.421,0.2706
Locomotion_1,X7,28.523,0.2706
Locomotion_1,X7,28.625,0.2745
Locomotion_1,X7,28.727,0.2745
Locomotion_1,X7,28.829,0.2745
Locomotion_1,X7,28.93,0.2784
Locomotion_1,X7,29.032,0.2784
Locomotion_1,X7,29.134,0.2784
Locomotion_1,X7,29.236,0.2824
Locomotion_1,X7,29.338,0.2824
Locomotion_1,X7,29.44,0.2863
Locomotion_1,X7,29.542,0.2863
Locomotion_1,X7,29.643,0.2863
Locomotion_1,X7,29.745,0.2863
Locomotion_1,X7,29.847,0.2902
Locomotion_1,X7,29.949,0.2902
Locomotion_1,X7,30.051,0.2902
Locomotion_1,X7,30.153,0.2902
Locomotion_1,X7,30.255,0.298
Locomotion_1,X7,30.357,0.298
Locomotion_1,X7,30.458,0.298
Locomotion_1,X7,30.56,0.298
Locomotion_1,X7,30.662,0.298
Locomotion_1,X7,30.764,0.302
Locomotion_1,X7,30.866,0.302
Locomotion_1,X7,30.968,0.3059
Locomotion_1,X7,31.07,0.3059
Locomotion_1,X7,31.171,0.3059
Locomotion_1,X7,31.273,0.3059
Locomotion_1,X7,31.375,0.3059
Locomotion_1,X7,31.477,0.3059
Locomotion_1,X7,31.579,0.3098
Locomotion_1,X7,31.681,0.3098
Locomotion_1,X7,31.783,0.3137
Locomotion_1,X7,31.885,0.3137
Locomotion_1,X7,31.986,0.3137
Locomotion_1,X7,32.088,0.3176
Locomotion_1,X7,32.19,0.3176
Locomotion_1,X7,32.292,0.3176
Locomotion_1,X7,32.394,0.3176
Locomotion_1,X7,32.496,0.3216
Locomotion_1,X7,32.598,0.3216
Locomotion_1,X7,32.699,0.3216
Locomotion_1,X7,32.801,0.3255
Locomotion_1,X7,32.903,0.3255
Locomotion_1,X7,33.005,0.3294
Locomotion_1,X7,33.107,0.3294
Locomotion_1,X7,33.209,0.3294
Locomotion_1,X7,33.311,0.3333
Locomotion_1,X7,33.413,0.3333
Locomotion_1,X7,33.514,0.3333
Locomotion_1,X7,33.616,0.3373
Locomotion_1,X7,33.718,0.3373
Locomotion_1,X7,33.82,0.3412
Locomotion_1,X7,33.922,0.3412
Locomotion_1,X7,34.024,0.3451
Locomotion_1,X7,34.126,0.3451
Locomotion_1,X7,34.228,0.3451
Locomotion_1,X7,34.329,0.349
Locomotion_1,X7,34.431,0.349
Locomotion_1,X7,34.533,0.3529
Locomotion_1,X7,34.635,0.3529
Locomotion_1,X7,34.737,0.3608
Locomotion_1,X7,34.839,0.3608
Locomotion_1,X7,34.941,0.3608
Locomotion_1,X7,35.042,0.3608
Locomotion_1,X7,35.144,0.3647
Locomotion_1,X7,35.246,0.3647
Locomotion_1,X7,35.348,0.3686
Locomotion_1,X7,35.45,0.3686
Locomotion_1,X7,35.552,0.3725
Locomotion_1,X7,35.654,0.3725
Locomotion_1,X7,35.756,0.3765
Locomotion_1,X7,35.857,0.3765
Locomotion_1,X7,35.959,0.3765
Locomotion_1,X7,36.061,0.3804
Locomotion_1,X7,36.163,0.3804
Locomotion_1,X7,36.265,0.3843
Locomotion_1,X7,36.367,0.3843
Locomotion_1,X7,36.469,0.3843
Locomotion_1,X7,36.57,0.3882
Locomotion_1,X7,36.672,0.3922
Locomotion_1,X7,36.774,0.3922
Locomotion_1,X7,36.876,0.3961
Locomotion_1,X7,36.978,0.3961
Locomotion_1,X7,37.08,0.4
Locomotion_1,X7,37.182,0.4
Locomotion_1,X7,37.284,0.4039
Locomotion_1,X7,37.385,0.4039
Locomotion_1,X7,37.487,0.4078
Locomotion_1,X7,37.589,0.4078
Locomotion_1,X7,37.691,0.4118
Locomotion_1,X7,37.793,0.4118
Locomotion_1,X7,37.895,0.4157
Locomotion_1,X7,37.997,0.4157
Locomotion_1,X7,38.098,0.4235
Locomotion_1,X7,38.2,0.4235
Locomotion_1,X7,38.302,0.4235
Locomotion_1,X7,38.404,0.4235
Locomotion_1,X7,38.506,0.4275
Locomotion_1,X7,38.608,0.4314
Locomotion_1,X7,38.71,0.4314
Locomotion_1,X7,38.812,0.4353
Locomotion_1,X7,38.913,0.4392
Locomotion_1,X7,39.015,0.4392
Locomotion_1,X7,39.117,0.4392
Locomotion_1,X7,39.219,0.4431
Locomotion_1,X7,39.321,0.4431
Locomotion_1,X7,39.423,0.4471
Locomotion_1,X7,39.525,0.451
Locomotion_1,X7,39.626,0.451
Locomotion_1,X7,39.728,0.4549
Locomotion_1,X7,39.83,0.4588
Locomotion_1,X7,39.932,0.4627
Locomotion_1,X7,40.034,0.4627
Locomotion_1,X7,40.136,0.4627
Locomotion_1,X7,40.238,0.4667
Locomotion_1,X7,40.34,0.4667
Locomotion_1,X7,40.441,0.4706
Locomotion_1,X7,40.543,0.4745
Locomotion_1,X7,40.645,0.4784
Locomotion_1,X7,40.747,0.4784
Locomotion_1,X7,40.849,0.4863
Locomotion_1,X7,40.951,0.4863
Locomotion_1,X7,41.053,0.4863
Locomotion_1,X7,41.154,0.4902
Locomotion_1,X7,41.256,0.4902
Locomotion_1,X7,41.358,0.4941
Locomotion_1,X7,41.46,0.498
Locomotion_1,X7,41.562,0.502
Locomotion_1,X7,41.664,0.5059
Locomotion_1,X7,41.766,0.5059
Locomotion_1,X7,41.868,0.5098
Locomotion_1,X7,41.969,0.5137
Locomotion_1,X7,42.071,0.5176
Locomotion_1,X7,42.173,0.5255
Locomotion_1,X7,42.275,0.5255
Locomotion_1,X7,42.377,0.5255
Locomotion_1,X7,42.479,0.5294
Locomotion_1,X7,42.581,0.5333
Locomotion_1,X7,42.683,0.5373
Locomotion_1,X7,42.784,0.5412
Locomotion_1,X7,42.886,0.5451
Locomotion_1,X7,42.988,0.5529
Locomotion_1,X7,43.09,0.5569
Locomotion_1,X7,43.192,0.5569
Locomotion_1,X7,43.294,0.5569
Locomotion_1,X7,43.396,0.5608
Locomotion_1,X7,43.497,0.5647
Locomotion_1,X7,43.599,0.5686
Locomotion_1,X7,43.701,0.5686
Locomotion_1,X7,43.803,0.5725
Locomotion_1,X7,43.905,0.5725
Locomotion_1,X7,44.007,0.5804
Locomotion_1,X7,44.109,0.5804
Locomotion_1,X7,44.211,0.5882
Locomotion_1,X7,44.312,0.5922
Locomotion_1,X7,44.414,0.5922
Locomotion_1,X7,44.516,0.5961
Locomotion_1,X7,44.618,0.6
Locomotion_1,X7,44.72,0.6039
Locomotion_1,X7,44.822,0.6078
Locomotion_1,X7,44.924,0.6157
Locomotion_1,X7,45.025,0.6196
Locomotion_1,X7,45.127,0.6196
Locomotion_1,X7,45.229,0.6275
Locomotion_1,X7,45.331,0.6275
Locomotion_1,X7,45.433,0.6314
Locomotion_1,X7,45.535,0.6392
Locomotion_1,X7,45.637,0.6431
Locomotion_1,X7,45.739,0.651
Locomotion_1,X7,45.84,0.6549
Locomotion_1,X7,45.942,0.6588
Locomotion_1,X7,46.044,0.6627
Locomotion_1,X7,46.146,0.6706
Locomotion_1,X7,46.248,0.6824
Locomotion_1,X7,46.35,0.6863
Locomotion_1,X7,46.452,0.6941
Locomotion_1,X7,46.553,0.698
Locomotion_1,X7,46.655,0.7059
Locomotion_1,X7,46.757,0.7137
Locomotion_1,X7,46.859,0.7176
Locomotion_1,X7,46.961,0.7216
Locomotion_1,X7,47.063,0.7255
Locomotion_1,X7,47.165,0.7294
Locomotion_1,X7,47.267,0.7294
Locomotion_1,X7,47.368,0.7255
Locomotion_1,X7,47.47,0.7216
Locomotion_1,X7,47.572,0.7176
Locomotion_1,X7,47.674,0.7137
Locomotion_1,X7,47.776,0.7137
Locomotion_1,X7,47.878,0.7137
Locomotion_1,X7,47.98,0.7137
Locomotion_1,X7,48.081,0.7137
Locomotion_1,X7,48.183,0.7137
Locomotion_1,X7,48.285,0.7137
Locomotion_1,X7,48.387,0.7137
Locomotion_1,X7,48.489,0.7137
Locomotion_1,X7,48.591,0.7137
Locomotion_1,X7,48.693,0.7137
Locomotion_1,X7,48.795,0.7137
Locomotion_1,X7,48.896,0.7137
Locomotion_1,X7,48.998,0.7137
Locomotion_1,X7,49.1,0.7137
Locomotion_1,X7,49.202,0.7137
Locomotion_1,X7,49.304,0.7176
Locomotion_1,X7,49.406,0.7216
Locomotion_1,X7,49.508,0.7255
Locomotion_1,X7,49.61,0.7294
Locomotion_1,X7,49.711,0.7333
Locomotion_1,X7,49.813,0.7451
Locomotion_1,X7,49.915,0.749
Locomotion_1,X7,50.017,0.7569
Locomotion_1,X7,50.119,0.7647
Locomotion_1,X7,50.221,0.7765
Locomotion_1,X7,50.323,0.7804
Locomotion_1,X7,50.424,0.7882
Locomotion_1,X7,50.526,0.8039
Locomotion_1,X7,50.628,0.8078
Locomotion_1,X7,50.73,0.8078
Locomotion_1,X7,50.832,0.8118
Locomotion_1,X7,50.934,0.8118
Locomotion_1,X7,51.036,0.8118
Locomotion_1,X7,51.138,0.8118
Locomotion_1,X7,51.239,0.8078
Locomotion_1,X7,51.341,0.7961
Locomotion_1,X7,51.443,0.7961
Locomotion_1,X7,51.545,0.7882
Locomotion_1,X7,51.647,0.7843
Locomotion_1,X7,51.749,0.7843
Locomotion_1,X7,51.851,0.7843
Locomotion_1,X7,51.952,0.7843
Locomotion_1,X7,52.054,0.7804
Locomotion_1,X7,52.156,0.7804
Locomotion_1,X7,52.258,0.7804
Locomotion_1,X7,52.36,0.7804
Locomotion_1,X7,52.462,0.7804
Locomotion_1,X7,52.564,0.7804
Locomotion_1,X7,52.666,0.7804
Locomotion_1,X7,52.767,0.7804
Locomotion_1,X7,52.869,0.7804
Locomotion_1,X7,52.971,0.7804
Locomotion_1,X7,53.073,0.7804
Locomotion_1,X7,53.175,0.7804
Locomotion_1,X7,53.277,0.7804
Locomotion_1,X7,53.379,0.7843
Locomotion_1,X7,53.48,0.7843
Locomotion_1,X7,53.582,0.7843
Locomotion_1,X7,53.684,0.7882
Locomotion_1,X7,53.786,0.7882
Locomotion_1,X7,53.888,0.7922
Locomotion_1,X7,53.99,0.7922
Locomotion_1,X7,54.092,0.7961
Locomotion_1,X7,54.194,0.7961
Locomotion_1,X7,54.295,0.8078
Locomotion_1,X7,54.397,0.8118
Locomotion_1,X7,54.499,0.8118
Locomotion_1,X7,54.601,0.8157
Locomotion_1,X7,54.703,0.8235
Locomotion_1,X7,54.805,0.8235
Locomotion_1,X7,54.907,0.8275
Locomotion_1,X7,55.008,0.8392
Locomotion_1,X7,55.11,0.8392
Locomotion_1,X7,55.212,0.8431
Locomotion_1,X7,55.314,0.8431
Locomotion_1,X7,55.416,0.8471
Locomotion_1,X7,55.518,0.8471
Locomotion_1,X7,55.62,0.8471
Locomotion_1,X7,55.722,0.8431
Locomotion_1,X7,55.823,0.8314
Locomotion_1,X7,55.925,0.8275
Locomotion_1,X7,56.027,0.8196
Locomotion_1,X7,56.129,0.8196
Locomotion_1,X7,56.231,0.8196
Locomotion_1,X7,56.333,0.8196
Locomotion_1,X7,56.435,0.8196
Locomotion_1,X7,56.537,0.8196
Locomotion_1,X7,56.638,0.8235
Locomotion_1,X7,56.74,0.8196
Locomotion_1,X7,56.842,0.8196
Locomotion_1,X7,56.944,0.8157
Locomotion_1,X7,57.046,0.8157
Locomotion_1,X7,57.148,0.8157
Locomotion_1,X7,57.25,0.8196
Locomotion_1,X7,57.351,0.8196
Locomotion_1,X7,57.453,0.8196
Locomotion_1,X7,57.555,0.8235
Locomotion_1,X7,57.657,0.8235
Locomotion_1,X7,57.759,0.8275
Locomotion_1,X7,57.861,0.8275
Locomotion_1,X7,57.963,0.8314
Locomotion_1,X7,58.065,0.8392
Locomotion_1,X7,58.166,0.8392
Locomotion_1,X7,58.268,0.8431
Locomotion_1,X7,58.37,0.8431
Locomotion_1,X7,58.472,0.8471
Locomotion_1,X7,58.574,0.8549
Locomotion_1,X7,58.676,0.8588
Locomotion_1,X7,58.778,0.8706
Locomotion_1,X7,58.879,0.8745
Locomotion_1,X7,58.981,0.8784
Locomotion_1,X7,59.083,0.8824
Locomotion_1,X7,59.185,0.8863
Locomotion_1,X7,59.287,0.8902
Locomotion_1,X7,59.389,0.8941
Locomotion_1,X7,59.491,0.902
Locomotion_1,X7,59.593,0.9059
Locomotion_1,X7,59.694,0.9059
Locomotion_1,X7,59.796,0.9059
Locomotion_1,X7,59.898,0.902
Locomotion_1,X7,60.0,0.8863
Locomotion_1,X7,60.102,0.8863
Locomotion_1,X7,60.204,0.8824
Locomotion_1,X7,60.306,0.8745
Locomotion_1,X7,60.407,0.8745
Locomotion_1,X7,60.509,0.8745
Locomotion_1,X7,60.611,0.8745
Locomotion_1,X7,60.713,0.8745
Locomotion_1,X7,60.815,0.8706
Locomotion_1,X7,60.917,0.8706
Locomotion_1,X7,61.019,0.8706
Locomotion_1,X7,61.121,0.8706
Locomotion_1,X7,61.222,0.8706
Locomotion_1,X7,61.324,0.8706
Locomotion_1,X7,61.426,0.8706
Locomotion_1,X7,61.528,0.8706
Locomotion_1,X7,61.63,0.8745
Locomotion_1,X7,61.732,0.8745
Locomotion_1,X7,61.834,0.8745
Locomotion_1,X7,61.935,0.8745
Locomotion_1,X7,62.037,0.8745
Locomotion_1,X7,62.139,0.8784
Locomotion_1,X7,62.241,0.8784
Locomotion_1,X7,62.343,0.8824
Locomotion_1,X7,62.445,0.8863
Locomotion_1,X7,62.547,0.8902
Locomotion_1,X7,62.649,0.8902
Locomotion_1,X7,62.75,0.8902
Locomotion_1,X7,62.852,0.8941
Locomotion_1,X7,62.954,0.8941
Locomotion_1,X7,63.056,0.9059
Locomotion_1,X7,63.158,0.9059
Locomotion_1,X7,63.26,0.9137
Locomotion_1,X7,63.362,0.9176
Locomotion_1,X7,63.463,0.9294
Locomotion_1,X7,63.565,0.9333
Locomotion_1,X7,63.667,0.9373
Locomotion_1,X7,63.769,0.9412
Locomotion_1,X7,63.871,0.949
Locomotion_1,X7,63.973,0.9529
Locomotion_1,X7,64.075,0.9529
Locomotion_1,X7,64.177,0.9647
Locomotion_1,X7,64.278,0.9647
Locomotion_1,X7,64.38,0.9569
Locomotion_1,X7,64.482,0.9529
Locomotion_1,X7,64.584,0.9451
Locomotion_1,X7,64.686,0.9412
Locomotion_1,X7,64.788,0.9373
Locomotion_1,X7,64.89,0.9373
Locomotion_1,X7,64.992,0.9373
Locomotion_1,X7,65.093,0.9333
Locomotion_1,X7,65.195,0.9333
Locomotion_1,X7,65.297,0.9333
Locomotion_1,X7,65.399,0.9294
Locomotion_1,X7,65.501,0.9333
Locomotion_1,X7,65.603,0.9333
Locomotion_1,X7,65.705,0.9333
Locomotion_1,X7,65.806,0.9333
Locomotion_1,X7,65.908,0.9333
Locomotion_1,X7,66.01,0.9333
Locomotion_1,X7,66.112,0.9333
Locomotion_1,X7,66.214,0.9373
Locomotion_1,X7,66.316,0.9373
Locomotion_1,X7,66.418,0.9373
Locomotion_1,X7,66.52,0.9373
Locomotion_1,X7,66.621,0.9412
Locomotion_1,X7,66.723,0.9451
Locomotion_1,X7,66.825,0.949
Locomotion_1,X7,66.927,0.9569
Locomotion_1,X7,67.029,0.9647
Locomotion_1,X7,67.131,0.9647
Locomotion_1,X7,67.233,0.9725
Locomotion_1,X7,67.334,0.9804
Locomotion_1,X7,67.436,0.9843
Locomotion_1,X7,67.538,0.9922
Locomotion_1,X7,67.64,1.0
Locomotion_1,X7,67.742,1.0
Locomotion_1,X7,67.844,1.0
Locomotion_1,X7,67.946,1.0
Locomotion_1,X7,68.048,1.0
Locomotion_1,X7,68.149,1.0
Locomotion_1,X7,68.251,1.0
Locomotion_1,X7,68.353,1.0
Locomotion_1,X7,68.455,1.0
Locomotion_1,X7,68.557,1.0
Locomotion_1,X7,68.659,1.0
Locomotion_1,X7,68.761,1.0
Locomotion_1,X7,68.862,1.0
Locomotion_1,X7,68.964,1.0
Locomotion_1,X7,69.066,1.0
Locomotion_1,X7,69.168,1.0
Locomotion_1,X7,69.27,1.0
Locomotion_1,X7,69.372,1.0
Locomotion_1,X7,69.474,1.0
Locomotion_1,X7,69.576,1.0
Locomotion_1,X7,69.677,1.0
Locomotion_1,X7,69.779,1.0
Locomotion_1,X7,69.881,1.0
Locomotion_1,X7,69.983,1.0
Locomotion_1,X7,70.085,1.0
Locomotion_1,X7,70.187,1.0
Locomotion_1,X7,70.289,1.0
Locomotion_1,X7,70.39,1.0
Locomotion_1,X7,70.492,1.0
Locomotion_1,X7,70.594,1.0
Locomotion_1,X7,70.696,1.0
Locomotion_1,X7,70.798,1.0
Locomotion_1,X7,70.9,1.0
Locomotion_1,X7,71.002,1.0
Locomotion_1,X7,71.104,1.0
Locomotion_1,X7,71.205,1.0
Locomotion_1,X7,71.307,1.0
Locomotion_1,X7,71.409,1.0
Locomotion_1,X7,71.511,1.0
Locomotion_1,X7,71.613,1.0
Locomotion_1,X7,71.715,1.0
Locomotion_1,X7,71.817,1.0
Locomotion_1,X7,71.919,1.0
Locomotion_1,X7,72.02,1.0
Locomotion_1,X7,72.122,1.0
Locomotion_1,X7,72.224,1.0
Locomotion_1,X7,72.326,1.0
Locomotion_1,X7,72.428,1.0
Locomotion_1,X7,72.53,1.0
Locomotion_1,X7,72.632,1.0
Locomotion_1,X7,72.733,1.0
Locomotion_1,X7,72.835,1.0
Locomotion_1,X7,72.937,1.0
Locomotion_1,X7,73.039,1.0
Locomotion_1,X7,73.141,1.0
Locomotion_1,X7,73.243,1.0
Locomotion_1,X7,73.345,1.0
Locomotion_1,X7,73.447,1.0
Locomotion_1,X7,73.548,1.0
Locomotion_1,X7,73.65,1.0
Locomotion_1,X7,73.752,1.0
Locomotion_1,X7,73.854,1.0
Locomotion_1,X7,73.956,1.0
Locomotion_1,X7,74.058,1.0
Locomotion_1,X7,74.16,1.0
Locomotion_1,X7,74.261,1.0
Locomotion_1,X7,74.363,1.0
Locomotion_1,X8,0.0,1.0
Locomotion_1,X8,0.102,0.0549
Locomotion_1,X8,0.204,0.0
Locomotion_1,X8,0.306,0.0
Locomotion_1,X8,0.407,0.0
Locomotion_1,X8,0.509,0.0
Locomotion_1,X8,0.611,0.0
Locomotion_1,X8,0.713,0.0
Locomotion_1,X8,0.815,0.0
Locomotion_1,X8,0.917,0.0
Locomotion_1,X8,1.019,0.0
Locomotion_1,X8,1.121,0.0
Locomotion_1,X8,1.222,0.0
Locomotion_1,X8,1.324,0.0
Locomotion_1,X8,1.426,0.0
Locomotion_1,X8,1.528,0.0
Locomotion_1,X8,1.63,0.0
Locomotion_1,X8,1.732,0.0
Locomotion_1,X8,1.834,0.0
Locomotion_1,X8,1.935,0.0
Locomotion_1,X8,2.037,0.0
Locomotion_1,X8,2.139,0.0
Locomotion_1,X8,2.241,0.0
Locomotion_1,X8,2.343,0.0
Locomotion_1,X8,2.445,0.0
Locomotion_1,X8,2.547,0.0
Locomotion_1,X8,2.649,0.0
Locomotion_1,X8,2.75,0.0
Locomotion_1,X8,2.852,0.0
Locomotion_1,X8,2.954,0.0
Locomotion_1,X8,3.056,0.0
Locomotion_1,X8,3.158,0.0
Locomotion_1,X8,3.26,0.0
Locomotion_1,X8,3.362,0.0
Locomotion_1,X8,3.463,0.0
Locomotion_1,X8,3.565,0.0
Locomotion_1,X8,3.667,0.0
Locomotion_1,X8,3.769,0.0
Locomotion_1,X8,3.871,0.0
Locomotion_1,X8,3.973,0.0
Locomotion_1,X8,4.075,0.0
Locomotion_1,X8,4.177,0.0
Locomotion_1,X8,4.278,0.0
Locomotion_1,X8,4.38,0.0
Locomotion_1,X8,4.482,0.0
Locomotion_1,X8,4.584,0.0
Locomotion_1,X8,4.686,0.0
Locomotion_1,X8,4.788,0.0
Locomotion_1,X8,4.89,0.0
Locomotion_1,X8,4.992,0.0
Locomotion_1,X8,5.093,0.0
Locomotion_1,X8,5.195,0.0
Locomotion_1,X8,5.297,0.0
Locomotion_1,X8,5.399,0.0
Locomotion_1,X8,5.501,0.0
Locomotion_1,X8,5.603,0.0
Locomotion_1,X8,5.705,0.0
Locomotion_1,X8,5.806,0.0
Locomotion_1,X8,5.908,0.0
Locomotion_1,X8,6.01,0.0
Locomotion_1,X8,6.112,0.0
Locomotion_1,X8,6.214,0.0
Locomotion_1,X8,6.316,0.0
Locomotion_1,X8,6.418,0.0
Locomotion_1,X8,6.52,0.0
Locomotion_1,X8,6.621,0.0
Locomotion_1,X8,6.723,0.0
Locomotion_1,X8,6.825,0.0
Locomotion_1,X8,6.927,0.0
Locomotion_1,X8,7.029,0.0
Locomotion_1,X8,7.131,0.0
Locomotion_1,X8,7.233,0.0
Locomotion_1,X8,7.334,0.0
Locomotion_1,X8,7.436,0.0
Locomotion_1,X8,7.538,0.0
Locomotion_1,X8,7.64,0.0
Locomotion_1,X8,7.742,0.0
Locomotion_1,X8,7.844,0.0
Locomotion_1,X8,7.946,0.0
Locomotion_1,X8,8.048,0.0
Locomotion_1,X8,8.149,0.0
Locomotion_1,X8,8.251,0.0
Locomotion_1,X8,8.353,0.0
Locomotion_1,X8,8.455,0.0
Locomotion_1,X8,8.557,0.0
Locomotion_1,X8,8.659,0.0
Locomotion_1,X8,8.761,0.0
Locomotion_1,X8,8.862,0.0
Locomotion_1,X8,8.964,0.0
Locomotion_1,X8,9.066,0.0
Locomotion_1,X8,9.168,0.0
Locomotion_1,X8,9.27,0.0
Locomotion_1,X8,9.372,0.0
Locomotion_1,X8,9.474,0.0
Locomotion_1,X8,9.576,0.0
Locomotion_1,X8,9.677,0.0
Locomotion_1,X8,9.779,0.0
Locomotion_1,X8,9.881,0.0
Locomotion_1,X8,9.983,0.0
Locomotion_1,X8,10.085,0.0
Locomotion_1,X8,10.187,0.0
Locomotion_1,X8,10.289,0.0
Locomotion_1,X8,10.39,0.0
Locomotion_1,X8,10.492,0.0
Locomotion_1,X8,10.594,0.0
Locomotion_1,X8,10.696,0.0
Locomotion_1,X8,10.798,0.0
Locomotion_1,X8,10.9,0.0
Locomotion_1,X8,11.002,0.0
Locomotion_1,X8,11.104,0.0
Locomotion_1,X8,11.205,0.0
Locomotion_1,X8,11.307,0.0
Locomotion_1,X8,11.409,0.0
Locomotion_1,X8,11.511,0.0
Locomotion_1,X8,11.613,0.0
Locomotion_1,X8,11.715,0.0
Locomotion_1,X8,11.817,0.0
Locomotion_1,X8,11.919,0.0
Locomotion_1,X8,12.02,0.0
Locomotion_1,X8,12.122,0.0
Locomotion_1,X8,12.224,0.0
Locomotion_1,X8,12.326,0.0
Locomotion_1,X8,12.428,0.0
Locomotion_1,X8,12.53,0.0
Locomotion_1,X8,12.632,0.0
Locomotion_1,X8,12.733,0.0
Locomotion_1,X8,12.835,0.0
Locomotion_1,X8,12.937,0.0
Locomotion_1,X8,13.039,0.0
Locomotion_1,X8,13.141,0.0
Locomotion_1,X8,13.243,0.0
Locomotion_1,X8,13.345,0.0
Locomotion_1,X8,13.447,0.0
Locomotion_1,X8,13.548,0.0
Locomotion_1,X8,13.65,0.0
Locomotion_1,X8,13.752,0.0
Locomotion_1,X8,13.854,0.0
Locomotion_1,X8,13.956,0.0
Locomotion_1,X8,14.058,0.0
Locomotion_1,X8,14.16,0.0
Locomotion_1,X8,14.261,0.0
Locomotion_1,X8,14.363,0.0
Locomotion_1,X8,14.465,0.0
Locomotion_1,X8,14.567,0.0
Locomotion_1,X8,14.669,0.0
Locomotion_1,X8,14.771,0.0
Locomotion_1,X8,14.873,0.0
Locomotion_1,X8,14.975,0.0
Locomotion_1,X8,15.076,0.0
Locomotion_1,X8,15.178,0.0
Locomotion_1,X8,15.28,0.0
Locomotion_1,X8,15.382,0.0
Locomotion_1,X8,15.484,0.0
Locomotion_1,X8,15.586,0.0
Locomotion_1,X8,15.688,0.0
Locomotion_1,X8,15.789,0.0
Locomotion_1,X8,15.891,0.0
Locomotion_1,X8,15.993,0.0
Locomotion_1,X8,16.095,0.0
Locomotion_1,X8,16.197,0.0
Locomotion_1,X8,16.299,0.0
Locomotion_1,X8,16.401,0.0
Locomotion_1,X8,16.503,0.0
Locomotion_1,X8,16.604,0.0
Locomotion_1,X8,16.706,0.0
Locomotion_1,X8,16.808,0.0
Locomotion_1,X8,16.91,0.0
Locomotion_1,X8,17.012,0.0
Locomotion_1,X8,17.114,0.0
Locomotion_1,X8,17.216,0.0
Locomotion_1,X8,17.317,0.0
Locomotion_1,X8,17.419,0.0
Locomotion_1,X8,17.521,0.0
Locomotion_1,X8,17.623,0.0
Locomotion_1,X8,17.725,0.0
Locomotion_1,X8,17.827,0.0
Locomotion_1,X8,17.929,0.0
Locomotion_1,X8,18.031,0.0
Locomotion_1,X8,18.132,0.0
Locomotion_1,X8,18.234,0.0
Locomotion_1,X8,18.336,0.0
Locomotion_1,X8,18.438,0.0
Locomotion_1,X8,18.54,0.0
Locomotion_1,X8,18.642,0.0
Locomotion_1,X8,18.744,0.0
Locomotion_1,X8,18.846,0.0
Locomotion_1,X8,18.947,0.0
Locomotion_1,X8,19.049,0.0
Locomotion_1,X8,19.151,0.0
Locomotion_1,X8,19.253,0.0
Locomotion_1,X8,19.355,0.0
Locomotion_1,X8,19.457,0.0
Locomotion_1,X8,19.559,0.0
Locomotion_1,X8,19.66,0.0
Locomotion_1,X8,19.762,0.0
Locomotion_1,X8,19.864,0.0
Locomotion_1,X8,19.966,0.0
Locomotion_1,X8,20.068,0.0
Locomotion_1,X8,20.17,0.0
Locomotion_1,X8,20.272,0.0
Locomotion_1,X8,20.374,0.0
Locomotion_1,X8,20.475,0.0
Locomotion_1,X8,20.577,0.0
Locomotion_1,X8,20.679,0.0
Locomotion_1,X8,20.781,0.0
Locomotion_1,X8,20.883,0.0
Locomotion_1,X8,20.985,0.0
Locomotion_1,X8,21.087,0.0
Locomotion_1,X8,21.188,0.0
Locomotion_1,X8,21.29,0.0
Locomotion_1,X8,21.392,0.0
Locomotion_1,X8,21.494,0.0
Locomotion_1,X8,21.596,0.0
Locomotion_1,X8,21.698,0.0
Locomotion_1,X8,21.8,0.0
Locomotion_1,X8,21.902,0.0
Locomotion_1,X8,22.003,0.0
Locomotion_1,X8,22.105,0.0
Locomotion_1,X8,22.207,0.0
Locomotion_1,X8,22.309,0.0
Locomotion_1,X8,22.411,0.0
Locomotion_1,X8,22.513,0.0
Locomotion_1,X8,22.615,0.0
Locomotion_1,X8,22.716,0.0
Locomotion_1,X8,22.818,0.0
Locomotion_1,X8,22.92,0.0
Locomotion_1,X8,23.022,0.0
Locomotion_1,X8,23.124,0.0
Locomotion_1,X8,23.226,0.0
Locomotion_1,X8,23.328,0.0
Locomotion_1,X8,23.43,0.0
Locomotion_1,X8,23.531,0.0
Locomotion_1,X8,23.633,0.0
Locomotion_1,X8,23.735,0.0
Locomotion_1,X8,23.837,0.0
Locomotion_1,X8,23.939,0.0
Locomotion_1,X8,24.041,0.0
Locomotion_1,X8,24.143,0.0
Locomotion_1,X8,24.244,0.0
Locomotion_1,X8,24.346,0.0
Locomotion_1,X8,24.448,0.0
Locomotion_1,X8,24.55,0.0
Locomotion_1,X8,24.652,0.0
Locomotion_1,X8,24.754,0.0
Locomotion_1,X8,24.856,0.0
Locomotion_1,X8,24.958,0.0
Locomotion_1,X8,25.059,0.0
Locomotion_1,X8,25.161,0.0
Locomotion_1,X8,25.263,0.0
Locomotion_1,X8,25.365,0.0
Locomotion_1,X8,25.467,0.0
Locomotion_1,X8,25.569,0.0
Locomotion_1,X8,25.671,0.0
Locomotion_1,X8,25.772,0.0
Locomotion_1,X8,25.874,0.0
Locomotion_1,X8,25.976,0.0
Locomotion_1,X8,26.078,0.0
Locomotion_1,X8,26.18,0.0
Locomotion_1,X8,26.282,0.0
Locomotion_1,X8,26.384,0.0
Locomotion_1,X8,26.486,0.0
Locomotion_1,X8,26.587,0.0
Locomotion_1,X8,26.689,0.0
Locomotion_1,X8,26.791,0.0
Locomotion_1,X8,26.893,0.0
Locomotion_1,X8,26.995,0.0
Locomotion_1,X8,27.097,0.0
Locomotion_1,X8,27.199,0.0
Locomotion_1,X8,27.301,0.0
Locomotion_1,X8,27.402,0.0
Locomotion_1,X8,27.504,0.0
Locomotion_1,X8,27.606,0.0
Locomotion_1,X8,27.708,0.0
Locomotion_1,X8,27.81,0.0
Locomotion_1,X8,27.912,0.0
Locomotion_1,X8,28.014,0.0
Locomotion_1,X8,28.115,0.0
Locomotion_1,X8,28.217,0.0
Locomotion_1,X8,28.319,0.0
Locomotion_1,X8,28.421,0.0
Locomotion_1,X8,28.523,0.0
Locomotion_1,X8,28.625,0.0
Locomotion_1,X8,28.727,0.0
Locomotion_1,X8,28.829,0.0
Locomotion_1,X8,28.93,0.0
Locomotion_1,X8,29.032,0.0
Locomotion_1,X8,29.134,0.0
Locomotion_1,X8,29.236,0.0
Locomotion_1,X8,29.338,0.0
Locomotion_1,X8,29.44,0.0
Locomotion_1,X8,29.542,0.0
Locomotion_1,X8,29.643,0.0
Locomotion_1,X8,29.745,0.0
Locomotion_1,X8,29.847,0.0
Locomotion_1,X8,29.949,0.0
Locomotion_1,X8,30.051,0.0
Locomotion_1,X8,30.153,0.0
Locomotion_1,X8,30.255,0.0
Locomotion_1,X8,30.357,0.0
Locomotion_1,X8,30.458,0.0
Locomotion_1,X8,30.56,0.0
Locomotion_1,X8,30.662,0.0
Locomotion_1,X8,30.764,0.0
Locomotion_1,X8,30.866,0.0
Locomotion_1,X8,30.968,0.0
Locomotion_1,X8,31.07,0.0
Locomotion_1,X8,31.171,0.0
Locomotion_1,X8,31.273,0.0
Locomotion_1,X8,31.375,0.0
Locomotion_1,X8,31.477,0.0
Locomotion_1,X8,31.579,0.0
Locomotion_1,X8,31.681,0.0
Locomotion_1,X8,31.783,0.0
Locomotion_1,X8,31.885,0.0
Locomotion_1,X8,31.986,0.0
Locomotion_1,X8,32.088,0.0
Locomotion_1,X8,32.19,0.0
Locomotion_1,X8,32.292,0.0
Locomotion_1,X8,32.394,0.0
Locomotion_1,X8,32.496,0.0
Locomotion_1,X8,32.598,0.0
Locomotion_1,X8,32.699,0.0
Locomotion_1,X8,32.801,0.0
Locomotion_1,X8,32.903,0.0
Locomotion_1,X8,33.005,0.0
Locomotion_1,X8,33.107,0.0
Locomotion_1,X8,33.209,0.0
Locomotion_1,X8,33.311,0.0
Locomotion_1,X8,33.413,0.0
Locomotion_1,X8,33.514,0.0
Locomotion_1,X8,33.616,0.0
Locomotion_1,X8,33.718,0.0
Locomotion_1,X8,33.82,0.0
Locomotion_1,X8,33.922,0.0
Locomotion_1,X8,34.024,0.0
Locomotion_1,X8,34.126,0.0
Locomotion_1,X8,34.228,0.0
Locomotion_1,X8,34.329,0.0
Locomotion_1,X8,34.431,0.0
Locomotion_1,X8,34.533,0.0
Locomotion_1,X8,34.635,0.0
Locomotion_1,X8,34.737,0.0
Locomotion_1,X8,34.839,0.0
Locomotion_1,X8,34.941,0.0
Locomotion_1,X8,35.042,0.0
Locomotion_1,X8,35.144,0.0
Locomotion_1,X8,35.246,0.0
Locomotion_1,X8,35.348,0.0
Locomotion_1,X8,35.45,0.0
Locomotion_1,X8,35.552,0.0
Locomotion_1,X8,35.654,0.0
Locomotion_1,X8,35.756,0.0
Locomotion_1,X8,35.857,0.0
Locomotion_1,X8,35.959,0.0
Locomotion_1,X8,36.061,0.0
Locomotion_1,X8,36.163,0.0
Locomotion_1,X8,36.265,0.0
Locomotion_1,X8,36.367,0.0
Locomotion_1,X8,36.469,0.0
Locomotion_1,X8,36.57,0.0
Locomotion_1,X8,36.672,0.0
Locomotion_1,X8,36.774,0.0
Locomotion_1,X8,36.876,0.0
Locomotion_1,X8,36.978,0.0
Locomotion_1,X8,37.08,0.0
Locomotion_1,X8,37.182,0.0
Locomotion_1,X8,37.284,0.0
Locomotion_1,X8,37.385,0.0
Locomotion_1,X8,37.487,0.0
Locomotion_1,X8,37.589,0.0
Locomotion_1,X8,37.691,0.0
Locomotion_1,X8,37.793,0.0
Locomotion_1,X8,37.895,0.0
Locomotion_1,X8,37.997,0.0
Locomotion_1,X8,38.098,0.0
Locomotion_1,X8,38.2,0.0
Locomotion_1,X8,38.302,0.0
Locomotion_1,X8,38.404,0.0
Locomotion_1,X8,38.506,0.0
Locomotion_1,X8,38.608,0.0
Locomotion_1,X8,38.71,0.0
Locomotion_1,X8,38.812,0.0
Locomotion_1,X8,38.913,0.0
Locomotion_1,X8,39.015,0.0
Locomotion_1,X8,39.117,0.0
Locomotion_1,X8,39.219,0.0
Locomotion_1,X8,39.321,0.0
Locomotion_1,X8,39.423,0.0
Locomotion_1,X8,39.525,0.0
Locomotion_1,X8,39.626,0.0
Locomotion_1,X8,39.728,0.0
Locomotion_1,X8,39.83,0.0
Locomotion_1,X8,39.932,0.0
Locomotion_1,X8,40.034,0.0
Locomotion_1,X8,40.136,0.0
Locomotion_1,X8,40.238,0.0
Locomotion_1,X8,40.34,0.0
Locomotion_1,X8,40.441,0.0
Locomotion_1,X8,40.543,0.0
Locomotion_1,X8,40.645,0.0
Locomotion_1,X8,40.747,0.0
Locomotion_1,X8,40.849,0.0
Locomotion_1,X8,40.951,0.0
Locomotion_1,X8,41.053,0.0
Locomotion_1,X8,41.154,0.0
Locomotion_1,X8,41.256,0.0
Locomotion_1,X8,41.358,0.0
Locomotion_1,X8,41.46,0.0
Locomotion_1,X8,41.562,0.0
Locomotion_1,X8,41.664,0.0
Locomotion_1,X8,41.766,0.0
Locomotion_1,X8,41.868,0.0
Locomotion_1,X8,41.969,0.0
Locomotion_1,X8,42.071,0.0
Locomotion_1,X8,42.173,0.0
Locomotion_1,X8,42.275,0.0
Locomotion_1,X8,42.377,0.0
Locomotion_1,X8,42.479,0.0
Locomotion_1,X8,42.581,0.0
Locomotion_1,X8,42.683,0.0
Locomotion_1,X8,42.784,0.0
Locomotion_1,X8,42.886,0.0
Locomotion_1,X8,42.988,0.0
Locomotion_1,X8,43.09,0.0
Locomotion_1,X8,43.192,0.0
Locomotion_1,X8,43.294,0.0
Locomotion_1,X8,43.396,0.0
Locomotion_1,X8,43.497,0.0
Locomotion_1,X8,43.599,0.0
Locomotion_1,X8,43.701,0.0
Locomotion_1,X8,43.803,0.0
Locomotion_1,X8,43.905,0.0
Locomotion_1,X8,44.007,0.0
Locomotion_1,X8,44.109,0.0
Locomotion_1,X8,44.211,0.0
Locomotion_1,X8,44.312,0.0
Locomotion_1,X8,44.414,0.0
Locomotion_1,X8,44.516,0.0
Locomotion_1,X8,44.618,0.0
Locomotion_1,X8,44.72,0.0
Locomotion_1,X8,44.822,0.0
Locomotion_1,X8,44.924,0.0
Locomotion_1,X8,45.025,0.0
Locomotion_1,X8,45.127,0.0
Locomotion_1,X8,45.229,0.0
Locomotion_1,X8,45.331,0.0
Locomotion_1,X8,45.433,0.0
Locomotion_1,X8,45.535,0.0
Locomotion_1,X8,45.637,0.0
Locomotion_1,X8,45.739,0.0
Locomotion_1,X8,45.84,0.0
Locomotion_1,X8,45.942,0.0
Locomotion_1,X8,46.044,0.0
Locomotion_1,X8,46.146,0.0
Locomotion_1,X8,46.248,0.0
Locomotion_1,X8,46.35,0.0
Locomotion_1,X8,46.452,0.0
Locomotion_1,X8,46.553,0.0
Locomotion_1,X8,46.655,0.0
Locomotion_1,X8,46.757,0.0
Locomotion_1,X8,46.859,0.0
Locomotion_1,X8,46.961,0.0
Locomotion_1,X8,47.063,0.0
Locomotion_1,X8,47.165,0.0
Locomotion_1,X8,47.267,0.0
Locomotion_1,X8,47.368,0.0
Locomotion_1,X8,47.47,0.0
Locomotion_1,X8,47.572,0.0
Locomotion_1,X8,47.674,0.0
Locomotion_1,X8,47.776,0.0
Locomotion_1,X8,47.878,0.0
Locomotion_1,X8,47.98,0.0
Locomotion_1,X8,48.081,0.0
Locomotion_1,X8,48.183,0.0
Locomotion_1,X8,48.285,0.0
Locomotion_1,X8,48.387,0.0
Locomotion_1,X8,48.489,0.0
Locomotion_1,X8,48.591,0.0
Locomotion_1,X8,48.693,0.0
Locomotion_1,X8,48.795,0.0
Locomotion_1,X8,48.896,0.0
Locomotion_1,X8,48.998,0.0
Locomotion_1,X8,49.1,0.0
Locomotion_1,X8,49.202,0.0
Locomotion_1,X8,49.304,0.0
Locomotion_1,X8,49.406,0.0
Locomotion_1,X8,49.508,0.0
Locomotion_1,X8,49.61,0.0
Locomotion_1,X8,49.711,0.0
Locomotion_1,X8,49.813,0.0
Locomotion_1,X8,49.915,0.0
Locomotion_1,X8,50.017,0.0
Locomotion_1,X8,50.119,0.0
Locomotion_1,X8,50.221,0.0
Locomotion_1,X8,50.323,0.0
Locomotion_1,X8,50.424,0.0
Locomotion_1,X8,50.526,0.0
Locomotion_1,X8,50.628,0.0
Locomotion_1,X8,50.73,0.0
Locomotion_1,X8,50.832,0.0
Locomotion_1,X8,50.934,0.0
Locomotion_1,X8,51.036,0.0
Locomotion_1,X8,51.138,0.0
Locomotion_1,X8,51.239,0.0
Locomotion_1,X8,51.341,0.0
Locomotion_1,X8,51.443,0.0
Locomotion_1,X8,51.545,0.0
Locomotion_1,X8,51.647,0.0
Locomotion_1,X8,51.749,0.0
Locomotion_1,X8,51.851,0.0
Locomotion_1,X8,51.952,0.0
Locomotion_1,X8,52.054,0.0
Locomotion_1,X8,52.156,0.0
Locomotion_1,X8,52.258,0.0
Locomotion_1,X8,52.36,0.0
Locomotion_1,X8,52.462,0.0
Locomotion_1,X8,52.564,0.0
Locomotion_1,X8,52.666,0.0
Locomotion_1,X8,52.767,0.0
Locomotion_1,X8,52.869,0.0
Locomotion_1,X8,52.971,0.0
Locomotion_1,X8,53.073,0.0
Locomotion_1,X8,53.175,0.0
Locomotion_1,X8,53.277,0.0
Locomotion_1,X8,53.379,0.0
Locomotion_1,X8,53.48,0.0
Locomotion_1,X8,53.582,0.0
Locomotion_1,X8,53.684,0.0
Locomotion_1,X8,53.786,0.0
Locomotion_1,X8,53.888,0.0
Locomotion_1,X8,53.99,0.0
Locomotion_1,X8,54.092,0.0
Locomotion_1,X8,54.194,0.0
Locomotion_1,X8,54.295,0.0
Locomotion_1,X8,54.397,0.0
Locomotion_1,X8,54.499,0.0
Locomotion_1,X8,54.601,0.0
Locomotion_1,X8,54.703,0.0
Locomotion_1,X8,54.805,0.0
Locomotion_1,X8,54.907,0.0
Locomotion_1,X8,55.008,0.0
Locomotion_1,X8,55.11,0.0
Locomotion_1,X8,55.212,0.0
Locomotion_1,X8,55.314,0.0
Locomotion_1,X8,55.416,0.0
Locomotion_1,X8,55.518,0.0
Locomotion_1,X8,55.62,0.0
Locomotion_1,X8,55.722,0.0
Locomotion_1,X8,55.823,0.0
Locomotion_1,X8,55.925,0.0
Locomotion_1,X8,56.027,0.0
Locomotion_1,X8,56.129,0.0
Locomotion_1,X8,56.231,0.0
Locomotion_1,X8,56.333,0.0
Locomotion_1,X8,56.435,0.0
Locomotion_1,X8,56.537,0.0
Locomotion_1,X8,56.638,0.0
Locomotion_1,X8,56.74,0.0
Locomotion_1,X8,56.842,0.0
Locomotion_1,X8,56.944,0.0
Locomotion_1,X8,57.046,0.0
Locomotion_1,X8,57.148,0.0
Locomotion_1,X8,57.25,0.0
Locomotion_1,X8,57.351,0.0
Locomotion_1,X8,57.453,0.0
Locomotion_1,X8,57.555,0.0
Locomotion_1,X8,57.657,0.0
Locomotion_1,X8,57.759,0.0
Locomotion_1,X8,57.861,0.0
Locomotion_1,X8,57.963,0.0
Locomotion_1,X8,58.065,0.0
Locomotion_1,X8,58.166,0.0
Locomotion_1,X8,58.268,0.0
Locomotion_1,X8,58.37,0.0
Locomotion_1,X8,58.472,0.0
Locomotion_1,X8,58.574,0.0
Locomotion_1,X8,58.676,0.0
Locomotion_1,X8,58.778,0.0
Locomotion_1,X8,58.879,0.0
Locomotion_1,X8,58.981,0.0
Locomotion_1,X8,59.083,0.0
Locomotion_1,X8,59.185,0.0
Locomotion_1,X8,59.287,0.0
Locomotion_1,X8,59.389,0.0
Locomotion_1,X8,59.491,0.0
Locomotion_1,X8,59.593,0.0
Locomotion_1,X8,59.694,0.0
Locomotion_1,X8,59.796,0.0
Locomotion_1,X8,59.898,0.0
Locomotion_1,X8,60.0,0.0
Locomotion_1,X8,60.102,0.0
Locomotion_1,X8,60.204,0.0
Locomotion_1,X8,60.306,0.0
Locomotion_1,X8,60.407,0.0
Locomotion_1,X8,60.509,0.0
Locomotion_1,X8,60.611,0.0
Locomotion_1,X8,60.713,0.0
Locomotion_1,X8,60.815,0.0
Locomotion_1,X8,60.917,0.0
Locomotion_1,X8,61.019,0.0
Locomotion_1,X8,61.121,0.0
Locomotion_1,X8,61.222,0.0
Locomotion_1,X8,61.324,0.0
Locomotion_1,X8,61.426,0.0
Locomotion_1,X8,61.528,0.0
Locomotion_1,X8,61.63,0.0
Locomotion_1,X8,61.732,0.0
Locomotion_1,X8,61.834,0.0
Locomotion_1,X8,61.935,0.0
Locomotion_1,X8,62.037,0.0
Locomotion_1,X8,62.139,0.0
Locomotion_1,X8,62.241,0.0
Locomotion_1,X8,62.343,0.0
Locomotion_1,X8,62.445,0.0
Locomotion_1,X8,62.547,0.0
Locomotion_1,X8,62.649,0.0
Locomotion_1,X8,62.75,0.0
Locomotion_1,X8,62.852,0.0
Locomotion_1,X8,62.954,0.0
Locomotion_1,X8,63.056,0.0
Locomotion_1,X8,63.158,0.0
Locomotion_1,X8,63.26,0.0
Locomotion_1,X8,63.362,0.0
Locomotion_1,X8,63.463,0.0
Locomotion_1,X8,63.565,0.0
Locomotion_1,X8,63.667,0.0
Locomotion_1,X8,63.769,0.0
Locomotion_1,X8,63.871,0.0
Locomotion_1,X8,63.973,0.0
Locomotion_1,X8,64.075,0.0
Locomotion_1,X8,64.177,0.0
Locomotion_1,X8,64.278,0.0
Locomotion_1,X8,64.38,0.0
Locomotion_1,X8,64.482,0.0
Locomotion_1,X8,64.584,0.0
Locomotion_1,X8,64.686,0.0
Locomotion_1,X8,64.788,0.0
Locomotion_1,X8,64.89,0.0
Locomotion_1,X8,64.992,0.0
Locomotion_1,X8,65.093,0.0
Locomotion_1,X8,65.195,0.0
Locomotion_1,X8,65.297,0.0
Locomotion_1,X8,65.399,0.0
Locomotion_1,X8,65.501,0.0
Locomotion_1,X8,65.603,0.0
Locomotion_1,X8,65.705,0.0
Locomotion_1,X8,65.806,0.0
Locomotion_1,X8,65.908,0.0
Locomotion_1,X8,66.01,0.0
Locomotion_1,X8,66.112,0.0
Locomotion_1,X8,66.214,0.0
Locomotion_1,X8,66.316,0.0
Locomotion_1,X8,66.418,0.0
Locomotion_1,X8,66.52,0.0
Locomotion_1,X8,66.621,0.0
Locomotion_1,X8,66.723,0.0
Locomotion_1,X8,66.825,0.0
Locomotion_1,X8,66.927,0.0
Locomotion_1,X8,67.029,0.0
Locomotion_1,X8,67.131,0.0
Locomotion_1,X8,67.233,0.0
Locomotion_1,X8,67.334,0.0
Locomotion_1,X8,67.436,0.0
Locomotion_1,X8,67.538,0.0
Locomotion_1,X8,67.64,0.0
Locomotion_1,X8,67.742,0.0
Locomotion_1,X8,67.844,0.0
Locomotion_1,X8,67.946,0.0
Locomotion_1,X8,68.048,0.0
Locomotion_1,X8,68.149,0.0
Locomotion_1,X8,68.251,0.0
Locomotion_1,X8,68.353,0.0
Locomotion_1,X8,68.455,0.0
Locomotion_1,X8,68.557,0.0
Locomotion_1,X8,68.659,0.0
Locomotion_1,X8,68.761,0.0
Locomotion_1,X8,68.862,0.0
Locomotion_1,X8,68.964,0.0
Locomotion_1,X8,69.066,0.0
Locomotion_1,X8,69.168,0.0
Locomotion_1,X8,69.27,0.0
Locomotion_1,X8,69.372,0.0
Locomotion_1,X8,69.474,0.0
Locomotion_1,X8,69.576,0.0
Locomotion_1,X8,69.677,0.0
Locomotion_1,X8,69.779,0.0
Locomotion_1,X8,69.881,0.0
Locomotion_1,X8,69.983,0.0
Locomotion_1,X8,70.085,0.0
Locomotion_1,X8,70.187,0.0
Locomotion_1,X8,70.289,0.0
Locomotion_1,X8,70.39,0.0
Locomotion_1,X8,70.492,0.0
Locomotion_1,X8,70.594,0.0
Locomotion_1,X8,70.696,0.0
Locomotion_1,X8,70.798,0.0
Locomotion_1,X8,70.9,0.0
Locomotion_1,X8,71.002,0.0
Locomotion_1,X8,71.104,0.0
Locomotion_1,X8,71.205,0.0
Locomotion_1,X8,71.307,0.0
Locomotion_1,X8,71.409,0.0
Locomotion_1,X8,71.511,0.0
Locomotion_1,X8,71.613,0.0
Locomotion_1,X8,71.715,0.0
Locomotion_1,X8,71.817,0.0
Locomotion_1,X8,71.919,0.0
Locomotion_1,X8,72.02,0.0
Locomotion_1,X8,72.122,0.0
Locomotion_1,X8,72.224,0.0
Locomotion_1,X8,72.326,0.0
Locomotion_1,X8,72.428,0.0
Locomotion_1,X8,72.53,0.0
Locomotion_1,X8,72.632,0.0
Locomotion_1,X8,72.733,0.0
Locomotion_1,X8,72.835,0.0
Locomotion_1,X8,72.937,0.0
Locomotion_1,X8,73.039,0.0
Locomotion_1,X8,73.141,0.0
Locomotion_1,X8,73.243,0.0
Locomotion_1,X8,73.345,0.0
Locomotion_1,X8,73.447,0.0
Locomotion_1,X8,73.548,0.0
Locomotion_1,X8,73.65,0.0
Locomotion_1,X8,73.752,0.0
Locomotion_1,X8,73.854,0.0
Locomotion_1,X8,73.956,0.0
Locomotion_1,X8,74.058,0.0
Locomotion_1,X8,74.16,0.0
Locomotion_1,X8,74.261,0.0549
Locomotion_1,X8,74.363,1.0
Locomotion_1,X9,0.0,1.0
Locomotion_1,X9,0.102,0.0549
Locomotion_1,X9,0.204,0.0
Locomotion_1,X9,0.306,0.0
Locomotion_1,X9,0.407,0.0
Locomotion_1,X9,0.509,0.0
Locomotion_1,X9,0.611,0.0
Locomotion_1,X9,0.713,0.6902
Locomotion_1,X9,0.815,0.6549
Locomotion_1,X9,0.917,0.6431
Locomotion_1,X9,1.019,0.6392
Locomotion_1,X9,1.121,0.6353
Locomotion_1,X9,1.222,0.6392
Locomotion_1,X9,1.324,0.651
Locomotion_1,X9,1.426,0.6549
Locomotion_1,X9,1.528,0.6667
Locomotion_1,X9,1.63,0.0
Locomotion_1,X9,1.732,0.0
Locomotion_1,X9,1.834,0.0
Locomotion_1,X9,1.935,0.0
Locomotion_1,X9,2.037,0.0
Locomotion_1,X9,2.139,0.0
Locomotion_1,X9,2.241,0.6863
Locomotion_1,X9,2.343,0.6627
Locomotion_1,X9,2.445,0.6353
Locomotion_1,X9,2.547,0.6196
Locomotion_1,X9,2.649,0.5255
Locomotion_1,X9,2.75,0.4627
Locomotion_1,X9,2.852,0.4078
Locomotion_1,X9,2.954,0.3608
Locomotion_1,X9,3.056,0.3098
Locomotion_1,X9,3.158,0.2588
Locomotion_1,X9,3.26,0.2196
Locomotion_1,X9,3.362,0.1725
Locomotion_1,X9,3.463,0.1255
Locomotion_1,X9,3.565,0.0863
Locomotion_1,X9,3.667,0.0118
Locomotion_1,X9,3.769,0.0
Locomotion_1,X9,3.871,0.0
Locomotion_1,X9,3.973,0.0
Locomotion_1,X9,4.075,0.0
Locomotion_1,X9,4.177,0.0
Locomotion_1,X9,4.278,0.0
Locomotion_1,X9,4.38,0.0
Locomotion_1,X9,4.482,0.0
Locomotion_1,X9,4.584,0.0
Locomotion_1,X9,4.686,0.0
Locomotion_1,X9,4.788,0.0
Locomotion_1,X9,4.89,0.0
Locomotion_1,X9,4.992,0.0
Locomotion_1,X9,5.093,0.0
Locomotion_1,X9,5.195,0.0
Locomotion_1,X9,5.297,0.0
Locomotion_1,X9,5.399,0.0
Locomotion_1,X9,5.501,0.0
Locomotion_1,X9,5.603,0.0
Locomotion_1,X9,5.705,0.0
Locomotion_1,X9,5.806,0.0
Locomotion_1,X9,5.908,0.0
Locomotion_1,X9,6.01,0.0
Locomotion_1,X9,6.112,0.0
Locomotion_1,X9,6.214,0.0
Locomotion_1,X9,6.316,0.0
Locomotion_1,X9,6.418,0.0
Locomotion_1,X9,6.52,0.0
Locomotion_1,X9,6.621,0.0
Locomotion_1,X9,6.723,0.0
Locomotion_1,X9,6.825,0.0
Locomotion_1,X9,6.927,0.0
Locomotion_1,X9,7.029,0.0
Locomotion_1,X9,7.131,0.0
Locomotion_1,X9,7.233,0.0
Locomotion_1,X9,7.334,0.0
Locomotion_1,X9,7.436,0.0
Locomotion_1,X9,7.538,0.0
Locomotion_1,X9,7.64,0.0
Locomotion_1,X9,7.742,0.0
Locomotion_1,X9,7.844,0.0
Locomotion_1,X9,7.946,0.0
Locomotion_1,X9,8.048,0.0
Locomotion_1,X9,8.149,0.0
Locomotion_1,X9,8.251,0.0
Locomotion_1,X9,8.353,0.0
Locomotion_1,X9,8.455,0.0
Locomotion_1,X9,8.557,0.0
Locomotion_1,X9,8.659,0.0
Locomotion_1,X9,8.761,0.0
Locomotion_1,X9,8.862,0.0
Locomotion_1,X9,8.964,0.0
Locomotion_1,X9,9.066,0.0
Locomotion_1,X9,9.168,0.0
Locomotion_1,X9,9.27,0.0
Locomotion_1,X9,9.372,0.0
Locomotion_1,X9,9.474,0.0
Locomotion_1,X9,9.576,0.0
Locomotion_1,X9,9.677,0.0
Locomotion_1,X9,9.779,0.0
Locomotion_1,X9,9.881,0.0
Locomotion_1,X9,9.983,0.0
Locomotion_1,X9,10.085,0.0
Locomotion_1,X9,10.187,0.0
Locomotion_1,X9,10.289,0.0
Locomotion_1,X9,10.39,0.0
Locomotion_1,X9,10.492,0.0
Locomotion_1,X9,10.594,0.0
Locomotion_1,X9,10.696,0.0
Locomotion_1,X9,10.798,0.0
Locomotion_1,X9,10.9,0.0
Locomotion_1,X9,11.002,0.0
Locomotion_1,X9,11.104,0.0
Locomotion_1,X9,11.205,0.0
Locomotion_1,X9,11.307,0.0
Locomotion_1,X9,11.409,0.0
Locomotion_1,X9,11.511,0.0
Locomotion_1,X9,11.613,0.0
Locomotion_1,X9,11.715,0.0
Locomotion_1,X9,11.817,0.0
Locomotion_1,X9,11.919,0.0
Locomotion_1,X9,12.02,0.0
Locomotion_1,X9,12.122,0.0
Locomotion_1,X9,12.224,0.0
Locomotion_1,X9,12.326,0.0
Locomotion_1,X9,12.428,0.0
Locomotion_1,X9,12.53,0.0
Locomotion_1,X9,12.632,0.0
Locomotion_1,X9,12.733,0.0
Locomotion_1,X9,12.835,0.0
Locomotion_1,X9,12.937,0.0
Locomotion_1,X9,13.039,0.0
Locomotion_1,X9,13.141,0.0
Locomotion_1,X9,13.243,0.0
Locomotion_1,X9,13.345,0.0
Locomotion_1,X9,13.447,0.0
Locomotion_1,X9,13.548,0.0
Locomotion_1,X9,13.65,0.0
Locomotion_1,X9,13.752,0.0
Locomotion_1,X9,13.854,0.0
Locomotion_1,X9,13.956,0.0
Locomotion_1,X9,14.058,0.0
Locomotion_1,X9,14.16,0.0
Locomotion_1,X9,14.261,0.0
Locomotion_1,X9,14.363,0.0
Locomotion_1,X9,14.465,0.0
Locomotion_1,X9,14.567,0.0
Locomotion_1,X9,14.669,0.0
Locomotion_1,X9,14.771,0.0
Locomotion_1,X9,14.873,0.0
Locomotion_1,X9,14.975,0.0
Locomotion_1,X9,15.076,0.0
Locomotion_1,X9,15.178,0.0
Locomotion_1,X9,15.28,0.0
Locomotion_1,X9,15.382,0.0
Locomotion_1,X9,15.484,0.0
Locomotion_1,X9,15.586,0.0
Locomotion_1,X9,15.688,0.0
Locomotion_1,X9,15.789,0.0
Locomotion_1,X9,15.891,0.0
Locomotion_1,X9,15.993,0.0
Locomotion_1,X9,16.095,0.0
Locomotion_1,X9,16.197,0.0
Locomotion_1,X9,16.299,0.0
Locomotion_1,X9,16.401,0.0
Locomotion_1,X9,16.503,0.0
Locomotion_1,X9,16.604,0.0
Locomotion_1,X9,16.706,0.0
Locomotion_1,X9,16.808,0.0
Locomotion_1,X9,16.91,0.0
Locomotion_1,X9,17.012,0.0
Locomotion_1,X9,17.114,0.0
Locomotion_1,X9,17.216,0.0
Locomotion_1,X9,17.317,0.0
Locomotion_1,X9,17.419,0.0
Locomotion_1,X9,17.521,0.0
Locomotion_1,X9,17.623,0.0
Locomotion_1,X9,17.725,0.0
Locomotion_1,X9,17.827,0.0
Locomotion_1,X9,17.929,0.0
Locomotion_1,X9,18.031,0.0
Locomotion_1,X9,18.132,0.0
Locomotion_1,X9,18.234,0.0
Locomotion_1,X9,18.336,0.0
Locomotion_1,X9,18.438,0.0
Locomotion_1,X9,18.54,0.0
Locomotion_1,X9,18.642,0.0
Locomotion_1,X9,18.744,0.0
Locomotion_1,X9,18.846,0.0
Locomotion_1,X9,18.947,0.0
Locomotion_1,X9,19.049,0.0
Locomotion_1,X9,19.151,0.0
Locomotion_1,X9,19.253,0.0
Locomotion_1,X9,19.355,0.0
Locomotion_1,X9,19.457,0.0
Locomotion_1,X9,19.559,0.0
Locomotion_1,X9,19.66,0.0
Locomotion_1,X9,19.762,0.0
Locomotion_1,X9,19.864,0.0
Locomotion_1,X9,19.966,0.0
Locomotion_1,X9,20.068,0.0
Locomotion_1,X9,20.17,0.0
Locomotion_1,X9,20.272,0.0
Locomotion_1,X9,20.374,0.0
Locomotion_1,X9,20.475,0.0
Locomotion_1,X9,20.577,0.0
Locomotion_1,X9,20.679,0.0
Locomotion_1,X9,20.781,0.0
Locomotion_1,X9,20.883,0.0
Locomotion_1,X9,20.985,0.0
Locomotion_1,X9,21.087,0.0
Locomotion_1,X9,21.188,0.0
Locomotion_1,X9,21.29,0.0
Locomotion_1,X9,21.392,0.0
Locomotion_1,X9,21.494,0.0
Locomotion_1,X9,21.596,0.0
Locomotion_1,X9,21.698,0.0
Locomotion_1,X9,21.8,0.0
Locomotion_1,X9,21.902,0.0
Locomotion_1,X9,22.003,0.0
Locomotion_1,X9,22.105,0.0
Locomotion_1,X9,22.207,0.0
Locomotion_1,X9,22.309,0.0
Locomotion_1,X9,22.411,0.0
Locomotion_1,X9,22.513,0.0
Locomotion_1,X9,22.615,0.0
Locomotion_1,X9,22.716,0.0
Locomotion_1,X9,22.818,0.0
Locomotion_1,X9,22.92,0.0
Locomotion_1,X9,23.022,0.0
Locomotion_1,X9,23.124,0.0
Locomotion_1,X9,23.226,0.0
Locomotion_1,X9,23.328,0.0
Locomotion_1,X9,23.43,0.0
Locomotion_1,X9,23.531,0.0
Locomotion_1,X9,23.633,0.0
Locomotion_1,X9,23.735,0.0
Locomotion_1,X9,23.837,0.0
Locomotion_1,X9,23.939,0.0
Locomotion_1,X9,24.041,0.0
Locomotion_1,X9,24.143,0.0
Locomotion_1,X9,24.244,0.0
Locomotion_1,X9,24.346,0.0
Locomotion_1,X9,24.448,0.0
Locomotion_1,X9,24.55,0.0
Locomotion_1,X9,24.652,0.0
Locomotion_1,X9,24.754,0.0
Locomotion_1,X9,24.856,0.0
Locomotion_1,X9,24.958,0.0
Locomotion_1,X9,25.059,0.0
Locomotion_1,X9,25.161,0.0
Locomotion_1,X9,25.263,0.0
Locomotion_1,X9,25.365,0.0
Locomotion_1,X9,25.467,0.0
Locomotion_1,X9,25.569,0.0
Locomotion_1,X9,25.671,0.0
Locomotion_1,X9,25.772,0.0
Locomotion_1,X9,25.874,0.0
Locomotion_1,X9,25.976,0.0
Locomotion_1,X9,26.078,0.0
Locomotion_1,X9,26.18,0.0
Locomotion_1,X9,26.282,0.0
Locomotion_1,X9,26.384,0.0
Locomotion_1,X9,26.486,0.0
Locomotion_1,X9,26.587,0.0
Locomotion_1,X9,26.689,0.0
Locomotion_1,X9,26.791,0.0
Locomotion_1,X9,26.893,0.0
Locomotion_1,X9,26.995,0.0
Locomotion_1,X9,27.097,0.0
Locomotion_1,X9,27.199,0.0
Locomotion_1,X9,27.301,0.0
Locomotion_1,X9,27.402,0.0
Locomotion_1,X9,27.504,0.0
Locomotion_1,X9,27.606,0.0
Locomotion_1,X9,27.708,0.0
Locomotion_1,X9,27.81,0.0
Locomotion_1,X9,27.912,0.0
Locomotion_1,X9,28.014,0.0
Locomotion_1,X9,28.115,0.0
Locomotion_1,X9,28.217,0.0
Locomotion_1,X9,28.319,0.0
Locomotion_1,X9,28.421,0.0
Locomotion_1,X9,28.523,0.0
Locomotion_1,X9,28.625,0.0
Locomotion_1,X9,28.727,0.0
Locomotion_1,X9,28.829,0.0
Locomotion_1,X9,28.93,0.0
Locomotion_1,X9,29.032,0.0
Locomotion_1,X9,29.134,0.0
Locomotion_1,X9,29.236,0.0
Locomotion_1,X9,29.338,0.0
Locomotion_1,X9,29.44,0.0
Locomotion_1,X9,29.542,0.0
Locomotion_1,X9,29.643,0.0
Locomotion_1,X9,29.745,0.0
Locomotion_1,X9,29.847,0.0
Locomotion_1,X9,29.949,0.0
Locomotion_1,X9,30.051,0.0
Locomotion_1,X9,30.153,0.0
Locomotion_1,X9,30.255,0.0
Locomotion_1,X9,30.357,0.0
Locomotion_1,X9,30.458,0.0
Locomotion_1,X9,30.56,0.0
Locomotion_1,X9,30.662,0.0
Locomotion_1,X9,30.764,0.0
Locomotion_1,X9,30.866,0.0
Locomotion_1,X9,30.968,0.0
Locomotion_1,X9,31.07,0.0
Locomotion_1,X9,31.171,0.0
Locomotion_1,X9,31.273,0.0
Locomotion_1,X9,31.375,0.0
Locomotion_1,X9,31.477,0.0
Locomotion_1,X9,31.579,0.0
Locomotion_1,X9,31.681,0.0
Locomotion_1,X9,31.783,0.0
Locomotion_1,X9,31.885,0.0
Locomotion_1,X9,31.986,0.0
Locomotion_1,X9,32.088,0.0
Locomotion_1,X9,32.19,0.0
Locomotion_1,X9,32.292,0.0
Locomotion_1,X9,32.394,0.0
Locomotion_1,X9,32.496,0.0
Locomotion_1,X9,32.598,0.0
Locomotion_1,X9,32.699,0.0
Locomotion_1,X9,32.801,0.0
Locomotion_1,X9,32.903,0.0
Locomotion_1,X9,33.005,0.0
Locomotion_1,X9,33.107,0.0
Locomotion_1,X9,33.209,0.0
Locomotion_1,X9,33.311,0.0
Locomotion_1,X9,33.413,0.0
Locomotion_1,X9,33.514,0.0
Locomotion_1,X9,33.616,0.0
Locomotion_1,X9,33.718,0.0
Locomotion_1,X9,33.82,0.0
Locomotion_1,X9,33.922,0.0
Locomotion_1,X9,34.024,0.0
Locomotion_1,X9,34.126,0.0
Locomotion_1,X9,34.228,0.0
Locomotion_1,X9,34.329,0.0
Locomotion_1,X9,34.431,0.0
Locomotion_1,X9,34.533,0.0
Locomotion_1,X9,34.635,0.0
Locomotion_1,X9,34.737,0.0
Locomotion_1,X9,34.839,0.0
Locomotion_1,X9,34.941,0.0
Locomotion_1,X9,35.042,0.0
Locomotion_1,X9,35.144,0.0
Locomotion_1,X9,35.246,0.0
Locomotion_1,X9,35.348,0.0
Locomotion_1,X9,35.45,0.0
Locomotion_1,X9,35.552,0.0
Locomotion_1,X9,35.654,0.0
Locomotion_1,X9,35.756,0.0
Locomotion_1,X9,35.857,0.0
Locomotion_1,X9,35.959,0.0
Locomotion_1,X9,36.061,0.0
Locomotion_1,X9,36.163,0.0
Locomotion_1,X9,36.265,0.0
Locomotion_1,X9,36.367,0.0
Locomotion_1,X9,36.469,0.0
Locomotion_1,X9,36.57,0.0
Locomotion_1,X9,36.672,0.0
Locomotion_1,X9,36.774,0.0
Locomotion_1,X9,36.876,0.0
Locomotion_1,X9,36.978,0.0
Locomotion_1,X9,37.08,0.0
Locomotion_1,X9,37.182,0.0
Locomotion_1,X9,37.284,0.0
Locomotion_1,X9,37.385,0.0
Locomotion_1,X9,37.487,0.0
Locomotion_1,X9,37.589,0.0
Locomotion_1,X9,37.691,0.0
Locomotion_1,X9,37.793,0.0
Locomotion_1,X9,37.895,0.0
Locomotion_1,X9,37.997,0.0
Locomotion_1,X9,38.098,0.0
Locomotion_1,X9,38.2,0.0
Locomotion_1,X9,38.302,0.0
Locomotion_1,X9,38.404,0.0
Locomotion_1,X9,38.506,0.0
Locomotion_1,X9,38.608,0.0
Locomotion_1,X9,38.71,0.0
Locomotion_1,X9,38.812,0.0
Locomotion_1,X9,38.913,0.0
Locomotion_1,X9,39.015,0.0
Locomotion_1,X9,39.117,0.0
Locomotion_1,X9,39.219,0.0
Locomotion_1,X9,39.321,0.0
Locomotion_1,X9,39.423,0.0
Locomotion_1,X9,39.525,0.0
Locomotion_1,X9,39.626,0.0
Locomotion_1,X9,39.728,0.0
Locomotion_1,X9,39.83,0.0
Locomotion_1,X9,39.932,0.0
Locomotion_1,X9,40.034,0.0
Locomotion_1,X9,40.136,0.0
Locomotion_1,X9,40.238,0.0
Locomotion_1,X9,40.34,0.0
Locomotion_1,X9,40.441,0.0
Locomotion_1,X9,40.543,0.0
Locomotion_1,X9,40.645,0.0
Locomotion_1,X9,40.747,0.0
Locomotion_1,X9,40.849,0.0
Locomotion_1,X9,40.951,0.0
Locomotion_1,X9,41.053,0.0
Locomotion_1,X9,41.154,0.0
Locomotion_1,X9,41.256,0.0
Locomotion_1,X9,41.358,0.0
Locomotion_1,X9,41.46,0.0
Locomotion_1,X9,41.562,0.0
Locomotion_1,X9,41.664,0.0
Locomotion_1,X9,41.766,0.0
Locomotion_1,X9,41.868,0.0
Locomotion_1,X9,41.969,0.0
Locomotion_1,X9,42.071,0.0
Locomotion_1,X9,42.173,0.0
Locomotion_1,X9,42.275,0.0
Locomotion_1,X9,42.377,0.0
Locomotion_1,X9,42.479,0.0
Locomotion_1,X9,42.581,0.0
Locomotion_1,X9,42.683,0.0
Locomotion_1,X9,42.784,0.0
Locomotion_1,X9,42.886,0.0
Locomotion_1,X9,42.988,0.0
Locomotion_1,X9,43.09,0.0
Locomotion_1,X9,43.192,0.0
Locomotion_1,X9,43.294,0.0
Locomotion_1,X9,43.396,0.0
Locomotion_1,X9,43.497,0.0
Locomotion_1,X9,43.599,0.0
Locomotion_1,X9,43.701,0.0
Locomotion_1,X9,43.803,0.0
Locomotion_1,X9,43.905,0.0
Locomotion_1,X9,44.007,0.0
Locomotion_1,X9,44.109,0.0
Locomotion_1,X9,44.211,0.0
Locomotion_1,X9,44.312,0.0
Locomotion_1,X9,44.414,0.0
Locomotion_1,X9,44.516,0.0
Locomotion_1,X9,44.618,0.0
Locomotion_1,X9,44.72,0.0
Locomotion_1,X9,44.822,0.0
Locomotion_1,X9,44.924,0.0
Locomotion_1,X9,45.025,0.0
Locomotion_1,X9,45.127,0.0
Locomotion_1,X9,45.229,0.0
Locomotion_1,X9,45.331,0.0
Locomotion_1,X9,45.433,0.0
Locomotion_1,X9,45.535,0.0
Locomotion_1,X9,45.637,0.0
Locomotion_1,X9,45.739,0.0
Locomotion_1,X9,45.84,0.0
Locomotion_1,X9,45.942,0.0
Locomotion_1,X9,46.044,0.0
Locomotion_1,X9,46.146,0.0
Locomotion_1,X9,46.248,0.0
Locomotion_1,X9,46.35,0.0
Locomotion_1,X9,46.452,0.0
Locomotion_1,X9,46.553,0.0
Locomotion_1,X9,46.655,0.0
Locomotion_1,X9,46.757,0.0
Locomotion_1,X9,46.859,0.0
Locomotion_1,X9,46.961,0.0
Locomotion_1,X9,47.063,0.0
Locomotion_1,X9,47.165,0.0
Locomotion_1,X9,47.267,0.0
Locomotion_1,X9,47.368,0.0
Locomotion_1,X9,47.47,0.0
Locomotion_1,X9,47.572,0.0
Locomotion_1,X9,47.674,0.0
Locomotion_1,X9,47.776,0.0
Locomotion_1,X9,47.878,0.0
Locomotion_1,X9,47.98,0.0
Locomotion_1,X9,48.081,0.0
Locomotion_1,X9,48.183,0.0
Locomotion_1,X9,48.285,0.0
Locomotion_1,X9,48.387,0.0
Locomotion_1,X9,48.489,0.0
Locomotion_1,X9,48.591,0.0
Locomotion_1,X9,48.693,0.0
Locomotion_1,X9,48.795,0.0
Locomotion_1,X9,48.896,0.0
Locomotion_1,X9,48.998,0.0
Locomotion_1,X9,49.1,0.0
Locomotion_1,X9,49.202,0.0
Locomotion_1,X9,49.304,0.0
Locomotion_1,X9,49.406,0.0
Locomotion_1,X9,49.508,0.0
Locomotion_1,X9,49.61,0.0
Locomotion_1,X9,49.711,0.0
Locomotion_1,X9,49.813,0.0
Locomotion_1,X9,49.915,0.0
Locomotion_1,X9,50.017,0.0
Locomotion_1,X9,50.119,0.0
Locomotion_1,X9,50.221,0.0
Locomotion_1,X9,50.323,0.0
Locomotion_1,X9,50.424,0.0
Locomotion_1,X9,50.526,0.0
Locomotion_1,X9,50.628,0.0
Locomotion_1,X9,50.73,0.0
Locomotion_1,X9,50.832,0.0
Locomotion_1,X9,50.934,0.0
Locomotion_1,X9,51.036,0.0
Locomotion_1,X9,51.138,0.0
Locomotion_1,X9,51.239,0.0
Locomotion_1,X9,51.341,0.0
Locomotion_1,X9,51.443,0.0
Locomotion_1,X9,51.545,0.0
Locomotion_1,X9,51.647,0.0
Locomotion_1,X9,51.749,0.0
Locomotion_1,X9,51.851,0.0
Locomotion_1,X9,51.952,0.0
Locomotion_1,X9,52.054,0.0
Locomotion_1,X9,52.156,0.0
Locomotion_1,X9,52.258,0.0
Locomotion_1,X9,52.36,0.0
Locomotion_1,X9,52.462,0.0
Locomotion_1,X9,52.564,0.0
Locomotion_1,X9,52.666,0.0
Locomotion_1,X9,52.767,0.0
Locomotion_1,X9,52.869,0.0
Locomotion_1,X9,52.971,0.0
Locomotion_1,X9,53.073,0.0
Locomotion_1,X9,53.175,0.0
Locomotion_1,X9,53.277,0.0
Locomotion_1,X9,53.379,0.0
Locomotion_1,X9,53.48,0.0
Locomotion_1,X9,53.582,0.0
Locomotion_1,X9,53.684,0.0
Locomotion_1,X9,53.786,0.0
Locomotion_1,X9,53.888,0.0
Locomotion_1,X9,53.99,0.0
Locomotion_1,X9,54.092,0.0
Locomotion_1,X9,54.194,0.0
Locomotion_1,X9,54.295,0.0
Locomotion_1,X9,54.397,0.0
Locomotion_1,X9,54.499,0.0
Locomotion_1,X9,54.601,0.0
Locomotion_1,X9,54.703,0.0
Locomotion_1,X9,54.805,0.0
Locomotion_1,X9,54.907,0.0
Locomotion_1,X9,55.008,0.0
Locomotion_1,X9,55.11,0.0
Locomotion_1,X9,55.212,0.0
Locomotion_1,X9,55.314,0.0
Locomotion_1,X9,55.416,0.0
Locomotion_1,X9,55.518,0.0
Locomotion_1,X9,55.62,0.0
Locomotion_1,X9,55.722,0.0
Locomotion_1,X9,55.823,0.0
Locomotion_1,X9,55.925,0.0
Locomotion_1,X9,56.027,0.0
Locomotion_1,X9,56.129,0.0
Locomotion_1,X9,56.231,0.0
Locomotion_1,X9,56.333,0.0
Locomotion_1,X9,56.435,0.0
Locomotion_1,X9,56.537,0.0
Locomotion_1,X9,56.638,0.0
Locomotion_1,X9,56.74,0.0
Locomotion_1,X9,56.842,0.0
Locomotion_1,X9,56.944,0.0
Locomotion_1,X9,57.046,0.0
Locomotion_1,X9,57.148,0.0
Locomotion_1,X9,57.25,0.0
Locomotion_1,X9,57.351,0.0
Locomotion_1,X9,57.453,0.0
Locomotion_1,X9,57.555,0.0
Locomotion_1,X9,57.657,0.0
Locomotion_1,X9,57.759,0.0
Locomotion_1,X9,57.861,0.0
Locomotion_1,X9,57.963,0.0
Locomotion_1,X9,58.065,0.0
Locomotion_1,X9,58.166,0.0
Locomotion_1,X9,58.268,0.0
Locomotion_1,X9,58.37,0.0
Locomotion_1,X9,58.472,0.0
Locomotion_1,X9,58.574,0.0
Locomotion_1,X9,58.676,0.0
Locomotion_1,X9,58.778,0.0
Locomotion_1,X9,58.879,0.0
Locomotion_1,X9,58.981,0.0
Locomotion_1,X9,59.083,0.0
Locomotion_1,X9,59.185,0.0
Locomotion_1,X9,59.287,0.0
Locomotion_1,X9,59.389,0.0
Locomotion_1,X9,59.491,0.0
Locomotion_1,X9,59.593,0.0
Locomotion_1,X9,59.694,0.0
Locomotion_1,X9,59.796,0.0
Locomotion_1,X9,59.898,0.0
Locomotion_1,X9,60.0,0.0
Locomotion_1,X9,60.102,0.0
Locomotion_1,X9,60.204,0.0
Locomotion_1,X9,60.306,0.0
Locomotion_1,X9,60.407,0.0
Locomotion_1,X9,60.509,0.0
Locomotion_1,X9,60.611,0.0
Locomotion_1,X9,60.713,0.0
Locomotion_1,X9,60.815,0.0
Locomotion_1,X9,60.917,0.0
Locomotion_1,X9,61.019,0.0
Locomotion_1,X9,61.121,0.0
Locomotion_1,X9,61.222,0.0
Locomotion_1,X9,61.324,0.0
Locomotion_1,X9,61.426,0.0
Locomotion_1,X9,61.528,0.0
Locomotion_1,X9,61.63,0.0
Locomotion_1,X9,61.732,0.0
Locomotion_1,X9,61.834,0.0
Locomotion_1,X9,61.935,0.0
Locomotion_1,X9,62.037,0.0
Locomotion_1,X9,62.139,0.0
Locomotion_1,X9,62.241,0.0
Locomotion_1,X9,62.343,0.0
Locomotion_1,X9,62.445,0.0
Locomotion_1,X9,62.547,0.0
Locomotion_1,X9,62.649,0.0
Locomotion_1,X9,62.75,0.0
Locomotion_1,X9,62.852,0.0
Locomotion_1,X9,62.954,0.0
Locomotion_1,X9,63.056,0.0
Locomotion_1,X9,63.158,0.0
Locomotion_1,X9,63.26,0.0
Locomotion_1,X9,63.362,0.0
Locomotion_1,X9,63.463,0.0
Locomotion_1,X9,63.565,0.0
Locomotion_1,X9,63.667,0.0
Locomotion_1,X9,63.769,0.0
Locomotion_1,X9,63.871,0.0
Locomotion_1,X9,63.973,0.0
Locomotion_1,X9,64.075,0.0
Locomotion_1,X9,64.177,0.0
Locomotion_1,X9,64.278,0.0
Locomotion_1,X9,64.38,0.0
Locomotion_1,X9,64.482,0.0
Locomotion_1,X9,64.584,0.0
Locomotion_1,X9,64.686,0.0
Locomotion_1,X9,64.788,0.0
Locomotion_1,X9,64.89,0.0
Locomotion_1,X9,64.992,0.0
Locomotion_1,X9,65.093,0.0
Locomotion_1,X9,65.195,0.0
Locomotion_1,X9,65.297,0.0
Locomotion_1,X9,65.399,0.0
Locomotion_1,X9,65.501,0.0
Locomotion_1,X9,65.603,0.0
Locomotion_1,X9,65.705,0.0
Locomotion_1,X9,65.806,0.0
Locomotion_1,X9,65.908,0.0
Locomotion_1,X9,66.01,0.0
Locomotion_1,X9,66.112,0.0
Locomotion_1,X9,66.214,0.0
Locomotion_1,X9,66.316,0.0
Locomotion_1,X9,66.418,0.0
Locomotion_1,X9,66.52,0.0
Locomotion_1,X9,66.621,0.0
Locomotion_1,X9,66.723,0.0
Locomotion_1,X9,66.825,0.0
Locomotion_1,X9,66.927,0.0
Locomotion_1,X9,67.029,0.0
Locomotion_1,X9,67.131,0.0
Locomotion_1,X9,67.233,0.0
Locomotion_1,X9,67.334,0.0
Locomotion_1,X9,67.436,0.0
Locomotion_1,X9,67.538,0.0
Locomotion_1,X9,67.64,0.0
Locomotion_1,X9,67.742,0.0
Locomotion_1,X9,67.844,0.0
Locomotion_1,X9,67.946,0.0
Locomotion_1,X9,68.048,0.0
Locomotion_1,X9,68.149,0.0
Locomotion_1,X9,68.251,0.0
Locomotion_1,X9,68.353,0.0
Locomotion_1,X9,68.455,0.0
Locomotion_1,X9,68.557,0.0
Locomotion_1,X9,68.659,0.0
Locomotion_1,X9,68.761,0.0
Locomotion_1,X9,68.862,0.0
Locomotion_1,X9,68.964,0.0
Locomotion_1,X9,69.066,0.0
Locomotion_1,X9,69.168,0.0
Locomotion_1,X9,69.27,0.0
Locomotion_1,X9,69.372,0.0
Locomotion_1,X9,69.474,0.0
Locomotion_1,X9,69.576,0.0
Locomotion_1,X9,69.677,0.0
Locomotion_1,X9,69.779,0.0
Locomotion_1,X9,69.881,0.0
Locomotion_1,X9,69.983,0.0
Locomotion_1,X9,70.085,0.0
Locomotion_1,X9,70.187,0.0
Locomotion_1,X9,70.289,0.0
Locomotion_1,X9,70.39,0.0
Locomotion_1,X9,70.492,0.0
Locomotion_1,X9,70.594,0.0
Locomotion_1,X9,70.696,0.0
Locomotion_1,X9,70.798,0.0
Locomotion_1,X9,70.9,0.0
Locomotion_1,X9,71.002,0.0
Locomotion_1,X9,71.104,0.0
Locomotion_1,X9,71.205,0.0
Locomotion_1,X9,71.307,0.0
Locomotion_1,X9,71.409,0.0
Locomotion_1,X9,71.511,0.0
Locomotion_1,X9,71.613,0.0
Locomotion_1,X9,71.715,0.0
Locomotion_1,X9,71.817,0.0
Locomotion_1,X9,71.919,0.0
Locomotion_1,X9,72.02,0.0
Locomotion_1,X9,72.122,0.0
Locomotion_1,X9,72.224,0.0
Locomotion_1,X9,72.326,0.0
Locomotion_1,X9,72.428,0.0
Locomotion_1,X9,72.53,0.0
Locomotion_1,X9,72.632,0.0
Locomotion_1,X9,72.733,0.0
Locomotion_1,X9,72.835,0.0
Locomotion_1,X9,72.937,0.0
Locomotion_1,X9,73.039,0.0
Locomotion_1,X9,73.141,0.0
Locomotion_1,X9,73.243,0.0
Locomotion_1,X9,73.345,0.0
Locomotion_1,X9,73.447,0.0
Locomotion_1,X9,73.548,0.0
Locomotion_1,X9,73.65,0.0
Locomotion_1,X9,73.752,0.0
Locomotion_1,X9,73.854,0.0
Locomotion_1,X9,73.956,0.0
Locomotion_1,X9,74.058,0.0
Locomotion_1,X9,74.16,0.0
Locomotion_1,X9,74.261,0.0549
Locomotion_1,X9,74.363,1.0
Locomotion_1,X10,0.0,1.0
Locomotion_1,X10,0.102,0.0549
Locomotion_1,X10,0.204,0.0
Locomotion_1,X10,0.306,0.0
Locomotion_1,X10,0.407,0.0
Locomotion_1,X10,0.509,0.0039
Locomotion_1,X10,0.611,0.0118
Locomotion_1,X10,0.713,0.8824
Locomotion_1,X10,0.815,0.8863
Locomotion_1,X10,0.917,0.8863
Locomotion_1,X10,1.019,0.8902
Locomotion_1,X10,1.121,0.8902
Locomotion_1,X10,1.222,0.8902
Locomotion_1,X10,1.324,0.8902
Locomotion_1,X10,1.426,0.8902
Locomotion_1,X10,1.528,0.8902
Locomotion_1,X10,1.63,0.0157
Locomotion_1,X10,1.732,0.0157
Locomotion_1,X10,1.834,0.0157
Locomotion_1,X10,1.935,0.0157
Locomotion_1,X10,2.037,0.0157
Locomotion_1,X10,2.139,0.0157
Locomotion_1,X10,2.241,0.8824
Locomotion_1,X10,2.343,0.8824
Locomotion_1,X10,2.445,0.8784
Locomotion_1,X10,2.547,0.8745
Locomotion_1,X10,2.649,0.8784
Locomotion_1,X10,2.75,0.8824
Locomotion_1,X10,2.852,0.8863
Locomotion_1,X10,2.954,0.8863
Locomotion_1,X10,3.056,0.8902
Locomotion_1,X10,3.158,0.8902
Locomotion_1,X10,3.26,0.8941
Locomotion_1,X10,3.362,0.902
Locomotion_1,X10,3.463,0.8941
Locomotion_1,X10,3.565,0.902
Locomotion_1,X10,3.667,0.8941
Locomotion_1,X10,3.769,0.902
Locomotion_1,X10,3.871,0.9059
Locomotion_1,X10,3.973,0.9059
Locomotion_1,X10,4.075,0.9098
Locomotion_1,X10,4.177,0.9137
Locomotion_1,X10,4.278,0.9176
Locomotion_1,X10,4.38,0.9176
Locomotion_1,X10,4.482,0.9216
Locomotion_1,X10,4.584,0.9216
Locomotion_1,X10,4.686,0.9294
Locomotion_1,X10,4.788,0.9294
Locomotion_1,X10,4.89,0.9333
Locomotion_1,X10,4.992,0.9333
Locomotion_1,X10,5.093,0.9333
Locomotion_1,X10,5.195,0.9373
Locomotion_1,X10,5.297,0.9373
Locomotion_1,X10,5.399,0.9373
Locomotion_1,X10,5.501,0.9373
Locomotion_1,X10,5.603,0.9373
Locomotion_1,X10,5.705,0.9373
Locomotion_1,X10,5.806,0.9412
Locomotion_1,X10,5.908,0.9412
Locomotion_1,X10,6.01,0.9412
Locomotion_1,X10,6.112,0.9451
Locomotion_1,X10,6.214,0.9451
Locomotion_1,X10,6.316,0.9451
Locomotion_1,X10,6.418,0.949
Locomotion_1,X10,6.52,0.949
Locomotion_1,X10,6.621,0.9529
Locomotion_1,X10,6.723,0.9529
Locomotion_1,X10,6.825,0.9569
Locomotion_1,X10,6.927,0.949
Locomotion_1,X10,7.029,0.9529
Locomotion_1,X10,7.131,0.9529
Locomotion_1,X10,7.233,0.949
Locomotion_1,X10,7.334,0.9451
Locomotion_1,X10,7.436,0.9373
Locomotion_1,X10,7.538,0.9333
Locomotion_1,X10,7.64,0.9216
Locomotion_1,X10,7.742,0.9137
Locomotion_1,X10,7.844,0.9098
Locomotion_1,X10,7.946,0.8902
Locomotion_1,X10,8.048,0.8824
Locomotion_1,X10,8.149,0.8745
Locomotion_1,X10,8.251,0.8745
Locomotion_1,X10,8.353,0.8667
Locomotion_1,X10,8.455,0.8588
Locomotion_1,X10,8.557,0.851
Locomotion_1,X10,8.659,0.8431
Locomotion_1,X10,8.761,0.8314
Locomotion_1,X10,8.862,0.8235
Locomotion_1,X10,8.964,0.8157
Locomotion_1,X10,9.066,0.8118
Locomotion_1,X10,9.168,0.8118
Locomotion_1,X10,9.27,0.8078
Locomotion_1,X10,9.372,0.7882
Locomotion_1,X10,9.474,0.7804
Locomotion_1,X10,9.576,0.7765
Locomotion_1,X10,9.677,0.7686
Locomotion_1,X10,9.779,0.7608
Locomotion_1,X10,9.881,0.7529
Locomotion_1,X10,9.983,0.7451
Locomotion_1,X10,10.085,0.7412
Locomotion_1,X10,10.187,0.7294
Locomotion_1,X10,10.289,0.7216
Locomotion_1,X10,10.39,0.7176
Locomotion_1,X10,10.492,0.7137
Locomotion_1,X10,10.594,0.702
Locomotion_1,X10,10.696,0.6941
Locomotion_1,X10,10.798,0.6902
Locomotion_1,X10,10.9,0.6824
Locomotion_1,X10,11.002,0.6706
Locomotion_1,X10,11.104,0.6627
Locomotion_1,X10,11.205,0.6588
Locomotion_1,X10,11.307,0.651
Locomotion_1,X10,11.409,0.651
Locomotion_1,X10,11.511,0.6392
Locomotion_1,X10,11.613,0.6353
Locomotion_1,X10,11.715,0.6275
Locomotion_1,X10,11.817,0.6196
Locomotion_1,X10,11.919,0.6196
Locomotion_1,X10,12.02,0.6
Locomotion_1,X10,12.122,0.5922
Locomotion_1,X10,12.224,0.5882
Locomotion_1,X10,12.326,0.5882
Locomotion_1,X10,12.428,0.5765
Locomotion_1,X10,12.53,0.5647
Locomotion_1,X10,12.632,0.5569
Locomotion_1,X10,12.733,0.5529
Locomotion_1,X10,12.835,0.5412
Locomotion_1,X10,12.937,0.5373
Locomotion_1,X10,13.039,0.5294
Locomotion_1,X10,13.141,0.5255
Locomotion_1,X10,13.243,0.5098
Locomotion_1,X10,13.345,0.502
Locomotion_1,X10,13.447,0.498
Locomotion_1,X10,13.548,0.4902
Locomotion_1,X10,13.65,0.4902
Locomotion_1,X10,13.752,0.4863
Locomotion_1,X10,13.854,0.4745
Locomotion_1,X10,13.956,0.4745
Locomotion_1,X10,14.058,0.4627
Locomotion_1,X10,14.16,0.4549
Locomotion_1,X10,14.261,0.4549
Locomotion_1,X10,14.363,0.4431
Locomotion_1,X10,14.465,0.4353
Locomotion_1,X10,14.567,0.4275
Locomotion_1,X10,14.669,0.4235
Locomotion_1,X10,14.771,0.4157
Locomotion_1,X10,14.873,0.4157
Locomotion_1,X10,14.975,0.4078
Locomotion_1,X10,15.076,0.4039
Locomotion_1,X10,15.178,0.3922
Locomotion_1,X10,15.28,0.3843
Locomotion_1,X10,15.382,0.3765
Locomotion_1,X10,15.484,0.3725
Locomotion_1,X10,15.586,0.3647
Locomotion_1,X10,15.688,0.3608
Locomotion_1,X10,15.789,0.3529
Locomotion_1,X10,15.891,0.3529
Locomotion_1,X10,15.993,0.3451
Locomotion_1,X10,16.095,0.3412
Locomotion_1,X10,16.197,0.3333
Locomotion_1,X10,16.299,0.3294
Locomotion_1,X10,16.401,0.3216
Locomotion_1,X10,16.503,0.3176
Locomotion_1,X10,16.604,0.3098
Locomotion_1,X10,16.706,0.302
Locomotion_1,X10,16.808,0.298
Locomotion_1,X10,16.91,0.2863
Locomotion_1,X10,17.012,0.2863
Locomotion_1,X10,17.114,0.2784
Locomotion_1,X10,17.216,0.2706
Locomotion_1,X10,17.317,0.2667
Locomotion_1,X10,17.419,0.2588
Locomotion_1,X10,17.521,0.251
Locomotion_1,X10,17.623,0.2471
Locomotion_1,X10,17.725,0.2392
Locomotion_1,X10,17.827,0.2392
Locomotion_1,X10,17.929,0.2353
Locomotion_1,X10,18.031,0.2275
Locomotion_1,X10,18.132,0.2196
Locomotion_1,X10,18.234,0.2118
Locomotion_1,X10,18.336,0.2078
Locomotion_1,X10,18.438,0.2
Locomotion_1,X10,18.54,0.2
Locomotion_1,X10,18.642,0.2
Locomotion_1,X10,18.744,0.2
Locomotion_1,X10,18.846,0.2
Locomotion_1,X10,18.947,0.2
Locomotion_1,X10,19.049,0.2
Locomotion_1,X10,19.151,0.2
Locomotion_1,X10,19.253,0.2
Locomotion_1,X10,19.355,0.2
Locomotion_1,X10,19.457,0.2
Locomotion_1,X10,19.559,0.2
Locomotion_1,X10,19.66,0.2
Locomotion_1,X10,19.762,0.2
Locomotion_1,X10,19.864,0.2
Locomotion_1,X10,19.966,0.2
Locomotion_1,X10,20.068,0.2
Locomotion_1,X10,20.17,0.2039
Locomotion_1,X10,20.272,0.2039
Locomotion_1,X10,20.374,0.2039
Locomotion_1,X10,20.475,0.2039
Locomotion_1,X10,20.577,0.2078
Locomotion_1,X10,20.679,0.2078
Locomotion_1,X10,20.781,0.2078
Locomotion_1,X10,20.883,0.2078
Locomotion_1,X10,20.985,0.2078
Locomotion_1,X10,21.087,0.2078
Locomotion_1,X10,21.188,0.2118
Locomotion_1,X10,21.29,0.2118
Locomotion_1,X10,21.392,0.2118
Locomotion_1,X10,21.494,0.2118
Locomotion_1,X10,21.596,0.2118
Locomotion_1,X10,21.698,0.2157
Locomotion_1,X10,21.8,0.2157
Locomotion_1,X10,21.902,0.2157
Locomotion_1,X10,22.003,0.2157
Locomotion_1,X10,22.105,0.2157
Locomotion_1,X10,22.207,0.2196
Locomotion_1,X10,22.309,0.2196
Locomotion_1,X10,22.411,0.2196
Locomotion_1,X10,22.513,0.2196
Locomotion_1,X10,22.615,0.2196
Locomotion_1,X10,22.716,0.2235
Locomotion_1,X10,22.818,0.2235
Locomotion_1,X10,22.92,0.2235
Locomotion_1,X10,23.022,0.2235
Locomotion_1,X10,23.124,0.2235
Locomotion_1,X10,23.226,0.2235
Locomotion_1,X10,23.328,0.2275
Locomotion_1,X10,23.43,0.2275
Locomotion_1,X10,23.531,0.2275
Locomotion_1,X10,23.633,0.2275
Locomotion_1,X10,23.735,0.2275
Locomotion_1,X10,23.837,0.2353
Locomotion_1,X10,23.939,0.2353
Locomotion_1,X10,24.041,0.2353
Locomotion_1,X10,24.143,0.2353
Locomotion_1,X10,24.244,0.2353
Locomotion_1,X10,24.346,0.2353
Locomotion_1,X10,24.448,0.2353
Locomotion_1,X10,24.55,0.2353
Locomotion_1,X10,24.652,0.2353
Locomotion_1,X10,24.754,0.2353
Locomotion_1,X10,24.856,0.2392
Locomotion_1,X10,24.958,0.2392
Locomotion_1,X10,25.059,0.2392
Locomotion_1,X10,25.161,0.2431
Locomotion_1,X10,25.263,0.2431
Locomotion_1,X10,25.365,0.2431
Locomotion_1,X10,25.467,0.2431
Locomotion_1,X10,25.569,0.2431
Locomotion_1,X10,25.671,0.2471
Locomotion_1,X10,25.772,0.2471
Locomotion_1,X10,25.874,0.2471
Locomotion_1,X10,25.976,0.2471
Locomotion_1,X10,26.078,0.251
Locomotion_1,X10,26.18,0.251
Locomotion_1,X10,26.282,0.251
Locomotion_1,X10,26.384,0.251
Locomotion_1,X10,26.486,0.2549
Locomotion_1,X10,26.587,0.2549
Locomotion_1,X10,26.689,0.2549
Locomotion_1,X10,26.791,0.2549
Locomotion_1,X10,26.893,0.2549
Locomotion_1,X10,26.995,0.2588
Locomotion_1,X10,27.097,0.2588
Locomotion_1,X10,27.199,0.2588
Locomotion_1,X10,27.301,0.2588
Locomotion_1,X10,27.402,0.2588
Locomotion_1,X10,27.504,0.2588
Locomotion_1,X10,27.606,0.2627
Locomotion_1,X10,27.708,0.2627
Locomotion_1,X10,27.81,0.2627
Locomotion_1,X10,27.912,0.2667
Locomotion_1,X10,28.014,0.2667
Locomotion_1,X10,28.115,0.2667
Locomotion_1,X10,28.217,0.2706
Locomotion_1,X10,28.319,0.2706
Locomotion_1,X10,28.421,0.2706
Locomotion_1,X10,28.523,0.2706
Locomotion_1,X10,28.625,0.2745
Locomotion_1,X10,28.727,0.2745
Locomotion_1,X10,28.829,0.2745
Locomotion_1,X10,28.93,0.2784
Locomotion_1,X10,29.032,0.2784
Locomotion_1,X10,29.134,0.2784
Locomotion_1,X10,29.236,0.2824
Locomotion_1,X10,29.338,0.2824
Locomotion_1,X10,29.44,0.2863
Locomotion_1,X10,29.542,0.2863
Locomotion_1,X10,29.643,0.2863
Locomotion_1,X10,29.745,0.2863
Locomotion_1,X10,29.847,0.2902
Locomotion_1,X10,29.949,0.2902
Locomotion_1,X10,30.051,0.2902
Locomotion_1,X10,30.153,0.2902
Locomotion_1,X10,30.255,0.298
Locomotion_1,X10,30.357,0.298
Locomotion_1,X10,30.458,0.298
Locomotion_1,X10,30.56,0.298
Locomotion_1,X10,30.662,0.298
Locomotion_1,X10,30.764,0.302
Locomotion_1,X10,30.866,0.302
Locomotion_1,X10,30.968,0.3059
Locomotion_1,X10,31.07,0.3059
Locomotion_1,X10,31.171,0.3059
Locomotion_1,X10,31.273,0.3059
Locomotion_1,X10,31.375,0.3059
Locomotion_1,X10,31.477,0.3059
Locomotion_1,X10,31.579,0.3098
Locomotion_1,X10,31.681,0.3098
Locomotion_1,X10,31.783,0.3137
Locomotion_1,X10,31.885,0.3137
Locomotion_1,X10,31.986,0.3137
Locomotion_1,X10,32.088,0.3176
Locomotion_1,X10,32.19,0.3176
Locomotion_1,X10,32.292,0.3176
Locomotion_1,X10,32.394,0.3176
Locomotion_1,X10,32.496,0.3216
Locomotion_1,X10,32.598,0.3216
Locomotion_1,X10,32.699,0.3216
Locomotion_1,X10,32.801,0.3255
Locomotion_1,X10,32.903,0.3255
Locomotion_1,X10,33.005,0.3294
Locomotion_1,X10,33.107,0.3294
Locomotion_1,X10,33.209,0.3294
Locomotion_1,X10,33.311,0.3333
Locomotion_1,X10,33.413,0.3333
Locomotion_1,X10,33.514,0.3333
Locomotion_1,X10,33.616,0.3373
Locomotion_1,X10,33.718,0.3373
Locomotion_1,X10,33.82,0.3412
Locomotion_1,X10,33.922,0.3412
Locomotion_1,X10,34.024,0.3451
Locomotion_1,X10,34.126,0.3451
Locomotion_1,X10,34.228,0.3451
Locomotion_1,X10,34.329,0.349
Locomotion_1,X10,34.431,0.349
Locomotion_1,X10,34.533,0.3529
Locomotion_1,X10,34.635,0.3529
Locomotion_1,X10,34.737,0.3608
Locomotion_1,X10,34.839,0.3608
Locomotion_1,X10,34.941,0.3608
Locomotion_1,X10,35.042,0.3608
Locomotion_1,X10,35.144,0.3647
Locomotion_1,X10,35.246,0.3647
Locomotion_1,X10,35.348,0.3686
Locomotion_1,X10,35.45,0.3686
Locomotion_1,X10,35.552,0.3725
Locomotion_1,X10,35.654,0.3725
Locomotion_1,X10,35.756,0.3765
Locomotion_1,X10,35.857,0.3765
Locomotion_1,X10,35.959,0.3765
Locomotion_1,X10,36.061,0.3804
Locomotion_1,X10,36.163,0.3804
Locomotion_1,X10,36.265,0.3843
Locomotion_1,X10,36.367,0.3843
Locomotion_1,X10,36.469,0.3843
Locomotion_1,X10,36.57,0.3882
Locomotion_1,X10,36.672,0.3922
Locomotion_1,X10,36.774,0.3922
Locomotion_1,X10,36.876,0.3961
Locomotion_1,X10,36.978,0.3961
Locomotion_1,X10,37.08,0.4
Locomotion_1,X10,37.182,0.4
Locomotion_1,X10,37.284,0.4039
Locomotion_1,X10,37.385,0.4039
Locomotion_1,X10,37.487,0.4078
Locomotion_1,X10,37.589,0.4078
Locomotion_1,X10,37.691,0.4118
Locomotion_1,X10,37.793,0.4118
Locomotion_1,X10,37.895,0.4157
Locomotion_1,X10,37.997,0.4157
Locomotion_1,X10,38.098,0.4235
Locomotion_1,X10,38.2,0.4235
Locomotion_1,X10,38.302,0.4235
Locomotion_1,X10,38.404,0.4235
Locomotion_1,X10,38.506,0.4275
Locomotion_1,X10,38.608,0.4314
Locomotion_1,X10,38.71,0.4314
Locomotion_1,X10,38.812,0.4353
Locomotion_1,X10,38.913,0.4392
Locomotion_1,X10,39.015,0.4392
Locomotion_1,X10,39.117,0.4392
Locomotion_1,X10,39.219,0.4431
Locomotion_1,X10,39.321,0.4431
Locomotion_1,X10,39.423,0.4471
Locomotion_1,X10,39.525,0.451
Locomotion_1,X10,39.626,0.451
Locomotion_1,X10,39.728,0.4549
Locomotion_1,X10,39.83,0.4588
Locomotion_1,X10,39.932,0.4627
Locomotion_1,X10,40.034,0.4627
Locomotion_1,X10,40.136,0.4627
Locomotion_1,X10,40.238,0.4667
Locomotion_1,X10,40.34,0.4667
Locomotion_1,X10,40.441,0.4706
Locomotion_1,X10,40.543,0.4745
Locomotion_1,X10,40.645,0.4784
Locomotion_1,X10,40.747,0.4784
Locomotion_1,X10,40.849,0.4863
Locomotion_1,X10,40.951,0.4863
Locomotion_1,X10,41.053,0.4863
Locomotion_1,X10,41.154,0.4902
Locomotion_1,X10,41.256,0.4902
Locomotion_1,X10,41.358,0.4941
Locomotion_1,X10,41.46,0.498
Locomotion_1,X10,41.562,0.502
Locomotion_1,X10,41.664,0.5059
Locomotion_1,X10,41.766,0.5059
Locomotion_1,X10,41.868,0.5098
Locomotion_1,X10,41.969,0.5137
Locomotion_1,X10,42.071,0.5176
Locomotion_1,X10,42.173,0.5255
Locomotion_1,X10,42.275,0.5255
Locomotion_1,X10,42.377,0.5255
Locomotion_1,X10,42.479,0.5294
Locomotion_1,X10,42.581,0.5333
Locomotion_1,X10,42.683,0.5373
Locomotion_1,X10,42.784,0.5412
Locomotion_1,X10,42.886,0.5451
Locomotion_1,X10,42.988,0.5529
Locomotion_1,X10,43.09,0.5569
Locomotion_1,X10,43.192,0.5569
Locomotion_1,X10,43.294,0.5569
Locomotion_1,X10,43.396,0.5608
Locomotion_1,X10,43.497,0.5647
Locomotion_1,X10,43.599,0.5686
Locomotion_1,X10,43.701,0.5686
Locomotion_1,X10,43.803,0.5725
Locomotion_1,X10,43.905,0.5725
Locomotion_1,X10,44.007,0.5804
Locomotion_1,X10,44.109,0.5804
Locomotion_1,X10,44.211,0.5882
Locomotion_1,X10,44.312,0.5922
Locomotion_1,X10,44.414,0.5922
Locomotion_1,X10,44.516,0.5961
Locomotion_1,X10,44.618,0.6
Locomotion_1,X10,44.72,0.6039
Locomotion_1,X10,44.822,0.6078
Locomotion_1,X10,44.924,0.6157
Locomotion_1,X10,45.025,0.6196
Locomotion_1,X10,45.127,0.6196
Locomotion_1,X10,45.229,0.6275
Locomotion_1,X10,45.331,0.6275
Locomotion_1,X10,45.433,0.6314
Locomotion_1,X10,45.535,0.6392
Locomotion_1,X10,45.637,0.6431
Locomotion_1,X10,45.739,0.651
Locomotion_1,X10,45.84,0.6549
Locomotion_1,X10,45.942,0.6588
Locomotion_1,X10,46.044,0.6588
Locomotion_1,X10,46.146,0.6627
Locomotion_1,X10,46.248,0.6706
Locomotion_1,X10,46.35,0.6784
Locomotion_1,X10,46.452,0.6824
Locomotion_1,X10,46.553,0.6824
Locomotion_1,X10,46.655,0.6863
Locomotion_1,X10,46.757,0.6941
Locomotion_1,X10,46.859,0.698
Locomotion_1,X10,46.961,0.698
Locomotion_1,X10,47.063,0.702
Locomotion_1,X10,47.165,0.7059
Locomotion_1,X10,47.267,0.7059
Locomotion_1,X10,47.368,0.7137
Locomotion_1,X10,47.47,0.7137
Locomotion_1,X10,47.572,0.7137
Locomotion_1,X10,47.674,0.7137
Locomotion_1,X10,47.776,0.7137
Locomotion_1,X10,47.878,0.7137
Locomotion_1,X10,47.98,0.7137
Locomotion_1,X10,48.081,0.7137
Locomotion_1,X10,48.183,0.7137
Locomotion_1,X10,48.285,0.7137
Locomotion_1,X10,48.387,0.7137
Locomotion_1,X10,48.489,0.7137
Locomotion_1,X10,48.591,0.7137
Locomotion_1,X10,48.693,0.7137
Locomotion_1,X10,48.795,0.7137
Locomotion_1,X10,48.896,0.7137
Locomotion_1,X10,48.998,0.7137
Locomotion_1,X10,49.1,0.7137
Locomotion_1,X10,49.202,0.7137
Locomotion_1,X10,49.304,0.7176
Locomotion_1,X10,49.406,0.7216
Locomotion_1,X10,49.508,0.7255
Locomotion_1,X10,49.61,0.7294
Locomotion_1,X10,49.711,0.7333
Locomotion_1,X10,49.813,0.7451
Locomotion_1,X10,49.915,0.7451
Locomotion_1,X10,50.017,0.749
Locomotion_1,X10,50.119,0.7529
Locomotion_1,X10,50.221,0.7569
Locomotion_1,X10,50.323,0.7608
Locomotion_1,X10,50.424,0.7647
Locomotion_1,X10,50.526,0.7765
Locomotion_1,X10,50.628,0.7804
Locomotion_1,X10,50.73,0.7804
Locomotion_1,X10,50.832,0.7804
Locomotion_1,X10,50.934,0.7804
Locomotion_1,X10,51.036,0.7804
Locomotion_1,X10,51.138,0.7843
Locomotion_1,X10,51.239,0.7843
Locomotion_1,X10,51.341,0.7843
Locomotion_1,X10,51.443,0.7843
Locomotion_1,X10,51.545,0.7843
Locomotion_1,X10,51.647,0.7843
Locomotion_1,X10,51.749,0.7843
Locomotion_1,X10,51.851,0.7843
Locomotion_1,X10,51.952,0.7843
Locomotion_1,X10,52.054,0.7804
Locomotion_1,X10,52.156,0.7804
Locomotion_1,X10,52.258,0.7804
Locomotion_1,X10,52.36,0.7804
Locomotion_1,X10,52.462,0.7804
Locomotion_1,X10,52.564,0.7804
Locomotion_1,X10,52.666,0.7804
Locomotion_1,X10,52.767,0.7804
Locomotion_1,X10,52.869,0.7804
Locomotion_1,X10,52.971,0.7804
Locomotion_1,X10,53.073,0.7804
Locomotion_1,X10,53.175,0.7804
Locomotion_1,X10,53.277,0.7804
Locomotion_1,X10,53.379,0.7843
Locomotion_1,X10,53.48,0.7843
Locomotion_1,X10,53.582,0.7843
Locomotion_1,X10,53.684,0.7882
Locomotion_1,X10,53.786,0.7882
Locomotion_1,X10,53.888,0.7922
Locomotion_1,X10,53.99,0.7922
Locomotion_1,X10,54.092,0.7961
Locomotion_1,X10,54.194,0.7961
Locomotion_1,X10,54.295,0.7961
Locomotion_1,X10,54.397,0.8039
Locomotion_1,X10,54.499,0.8039
Locomotion_1,X10,54.601,0.8078
Locomotion_1,X10,54.703,0.8118
Locomotion_1,X10,54.805,0.8118
Locomotion_1,X10,54.907,0.8118
Locomotion_1,X10,55.008,0.8118
Locomotion_1,X10,55.11,0.8118
Locomotion_1,X10,55.212,0.8157
Locomotion_1,X10,55.314,0.8157
Locomotion_1,X10,55.416,0.8196
Locomotion_1,X10,55.518,0.8196
Locomotion_1,X10,55.62,0.8235
Locomotion_1,X10,55.722,0.8235
Locomotion_1,X10,55.823,0.8235
Locomotion_1,X10,55.925,0.8196
Locomotion_1,X10,56.027,0.8196
Locomotion_1,X10,56.129,0.8196
Locomotion_1,X10,56.231,0.8196
Locomotion_1,X10,56.333,0.8196
Locomotion_1,X10,56.435,0.8196
Locomotion_1,X10,56.537,0.8196
Locomotion_1,X10,56.638,0.8235
Locomotion_1,X10,56.74,0.8196
Locomotion_1,X10,56.842,0.8196
Locomotion_1,X10,56.944,0.8157
Locomotion_1,X10,57.046,0.8157
Locomotion_1,X10,57.148,0.8157
Locomotion_1,X10,57.25,0.8196
Locomotion_1,X10,57.351,0.8196
Locomotion_1,X10,57.453,0.8196
Locomotion_1,X10,57.555,0.8235
Locomotion_1,X10,57.657,0.8235
Locomotion_1,X10,57.759,0.8275
Locomotion_1,X10,57.861,0.8275
Locomotion_1,X10,57.963,0.8314
Locomotion_1,X10,58.065,0.8392
Locomotion_1,X10,58.166,0.8392
Locomotion_1,X10,58.268,0.8431
Locomotion_1,X10,58.37,0.8431
Locomotion_1,X10,58.472,0.8431
Locomotion_1,X10,58.574,0.8471
Locomotion_1,X10,58.676,0.8471
Locomotion_1,X10,58.778,0.851
Locomotion_1,X10,58.879,0.8549
Locomotion_1,X10,58.981,0.8588
Locomotion_1,X10,59.083,0.8588
Locomotion_1,X10,59.185,0.8667
Locomotion_1,X10,59.287,0.8667
Locomotion_1,X10,59.389,0.8667
Locomotion_1,X10,59.491,0.8706
Locomotion_1,X10,59.593,0.8745
Locomotion_1,X10,59.694,0.8745
Locomotion_1,X10,59.796,0.8745
Locomotion_1,X10,59.898,0.8745
Locomotion_1,X10,60.0,0.8745
Locomotion_1,X10,60.102,0.8745
Locomotion_1,X10,60.204,0.8745
Locomotion_1,X10,60.306,0.8745
Locomotion_1,X10,60.407,0.8745
Locomotion_1,X10,60.509,0.8745
Locomotion_1,X10,60.611,0.8745
Locomotion_1,X10,60.713,0.8745
Locomotion_1,X10,60.815,0.8706
Locomotion_1,X10,60.917,0.8706
Locomotion_1,X10,61.019,0.8706
Locomotion_1,X10,61.121,0.8706
Locomotion_1,X10,61.222,0.8706
Locomotion_1,X10,61.324,0.8706
Locomotion_1,X10,61.426,0.8706
Locomotion_1,X10,61.528,0.8706
Locomotion_1,X10,61.63,0.8745
Locomotion_1,X10,61.732,0.8745
Locomotion_1,X10,61.834,0.8745
Locomotion_1,X10,61.935,0.8745
Locomotion_1,X10,62.037,0.8745
Locomotion_1,X10,62.139,0.8784
Locomotion_1,X10,62.241,0.8784
Locomotion_1,X10,62.343,0.8824
Locomotion_1,X10,62.445,0.8863
Locomotion_1,X10,62.547,0.8902
Locomotion_1,X10,62.649,0.8902
Locomotion_1,X10,62.75,0.8902
Locomotion_1,X10,62.852,0.8941
Locomotion_1,X10,62.954,0.8941
Locomotion_1,X10,63.056,0.902
Locomotion_1,X10,63.158,0.9059
Locomotion_1,X10,63.26,0.9059
Locomotion_1,X10,63.362,0.9098
Locomotion_1,X10,63.463,0.9137
Locomotion_1,X10,63.565,0.9137
Locomotion_1,X10,63.667,0.9176
Locomotion_1,X10,63.769,0.9176
Locomotion_1,X10,63.871,0.9216
Locomotion_1,X10,63.973,0.9294
Locomotion_1,X10,64.075,0.9294
Locomotion_1,X10,64.177,0.9333
Locomotion_1,X10,64.278,0.9373
Locomotion_1,X10,64.38,0.9373
Locomotion_1,X10,64.482,0.9373
Locomotion_1,X10,64.584,0.9373
Locomotion_1,X10,64.686,0.9373
Locomotion_1,X10,64.788,0.9373
Locomotion_1,X10,64.89,0.9373
Locomotion_1,X10,64.992,0.9373
Locomotion_1,X10,65.093,0.9333
Locomotion_1,X10,65.195,0.9333
Locomotion_1,X10,65.297,0.9333
Locomotion_1,X10,65.399,0.9294
Locomotion_1,X10,65.501,0.9333
Locomotion_1,X10,65.603,0.9333
Locomotion_1,X10,65.705,0.9333
Locomotion_1,X10,65.806,0.9333
Locomotion_1,X10,65.908,0.9333
Locomotion_1,X10,66.01,0.9333
Locomotion_1,X10,66.112,0.9333
Locomotion_1,X10,66.214,0.9373
Locomotion_1,X10,66.316,0.9373
Locomotion_1,X10,66.418,0.9373
Locomotion_1,X10,66.52,0.9373
Locomotion_1,X10,66.621,0.9412
Locomotion_1,X10,66.723,0.9451
Locomotion_1,X10,66.825,0.949
Locomotion_1,X10,66.927,0.949
Locomotion_1,X10,67.029,0.9529
Locomotion_1,X10,67.131,0.9529
Locomotion_1,X10,67.233,0.9569
Locomotion_1,X10,67.334,0.9647
Locomotion_1,X10,67.436,0.9686
Locomotion_1,X10,67.538,0.9686
Locomotion_1,X10,67.64,0.9686
Locomotion_1,X10,67.742,0.9725
Locomotion_1,X10,67.844,0.9725
Locomotion_1,X10,67.946,0.9725
Locomotion_1,X10,68.048,0.9765
Locomotion_1,X10,68.149,0.9765
Locomotion_1,X10,68.251,0.9765
Locomotion_1,X10,68.353,0.9725
Locomotion_1,X10,68.455,0.9725
Locomotion_1,X10,68.557,0.9725
Locomotion_1,X10,68.659,0.9725
Locomotion_1,X10,68.761,0.9725
Locomotion_1,X10,68.862,0.9725
Locomotion_1,X10,68.964,0.9725
Locomotion_1,X10,69.066,0.9725
Locomotion_1,X10,69.168,0.9725
Locomotion_1,X10,69.27,0.9725
Locomotion_1,X10,69.372,0.9725
Locomotion_1,X10,69.474,0.9725
Locomotion_1,X10,69.576,0.9725
Locomotion_1,X10,69.677,0.9725
Locomotion_1,X10,69.779,0.9725
Locomotion_1,X10,69.881,0.9725
Locomotion_1,X10,69.983,0.9725
Locomotion_1,X10,70.085,0.9725
Locomotion_1,X10,70.187,0.9725
Locomotion_1,X10,70.289,0.9725
Locomotion_1,X10,70.39,0.9725
Locomotion_1,X10,70.492,0.9725
Locomotion_1,X10,70.594,0.9725
Locomotion_1,X10,70.696,0.9725
Locomotion_1,X10,70.798,0.9725
Locomotion_1,X10,70.9,0.9725
Locomotion_1,X10,71.002,0.9725
Locomotion_1,X10,71.104,0.9725
Locomotion_1,X10,71.205,0.9725
Locomotion_1,X10,71.307,0.9725
Locomotion_1,X10,71.409,0.9725
Locomotion_1,X10,71.511,0.9725
Locomotion_1,X10,71.613,0.9725
Locomotion_1,X10,71.715,0.9725
Locomotion_1,X10,71.817,0.9725
Locomotion_1,X10,71.919,0.9725
Locomotion_1,X10,72.02,0.9725
Locomotion_1,X10,72.122,0.9725
Locomotion_1,X10,72.224,0.9725
Locomotion_1,X10,72.326,0.9725
Locomotion_1,X10,72.428,0.9725
Locomotion_1,X10,72.53,0.9725
Locomotion_1,X10,72.632,0.9725
Locomotion_1,X10,72.733,0.9725
Locomotion_1,X10,72.835,0.9725
Locomotion_1,X10,72.937,0.9725
Locomotion_1,X10,73.039,0.9725
Locomotion_1,X10,73.141,0.9725
Locomotion_1,X10,73.243,0.9725
Locomotion_1,X10,73.345,0.9725
Locomotion_1,X10,73.447,0.9725
Locomotion_1,X10,73.548,0.9725
Locomotion_1,X10,73.65,0.9725
Locomotion_1,X10,73.752,0.9725
Locomotion_1,X10,73.854,0.9725
Locomotion_1,X10,73.956,0.9725
Locomotion_1,X10,74.058,0.9725
Locomotion_1,X10,74.16,0.9725
Locomotion_1,X10,74.261,0.9765
Locomotion_1,X10,74.363,1.0
Locomotion_1,X11,0.0,1.0
Locomotion_1,X11,0.102,0.0549
Locomotion_1,X11,0.204,0.0
Locomotion_1,X11,0.306,0.0
Locomotion_1,X11,0.407,0.0
Locomotion_1,X11,0.509,0.0
Locomotion_1,X11,0.611,0.0039
Locomotion_1,X11,0.713,0.0118
Locomotion_1,X11,0.815,0.7059
Locomotion_1,X11,0.917,0.6824
Locomotion_1,X11,1.019,0.6627
Locomotion_1,X11,1.121,0.6627
Locomotion_1,X11,1.222,0.6588
Locomotion_1,X11,1.324,0.6627
Locomotion_1,X11,1.426,0.6706
Locomotion_1,X11,1.528,0.6824
Locomotion_1,X11,1.63,0.6863
Locomotion_1,X11,1.732,0.0157
Locomotion_1,X11,1.834,0.0157
Locomotion_1,X11,1.935,0.0157
Locomotion_1,X11,2.037,0.0157
Locomotion_1,X11,2.139,0.0157
Locomotion_1,X11,2.241,0.0157
Locomotion_1,X11,2.343,0.702
Locomotion_1,X11,2.445,0.6824
Locomotion_1,X11,2.547,0.6549
Locomotion_1,X11,2.649,0.6
Locomotion_1,X11,2.75,0.5569
Locomotion_1,X11,2.852,0.502
Locomotion_1,X11,2.954,0.451
Locomotion_1,X11,3.056,0.4078
Locomotion_1,X11,3.158,0.3647
Locomotion_1,X11,3.26,0.3176
Locomotion_1,X11,3.362,0.2784
Locomotion_1,X11,3.463,0.2353
Locomotion_1,X11,3.565,0.1961
Locomotion_1,X11,3.667,0.1569
Locomotion_1,X11,3.769,0.0902
Locomotion_1,X11,3.871,0.0824
Locomotion_1,X11,3.973,0.0902
Locomotion_1,X11,4.075,0.098
Locomotion_1,X11,4.177,0.1059
Locomotion_1,X11,4.278,0.1137
Locomotion_1,X11,4.38,0.1216
Locomotion_1,X11,4.482,0.1255
Locomotion_1,X11,4.584,0.1294
Locomotion_1,X11,4.686,0.1373
Locomotion_1,X11,4.788,0.1412
Locomotion_1,X11,4.89,0.149
Locomotion_1,X11,4.992,0.1529
Locomotion_1,X11,5.093,0.1569
Locomotion_1,X11,5.195,0.1647
Locomotion_1,X11,5.297,0.1725
Locomotion_1,X11,5.399,0.1725
Locomotion_1,X11,5.501,0.1765
Locomotion_1,X11,5.603,0.1843
Locomotion_1,X11,5.705,0.1882
Locomotion_1,X11,5.806,0.1922
Locomotion_1,X11,5.908,0.1961
Locomotion_1,X11,6.01,0.2039
Locomotion_1,X11,6.112,0.2078
Locomotion_1,X11,6.214,0.2118
Locomotion_1,X11,6.316,0.2157
Locomotion_1,X11,6.418,0.2235
Locomotion_1,X11,6.52,0.2275
Locomotion_1,X11,6.621,0.2353
Locomotion_1,X11,6.723,0.2392
Locomotion_1,X11,6.825,0.2431
Locomotion_1,X11,6.927,0.2471
Locomotion_1,X11,7.029,0.251
Locomotion_1,X11,7.131,0.2549
Locomotion_1,X11,7.233,0.2588
Locomotion_1,X11,7.334,0.2627
Locomotion_1,X11,7.436,0.2667
Locomotion_1,X11,7.538,0.2667
Locomotion_1,X11,7.64,0.2667
Locomotion_1,X11,7.742,0.2667
Locomotion_1,X11,7.844,0.2667
Locomotion_1,X11,7.946,0.2667
Locomotion_1,X11,8.048,0.2667
Locomotion_1,X11,8.149,0.2627
Locomotion_1,X11,8.251,0.2627
Locomotion_1,X11,8.353,0.2627
Locomotion_1,X11,8.455,0.2627
Locomotion_1,X11,8.557,0.2588
Locomotion_1,X11,8.659,0.2588
Locomotion_1,X11,8.761,0.2588
Locomotion_1,X11,8.862,0.2588
Locomotion_1,X11,8.964,0.2549
Locomotion_1,X11,9.066,0.2549
Locomotion_1,X11,9.168,0.2549
Locomotion_1,X11,9.27,0.2549
Locomotion_1,X11,9.372,0.251
Locomotion_1,X11,9.474,0.251
Locomotion_1,X11,9.576,0.2471
Locomotion_1,X11,9.677,0.2471
Locomotion_1,X11,9.779,0.2471
Locomotion_1,X11,9.881,0.2471
Locomotion_1,X11,9.983,0.2471
Locomotion_1,X11,10.085,0.2471
Locomotion_1,X11,10.187,0.2431
Locomotion_1,X11,10.289,0.2431
Locomotion_1,X11,10.39,0.2431
Locomotion_1,X11,10.492,0.2431
Locomotion_1,X11,10.594,0.2431
Locomotion_1,X11,10.696,0.2431
Locomotion_1,X11,10.798,0.2431
Locomotion_1,X11,10.9,0.2392
Locomotion_1,X11,11.002,0.2392
Locomotion_1,X11,11.104,0.2392
Locomotion_1,X11,11.205,0.2392
Locomotion_1,X11,11.307,0.2392
Locomotion_1,X11,11.409,0.2353
Locomotion_1,X11,11.511,0.2353
Locomotion_1,X11,11.613,0.2353
Locomotion_1,X11,11.715,0.2353
Locomotion_1,X11,11.817,0.2353
Locomotion_1,X11,11.919,0.2353
Locomotion_1,X11,12.02,0.2353
Locomotion_1,X11,12.122,0.2353
Locomotion_1,X11,12.224,0.2353
Locomotion_1,X11,12.326,0.2275
Locomotion_1,X11,12.428,0.2275
Locomotion_1,X11,12.53,0.2275
Locomotion_1,X11,12.632,0.2275
Locomotion_1,X11,12.733,0.2235
Locomotion_1,X11,12.835,0.2235
Locomotion_1,X11,12.937,0.2235
Locomotion_1,X11,13.039,0.2235
Locomotion_1,X11,13.141,0.2235
Locomotion_1,X11,13.243,0.2235
Locomotion_1,X11,13.345,0.2235
Locomotion_1,X11,13.447,0.2235
Locomotion_1,X11,13.548,0.2235
Locomotion_1,X11,13.65,0.2196
Locomotion_1,X11,13.752,0.2196
Locomotion_1,X11,13.854,0.2196
Locomotion_1,X11,13.956,0.2196
Locomotion_1,X11,14.058,0.2196
Locomotion_1,X11,14.16,0.2196
Locomotion_1,X11,14.261,0.2196
Locomotion_1,X11,14.363,0.2157
Locomotion_1,X11,14.465,0.2157
Locomotion_1,X11,14.567,0.2157
Locomotion_1,X11,14.669,0.2157
Locomotion_1,X11,14.771,0.2157
Locomotion_1,X11,14.873,0.2157
Locomotion_1,X11,14.975,0.2118
Locomotion_1,X11,15.076,0.2118
Locomotion_1,X11,15.178,0.2118
Locomotion_1,X11,15.28,0.2118
Locomotion_1,X11,15.382,0.2118
Locomotion_1,X11,15.484,0.2118
Locomotion_1,X11,15.586,0.2118
Locomotion_1,X11,15.688,0.2118
Locomotion_1,X11,15.789,0.2118
Locomotion_1,X11,15.891,0.2118
Locomotion_1,X11,15.993,0.2118
Locomotion_1,X11,16.095,0.2118
Locomotion_1,X11,16.197,0.2118
Locomotion_1,X11,16.299,0.2078
Locomotion_1,X11,16.401,0.2078
Locomotion_1,X11,16.503,0.2078
Locomotion_1,X11,16.604,0.2078
Locomotion_1,X11,16.706,0.2078
Locomotion_1,X11,16.808,0.2078
Locomotion_1,X11,16.91,0.2078
Locomotion_1,X11,17.012,0.2078
Locomotion_1,X11,17.114,0.2078
Locomotion_1,X11,17.216,0.2039
Locomotion_1,X11,17.317,0.2039
Locomotion_1,X11,17.419,0.2039
Locomotion_1,X11,17.521,0.2039
Locomotion_1,X11,17.623,0.2039
Locomotion_1,X11,17.725,0.2039
Locomotion_1,X11,17.827,0.2039
Locomotion_1,X11,17.929,0.2039
Locomotion_1,X11,18.031,0.2039
Locomotion_1,X11,18.132,0.2039
Locomotion_1,X11,18.234,0.2039
Locomotion_1,X11,18.336,0.2039
Locomotion_1,X11,18.438,0.2039
Locomotion_1,X11,18.54,0.2
Locomotion_1,X11,18.642,0.2
Locomotion_1,X11,18.744,0.2
Locomotion_1,X11,18.846,0.2
Locomotion_1,X11,18.947,0.2
Locomotion_1,X11,19.049,0.2
Locomotion_1,X11,19.151,0.2
Locomotion_1,X11,19.253,0.2
Locomotion_1,X11,19.355,0.2
Locomotion_1,X11,19.457,0.2
Locomotion_1,X11,19.559,0.2
Locomotion_1,X11,19.66,0.2
Locomotion_1,X11,19.762,0.2
Locomotion_1,X11,19.864,0.2
Locomotion_1,X11,19.966,0.2
Locomotion_1,X11,20.068,0.2
Locomotion_1,X11,20.17,0.2
Locomotion_1,X11,20.272,0.2039
Locomotion_1,X11,20.374,0.2039
Locomotion_1,X11,20.475,0.2039
Locomotion_1,X11,20.577,0.2039
Locomotion_1,X11,20.679,0.2078
Locomotion_1,X11,20.781,0.2078
Locomotion_1,X11,20.883,0.2078
Locomotion_1,X11,20.985,0.2078
Locomotion_1,X11,21.087,0.2078
Locomotion_1,X11,21.188,0.2078
Locomotion_1,X11,21.29,0.2118
Locomotion_1,X11,21.392,0.2118
Locomotion_1,X11,21.494,0.2118
Locomotion_1,X11,21.596,0.2118
Locomotion_1,X11,21.698,0.2118
Locomotion_1,X11,21.8,0.2157
Locomotion_1,X11,21.902,0.2157
Locomotion_1,X11,22.003,0.2157
Locomotion_1,X11,22.105,0.2157
Locomotion_1,X11,22.207,0.2157
Locomotion_1,X11,22.309,0.2196
Locomotion_1,X11,22.411,0.2196
Locomotion_1,X11,22.513,0.2196
Locomotion_1,X11,22.615,0.2196
Locomotion_1,X11,22.716,0.2196
Locomotion_1,X11,22.818,0.2235
Locomotion_1,X11,22.92,0.2235
Locomotion_1,X11,23.022,0.2235
Locomotion_1,X11,23.124,0.2235
Locomotion_1,X11,23.226,0.2235
Locomotion_1,X11,23.328,0.2235
Locomotion_1,X11,23.43,0.2275
Locomotion_1,X11,23.531,0.2275
Locomotion_1,X11,23.633,0.2275
Locomotion_1,X11,23.735,0.2275
Locomotion_1,X11,23.837,0.2275
Locomotion_1,X11,23.939,0.2353
Locomotion_1,X11,24.041,0.2353
Locomotion_1,X11,24.143,0.2353
Locomotion_1,X11,24.244,0.2353
Locomotion_1,X11,24.346,0.2353
Locomotion_1,X11,24.448,0.2353
Locomotion_1,X11,24.55,0.2353
Locomotion_1,X11,24.652,0.2353
Locomotion_1,X11,24.754,0.2353
Locomotion_1,X11,24.856,0.2353
Locomotion_1,X11,24.958,0.2392
Locomotion_1,X11,25.059,0.2392
Locomotion_1,X11,25.161,0.2392
Locomotion_1,X11,25.263,0.2431
Locomotion_1,X11,25.365,0.2431
Locomotion_1,X11,25.467,0.2431
Locomotion_1,X11,25.569,0.2431
Locomotion_1,X11,25.671,0.2431
Locomotion_1,X11,25.772,0.2471
Locomotion_1,X11,25.874,0.2471
Locomotion_1,X11,25.976,0.2471
Locomotion_1,X11,26.078,0.2471
Locomotion_1,X11,26.18,0.251
Locomotion_1,X11,26.282,0.251
Locomotion_1,X11,26.384,0.251
Locomotion_1,X11,26.486,0.251
Locomotion_1,X11,26.587,0.2549
Locomotion_1,X11,26.689,0.2549
Locomotion_1,X11,26.791,0.2549
Locomotion_1,X11,26.893,0.2549
Locomotion_1,X11,26.995,0.2549
Locomotion_1,X11,27.097,0.2588
Locomotion_1,X11,27.199,0.2588
Locomotion_1,X11,27.301,0.2588
Locomotion_1,X11,27.402,0.2588
Locomotion_1,X11,27.504,0.2588
Locomotion_1,X11,27.606,0.2588
Locomotion_1,X11,27.708,0.2627
Locomotion_1,X11,27.81,0.2627
Locomotion_1,X11,27.912,0.2627
Locomotion_1,X11,28.014,0.2667
Locomotion_1,X11,28.115,0.2667
Locomotion_1,X11,28.217,0.2667
Locomotion_1,X11,28.319,0.2706
Locomotion_1,X11,28.421,0.2706
Locomotion_1,X11,28.523,0.2706
Locomotion_1,X11,28.625,0.2706
Locomotion_1,X11,28.727,0.2745
Locomotion_1,X11,28.829,0.2745
Locomotion_1,X11,28.93,0.2745
Locomotion_1,X11,29.032,0.2784
Locomotion_1,X11,29.134,0.2784
Locomotion_1,X11,29.236,0.2784
Locomotion_1,X11,29.338,0.2824
Locomotion_1,X11,29.44,0.2824
Locomotion_1,X11,29.542,0.2863
Locomotion_1,X11,29.643,0.2863
Locomotion_1,X11,29.745,0.2863
Locomotion_1,X11,29.847,0.2863
Locomotion_1,X11,29.949,0.2902
Locomotion_1,X11,30.051,0.2902
Locomotion_1,X11,30.153,0.2902
Locomotion_1,X11,30.255,0.2902
Locomotion_1,X11,30.357,0.298
Locomotion_1,X11,30.458,0.298
Locomotion_1,X11,30.56,0.298
Locomotion_1,X11,30.662,0.298
Locomotion_1,X11,30.764,0.298
Locomotion_1,X11,30.866,0.302
Locomotion_1,X11,30.968,0.302
Locomotion_1,X11,31.07,0.3059
Locomotion_1,X11,31.171,0.3059
Locomotion_1,X11,31.273,0.3059
Locomotion_1,X11,31.375,0.3059
Locomotion_1,X11,31.477,0.3059
Locomotion_1,X11,31.579,0.3059
Locomotion_1,X11,31.681,0.3098
Locomotion_1,X11,31.783,0.3098
Locomotion_1,X11,31.885,0.3137
Locomotion_1,X11,31.986,0.3137
Locomotion_1,X11,32.088,0.3137
Locomotion_1,X11,32.19,0.3176
Locomotion_1,X11,32.292,0.3176
Locomotion_1,X11,32.394,0.3176
Locomotion_1,X11,32.496,0.3176
Locomotion_1,X11,32.598,0.3216
Locomotion_1,X11,32.699,0.3216
Locomotion_1,X11,32.801,0.3216
Locomotion_1,X11,32.903,0.3255
Locomotion_1,X11,33.005,0.3255
Locomotion_1,X11,33.107,0.3294
Locomotion_1,X11,33.209,0.3294
Locomotion_1,X11,33.311,0.3294
Locomotion_1,X11,33.413,0.3333
Locomotion_1,X11,33.514,0.3333
Locomotion_1,X11,33.616,0.3333
Locomotion_1,X11,33.718,0.3373
Locomotion_1,X11,33.82,0.3373
Locomotion_1,X11,33.922,0.3412
Locomotion_1,X11,34.024,0.3412
Locomotion_1,X11,34.126,0.3451
Locomotion_1,X11,34.228,0.3451
Locomotion_1,X11,34.329,0.3451
Locomotion_1,X11,34.431,0.349
Locomotion_1,X11,34.533,0.349
Locomotion_1,X11,34.635,0.3529
Locomotion_1,X11,34.737,0.3529
Locomotion_1,X11,34.839,0.3608
Locomotion_1,X11,34.941,0.3608
Locomotion_1,X11,35.042,0.3608
Locomotion_1,X11,35.144,0.3608
Locomotion_1,X11,35.246,0.3647
Locomotion_1,X11,35.348,0.3647
Locomotion_1,X11,35.45,0.3686
Locomotion_1,X11,35.552,0.3686
Locomotion_1,X11,35.654,0.3725
Locomotion_1,X11,35.756,0.3725
Locomotion_1,X11,35.857,0.3765
Locomotion_1,X11,35.959,0.3765
Locomotion_1,X11,36.061,0.3765
Locomotion_1,X11,36.163,0.3804
Locomotion_1,X11,36.265,0.3804
Locomotion_1,X11,36.367,0.3843
Locomotion_1,X11,36.469,0.3843
Locomotion_1,X11,36.57,0.3843
Locomotion_1,X11,36.672,0.3882
Locomotion_1,X11,36.774,0.3922
Locomotion_1,X11,36.876,0.3922
Locomotion_1,X11,36.978,0.3961
Locomotion_1,X11,37.08,0.3961
Locomotion_1,X11,37.182,0.4
Locomotion_1,X11,37.284,0.4
Locomotion_1,X11,37.385,0.4039
Locomotion_1,X11,37.487,0.4039
Locomotion_1,X11,37.589,0.4078
Locomotion_1,X11,37.691,0.4078
Locomotion_1,X11,37.793,0.4118
Locomotion_1,X11,37.895,0.4118
Locomotion_1,X11,37.997,0.4157
Locomotion_1,X11,38.098,0.4157
Locomotion_1,X11,38.2,0.4235
Locomotion_1,X11,38.302,0.4235
Locomotion_1,X11,38.404,0.4235
Locomotion_1,X11,38.506,0.4235
Locomotion_1,X11,38.608,0.4275
Locomotion_1,X11,38.71,0.4314
Locomotion_1,X11,38.812,0.4314
Locomotion_1,X11,38.913,0.4353
Locomotion_1,X11,39.015,0.4392
Locomotion_1,X11,39.117,0.4392
Locomotion_1,X11,39.219,0.4392
Locomotion_1,X11,39.321,0.4431
Locomotion_1,X11,39.423,0.4431
Locomotion_1,X11,39.525,0.4471
Locomotion_1,X11,39.626,0.451
Locomotion_1,X11,39.728,0.451
Locomotion_1,X11,39.83,0.4549
Locomotion_1,X11,39.932,0.4588
Locomotion_1,X11,40.034,0.4627
Locomotion_1,X11,40.136,0.4627
Locomotion_1,X11,40.238,0.4627
Locomotion_1,X11,40.34,0.4667
Locomotion_1,X11,40.441,0.4667
Locomotion_1,X11,40.543,0.4706
Locomotion_1,X11,40.645,0.4745
Locomotion_1,X11,40.747,0.4784
Locomotion_1,X11,40.849,0.4784
Locomotion_1,X11,40.951,0.4863
Locomotion_1,X11,41.053,0.4863
Locomotion_1,X11,41.154,0.4863
Locomotion_1,X11,41.256,0.4902
Locomotion_1,X11,41.358,0.4902
Locomotion_1,X11,41.46,0.4941
Locomotion_1,X11,41.562,0.498
Locomotion_1,X11,41.664,0.502
Locomotion_1,X11,41.766,0.5059
Locomotion_1,X11,41.868,0.5059
Locomotion_1,X11,41.969,0.5098
Locomotion_1,X11,42.071,0.5137
Locomotion_1,X11,42.173,0.5176
Locomotion_1,X11,42.275,0.5255
Locomotion_1,X11,42.377,0.5255
Locomotion_1,X11,42.479,0.5255
Locomotion_1,X11,42.581,0.5294
Locomotion_1,X11,42.683,0.5333
Locomotion_1,X11,42.784,0.5373
Locomotion_1,X11,42.886,0.5412
Locomotion_1,X11,42.988,0.5451
Locomotion_1,X11,43.09,0.5529
Locomotion_1,X11,43.192,0.5569
Locomotion_1,X11,43.294,0.5569
Locomotion_1,X11,43.396,0.5569
Locomotion_1,X11,43.497,0.5608
Locomotion_1,X11,43.599,0.5647
Locomotion_1,X11,43.701,0.5686
Locomotion_1,X11,43.803,0.5686
Locomotion_1,X11,43.905,0.5725
Locomotion_1,X11,44.007,0.5725
Locomotion_1,X11,44.109,0.5804
Locomotion_1,X11,44.211,0.5804
Locomotion_1,X11,44.312,0.5882
Locomotion_1,X11,44.414,0.5922
Locomotion_1,X11,44.516,0.5922
Locomotion_1,X11,44.618,0.5961
Locomotion_1,X11,44.72,0.6
Locomotion_1,X11,44.822,0.6039
Locomotion_1,X11,44.924,0.6078
Locomotion_1,X11,45.025,0.6157
Locomotion_1,X11,45.127,0.6196
Locomotion_1,X11,45.229,0.6235
Locomotion_1,X11,45.331,0.6275
Locomotion_1,X11,45.433,0.6275
Locomotion_1,X11,45.535,0.6314
Locomotion_1,X11,45.637,0.6392
Locomotion_1,X11,45.739,0.6431
Locomotion_1,X11,45.84,0.651
Locomotion_1,X11,45.942,0.6549
Locomotion_1,X11,46.044,0.6588
Locomotion_1,X11,46.146,0.6627
Locomotion_1,X11,46.248,0.6706
Locomotion_1,X11,46.35,0.6824
Locomotion_1,X11,46.452,0.6863
Locomotion_1,X11,46.553,0.6941
Locomotion_1,X11,46.655,0.698
Locomotion_1,X11,46.757,0.7059
Locomotion_1,X11,46.859,0.7137
Locomotion_1,X11,46.961,0.7176
Locomotion_1,X11,47.063,0.7216
Locomotion_1,X11,47.165,0.7255
Locomotion_1,X11,47.267,0.7294
Locomotion_1,X11,47.368,0.7294
Locomotion_1,X11,47.47,0.7255
Locomotion_1,X11,47.572,0.7216
Locomotion_1,X11,47.674,0.7176
Locomotion_1,X11,47.776,0.7137
Locomotion_1,X11,47.878,0.7137
Locomotion_1,X11,47.98,0.7137
Locomotion_1,X11,48.081,0.7137
Locomotion_1,X11,48.183,0.7137
Locomotion_1,X11,48.285,0.7137
Locomotion_1,X11,48.387,0.7137
Locomotion_1,X11,48.489,0.7137
Locomotion_1,X11,48.591,0.7137
Locomotion_1,X11,48.693,0.7137
Locomotion_1,X11,48.795,0.7137
Locomotion_1,X11,48.896,0.7137
Locomotion_1,X11,48.998,0.7137
Locomotion_1,X11,49.1,0.7137
Locomotion_1,X11,49.202,0.7137
Locomotion_1,X11,49.304,0.7137
Locomotion_1,X11,49.406,0.7176
Locomotion_1,X11,49.508,0.7216
Locomotion_1,X11,49.61,0.7255
Locomotion_1,X11,49.711,0.7294
Locomotion_1,X11,49.813,0.7333
Locomotion_1,X11,49.915,0.7451
Locomotion_1,X11,50.017,0.749
Locomotion_1,X11,50.119,0.7569
Locomotion_1,X11,50.221,0.7647
Locomotion_1,X11,50.323,0.7765
Locomotion_1,X11,50.424,0.7804
Locomotion_1,X11,50.526,0.7922
Locomotion_1,X11,50.628,0.8039
Locomotion_1,X11,50.73,0.8078
Locomotion_1,X11,50.832,0.8078
Locomotion_1,X11,50.934,0.8118
Locomotion_1,X11,51.036,0.8118
Locomotion_1,X11,51.138,0.8118
Locomotion_1,X11,51.239,0.8118
Locomotion_1,X11,51.341,0.8078
Locomotion_1,X11,51.443,0.7961
Locomotion_1,X11,51.545,0.7961
Locomotion_1,X11,51.647,0.7882
Locomotion_1,X11,51.749,0.7843
Locomotion_1,X11,51.851,0.7843
Locomotion_1,X11,51.952,0.7843
Locomotion_1,X11,52.054,0.7843
Locomotion_1,X11,52.156,0.7804
Locomotion_1,X11,52.258,0.7804
Locomotion_1,X11,52.36,0.7804
Locomotion_1,X11,52.462,0.7804
Locomotion_1,X11,52.564,0.7804
Locomotion_1,X11,52.666,0.7804
Locomotion_1,X11,52.767,0.7804
Locomotion_1,X11,52.869,0.7804
Locomotion_1,X11,52.971,0.7804
Locomotion_1,X11,53.073,0.7804
Locomotion_1,X11,53.175,0.7804
Locomotion_1,X11,53.277,0.7804
Locomotion_1,X11,53.379,0.7804
Locomotion_1,X11,53.48,0.7843
Locomotion_1,X11,53.582,0.7843
Locomotion_1,X11,53.684,0.7843
Locomotion_1,X11,53.786,0.7882
Locomotion_1,X11,53.888,0.7882
Locomotion_1,X11,53.99,0.7922
Locomotion_1,X11,54.092,0.7922
Locomotion_1,X11,54.194,0.7961
Locomotion_1,X11,54.295,0.7961
Locomotion_1,X11,54.397,0.8078
Locomotion_1,X11,54.499,0.8118
Locomotion_1,X11,54.601,0.8118
Locomotion_1,X11,54.703,0.8157
Locomotion_1,X11,54.805,0.8235
Locomotion_1,X11,54.907,0.8235
Locomotion_1,X11,55.008,0.8275
Locomotion_1,X11,55.11,0.8392
Locomotion_1,X11,55.212,0.8392
Locomotion_1,X11,55.314,0.8431
Locomotion_1,X11,55.416,0.8431
Locomotion_1,X11,55.518,0.8471
Locomotion_1,X11,55.62,0.8471
Locomotion_1,X11,55.722,0.8471
Locomotion_1,X11,55.823,0.8431
Locomotion_1,X11,55.925,0.8314
Locomotion_1,X11,56.027,0.8275
Locomotion_1,X11,56.129,0.8196
Locomotion_1,X11,56.231,0.8196
Locomotion_1,X11,56.333,0.8196
Locomotion_1,X11,56.435,0.8196
Locomotion_1,X11,56.537,0.8196
Locomotion_1,X11,56.638,0.8196
Locomotion_1,X11,56.74,0.8235
Locomotion_1,X11,56.842,0.8196
Locomotion_1,X11,56.944,0.8196
Locomotion_1,X11,57.046,0.8157
Locomotion_1,X11,57.148,0.8157
Locomotion_1,X11,57.25,0.8157
Locomotion_1,X11,57.351,0.8196
Locomotion_1,X11,57.453,0.8196
Locomotion_1,X11,57.555,0.8196
Locomotion_1,X11,57.657,0.8235
Locomotion_1,X11,57.759,0.8235
Locomotion_1,X11,57.861,0.8275
Locomotion_1,X11,57.963,0.8275
Locomotion_1,X11,58.065,0.8314
Locomotion_1,X11,58.166,0.8392
Locomotion_1,X11,58.268,0.8392
Locomotion_1,X11,58.37,0.8431
Locomotion_1,X11,58.472,0.8431
Locomotion_1,X11,58.574,0.8471
Locomotion_1,X11,58.676,0.8549
Locomotion_1,X11,58.778,0.8588
Locomotion_1,X11,58.879,0.8706
Locomotion_1,X11,58.981,0.8745
Locomotion_1,X11,59.083,0.8784
Locomotion_1,X11,59.185,0.8824
Locomotion_1,X11,59.287,0.8863
Locomotion_1,X11,59.389,0.8902
Locomotion_1,X11,59.491,0.8941
Locomotion_1,X11,59.593,0.902
Locomotion_1,X11,59.694,0.9059
Locomotion_1,X11,59.796,0.9059
Locomotion_1,X11,59.898,0.9059
Locomotion_1,X11,60.0,0.902
Locomotion_1,X11,60.102,0.8863
Locomotion_1,X11,60.204,0.8863
Locomotion_1,X11,60.306,0.8824
Locomotion_1,X11,60.407,0.8745
Locomotion_1,X11,60.509,0.8745
Locomotion_1,X11,60.611,0.8745
Locomotion_1,X11,60.713,0.8745
Locomotion_1,X11,60.815,0.8745
Locomotion_1,X11,60.917,0.8706
Locomotion_1,X11,61.019,0.8706
Locomotion_1,X11,61.121,0.8706
Locomotion_1,X11,61.222,0.8706
Locomotion_1,X11,61.324,0.8706
Locomotion_1,X11,61.426,0.8706
Locomotion_1,X11,61.528,0.8706
Locomotion_1,X11,61.63,0.8706
Locomotion_1,X11,61.732,0.8745
Locomotion_1,X11,61.834,0.8745
Locomotion_1,X11,61.935,0.8745
Locomotion_1,X11,62.037,0.8745
Locomotion_1,X11,62.139,0.8745
Locomotion_1,X11,62.241,0.8784
Locomotion_1,X11,62.343,0.8784
Locomotion_1,X11,62.445,0.8824
Locomotion_1,X11,62.547,0.8863
Locomotion_1,X11,62.649,0.8902
Locomotion_1,X11,62.75,0.8902
Locomotion_1,X11,62.852,0.8902
Locomotion_1,X11,62.954,0.8941
Locomotion_1,X11,63.056,0.8941
Locomotion_1,X11,63.158,0.9059
Locomotion_1,X11,63.26,0.9059
Locomotion_1,X11,63.362,0.9137
Locomotion_1,X11,63.463,0.9176
Locomotion_1,X11,63.565,0.9294
Locomotion_1,X11,63.667,0.9333
Locomotion_1,X11,63.769,0.9373
Locomotion_1,X11,63.871,0.9412
Locomotion_1,X11,63.973,0.949
Locomotion_1,X11,64.075,0.9529
Locomotion_1,X11,64.177,0.9529
Locomotion_1,X11,64.278,0.9647
Locomotion_1,X11,64.38,0.9647
Locomotion_1,X11,64.482,0.9569
Locomotion_1,X11,64.584,0.9529
Locomotion_1,X11,64.686,0.9451
Locomotion_1,X11,64.788,0.9412
Locomotion_1,X11,64.89,0.9373
Locomotion_1,X11,64.992,0.9373
Locomotion_1,X11,65.093,0.9373
Locomotion_1,X11,65.195,0.9333
Locomotion_1,X11,65.297,0.9333
Locomotion_1,X11,65.399,0.9333
Locomotion_1,X11,65.501,0.9294
Locomotion_1,X11,65.603,0.9333
Locomotion_1,X11,65.705,0.9333
Locomotion_1,X11,65.806,0.9333
Locomotion_1,X11,65.908,0.9333
Locomotion_1,X11,66.01,0.9333
Locomotion_1,X11,66.112,0.9333
Locomotion_1,X11,66.214,0.9333
Locomotion_1,X11,66.316,0.9373
Locomotion_1,X11,66.418,0.9373
Locomotion_1,X11,66.52,0.9373
Locomotion_1,X11,66.621,0.9373
Locomotion_1,X11,66.723,0.9412
Locomotion_1,X11,66.825,0.9451
Locomotion_1,X11,66.927,0.949
Locomotion_1,X11,67.029,0.9569
Locomotion_1,X11,67.131,0.9647
Locomotion_1,X11,67.233,0.9647
Locomotion_1,X11,67.334,0.9725
Locomotion_1,X11,67.436,0.9804
Locomotion_1,X11,67.538,0.9843
Locomotion_1,X11,67.64,0.9922
Locomotion_1,X11,67.742,1.0
Locomotion_1,X11,67.844,1.0
Locomotion_1,X11,67.946,1.0
Locomotion_1,X11,68.048,1.0
Locomotion_1,X11,68.149,1.0
Locomotion_1,X11,68.251,1.0
Locomotion_1,X11,68.353,1.0
Locomotion_1,X11,68.455,1.0
Locomotion_1,X11,68.557,1.0
Locomotion_1,X11,68.659,1.0
Locomotion_1,X11,68.761,1.0
Locomotion_1,X11,68.862,1.0
Locomotion_1,X11,68.964,1.0
Locomotion_1,X11,69.066,1.0
Locomotion_1,X11,69.168,1.0
Locomotion_1,X11,69.27,1.0
Locomotion_1,X11,69.372,1.0
Locomotion_1,X11,69.474,1.0
Locomotion_1,X11,69.576,1.0
Locomotion_1,X11,69.677,1.0
Locomotion_1,X11,69.779,1.0
Locomotion_1,X11,69.881,1.0
Locomotion_1,X11,69.983,1.0
Locomotion_1,X11,70.085,1.0
Locomotion_1,X11,70.187,1.0
Locomotion_1,X11,70.289,1.0
Locomotion_1,X11,70.39,1.0
Locomotion_1,X11,70.492,1.0
Locomotion_1,X11,70.594,1.0
Locomotion_1,X11,70.696,1.0
Locomotion_1,X11,70.798,1.0
Locomotion_1,X11,70.9,1.0
Locomotion_1,X11,71.002,1.0
Locomotion_1,X11,71.104,1.0
Locomotion_1,X11,71.205,1.0
Locomotion_1,X11,71.307,1.0
Locomotion_1,X11,71.409,1.0
Locomotion_1,X11,71.511,1.0
Locomotion_1,X11,71.613,1.0
Locomotion_1,X11,71.715,1.0
Locomotion_1,X11,71.817,1.0
Locomotion_1,X11,71.919,1.0
Locomotion_1,X11,72.02,1.0
Locomotion_1,X11,72.122,1.0
Locomotion_1,X11,72.224,1.0
Locomotion_1,X11,72.326,1.0
Locomotion_1,X11,72.428,1.0
Locomotion_1,X11,72.53,1.0
Locomotion_1,X11,72.632,1.0
Locomotion_1,X11,72.733,1.0
Locomotion_1,X11,72.835,1.0
Locomotion_1,X11,72.937,1.0
Locomotion_1,X11,73.039,1.0
Locomotion_1,X11,73.141,1.0
Locomotion_1,X11,73.243,1.0
Locomotion_1,X11,73.345,1.0
Locomotion_1,X11,73.447,1.0
Locomotion_1,X11,73.548,1.0
Locomotion_1,X11,73.65,1.0
Locomotion_1,X11,73.752,1.0
Locomotion_1,X11,73.854,1.0
Locomotion_1,X11,73.956,1.0
Locomotion_1,X11,74.058,1.0
Locomotion_1,X11,74.16,1.0
Locomotion_1,X11,74.261,1.0
Locomotion_1,X11,74.363,1.0
Locomotion_1,X12,0.0,1.0
Locomotion_1,X12,0.102,0.0549
Locomotion_1,X12,0.204,0.0
Locomotion_1,X12,0.306,0.0
Locomotion_1,X12,0.407,0.0
Locomotion_1,X12,0.509,0.0
Locomotion_1,X12,0.611,0.0039
Locomotion_1,X12,0.713,0.0118
Locomotion_1,X12,0.815,0.8824
Locomotion_1,X12,0.917,0.8863
Locomotion_1,X12,1.019,0.8863
Locomotion_1,X12,1.121,0.8902
Locomotion_1,X12,1.222,0.8902
Locomotion_1,X12,1.324,0.8902
Locomotion_1,X12,1.426,0.8902
Locomotion_1,X12,1.528,0.8902
Locomotion_1,X12,1.63,0.8902
Locomotion_1,X12,1.732,0.0157
Locomotion_1,X12,1.834,0.0157
Locomotion_1,X12,1.935,0.0157
Locomotion_1,X12,2.037,0.0157
Locomotion_1,X12,2.139,0.0157
Locomotion_1,X12,2.241,0.0157
Locomotion_1,X12,2.343,0.8824
Locomotion_1,X12,2.445,0.8824
Locomotion_1,X12,2.547,0.8784
Locomotion_1,X12,2.649,0.8745
Locomotion_1,X12,2.75,0.8784
Locomotion_1,X12,2.852,0.8824
Locomotion_1,X12,2.954,0.8863
Locomotion_1,X12,3.056,0.8863
Locomotion_1,X12,3.158,0.8902
Locomotion_1,X12,3.26,0.8902
Locomotion_1,X12,3.362,0.8941
Locomotion_1,X12,3.463,0.902
Locomotion_1,X12,3.565,0.8941
Locomotion_1,X12,3.667,0.902
Locomotion_1,X12,3.769,0.8941
Locomotion_1,X12,3.871,0.902
Locomotion_1,X12,3.973,0.9059
Locomotion_1,X12,4.075,0.9059
Locomotion_1,X12,4.177,0.9098
Locomotion_1,X12,4.278,0.9137
Locomotion_1,X12,4.38,0.9176
Locomotion_1,X12,4.482,0.9176
Locomotion_1,X12,4.584,0.9216
Locomotion_1,X12,4.686,0.9216
Locomotion_1,X12,4.788,0.9294
Locomotion_1,X12,4.89,0.9294
Locomotion_1,X12,4.992,0.9333
Locomotion_1,X12,5.093,0.9333
Locomotion_1,X12,5.195,0.9333
Locomotion_1,X12,5.297,0.9373
Locomotion_1,X12,5.399,0.9373
Locomotion_1,X12,5.501,0.9373
Locomotion_1,X12,5.603,0.9373
Locomotion_1,X12,5.705,0.9373
Locomotion_1,X12,5.806,0.9373
Locomotion_1,X12,5.908,0.9412
Locomotion_1,X12,6.01,0.9412
Locomotion_1,X12,6.112,0.9412
Locomotion_1,X12,6.214,0.9451
Locomotion_1,X12,6.316,0.9451
Locomotion_1,X12,6.418,0.9451
Locomotion_1,X12,6.52,0.949
Locomotion_1,X12,6.621,0.949
Locomotion_1,X12,6.723,0.9529
Locomotion_1,X12,6.825,0.9529
Locomotion_1,X12,6.927,0.9569
Locomotion_1,X12,7.029,0.949
Locomotion_1,X12,7.131,0.9529
Locomotion_1,X12,7.233,0.9529
Locomotion_1,X12,7.334,0.949
Locomotion_1,X12,7.436,0.9451
Locomotion_1,X12,7.538,0.9373
Locomotion_1,X12,7.64,0.9333
Locomotion_1,X12,7.742,0.9216
Locomotion_1,X12,7.844,0.9137
Locomotion_1,X12,7.946,0.9059
Locomotion_1,X12,8.048,0.8902
Locomotion_1,X12,8.149,0.8824
Locomotion_1,X12,8.251,0.8745
Locomotion_1,X12,8.353,0.8745
Locomotion_1,X12,8.455,0.8667
Locomotion_1,X12,8.557,0.8588
Locomotion_1,X12,8.659,0.851
Locomotion_1,X12,8.761,0.8431
Locomotion_1,X12,8.862,0.8314
Locomotion_1,X12,8.964,0.8235
Locomotion_1,X12,9.066,0.8157
Locomotion_1,X12,9.168,0.8118
Locomotion_1,X12,9.27,0.8118
Locomotion_1,X12,9.372,0.8078
Locomotion_1,X12,9.474,0.7882
Locomotion_1,X12,9.576,0.7804
Locomotion_1,X12,9.677,0.7765
Locomotion_1,X12,9.779,0.7686
Locomotion_1,X12,9.881,0.7608
Locomotion_1,X12,9.983,0.7529
Locomotion_1,X12,10.085,0.7451
Locomotion_1,X12,10.187,0.7412
Locomotion_1,X12,10.289,0.7294
Locomotion_1,X12,10.39,0.7216
Locomotion_1,X12,10.492,0.7176
Locomotion_1,X12,10.594,0.7137
Locomotion_1,X12,10.696,0.702
Locomotion_1,X12,10.798,0.6941
Locomotion_1,X12,10.9,0.6902
Locomotion_1,X12,11.002,0.6824
Locomotion_1,X12,11.104,0.6706
Locomotion_1,X12,11.205,0.6627
Locomotion_1,X12,11.307,0.6588
Locomotion_1,X12,11.409,0.651
Locomotion_1,X12,11.511,0.651
Locomotion_1,X12,11.613,0.6392
Locomotion_1,X12,11.715,0.6353
Locomotion_1,X12,11.817,0.6275
Locomotion_1,X12,11.919,0.6196
Locomotion_1,X12,12.02,0.6196
Locomotion_1,X12,12.122,0.6
Locomotion_1,X12,12.224,0.5922
Locomotion_1,X12,12.326,0.5882
Locomotion_1,X12,12.428,0.5882
Locomotion_1,X12,12.53,0.5765
Locomotion_1,X12,12.632,0.5647
Locomotion_1,X12,12.733,0.5569
Locomotion_1,X12,12.835,0.5529
Locomotion_1,X12,12.937,0.5412
Locomotion_1,X12,13.039,0.5373
Locomotion_1,X12,13.141,0.5294
Locomotion_1,X12,13.243,0.5255
Locomotion_1,X12,13.345,0.5098
Locomotion_1,X12,13.447,0.502
Locomotion_1,X12,13.548,0.498
Locomotion_1,X12,13.65,0.4902
Locomotion_1,X12,13.752,0.4902
Locomotion_1,X12,13.854,0.4863
Locomotion_1,X12,13.956,0.4745
Locomotion_1,X12,14.058,0.4745
Locomotion_1,X12,14.16,0.4627
Locomotion_1,X12,14.261,0.4549
Locomotion_1,X12,14.363,0.4549
Locomotion_1,X12,14.465,0.4431
Locomotion_1,X12,14.567,0.4353
Locomotion_1,X12,14.669,0.4275
Locomotion_1,X12,14.771,0.4235
Locomotion_1,X12,14.873,0.4157
Locomotion_1,X12,14.975,0.4157
Locomotion_1,X12,15.076,0.4078
Locomotion_1,X12,15.178,0.4039
Locomotion_1,X12,15.28,0.3922
Locomotion_1,X12,15.382,0.3843
Locomotion_1,X12,15.484,0.3765
Locomotion_1,X12,15.586,0.3725
Locomotion_1,X12,15.688,0.3647
Locomotion_1,X12,15.789,0.3608
Locomotion_1,X12,15.891,0.3529
Locomotion_1,X12,15.993,0.3529
Locomotion_1,X12,16.095,0.3451
Locomotion_1,X12,16.197,0.3412
Locomotion_1,X12,16.299,0.3333
Locomotion_1,X12,16.401,0.3294
Locomotion_1,X12,16.503,0.3216
Locomotion_1,X12,16.604,0.3176
Locomotion_1,X12,16.706,0.3098
Locomotion_1,X12,16.808,0.302
Locomotion_1,X12,16.91,0.298
Locomotion_1,X12,17.012,0.2863
Locomotion_1,X12,17.114,0.2863
Locomotion_1,X12,17.216,0.2784
Locomotion_1,X12,17.317,0.2706
Locomotion_1,X12,17.419,0.2667
Locomotion_1,X12,17.521,0.2588
Locomotion_1,X12,17.623,0.251
Locomotion_1,X12,17.725,0.2471
Locomotion_1,X12,17.827,0.2392
Locomotion_1,X12,17.929,0.2392
Locomotion_1,X12,18.031,0.2353
Locomotion_1,X12,18.132,0.2275
Locomotion_1,X12,18.234,0.2196
Locomotion_1,X12,18.336,0.2118
Locomotion_1,X12,18.438,0.2078
Locomotion_1,X12,18.54,0.2
Locomotion_1,X12,18.642,0.2
Locomotion_1,X12,18.744,0.2
Locomotion_1,X12,18.846,0.2
Locomotion_1,X12,18.947,0.2
Locomotion_1,X12,19.049,0.2
Locomotion_1,X12,19.151,0.2
Locomotion_1,X12,19.253,0.2
Locomotion_1,X12,19.355,0.2
Locomotion_1,X12,19.457,0.2
Locomotion_1,X12,19.559,0.2
Locomotion_1,X12,19.66,0.2
Locomotion_1,X12,19.762,0.2
Locomotion_1,X12,19.864,0.2
Locomotion_1,X12,19.966,0.2
Locomotion_1,X12,20.068,0.2
Locomotion_1,X12,20.17,0.2
Locomotion_1,X12,20.272,0.2039
Locomotion_1,X12,20.374,0.2039
Locomotion_1,X12,20.475,0.2039
Locomotion_1,X12,20.577,0.2039
Locomotion_1,X12,20.679,0.2078
Locomotion_1,X12,20.781,0.2078
Locomotion_1,X12,20.883,0.2078
Locomotion_1,X12,20.985,0.2078
Locomotion_1,X12,21.087,0.2078
Locomotion_1,X12,21.188,0.2078
Locomotion_1,X12,21.29,0.2118
Locomotion_1,X12,21.392,0.2118
Locomotion_1,X12,21.494,0.2118
Locomotion_1,X12,21.596,0.2118
Locomotion_1,X12,21.698,0.2118
Locomotion_1,X12,21.8,0.2157
Locomotion_1,X12,21.902,0.2157
Locomotion_1,X12,22.003,0.2157
Locomotion_1,X12,22.105,0.2157
Locomotion_1,X12,22.207,0.2157
Locomotion_1,X12,22.309,0.2196
Locomotion_1,X12,22.411,0.2196
Locomotion_1,X12,22.513,0.2196
Locomotion_1,X12,22.615,0.2196
Locomotion_1,X12,22.716,0.2196
Locomotion_1,X12,22.818,0.2235
Locomotion_1,X12,22.92,0.2235
Locomotion_1,X12,23.022,0.2235
Locomotion_1,X12,23.124,0.2235
Locomotion_1,X12,23.226,0.2235
Locomotion_1,X12,23.328,0.2235
Locomotion_1,X12,23.43,0.2275
Locomotion_1,X12,23.531,0.2275
Locomotion_1,X12,23.633,0.2275
Locomotion_1,X12,23.735,0.2275
Locomotion_1,X12,23.837,0.2275
Locomotion_1,X12,23.939,0.2353
Locomotion_1,X12,24.041,0.2353
Locomotion_1,X12,24.143,0.2353
Locomotion_1,X12,24.244,0.2353
Locomotion_1,X12,24.346,0.2353
Locomotion_1,X12,24.448,0.2353
Locomotion_1,X12,24.55,0.2353
Locomotion_1,X12,24.652,0.2353
Locomotion_1,X12,24.754,0.2353
Locomotion_1,X12,24.856,0.2353
Locomotion_1,X12,24.958,0.2392
Locomotion_1,X12,25.059,0.2392
Locomotion_1,X12,25.161,0.2392
Locomotion_1,X12,25.263,0.2431
Locomotion_1,X12,25.365,0.2431
Locomotion_1,X12,25.467,0.2431
Locomotion_1,X12,25.569,0.2431
Locomotion_1,X12,25.671,0.2431
Locomotion_1,X12,25.772,0.2471
Locomotion_1,X12,25.874,0.2471
Locomotion_1,X12,25.976,0.2471
Locomotion_1,X12,26.078,0.2471
Locomotion_1,X12,26.18,0.251
Locomotion_1,X12,26.282,0.251
Locomotion_1,X12,26.384,0.251
Locomotion_1,X12,26.486,0.251
Locomotion_1,X12,26.587,0.2549
Locomotion_1,X12,26.689,0.2549
Locomotion_1,X12,26.791,0.2549
Locomotion_1,X12,26.893,0.2549
Locomotion_1,X12,26.995,0.2549
Locomotion_1,X12,27.097,0.2588
Locomotion_1,X12,27.199,0.2588
Locomotion_1,X12,27.301,0.2588
Locomotion_1,X12,27.402,0.2588
Locomotion_1,X12,27.504,0.2588
Locomotion_1,X12,27.606,0.2588
Locomotion_1,X12,27.708,0.2627
Locomotion_1,X12,27.81,0.2627
Locomotion_1,X12,27.912,0.2627
Locomotion_1,X12,28.014,0.2667
Locomotion_1,X12,28.115,0.2667
Locomotion_1,X12,28.217,0.2667
Locomotion_1,X12,28.319,0.2706
Locomotion_1,X12,28.421,0.2706
Locomotion_1,X12,28.523,0.2706
Locomotion_1,X12,28.625,0.2706
Locomotion_1,X12,28.727,0.2745
Locomotion_1,X12,28.829,0.2745
Locomotion_1,X12,28.93,0.2745
Locomotion_1,X12,29.032,0.2784
Locomotion_1,X12,29.134,0.2784
Locomotion_1,X12,29.236,0.2784
Locomotion_1,X12,29.338,0.2824
Locomotion_1,X12,29.44,0.2824
Locomotion_1,X12,29.542,0.2863
Locomotion_1,X12,29.643,0.2863
Locomotion_1,X12,29.745,0.2863
Locomotion_1,X12,29.847,0.2863
Locomotion_1,X12,29.949,0.2902
Locomotion_1,X12,30.051,0.2902
Locomotion_1,X12,30.153,0.2902
Locomotion_1,X12,30.255,0.2902
Locomotion_1,X12,30.357,0.298
Locomotion_1,X12,30.458,0.298
Locomotion_1,X12,30.56,0.298
Locomotion_1,X12,30.662,0.298
Locomotion_1,X12,30.764,0.298
Locomotion_1,X12,30.866,0.302
Locomotion_1,X12,30.968,0.302
Locomotion_1,X12,31.07,0.3059
Locomotion_1,X12,31.171,0.3059
Locomotion_1,X12,31.273,0.3059
Locomotion_1,X12,31.375,0.3059
Locomotion_1,X12,31.477,0.3059
Locomotion_1,X12,31.579,0.3059
Locomotion_1,X12,31.681,0.3098
Locomotion_1,X12,31.783,0.3098
Locomotion_1,X12,31.885,0.3137
Locomotion_1,X12,31.986,0.3137
Locomotion_1,X12,32.088,0.3137
Locomotion_1,X12,32.19,0.3176
Locomotion_1,X12,32.292,0.3176
Locomotion_1,X12,32.394,0.3176
Locomotion_1,X12,32.496,0.3176
Locomotion_1,X12,32.598,0.3216
Locomotion_1,X12,32.699,0.3216
Locomotion_1,X12,32.801,0.3216
Locomotion_1,X12,32.903,0.3255
Locomotion_1,X12,33.005,0.3255
Locomotion_1,X12,33.107,0.3294
Locomotion_1,X12,33.209,0.3294
Locomotion_1,X12,33.311,0.3294
Locomotion_1,X12,33.413,0.3333
Locomotion_1,X12,33.514,0.3333
Locomotion_1,X12,33.616,0.3333
Locomotion_1,X12,33.718,0.3373
Locomotion_1,X12,33.82,0.3373
Locomotion_1,X12,33.922,0.3412
Locomotion_1,X12,34.024,0.3412
Locomotion_1,X12,34.126,0.3451
Locomotion_1,X12,34.228,0.3451
Locomotion_1,X12,34.329,0.3451
Locomotion_1,X12,34.431,0.349
Locomotion_1,X12,34.533,0.349
Locomotion_1,X12,34.635,0.3529
Locomotion_1,X12,34.737,0.3529
Locomotion_1,X12,34.839,0.3608
Locomotion_1,X12,34.941,0.3608
Locomotion_1,X12,35.042,0.3608
Locomotion_1,X12,35.144,0.3608
Locomotion_1,X12,35.246,0.3647
Locomotion_1,X12,35.348,0.3647
Locomotion_1,X12,35.45,0.3686
Locomotion_1,X12,35.552,0.3686
Locomotion_1,X12,35.654,0.3725
Locomotion_1,X12,35.756,0.3725
Locomotion_1,X12,35.857,0.3765
Locomotion_1,X12,35.959,0.3765
Locomotion_1,X12,36.061,0.3765
Locomotion_1,X12,36.163,0.3804
Locomotion_1,X12,36.265,0.3804
Locomotion_1,X12,36.367,0.3843
Locomotion_1,X12,36.469,0.3843
Locomotion_1,X12,36.57,0.3843
Locomotion_1,X12,36.672,0.3882
Locomotion_1,X12,36.774,0.3922
Locomotion_1,X12,36.876,0.3922
Locomotion_1,X12,36.978,0.3961
Locomotion_1,X12,37.08,0.3961
Locomotion_1,X12,37.182,0.4
Locomotion_1,X12,37.284,0.4
Locomotion_1,X12,37.385,0.4039
Locomotion_1,X12,37.487,0.4039
Locomotion_1,X12,37.589,0.4078
Locomotion_1,X12,37.691,0.4078
Locomotion_1,X12,37.793,0.4118
Locomotion_1,X12,37.895,0.4118
Locomotion_1,X12,37.997,0.4157
Locomotion_1,X12,38.098,0.4157
Locomotion_1,X12,38.2,0.4235
Locomotion_1,X12,38.302,0.4235
Locomotion_1,X12,38.404,0.4235
Locomotion_1,X12,38.506,0.4235
Locomotion_1,X12,38.608,0.4275
Locomotion_1,X12,38.71,0.4314
Locomotion_1,X12,38.812,0.4314
Locomotion_1,X12,38.913,0.4353
Locomotion_1,X12,39.015,0.4392
Locomotion_1,X12,39.117,0.4392
Locomotion_1,X12,39.219,0.4392
Locomotion_1,X12,39.321,0.4431
Locomotion_1,X12,39.423,0.4431
Locomotion_1,X12,39.525,0.4471
Locomotion_1,X12,39.626,0.451
Locomotion_1,X12,39.728,0.451
Locomotion_1,X12,39.83,0.4549
Locomotion_1,X12,39.932,0.4588
Locomotion_1,X12,40.034,0.4627
Locomotion_1,X12,40.136,0.4627
Locomotion_1,X12,40.238,0.4627
Locomotion_1,X12,40.34,0.4667
Locomotion_1,X12,40.441,0.4667
Locomotion_1,X12,40.543,0.4706
Locomotion_1,X12,40.645,0.4745
Locomotion_1,X12,40.747,0.4784
Locomotion_1,X12,40.849,0.4784
Locomotion_1,X12,40.951,0.4863
Locomotion_1,X12,41.053,0.4863
Locomotion_1,X12,41.154,0.4863
Locomotion_1,X12,41.256,0.4902
Locomotion_1,X12,41.358,0.4902
Locomotion_1,X12,41.46,0.4941
Locomotion_1,X12,41.562,0.498
Locomotion_1,X12,41.664,0.502
Locomotion_1,X12,41.766,0.5059
Locomotion_1,X12,41.868,0.5059
Locomotion_1,X12,41.969,0.5098
Locomotion_1,X12,42.071,0.5137
Locomotion_1,X12,42.173,0.5176
Locomotion_1,X12,42.275,0.5255
Locomotion_1,X12,42.377,0.5255
Locomotion_1,X12,42.479,0.5255
Locomotion_1,X12,42.581,0.5294
Locomotion_1,X12,42.683,0.5333
Locomotion_1,X12,42.784,0.5373
Locomotion_1,X12,42.886,0.5412
Locomotion_1,X12,42.988,0.5451
Locomotion_1,X12,43.09,0.5529
Locomotion_1,X12,43.192,0.5569
Locomotion_1,X12,43.294,0.5569
Locomotion_1,X12,43.396,0.5569
Locomotion_1,X12,43.497,0.5608
Locomotion_1,X12,43.599,0.5647
Locomotion_1,X12,43.701,0.5686
Locomotion_1,X12,43.803,0.5686
Locomotion_1,X12,43.905,0.5725
Locomotion_1,X12,44.007,0.5725
Locomotion_1,X12,44.109,0.5804
Locomotion_1,X12,44.211,0.5804
Locomotion_1,X12,44.312,0.5882
Locomotion_1,X12,44.414,0.5922
Locomotion_1,X12,44.516,0.5922
Locomotion_1,X12,44.618,0.5961
Locomotion_1,X12,44.72,0.6
Locomotion_1,X12,44.822,0.6039
Locomotion_1,X12,44.924,0.6078
Locomotion_1,X12,45.025,0.6157
Locomotion_1,X12,45.127,0.6196
Locomotion_1,X12,45.229,0.6235
Locomotion_1,X12,45.331,0.6275
Locomotion_1,X12,45.433,0.6275
Locomotion_1,X12,45.535,0.6314
Locomotion_1,X12,45.637,0.6392
Locomotion_1,X12,45.739,0.6431
Locomotion_1,X12,45.84,0.651
Locomotion_1,X12,45.942,0.6549
Locomotion_1,X12,46.044,0.6588
Locomotion_1,X12,46.146,0.6588
Locomotion_1,X12,46.248,0.6627
Locomotion_1,X12,46.35,0.6706
Locomotion_1,X12,46.452,0.6784
Locomotion_1,X12,46.553,0.6824
Locomotion_1,X12,46.655,0.6824
Locomotion_1,X12,46.757,0.6863
Locomotion_1,X12,46.859,0.6941
Locomotion_1,X12,46.961,0.698
Locomotion_1,X12,47.063,0.698
Locomotion_1,X12,47.165,0.702
Locomotion_1,X12,47.267,0.7059
Locomotion_1,X12,47.368,0.7059
Locomotion_1,X12,47.47,0.7137
Locomotion_1,X12,47.572,0.7137
Locomotion_1,X12,47.674,0.7137
Locomotion_1,X12,47.776,0.7137
Locomotion_1,X12,47.878,0.7137
Locomotion_1,X12,47.98,0.7137
Locomotion_1,X12,48.081,0.7137
Locomotion_1,X12,48.183,0.7137
Locomotion_1,X12,48.285,0.7137
Locomotion_1,X12,48.387,0.7137
Locomotion_1,X12,48.489,0.7137
Locomotion_1,X12,48.591,0.7137
Locomotion_1,X12,48.693,0.7137
Locomotion_1,X12,48.795,0.7137
Locomotion_1,X12,48.896,0.7137
Locomotion_1,X12,48.998,0.7137
Locomotion_1,X12,49.1,0.7137
Locomotion_1,X12,49.202,0.7137
Locomotion_1,X12,49.304,0.7137
Locomotion_1,X12,49.406,0.7176
Locomotion_1,X12,49.508,0.7216
Locomotion_1,X12,49.61,0.7255
Locomotion_1,X12,49.711,0.7294
Locomotion_1,X12,49.813,0.7333
Locomotion_1,X12,49.915,0.7451
Locomotion_1,X12,50.017,0.7451
Locomotion_1,X12,50.119,0.749
Locomotion_1,X12,50.221,0.7529
Locomotion_1,X12,50.323,0.7569
Locomotion_1,X12,50.424,0.7608
Locomotion_1,X12,50.526,0.7686
Locomotion_1,X12,50.628,0.7765
Locomotion_1,X12,50.73,0.7804
Locomotion_1,X12,50.832,0.7804
Locomotion_1,X12,50.934,0.7804
Locomotion_1,X12,51.036,0.7804
Locomotion_1,X12,51.138,0.7804
Locomotion_1,X12,51.239,0.7843
Locomotion_1,X12,51.341,0.7843
Locomotion_1,X12,51.443,0.7843
Locomotion_1,X12,51.545,0.7843
Locomotion_1,X12,51.647,0.7843
Locomotion_1,X12,51.749,0.7843
Locomotion_1,X12,51.851,0.7843
Locomotion_1,X12,51.952,0.7843
Locomotion_1,X12,52.054,0.7843
Locomotion_1,X12,52.156,0.7804
Locomotion_1,X12,52.258,0.7804
Locomotion_1,X12,52.36,0.7804
Locomotion_1,X12,52.462,0.7804
Locomotion_1,X12,52.564,0.7804
Locomotion_1,X12,52.666,0.7804
Locomotion_1,X12,52.767,0.7804
Locomotion_1,X12,52.869,0.7804
Locomotion_1,X12,52.971,0.7804
Locomotion_1,X12,53.073,0.7804
Locomotion_1,X12,53.175,0.7804
Locomotion_1,X12,53.277,0.7804
Locomotion_1,X12,53.379,0.7804
Locomotion_1,X12,53.48,0.7843
Locomotion_1,X12,53.582,0.7843
Locomotion_1,X12,53.684,0.7843
Locomotion_1,X12,53.786,0.7882
Locomotion_1,X12,53.888,0.7882
Locomotion_1,X12,53.99,0.7922
Locomotion_1,X12,54.092,0.7922
Locomotion_1,X12,54.194,0.7961
Locomotion_1,X12,54.295,0.7961
Locomotion_1,X12,54.397,0.7961
Locomotion_1,X12,54.499,0.8039
Locomotion_1,X12,54.601,0.8039
Locomotion_1,X12,54.703,0.8078
Locomotion_1,X12,54.805,0.8118
Locomotion_1,X12,54.907,0.8118
Locomotion_1,X12,55.008,0.8118
Locomotion_1,X12,55.11,0.8118
Locomotion_1,X12,55.212,0.8118
Locomotion_1,X12,55.314,0.8157
Locomotion_1,X12,55.416,0.8157
Locomotion_1,X12,55.518,0.8196
Locomotion_1,X12,55.62,0.8196
Locomotion_1,X12,55.722,0.8235
Locomotion_1,X12,55.823,0.8235
Locomotion_1,X12,55.925,0.8235
Locomotion_1,X12,56.027,0.8196
Locomotion_1,X12,56.129,0.8196
Locomotion_1,X12,56.231,0.8196
Locomotion_1,X12,56.333,0.8196
Locomotion_1,X12,56.435,0.8196
Locomotion_1,X12,56.537,0.8196
Locomotion_1,X12,56.638,0.8196
Locomotion_1,X12,56.74,0.8235
Locomotion_1,X12,56.842,0.8196
Locomotion_1,X12,56.944,0.8196
Locomotion_1,X12,57.046,0.8157
Locomotion_1,X12,57.148,0.8157
Locomotion_1,X12,57.25,0.8157
Locomotion_1,X12,57.351,0.8196
Locomotion_1,X12,57.453,0.8196
Locomotion_1,X12,57.555,0.8196
Locomotion_1,X12,57.657,0.8235
Locomotion_1,X12,57.759,0.8235
Locomotion_1,X12,57.861,0.8275
Locomotion_1,X12,57.963,0.8275
Locomotion_1,X12,58.065,0.8314
Locomotion_1,X12,58.166,0.8392
Locomotion_1,X12,58.268,0.8392
Locomotion_1,X12,58.37,0.8431
Locomotion_1,X12,58.472,0.8431
Locomotion_1,X12,58.574,0.8431
Locomotion_1,X12,58.676,0.8471
Locomotion_1,X12,58.778,0.8471
Locomotion_1,X12,58.879,0.851
Locomotion_1,X12,58.981,0.8549
Locomotion_1,X12,59.083,0.8588
Locomotion_1,X12,59.185,0.8588
Locomotion_1,X12,59.287,0.8667
Locomotion_1,X12,59.389,0.8667
Locomotion_1,X12,59.491,0.8667
Locomotion_1,X12,59.593,0.8706
Locomotion_1,X12,59.694,0.8745
Locomotion_1,X12,59.796,0.8745
Locomotion_1,X12,59.898,0.8745
Locomotion_1,X12,60.0,0.8745
Locomotion_1,X12,60.102,0.8745
Locomotion_1,X12,60.204,0.8745
Locomotion_1,X12,60.306,0.8745
Locomotion_1,X12,60.407,0.8745
Locomotion_1,X12,60.509,0.8745
Locomotion_1,X12,60.611,0.8745
Locomotion_1,X12,60.713,0.8745
Locomotion_1,X12,60.815,0.8745
Locomotion_1,X12,60.917,0.8706
Locomotion_1,X12,61.019,0.8706
Locomotion_1,X12,61.121,0.8706
Locomotion_1,X12,61.222,0.8706
Locomotion_1,X12,61.324,0.8706
Locomotion_1,X12,61.426,0.8706
Locomotion_1,X12,61.528,0.8706
Locomotion_1,X12,61.63,0.8706
Locomotion_1,X12,61.732,0.8745
Locomotion_1,X12,61.834,0.8745
Locomotion_1,X12,61.935,0.8745
Locomotion_1,X12,62.037,0.8745
Locomotion_1,X12,62.139,0.8745
Locomotion_1,X12,62.241,0.8784
Locomotion_1,X12,62.343,0.8784
Locomotion_1,X12,62.445,0.8824
Locomotion_1,X12,62.547,0.8863
Locomotion_1,X12,62.649,0.8902
Locomotion_1,X12,62.75,0.8902
Locomotion_1,X12,62.852,0.8902
Locomotion_1,X12,62.954,0.8941
Locomotion_1,X12,63.056,0.8941
Locomotion_1,X12,63.158,0.902
Locomotion_1,X12,63.26,0.9059
Locomotion_1,X12,63.362,0.9059
Locomotion_1,X12,63.463,0.9098
Locomotion_1,X12,63.565,0.9137
Locomotion_1,X12,63.667,0.9137
Locomotion_1,X12,63.769,0.9176
Locomotion_1,X12,63.871,0.9176
Locomotion_1,X12,63.973,0.9216
Locomotion_1,X12,64.075,0.9294
Locomotion_1,X12,64.177,0.9294
Locomotion_1,X12,64.278,0.9333
Locomotion_1,X12,64.38,0.9373
Locomotion_1,X12,64.482,0.9373
Locomotion_1,X12,64.584,0.9373
Locomotion_1,X12,64.686,0.9373
Locomotion_1,X12,64.788,0.9373
Locomotion_1,X12,64.89,0.9373
Locomotion_1,X12,64.992,0.9373
Locomotion_1,X12,65.093,0.9373
Locomotion_1,X12,65.195,0.9333
Locomotion_1,X12,65.297,0.9333
Locomotion_1,X12,65.399,0.9333
Locomotion_1,X12,65.501,0.9294
Locomotion_1,X12,65.603,0.9333
Locomotion_1,X12,65.705,0.9333
Locomotion_1,X12,65.806,0.9333
Locomotion_1,X12,65.908,0.9333
Locomotion_1,X12,66.01,0.9333
Locomotion_1,X12,66.112,0.9333
Locomotion_1,X12,66.214,0.9333
Locomotion_1,X12,66.316,0.9373
Locomotion_1,X12,66.418,0.9373
Locomotion_1,X12,66.52,0.9373
Locomotion_1,X12,66.621,0.9373
Locomotion_1,X12,66.723,0.9412
Locomotion_1,X12,66.825,0.9451
Locomotion_1,X12,66.927,0.949
Locomotion_1,X12,67.029,0.949
Locomotion_1,X12,67.131,0.9529
Locomotion_1,X12,67.233,0.9529
Locomotion_1,X12,67.334,0.9569
Locomotion_1,X12,67.436,0.9647
Locomotion_1,X12,67.538,0.9686
Locomotion_1,X12,67.64,0.9686
Locomotion_1,X12,67.742,0.9686
Locomotion_1,X12,67.844,0.9725
Locomotion_1,X12,67.946,0.9725
Locomotion_1,X12,68.048,0.9725
Locomotion_1,X12,68.149,0.9765
Locomotion_1,X12,68.251,0.9765
Locomotion_1,X12,68.353,0.9765
Locomotion_1,X12,68.455,0.9725
Locomotion_1,X12,68.557,0.9725
Locomotion_1,X12,68.659,0.9725
Locomotion_1,X12,68.761,0.9725
Locomotion_1,X12,68.862,0.9725
Locomotion_1,X12,68.964,0.9725
Locomotion_1,X12,69.066,0.9725
Locomotion_1,X12,69.168,0.9725
Locomotion_1,X12,69.27,0.9725
Locomotion_1,X12,69.372,0.9725
Locomotion_1,X12,69.474,0.9725
Locomotion_1,X12,69.576,0.9725
Locomotion_1,X12,69.677,0.9725
Locomotion_1,X12,69.779,0.9725
Locomotion_1,X12,69.881,0.9725
Locomotion_1,X12,69.983,0.9725
Locomotion_1,X12,70.085,0.9725
Locomotion_1,X12,70.187,0.9725
Locomotion_1,X12,70.289,0.9725
Locomotion_1,X12,70.39,0.9725
Locomotion_1,X12,70.492,0.9725
Locomotion_1,X12,70.594,0.9725
Locomotion_1,X12,70.696,0.9725
Locomotion_1,X12,70.798,0.9725
Locomotion_1,X12,70.9,0.9725
Locomotion_1,X12,71.002,0.9725
Locomotion_1,X12,71.104,0.9725
Locomotion_1,X12,71.205,0.9725
Locomotion_1,X12,71.307,0.9725
Locomotion_1,X12,71.409,0.9725
Locomotion_1,X12,71.511,0.9725
Locomotion_1,X12,71.613,0.9725
Locomotion_1,X12,71.715,0.9725
Locomotion_1,X12,71.817,0.9725
Locomotion_1,X12,71.919,0.9725
Locomotion_1,X12,72.02,0.9725
Locomotion_1,X12,72.122,0.9725
Locomotion_1,X12,72.224,0.9725
Locomotion_1,X12,72.326,0.9725
Locomotion_1,X12,72.428,0.9725
Locomotion_1,X12,72.53,0.9725
Locomotion_1,X12,72.632,0.9725
Locomotion_1,X12,72.733,0.9725
Locomotion_1,X12,72.835,0.9725
Locomotion_1,X12,72.937,0.9725
Locomotion_1,X12,73.039,0.9725
Locomotion_1,X12,73.141,0.9725
Locomotion_1,X12,73.243,0.9725
Locomotion_1,X12,73.345,0.9725
Locomotion_1,X12,73.447,0.9725
Locomotion_1,X12,73.548,0.9725
Locomotion_1,X12,73.65,0.9725
Locomotion_1,X12,73.752,0.9725
Locomotion_1,X12,73.854,0.9725
Locomotion_1,X12,73.956,0.9725
Locomotion_1,X12,74.058,0.9725
Locomotion_1,X12,74.16,0.9725
Locomotion_1,X12,74.261,0.9765
Locomotion_1,X12,74.363,1.0
Locomotion_1,X13,0.0,1.0
Locomotion_1,X13,0.102,0.0975
Locomotion_1,X13,0.204,0.0431
Locomotion_1,X13,0.306,0.0431
Locomotion_1,X13,0.407,0.051
Locomotion_1,X13,0.509,0.0588
Locomotion_1,X13,0.611,0.0627
Locomotion_1,X13,0.713,0.0667
Locomotion_1,X13,0.815,0.0667
Locomotion_1,X13,0.917,0.0667
Locomotion_1,X13,1.019,0.0667
Locomotion_1,X13,1.121,0.0667
Locomotion_1,X13,1.222,0.0667
Locomotion_1,X13,1.324,0.0667
Locomotion_1,X13,1.426,0.0627
Locomotion_1,X13,1.528,0.0627
Locomotion_1,X13,1.63,0.0627
Locomotion_1,X13,1.732,0.0627
Locomotion_1,X13,1.834,0.0627
Locomotion_1,X13,1.935,0.0588
Locomotion_1,X13,2.037,0.0627
Locomotion_1,X13,2.139,0.0627
Locomotion_1,X13,2.241,0.0627
Locomotion_1,X13,2.343,0.0667
Locomotion_1,X13,2.445,0.0667
Locomotion_1,X13,2.547,0.0706
Locomotion_1,X13,2.649,0.0818
Locomotion_1,X13,2.75,0.0857
Locomotion_1,X13,2.852,0.0936
Locomotion_1,X13,2.954,0.0975
Locomotion_1,X13,3.056,0.1014
Locomotion_1,X13,3.158,0.1053
Locomotion_1,X13,3.26,0.1092
Locomotion_1,X13,3.362,0.1132
Locomotion_1,X13,3.463,0.1171
Locomotion_1,X13,3.565,0.1249
Locomotion_1,X13,3.667,0.1289
Locomotion_1,X13,3.769,0.1367
Locomotion_1,X13,3.871,0.1445
Locomotion_1,X13,3.973,0.1518
Locomotion_1,X13,4.075,0.1597
Locomotion_1,X13,4.177,0.1636
Locomotion_1,X13,4.278,0.1714
Locomotion_1,X13,4.38,0.1793
Locomotion_1,X13,4.482,0.1832
Locomotion_1,X13,4.584,0.1871
Locomotion_1,X13,4.686,0.191
Locomotion_1,X13,4.788,0.1989
Locomotion_1,X13,4.89,0.2028
Locomotion_1,X13,4.992,0.2067
Locomotion_1,X13,5.093,0.2146
Locomotion_1,X13,5.195,0.2185
Locomotion_1,X13,5.297,0.2218
Locomotion_1,X13,5.399,0.2297
Locomotion_1,X13,5.501,0.2336
Locomotion_1,X13,5.603,0.2415
Locomotion_1,X13,5.705,0.2415
Locomotion_1,X13,5.806,0.2454
Locomotion_1,X13,5.908,0.2532
Locomotion_1,X13,6.01,0.2571
Locomotion_1,X13,6.112,0.2611
Locomotion_1,X13,6.214,0.2689
Locomotion_1,X13,6.316,0.2728
Locomotion_1,X13,6.418,0.2768
Locomotion_1,X13,6.52,0.2807
Locomotion_1,X13,6.621,0.2885
Locomotion_1,X13,6.723,0.2919
Locomotion_1,X13,6.825,0.2958
Locomotion_1,X13,6.927,0.3036
Locomotion_1,X13,7.029,0.3036
Locomotion_1,X13,7.131,0.3076
Locomotion_1,X13,7.233,0.3115
Locomotion_1,X13,7.334,0.3115
Locomotion_1,X13,7.436,0.3115
Locomotion_1,X13,7.538,0.3115
Locomotion_1,X13,7.64,0.3115
Locomotion_1,X13,7.742,0.3115
Locomotion_1,X13,7.844,0.3115
Locomotion_1,X13,7.946,0.3076
Locomotion_1,X13,8.048,0.3076
Locomotion_1,X13,8.149,0.3076
Locomotion_1,X13,8.251,0.3036
Locomotion_1,X13,8.353,0.3036
Locomotion_1,X13,8.455,0.3036
Locomotion_1,X13,8.557,0.3036
Locomotion_1,X13,8.659,0.3036
Locomotion_1,X13,8.761,0.3036
Locomotion_1,X13,8.862,0.3036
Locomotion_1,X13,8.964,0.3036
Locomotion_1,X13,9.066,0.2958
Locomotion_1,X13,9.168,0.2958
Locomotion_1,X13,9.27,0.2919
Locomotion_1,X13,9.372,0.2919
Locomotion_1,X13,9.474,0.2919
Locomotion_1,X13,9.576,0.2919
Locomotion_1,X13,9.677,0.2919
Locomotion_1,X13,9.779,0.2919
Locomotion_1,X13,9.881,0.2885
Locomotion_1,X13,9.983,0.2885
Locomotion_1,X13,10.085,0.2885
Locomotion_1,X13,10.187,0.2846
Locomotion_1,X13,10.289,0.2846
Locomotion_1,X13,10.39,0.2885
Locomotion_1,X13,10.492,0.2885
Locomotion_1,X13,10.594,0.2846
Locomotion_1,X13,10.696,0.2846
Locomotion_1,X13,10.798,0.2846
Locomotion_1,X13,10.9,0.2846
Locomotion_1,X13,11.002,0.2807
Locomotion_1,X13,11.104,0.2807
Locomotion_1,X13,11.205,0.2807
Locomotion_1,X13,11.307,0.2807
Locomotion_1,X13,11.409,0.2768
Locomotion_1,X13,11.511,0.2768
Locomotion_1,X13,11.613,0.2768
Locomotion_1,X13,11.715,0.2768
Locomotion_1,X13,11.817,0.2768
Locomotion_1,X13,11.919,0.2768
Locomotion_1,X13,12.02,0.2768
Locomotion_1,X13,12.122,0.2728
Locomotion_1,X13,12.224,0.2728
Locomotion_1,X13,12.326,0.2728
Locomotion_1,X13,12.428,0.2689
Locomotion_1,X13,12.53,0.2689
Locomotion_1,X13,12.632,0.2689
Locomotion_1,X13,12.733,0.2689
Locomotion_1,X13,12.835,0.2689
Locomotion_1,X13,12.937,0.2689
Locomotion_1,X13,13.039,0.2689
Locomotion_1,X13,13.141,0.2689
Locomotion_1,X13,13.243,0.2689
Locomotion_1,X13,13.345,0.265
Locomotion_1,X13,13.447,0.265
Locomotion_1,X13,13.548,0.265
Locomotion_1,X13,13.65,0.265
Locomotion_1,X13,13.752,0.265
Locomotion_1,X13,13.854,0.265
Locomotion_1,X13,13.956,0.265
Locomotion_1,X13,14.058,0.2611
Locomotion_1,X13,14.16,0.2611
Locomotion_1,X13,14.261,0.2611
Locomotion_1,X13,14.363,0.2611
Locomotion_1,X13,14.465,0.2611
Locomotion_1,X13,14.567,0.2611
Locomotion_1,X13,14.669,0.2571
Locomotion_1,X13,14.771,0.2571
Locomotion_1,X13,14.873,0.2571
Locomotion_1,X13,14.975,0.2571
Locomotion_1,X13,15.076,0.2571
Locomotion_1,X13,15.178,0.2571
Locomotion_1,X13,15.28,0.2571
Locomotion_1,X13,15.382,0.2532
Locomotion_1,X13,15.484,0.2532
Locomotion_1,X13,15.586,0.2571
Locomotion_1,X13,15.688,0.2571
Locomotion_1,X13,15.789,0.2571
Locomotion_1,X13,15.891,0.2532
Locomotion_1,X13,15.993,0.2532
Locomotion_1,X13,16.095,0.2532
Locomotion_1,X13,16.197,0.2532
Locomotion_1,X13,16.299,0.2532
Locomotion_1,X13,16.401,0.2532
Locomotion_1,X13,16.503,0.2532
Locomotion_1,X13,16.604,0.2532
Locomotion_1,X13,16.706,0.2532
Locomotion_1,X13,16.808,0.2532
Locomotion_1,X13,16.91,0.2532
Locomotion_1,X13,17.012,0.2493
Locomotion_1,X13,17.114,0.2493
Locomotion_1,X13,17.216,0.2493
Locomotion_1,X13,17.317,0.2493
Locomotion_1,X13,17.419,0.2493
Locomotion_1,X13,17.521,0.2493
Locomotion_1,X13,17.623,0.2493
Locomotion_1,X13,17.725,0.2493
Locomotion_1,X13,17.827,0.2454
Locomotion_1,X13,17.929,0.2454
Locomotion_1,X13,18.031,0.2454
Locomotion_1,X13,18.132,0.2454
Locomotion_1,X13,18.234,0.2454
Locomotion_1,X13,18.336,0.2454
Locomotion_1,X13,18.438,0.2454
Locomotion_1,X13,18.54,0.2454
Locomotion_1,X13,18.642,0.2454
Locomotion_1,X13,18.744,0.2454
Locomotion_1,X13,18.846,0.2454
Locomotion_1,X13,18.947,0.2454
Locomotion_1,X13,19.049,0.2454
Locomotion_1,X13,19.151,0.2454
Locomotion_1,X13,19.253,0.2454
Locomotion_1,X13,19.355,0.2454
Locomotion_1,X13,19.457,0.2454
Locomotion_1,X13,19.559,0.2454
Locomotion_1,X13,19.66,0.2454
Locomotion_1,X13,19.762,0.2454
Locomotion_1,X13,19.864,0.2454
Locomotion_1,X13,19.966,0.2454
Locomotion_1,X13,20.068,0.2454
Locomotion_1,X13,20.17,0.2493
Locomotion_1,X13,20.272,0.2493
Locomotion_1,X13,20.374,0.2493
Locomotion_1,X13,20.475,0.2493
Locomotion_1,X13,20.577,0.2532
Locomotion_1,X13,20.679,0.2532
Locomotion_1,X13,20.781,0.2532
Locomotion_1,X13,20.883,0.2532
Locomotion_1,X13,20.985,0.2532
Locomotion_1,X13,21.087,0.2532
Locomotion_1,X13,21.188,0.2571
Locomotion_1,X13,21.29,0.2571
Locomotion_1,X13,21.392,0.2571
Locomotion_1,X13,21.494,0.2571
Locomotion_1,X13,21.596,0.2571
Locomotion_1,X13,21.698,0.2611
Locomotion_1,X13,21.8,0.2611
Locomotion_1,X13,21.902,0.2611
Locomotion_1,X13,22.003,0.2611
Locomotion_1,X13,22.105,0.2611
Locomotion_1,X13,22.207,0.265
Locomotion_1,X13,22.309,0.265
Locomotion_1,X13,22.411,0.265
Locomotion_1,X13,22.513,0.265
Locomotion_1,X13,22.615,0.265
Locomotion_1,X13,22.716,0.2689
Locomotion_1,X13,22.818,0.2689
Locomotion_1,X13,22.92,0.2689
Locomotion_1,X13,23.022,0.2689
Locomotion_1,X13,23.124,0.2689
Locomotion_1,X13,23.226,0.2689
Locomotion_1,X13,23.328,0.2728
Locomotion_1,X13,23.43,0.2728
Locomotion_1,X13,23.531,0.2728
Locomotion_1,X13,23.633,0.2728
Locomotion_1,X13,23.735,0.2768
Locomotion_1,X13,23.837,0.2768
Locomotion_1,X13,23.939,0.2768
Locomotion_1,X13,24.041,0.2768
Locomotion_1,X13,24.143,0.2768
Locomotion_1,X13,24.244,0.2807
Locomotion_1,X13,24.346,0.2807
Locomotion_1,X13,24.448,0.2807
Locomotion_1,X13,24.55,0.2807
Locomotion_1,X13,24.652,0.2807
Locomotion_1,X13,24.754,0.2807
Locomotion_1,X13,24.856,0.2846
Locomotion_1,X13,24.958,0.2846
Locomotion_1,X13,25.059,0.2846
Locomotion_1,X13,25.161,0.2885
Locomotion_1,X13,25.263,0.2885
Locomotion_1,X13,25.365,0.2885
Locomotion_1,X13,25.467,0.2885
Locomotion_1,X13,25.569,0.2885
Locomotion_1,X13,25.671,0.2919
Locomotion_1,X13,25.772,0.2919
Locomotion_1,X13,25.874,0.2919
Locomotion_1,X13,25.976,0.2919
Locomotion_1,X13,26.078,0.2958
Locomotion_1,X13,26.18,0.2958
Locomotion_1,X13,26.282,0.2958
Locomotion_1,X13,26.384,0.2958
Locomotion_1,X13,26.486,0.3036
Locomotion_1,X13,26.587,0.3036
Locomotion_1,X13,26.689,0.3036
Locomotion_1,X13,26.791,0.3036
Locomotion_1,X13,26.893,0.3036
Locomotion_1,X13,26.995,0.3036
Locomotion_1,X13,27.097,0.3036
Locomotion_1,X13,27.199,0.3036
Locomotion_1,X13,27.301,0.3036
Locomotion_1,X13,27.402,0.3036
Locomotion_1,X13,27.504,0.3076
Locomotion_1,X13,27.606,0.3076
Locomotion_1,X13,27.708,0.3076
Locomotion_1,X13,27.81,0.3115
Locomotion_1,X13,27.912,0.3115
Locomotion_1,X13,28.014,0.3115
Locomotion_1,X13,28.115,0.3115
Locomotion_1,X13,28.217,0.3154
Locomotion_1,X13,28.319,0.3154
Locomotion_1,X13,28.421,0.3154
Locomotion_1,X13,28.523,0.3193
Locomotion_1,X13,28.625,0.3193
Locomotion_1,X13,28.727,0.3193
Locomotion_1,X13,28.829,0.3193
Locomotion_1,X13,28.93,0.3232
Locomotion_1,X13,29.032,0.3232
Locomotion_1,X13,29.134,0.3232
Locomotion_1,X13,29.236,0.3272
Locomotion_1,X13,29.338,0.3272
Locomotion_1,X13,29.44,0.3311
Locomotion_1,X13,29.542,0.3311
Locomotion_1,X13,29.643,0.3311
Locomotion_1,X13,29.745,0.3311
Locomotion_1,X13,29.847,0.335
Locomotion_1,X13,29.949,0.335
Locomotion_1,X13,30.051,0.335
Locomotion_1,X13,30.153,0.335
Locomotion_1,X13,30.255,0.3389
Locomotion_1,X13,30.357,0.3389
Locomotion_1,X13,30.458,0.3429
Locomotion_1,X13,30.56,0.3429
Locomotion_1,X13,30.662,0.3429
Locomotion_1,X13,30.764,0.3468
Locomotion_1,X13,30.866,0.3468
Locomotion_1,X13,30.968,0.3507
Locomotion_1,X13,31.07,0.3507
Locomotion_1,X13,31.171,0.3507
Locomotion_1,X13,31.273,0.3507
Locomotion_1,X13,31.375,0.3507
Locomotion_1,X13,31.477,0.3546
Locomotion_1,X13,31.579,0.3546
Locomotion_1,X13,31.681,0.3546
Locomotion_1,X13,31.783,0.3585
Locomotion_1,X13,31.885,0.3585
Locomotion_1,X13,31.986,0.3585
Locomotion_1,X13,32.088,0.3658
Locomotion_1,X13,32.19,0.3658
Locomotion_1,X13,32.292,0.3658
Locomotion_1,X13,32.394,0.3658
Locomotion_1,X13,32.496,0.3658
Locomotion_1,X13,32.598,0.3658
Locomotion_1,X13,32.699,0.3697
Locomotion_1,X13,32.801,0.3697
Locomotion_1,X13,32.903,0.3697
Locomotion_1,X13,33.005,0.3737
Locomotion_1,X13,33.107,0.3737
Locomotion_1,X13,33.209,0.3737
Locomotion_1,X13,33.311,0.3776
Locomotion_1,X13,33.413,0.3776
Locomotion_1,X13,33.514,0.3815
Locomotion_1,X13,33.616,0.3815
Locomotion_1,X13,33.718,0.3854
Locomotion_1,X13,33.82,0.3854
Locomotion_1,X13,33.922,0.3894
Locomotion_1,X13,34.024,0.3894
Locomotion_1,X13,34.126,0.3894
Locomotion_1,X13,34.228,0.3933
Locomotion_1,X13,34.329,0.3933
Locomotion_1,X13,34.431,0.3933
Locomotion_1,X13,34.533,0.3972
Locomotion_1,X13,34.635,0.4011
Locomotion_1,X13,34.737,0.4011
Locomotion_1,X13,34.839,0.405
Locomotion_1,X13,34.941,0.405
Locomotion_1,X13,35.042,0.409
Locomotion_1,X13,35.144,0.409
Locomotion_1,X13,35.246,0.4129
Locomotion_1,X13,35.348,0.4129
Locomotion_1,X13,35.45,0.4168
Locomotion_1,X13,35.552,0.4168
Locomotion_1,X13,35.654,0.4168
Locomotion_1,X13,35.756,0.4207
Locomotion_1,X13,35.857,0.4207
Locomotion_1,X13,35.959,0.4286
Locomotion_1,X13,36.061,0.4286
Locomotion_1,X13,36.163,0.4286
Locomotion_1,X13,36.265,0.4286
Locomotion_1,X13,36.367,0.4286
Locomotion_1,X13,36.469,0.4325
Locomotion_1,X13,36.57,0.4359
Locomotion_1,X13,36.672,0.4359
Locomotion_1,X13,36.774,0.4398
Locomotion_1,X13,36.876,0.4398
Locomotion_1,X13,36.978,0.4437
Locomotion_1,X13,37.08,0.4437
Locomotion_1,X13,37.182,0.4437
Locomotion_1,X13,37.284,0.4476
Locomotion_1,X13,37.385,0.4476
Locomotion_1,X13,37.487,0.4515
Locomotion_1,X13,37.589,0.4555
Locomotion_1,X13,37.691,0.4555
Locomotion_1,X13,37.793,0.4555
Locomotion_1,X13,37.895,0.4594
Locomotion_1,X13,37.997,0.4594
Locomotion_1,X13,38.098,0.4633
Locomotion_1,X13,38.2,0.4633
Locomotion_1,X13,38.302,0.4672
Locomotion_1,X13,38.404,0.4711
Locomotion_1,X13,38.506,0.4751
Locomotion_1,X13,38.608,0.4751
Locomotion_1,X13,38.71,0.479
Locomotion_1,X13,38.812,0.479
Locomotion_1,X13,38.913,0.4829
Locomotion_1,X13,39.015,0.4829
Locomotion_1,X13,39.117,0.4908
Locomotion_1,X13,39.219,0.4908
Locomotion_1,X13,39.321,0.4908
Locomotion_1,X13,39.423,0.4947
Locomotion_1,X13,39.525,0.4947
Locomotion_1,X13,39.626,0.4986
Locomotion_1,X13,39.728,0.5025
Locomotion_1,X13,39.83,0.5025
Locomotion_1,X13,39.932,0.5059
Locomotion_1,X13,40.034,0.5059
Locomotion_1,X13,40.136,0.5098
Locomotion_1,X13,40.238,0.5098
Locomotion_1,X13,40.34,0.5137
Locomotion_1,X13,40.441,0.5176
Locomotion_1,X13,40.543,0.5176
Locomotion_1,X13,40.645,0.5216
Locomotion_1,X13,40.747,0.5294
Locomotion_1,X13,40.849,0.5294
Locomotion_1,X13,40.951,0.5294
Locomotion_1,X13,41.053,0.5294
Locomotion_1,X13,41.154,0.5333
Locomotion_1,X13,41.256,0.5373
Locomotion_1,X13,41.358,0.5412
Locomotion_1,X13,41.46,0.5412
Locomotion_1,X13,41.562,0.5451
Locomotion_1,X13,41.664,0.549
Locomotion_1,X13,41.766,0.5569
Locomotion_1,X13,41.868,0.5608
Locomotion_1,X13,41.969,0.5608
Locomotion_1,X13,42.071,0.5608
Locomotion_1,X13,42.173,0.5647
Locomotion_1,X13,42.275,0.5686
Locomotion_1,X13,42.377,0.5725
Locomotion_1,X13,42.479,0.5759
Locomotion_1,X13,42.581,0.5798
Locomotion_1,X13,42.683,0.5838
Locomotion_1,X13,42.784,0.5916
Locomotion_1,X13,42.886,0.5916
Locomotion_1,X13,42.988,0.5916
Locomotion_1,X13,43.09,0.5955
Locomotion_1,X13,43.192,0.5994
Locomotion_1,X13,43.294,0.6034
Locomotion_1,X13,43.396,0.6073
Locomotion_1,X13,43.497,0.6073
Locomotion_1,X13,43.599,0.6112
Locomotion_1,X13,43.701,0.6112
Locomotion_1,X13,43.803,0.619
Locomotion_1,X13,43.905,0.623
Locomotion_1,X13,44.007,0.623
Locomotion_1,X13,44.109,0.6269
Locomotion_1,X13,44.211,0.6308
Locomotion_1,X13,44.312,0.6347
Locomotion_1,X13,44.414,0.6387
Locomotion_1,X13,44.516,0.6426
Locomotion_1,X13,44.618,0.6459
Locomotion_1,X13,44.72,0.6538
Locomotion_1,X13,44.822,0.6538
Locomotion_1,X13,44.924,0.6577
Locomotion_1,X13,45.025,0.6616
Locomotion_1,X13,45.127,0.6655
Locomotion_1,X13,45.229,0.6695
Locomotion_1,X13,45.331,0.6734
Locomotion_1,X13,45.433,0.6852
Locomotion_1,X13,45.535,0.6852
Locomotion_1,X13,45.637,0.6891
Locomotion_1,X13,45.739,0.693
Locomotion_1,X13,45.84,0.6969
Locomotion_1,X13,45.942,0.7008
Locomotion_1,X13,46.044,0.7048
Locomotion_1,X13,46.146,0.7087
Locomotion_1,X13,46.248,0.7165
Locomotion_1,X13,46.35,0.7199
Locomotion_1,X13,46.452,0.7238
Locomotion_1,X13,46.553,0.7277
Locomotion_1,X13,46.655,0.7317
Locomotion_1,X13,46.757,0.7434
Locomotion_1,X13,46.859,0.7434
Locomotion_1,X13,46.961,0.7473
Locomotion_1,X13,47.063,0.7473
Locomotion_1,X13,47.165,0.7473
Locomotion_1,X13,47.267,0.7473
Locomotion_1,X13,47.368,0.7513
Locomotion_1,X13,47.47,0.7513
Locomotion_1,X13,47.572,0.7513
Locomotion_1,X13,47.674,0.7513
Locomotion_1,X13,47.776,0.7513
Locomotion_1,X13,47.878,0.7513
Locomotion_1,X13,47.98,0.7513
Locomotion_1,X13,48.081,0.7513
Locomotion_1,X13,48.183,0.7513
Locomotion_1,X13,48.285,0.7513
Locomotion_1,X13,48.387,0.7513
Locomotion_1,X13,48.489,0.7513
Locomotion_1,X13,48.591,0.7513
Locomotion_1,X13,48.693,0.7513
Locomotion_1,X13,48.795,0.7513
Locomotion_1,X13,48.896,0.7513
Locomotion_1,X13,48.998,0.7513
Locomotion_1,X13,49.1,0.7552
Locomotion_1,X13,49.202,0.7591
Locomotion_1,X13,49.304,0.7591
Locomotion_1,X13,49.406,0.7669
Locomotion_1,X13,49.508,0.7709
Locomotion_1,X13,49.61,0.7787
Locomotion_1,X13,49.711,0.7826
Locomotion_1,X13,49.813,0.7866
Locomotion_1,X13,49.915,0.7899
Locomotion_1,X13,50.017,0.7938
Locomotion_1,X13,50.119,0.7978
Locomotion_1,X13,50.221,0.8056
Locomotion_1,X13,50.323,0.8095
Locomotion_1,X13,50.424,0.8134
Locomotion_1,X13,50.526,0.8134
Locomotion_1,X13,50.628,0.8174
Locomotion_1,X13,50.73,0.8174
Locomotion_1,X13,50.832,0.8213
Locomotion_1,X13,50.934,0.8213
Locomotion_1,X13,51.036,0.8213
Locomotion_1,X13,51.138,0.8252
Locomotion_1,X13,51.239,0.8252
Locomotion_1,X13,51.341,0.8252
Locomotion_1,X13,51.443,0.8252
Locomotion_1,X13,51.545,0.8252
Locomotion_1,X13,51.647,0.8252
Locomotion_1,X13,51.749,0.8213
Locomotion_1,X13,51.851,0.8213
Locomotion_1,X13,51.952,0.8213
Locomotion_1,X13,52.054,0.8213
Locomotion_1,X13,52.156,0.8213
Locomotion_1,X13,52.258,0.8213
Locomotion_1,X13,52.36,0.8213
Locomotion_1,X13,52.462,0.8213
Locomotion_1,X13,52.564,0.8213
Locomotion_1,X13,52.666,0.8174
Locomotion_1,X13,52.767,0.8174
Locomotion_1,X13,52.869,0.8174
Locomotion_1,X13,52.971,0.8213
Locomotion_1,X13,53.073,0.8213
Locomotion_1,X13,53.175,0.8213
Locomotion_1,X13,53.277,0.8213
Locomotion_1,X13,53.379,0.8252
Locomotion_1,X13,53.48,0.8252
Locomotion_1,X13,53.582,0.8291
Locomotion_1,X13,53.684,0.8291
Locomotion_1,X13,53.786,0.8291
Locomotion_1,X13,53.888,0.8331
Locomotion_1,X13,53.99,0.8331
Locomotion_1,X13,54.092,0.8409
Locomotion_1,X13,54.194,0.8409
Locomotion_1,X13,54.295,0.8409
Locomotion_1,X13,54.397,0.8448
Locomotion_1,X13,54.499,0.8448
Locomotion_1,X13,54.601,0.8448
Locomotion_1,X13,54.703,0.8487
Locomotion_1,X13,54.805,0.8487
Locomotion_1,X13,54.907,0.8527
Locomotion_1,X13,55.008,0.8527
Locomotion_1,X13,55.11,0.8566
Locomotion_1,X13,55.212,0.8566
Locomotion_1,X13,55.314,0.8599
Locomotion_1,X13,55.416,0.8599
Locomotion_1,X13,55.518,0.8599
Locomotion_1,X13,55.62,0.8599
Locomotion_1,X13,55.722,0.8678
Locomotion_1,X13,55.823,0.8599
Locomotion_1,X13,55.925,0.8599
Locomotion_1,X13,56.027,0.8599
Locomotion_1,X13,56.129,0.8599
Locomotion_1,X13,56.231,0.8599
Locomotion_1,X13,56.333,0.8599
Locomotion_1,X13,56.435,0.8599
Locomotion_1,X13,56.537,0.8599
Locomotion_1,X13,56.638,0.8599
Locomotion_1,X13,56.74,0.8599
Locomotion_1,X13,56.842,0.8566
Locomotion_1,X13,56.944,0.8566
Locomotion_1,X13,57.046,0.8566
Locomotion_1,X13,57.148,0.8599
Locomotion_1,X13,57.25,0.8599
Locomotion_1,X13,57.351,0.8599
Locomotion_1,X13,57.453,0.8678
Locomotion_1,X13,57.555,0.8678
Locomotion_1,X13,57.657,0.8678
Locomotion_1,X13,57.759,0.8717
Locomotion_1,X13,57.861,0.8756
Locomotion_1,X13,57.963,0.8756
Locomotion_1,X13,58.065,0.8756
Locomotion_1,X13,58.166,0.8796
Locomotion_1,X13,58.268,0.8796
Locomotion_1,X13,58.37,0.8835
Locomotion_1,X13,58.472,0.8835
Locomotion_1,X13,58.574,0.8874
Locomotion_1,X13,58.676,0.8913
Locomotion_1,X13,58.778,0.8952
Locomotion_1,X13,58.879,0.8952
Locomotion_1,X13,58.981,0.9031
Locomotion_1,X13,59.083,0.9031
Locomotion_1,X13,59.185,0.907
Locomotion_1,X13,59.287,0.907
Locomotion_1,X13,59.389,0.907
Locomotion_1,X13,59.491,0.9109
Locomotion_1,X13,59.593,0.9109
Locomotion_1,X13,59.694,0.9109
Locomotion_1,X13,59.796,0.9148
Locomotion_1,X13,59.898,0.9148
Locomotion_1,X13,60.0,0.9148
Locomotion_1,X13,60.102,0.9109
Locomotion_1,X13,60.204,0.9109
Locomotion_1,X13,60.306,0.9109
Locomotion_1,X13,60.407,0.9109
Locomotion_1,X13,60.509,0.9109
Locomotion_1,X13,60.611,0.9109
Locomotion_1,X13,60.713,0.907
Locomotion_1,X13,60.815,0.907
Locomotion_1,X13,60.917,0.907
Locomotion_1,X13,61.019,0.907
Locomotion_1,X13,61.121,0.907
Locomotion_1,X13,61.222,0.907
Locomotion_1,X13,61.324,0.907
Locomotion_1,X13,61.426,0.907
Locomotion_1,X13,61.528,0.9109
Locomotion_1,X13,61.63,0.9109
Locomotion_1,X13,61.732,0.9109
Locomotion_1,X13,61.834,0.9148
Locomotion_1,X13,61.935,0.9148
Locomotion_1,X13,62.037,0.9188
Locomotion_1,X13,62.139,0.9188
Locomotion_1,X13,62.241,0.9227
Locomotion_1,X13,62.343,0.93
Locomotion_1,X13,62.445,0.93
Locomotion_1,X13,62.547,0.9339
Locomotion_1,X13,62.649,0.9339
Locomotion_1,X13,62.75,0.9378
Locomotion_1,X13,62.852,0.9378
Locomotion_1,X13,62.954,0.9378
Locomotion_1,X13,63.056,0.9417
Locomotion_1,X13,63.158,0.9457
Locomotion_1,X13,63.26,0.9496
Locomotion_1,X13,63.362,0.9496
Locomotion_1,X13,63.463,0.9535
Locomotion_1,X13,63.565,0.9574
Locomotion_1,X13,63.667,0.9574
Locomotion_1,X13,63.769,0.9653
Locomotion_1,X13,63.871,0.9692
Locomotion_1,X13,63.973,0.9692
Locomotion_1,X13,64.075,0.9692
Locomotion_1,X13,64.177,0.9731
Locomotion_1,X13,64.278,0.9731
Locomotion_1,X13,64.38,0.9731
Locomotion_1,X13,64.482,0.9731
Locomotion_1,X13,64.584,0.9731
Locomotion_1,X13,64.686,0.9731
Locomotion_1,X13,64.788,0.9731
Locomotion_1,X13,64.89,0.9692
Locomotion_1,X13,64.992,0.9692
Locomotion_1,X13,65.093,0.9692
Locomotion_1,X13,65.195,0.9692
Locomotion_1,X13,65.297,0.9692
Locomotion_1,X13,65.399,0.9692
Locomotion_1,X13,65.501,0.9692
Locomotion_1,X13,65.603,0.9692
Locomotion_1,X13,65.705,0.9692
Locomotion_1,X13,65.806,0.9692
Locomotion_1,X13,65.908,0.9692
Locomotion_1,X13,66.01,0.9692
Locomotion_1,X13,66.112,0.9731
Locomotion_1,X13,66.214,0.9731
Locomotion_1,X13,66.316,0.9731
Locomotion_1,X13,66.418,0.977
Locomotion_1,X13,66.52,0.981
Locomotion_1,X13,66.621,0.9849
Locomotion_1,X13,66.723,0.9849
Locomotion_1,X13,66.825,0.9927
Locomotion_1,X13,66.927,0.9966
Locomotion_1,X13,67.029,0.9966
Locomotion_1,X13,67.131,1.0
Locomotion_1,X13,67.233,1.0
Locomotion_1,X13,67.334,0.9966
Locomotion_1,X13,67.436,0.9731
Locomotion_1,X13,67.538,0.9417
Locomotion_1,X13,67.64,0.9109
Locomotion_1,X13,67.742,0.9031
Locomotion_1,X13,67.844,0.8835
Locomotion_1,X13,67.946,0.8756
Locomotion_1,X13,68.048,0.8599
Locomotion_1,X13,68.149,0.8599
Locomotion_1,X13,68.251,0.8678
Locomotion_1,X13,68.353,0.8717
Locomotion_1,X13,68.455,0.8717
Locomotion_1,X13,68.557,0.8717
Locomotion_1,X13,68.659,0.0
Locomotion_1,X13,68.761,0.0
Locomotion_1,X13,68.862,0.0
Locomotion_1,X13,68.964,0.0
Locomotion_1,X13,69.066,0.0
Locomotion_1,X13,69.168,0.0
Locomotion_1,X13,69.27,0.0
Locomotion_1,X13,69.372,0.0
Locomotion_1,X13,69.474,0.0
Locomotion_1,X13,69.576,0.0
Locomotion_1,X13,69.677,0.0
Locomotion_1,X13,69.779,0.0
Locomotion_1,X13,69.881,0.0
Locomotion_1,X13,69.983,0.0
Locomotion_1,X13,70.085,0.0
Locomotion_1,X13,70.187,0.0
Locomotion_1,X13,70.289,0.0
Locomotion_1,X13,70.39,0.0
Locomotion_1,X13,70.492,0.0
Locomotion_1,X13,70.594,0.0
Locomotion_1,X13,70.696,0.0
Locomotion_1,X13,70.798,0.0
Locomotion_1,X13,70.9,0.0
Locomotion_1,X13,71.002,0.0
Locomotion_1,X13,71.104,0.0
Locomotion_1,X13,71.205,0.0
Locomotion_1,X13,71.307,0.0
Locomotion_1,X13,71.409,0.0
Locomotion_1,X13,71.511,0.0
Locomotion_1,X13,71.613,0.0
Locomotion_1,X13,71.715,0.0
Locomotion_1,X13,71.817,0.0
Locomotion_1,X13,71.919,0.0
Locomotion_1,X13,72.02,0.0
Locomotion_1,X13,72.122,0.0
Locomotion_1,X13,72.224,0.0
Locomotion_1,X13,72.326,0.0
Locomotion_1,X13,72.428,0.0
Locomotion_1,X13,72.53,0.0
Locomotion_1,X13,72.632,0.0
Locomotion_1,X13,72.733,0.0
Locomotion_1,X13,72.835,0.0
Locomotion_1,X13,72.937,0.0
Locomotion_1,X13,73.039,0.0
Locomotion_1,X13,73.141,0.0
Locomotion_1,X13,73.243,0.0
Locomotion_1,X13,73.345,0.0
Locomotion_1,X13,73.447,0.0
Locomotion_1,X13,73.548,0.0
Locomotion_1,X13,73.65,0.0
Locomotion_1,X13,73.752,0.0
Locomotion_1,X13,73.854,0.0
Locomotion_1,X13,73.956,0.0
Locomotion_1,X13,74.058,0.0
Locomotion_1,X13,74.16,0.0
Locomotion_1,X13,74.261,0.0
Locomotion_1,X13,74.363,1.0
Locomotion_2,X17,0.0,1.0
Locomotion_2,X17,0.102,0.0549
Locomotion_2,X17,0.204,0.0
Locomotion_2,X17,0.306,0.0
Locomotion_2,X17,0.407,0.0
Locomotion_2,X17,0.509,0.0
Locomotion_2,X17,0.611,0.0
Locomotion_2,X17,0.713,0.0
Locomotion_2,X17,0.815,0.0
Locomotion_2,X17,0.917,0.0
Locomotion_2,X17,1.019,0.0
Locomotion_2,X17,1.121,0.0
Locomotion_2,X17,1.222,0.0
Locomotion_2,X17,1.324,0.0
Locomotion_2,X17,1.426,0.0
Locomotion_2,X17,1.528,0.0
Locomotion_2,X17,1.63,0.0
Locomotion_2,X17,1.732,0.0
Locomotion_2,X17,1.834,0.0
Locomotion_2,X17,1.935,0.0
Locomotion_2,X17,2.037,0.0
Locomotion_2,X17,2.139,0.0
Locomotion_2,X17,2.241,0.0
Locomotion_2,X17,2.343,0.0
Locomotion_2,X17,2.445,0.0
Locomotion_2,X17,2.547,0.0
Locomotion_2,X17,2.649,0.0
Locomotion_2,X17,2.75,0.0
Locomotion_2,X17,2.852,0.0
Locomotion_2,X17,2.954,0.0
Locomotion_2,X17,3.056,0.0
Locomotion_2,X17,3.158,0.0
Locomotion_2,X17,3.26,0.0
Locomotion_2,X17,3.362,0.0
Locomotion_2,X17,3.463,0.0
Locomotion_2,X17,3.565,0.0
Locomotion_2,X17,3.667,0.0
Locomotion_2,X17,3.769,0.0
Locomotion_2,X17,3.871,0.0
Locomotion_2,X17,3.973,0.0
Locomotion_2,X17,4.075,0.0
Locomotion_2,X17,4.177,0.0
Locomotion_2,X17,4.278,0.0
Locomotion_2,X17,4.38,0.0
Locomotion_2,X17,4.482,0.0
Locomotion_2,X17,4.584,0.0
Locomotion_2,X17,4.686,0.0
Locomotion_2,X17,4.788,0.0
Locomotion_2,X17,4.89,0.0
Locomotion_2,X17,4.992,0.0
Locomotion_2,X17,5.093,0.0
Locomotion_2,X17,5.195,0.0
Locomotion_2,X17,5.297,0.0
Locomotion_2,X17,5.399,0.0
Locomotion_2,X17,5.501,0.0
Locomotion_2,X17,5.603,0.0
Locomotion_2,X17,5.705,0.0
Locomotion_2,X17,5.806,0.0
Locomotion_2,X17,5.908,0.0
Locomotion_2,X17,6.01,0.0
Locomotion_2,X17,6.112,0.0
Locomotion_2,X17,6.214,0.0
Locomotion_2,X17,6.316,0.0
Locomotion_2,X17,6.418,0.0
Locomotion_2,X17,6.52,0.0
Locomotion_2,X17,6.621,0.0
Locomotion_2,X17,6.723,0.0
Locomotion_2,X17,6.825,0.0
Locomotion_2,X17,6.927,0.0
Locomotion_2,X17,7.029,0.0
Locomotion_2,X17,7.131,0.0
Locomotion_2,X17,7.233,0.0
Locomotion_2,X17,7.334,0.0
Locomotion_2,X17,7.436,0.0
Locomotion_2,X17,7.538,0.0
Locomotion_2,X17,7.64,0.0
Locomotion_2,X17,7.742,0.0
Locomotion_2,X17,7.844,0.0
Locomotion_2,X17,7.946,0.0
Locomotion_2,X17,8.048,0.0
Locomotion_2,X17,8.149,0.0
Locomotion_2,X17,8.251,0.0
Locomotion_2,X17,8.353,0.0
Locomotion_2,X17,8.455,0.0
Locomotion_2,X17,8.557,0.0
Locomotion_2,X17,8.659,0.0
Locomotion_2,X17,8.761,0.0
Locomotion_2,X17,8.862,0.0
Locomotion_2,X17,8.964,0.0
Locomotion_2,X17,9.066,0.0
Locomotion_2,X17,9.168,0.0
Locomotion_2,X17,9.27,0.0
Locomotion_2,X17,9.372,0.0
Locomotion_2,X17,9.474,0.0
Locomotion_2,X17,9.576,0.0
Locomotion_2,X17,9.677,0.0
Locomotion_2,X17,9.779,0.0
Locomotion_2,X17,9.881,0.0
Locomotion_2,X17,9.983,0.0
Locomotion_2,X17,10.085,0.0
Locomotion_2,X17,10.187,0.0
Locomotion_2,X17,10.289,0.0
Locomotion_2,X17,10.39,0.0
Locomotion_2,X17,10.492,0.0
Locomotion_2,X17,10.594,0.0
Locomotion_2,X17,10.696,0.0
Locomotion_2,X17,10.798,0.0
Locomotion_2,X17,10.9,0.0
Locomotion_2,X17,11.002,0.0
Locomotion_2,X17,11.104,0.0
Locomotion_2,X17,11.205,0.0
Locomotion_2,X17,11.307,0.0
Locomotion_2,X17,11.409,0.0
Locomotion_2,X17,11.511,0.0
Locomotion_2,X17,11.613,0.0
Locomotion_2,X17,11.715,0.0
Locomotion_2,X17,11.817,0.0
Locomotion_2,X17,11.919,0.0
Locomotion_2,X17,12.02,0.0
Locomotion_2,X17,12.122,0.0
Locomotion_2,X17,12.224,0.0
Locomotion_2,X17,12.326,0.0
Locomotion_2,X17,12.428,0.0
Locomotion_2,X17,12.53,0.0
Locomotion_2,X17,12.632,0.0
Locomotion_2,X17,12.733,0.0
Locomotion_2,X17,12.835,0.0
Locomotion_2,X17,12.937,0.0
Locomotion_2,X17,13.039,0.0
Locomotion_2,X17,13.141,0.0
Locomotion_2,X17,13.243,0.0
Locomotion_2,X17,13.345,0.0
Locomotion_2,X17,13.447,0.0
Locomotion_2,X17,13.548,0.0
Locomotion_2,X17,13.65,0.0
Locomotion_2,X17,13.752,0.0
Locomotion_2,X17,13.854,0.0
Locomotion_2,X17,13.956,0.0
Locomotion_2,X17,14.058,0.0
Locomotion_2,X17,14.16,0.0
Locomotion_2,X17,14.261,0.0
Locomotion_2,X17,14.363,0.0
Locomotion_2,X17,14.465,0.0
Locomotion_2,X17,14.567,0.0
Locomotion_2,X17,14.669,0.0
Locomotion_2,X17,14.771,0.0
Locomotion_2,X17,14.873,0.0
Locomotion_2,X17,14.975,0.0
Locomotion_2,X17,15.076,0.0
Locomotion_2,X17,15.178,0.0
Locomotion_2,X17,15.28,0.0
Locomotion_2,X17,15.382,0.0
Locomotion_2,X17,15.484,0.0
Locomotion_2,X17,15.586,0.0
Locomotion_2,X17,15.688,0.0
Locomotion_2,X17,15.789,0.0
Locomotion_2,X17,15.891,0.0
Locomotion_2,X17,15.993,0.0
Locomotion_2,X17,16.095,0.0
Locomotion_2,X17,16.197,0.0
Locomotion_2,X17,16.299,0.0
Locomotion_2,X17,16.401,0.0
Locomotion_2,X17,16.503,0.0
Locomotion_2,X17,16.604,0.0
Locomotion_2,X17,16.706,0.0
Locomotion_2,X17,16.808,0.0
Locomotion_2,X17,16.91,0.0
Locomotion_2,X17,17.012,0.0
Locomotion_2,X17,17.114,0.0
Locomotion_2,X17,17.216,0.0
Locomotion_2,X17,17.317,0.0
Locomotion_2,X17,17.419,0.0
Locomotion_2,X17,17.521,0.0
Locomotion_2,X17,17.623,0.0
Locomotion_2,X17,17.725,0.0
Locomotion_2,X17,17.827,0.0
Locomotion_2,X17,17.929,0.0
Locomotion_2,X17,18.031,0.0
Locomotion_2,X17,18.132,0.0
Locomotion_2,X17,18.234,0.0
Locomotion_2,X17,18.336,0.0
Locomotion_2,X17,18.438,0.0
Locomotion_2,X17,18.54,0.0
Locomotion_2,X17,18.642,0.0
Locomotion_2,X17,18.744,0.0
Locomotion_2,X17,18.846,0.0
Locomotion_2,X17,18.947,0.0
Locomotion_2,X17,19.049,0.0
Locomotion_2,X17,19.151,0.0
Locomotion_2,X17,19.253,0.0
Locomotion_2,X17,19.355,0.0
Locomotion_2,X17,19.457,0.0
Locomotion_2,X17,19.559,0.0
Locomotion_2,X17,19.66,0.0
Locomotion_2,X17,19.762,0.0
Locomotion_2,X17,19.864,0.0
Locomotion_2,X17,19.966,0.0
Locomotion_2,X17,20.068,0.0
Locomotion_2,X17,20.17,0.0
Locomotion_2,X17,20.272,0.0
Locomotion_2,X17,20.374,0.0
Locomotion_2,X17,20.475,0.0
Locomotion_2,X17,20.577,0.0
Locomotion_2,X17,20.679,0.0
Locomotion_2,X17,20.781,0.0
Locomotion_2,X17,20.883,0.0
Locomotion_2,X17,20.985,0.0
Locomotion_2,X17,21.087,0.0
Locomotion_2,X17,21.188,0.0
Locomotion_2,X17,21.29,0.0
Locomotion_2,X17,21.392,0.0
Locomotion_2,X17,21.494,0.0
Locomotion_2,X17,21.596,0.0
Locomotion_2,X17,21.698,0.0
Locomotion_2,X17,21.8,0.0
Locomotion_2,X17,21.902,0.0
Locomotion_2,X17,22.003,0.0
Locomotion_2,X17,22.105,0.0
Locomotion_2,X17,22.207,0.0
Locomotion_2,X17,22.309,0.0
Locomotion_2,X17,22.411,0.0
Locomotion_2,X17,22.513,0.0
Locomotion_2,X17,22.615,0.0
Locomotion_2,X17,22.716,0.0
Locomotion_2,X17,22.818,0.0
Locomotion_2,X17,22.92,0.0
Locomotion_2,X17,23.022,0.0
Locomotion_2,X17,23.124,0.0
Locomotion_2,X17,23.226,0.0
Locomotion_2,X17,23.328,0.0
Locomotion_2,X17,23.43,0.0
Locomotion_2,X17,23.531,0.0
Locomotion_2,X17,23.633,0.0
Locomotion_2,X17,23.735,0.0
Locomotion_2,X17,23.837,0.0
Locomotion_2,X17,23.939,0.0
Locomotion_2,X17,24.041,0.0
Locomotion_2,X17,24.143,0.0
Locomotion_2,X17,24.244,0.0
Locomotion_2,X17,24.346,0.0
Locomotion_2,X17,24.448,0.0
Locomotion_2,X17,24.55,0.0
Locomotion_2,X17,24.652,0.0
Locomotion_2,X17,24.754,0.0
Locomotion_2,X17,24.856,0.0
Locomotion_2,X17,24.958,0.0
Locomotion_2,X17,25.059,0.0
Locomotion_2,X17,25.161,0.0
Locomotion_2,X17,25.263,0.0
Locomotion_2,X17,25.365,0.0
Locomotion_2,X17,25.467,0.0
Locomotion_2,X17,25.569,0.0
Locomotion_2,X17,25.671,0.0
Locomotion_2,X17,25.772,0.0
Locomotion_2,X17,25.874,0.0
Locomotion_2,X17,25.976,0.0
Locomotion_2,X17,26.078,0.0
Locomotion_2,X17,26.18,0.0
Locomotion_2,X17,26.282,0.0
Locomotion_2,X17,26.384,0.0
Locomotion_2,X17,26.486,0.0
Locomotion_2,X17,26.587,0.0
Locomotion_2,X17,26.689,0.0
Locomotion_2,X17,26.791,0.0
Locomotion_2,X17,26.893,0.0
Locomotion_2,X17,26.995,0.0
Locomotion_2,X17,27.097,0.0
Locomotion_2,X17,27.199,0.0
Locomotion_2,X17,27.301,0.0
Locomotion_2,X17,27.402,0.0
Locomotion_2,X17,27.504,0.0
Locomotion_2,X17,27.606,0.0
Locomotion_2,X17,27.708,0.0
Locomotion_2,X17,27.81,0.0
Locomotion_2,X17,27.912,0.0
Locomotion_2,X17,28.014,0.0
Locomotion_2,X17,28.115,0.0
Locomotion_2,X17,28.217,0.0
Locomotion_2,X17,28.319,0.0
Locomotion_2,X17,28.421,0.0
Locomotion_2,X17,28.523,0.0
Locomotion_2,X17,28.625,0.0
Locomotion_2,X17,28.727,0.0
Locomotion_2,X17,28.829,0.0
Locomotion_2,X17,28.93,0.0
Locomotion_2,X17,29.032,0.0
Locomotion_2,X17,29.134,0.0
Locomotion_2,X17,29.236,0.0
Locomotion_2,X17,29.338,0.0
Locomotion_2,X17,29.44,0.0
Locomotion_2,X17,29.542,0.0
Locomotion_2,X17,29.643,0.0
Locomotion_2,X17,29.745,0.0
Locomotion_2,X17,29.847,0.0
Locomotion_2,X17,29.949,0.0
Locomotion_2,X17,30.051,0.0
Locomotion_2,X17,30.153,0.0
Locomotion_2,X17,30.255,0.0
Locomotion_2,X17,30.357,0.0
Locomotion_2,X17,30.458,0.0
Locomotion_2,X17,30.56,0.0
Locomotion_2,X17,30.662,0.0
Locomotion_2,X17,30.764,0.0
Locomotion_2,X17,30.866,0.0
Locomotion_2,X17,30.968,0.0
Locomotion_2,X17,31.07,0.0
Locomotion_2,X17,31.171,0.0
Locomotion_2,X17,31.273,0.0
Locomotion_2,X17,31.375,0.0
Locomotion_2,X17,31.477,0.0
Locomotion_2,X17,31.579,0.0
Locomotion_2,X17,31.681,0.0
Locomotion_2,X17,31.783,0.0
Locomotion_2,X17,31.885,0.0
Locomotion_2,X17,31.986,0.0
Locomotion_2,X17,32.088,0.0
Locomotion_2,X17,32.19,0.0
Locomotion_2,X17,32.292,0.0
Locomotion_2,X17,32.394,0.0
Locomotion_2,X17,32.496,0.0
Locomotion_2,X17,32.598,0.0
Locomotion_2,X17,32.699,0.0
Locomotion_2,X17,32.801,0.0
Locomotion_2,X17,32.903,0.0
Locomotion_2,X17,33.005,0.0
Locomotion_2,X17,33.107,0.0
Locomotion_2,X17,33.209,0.0
Locomotion_2,X17,33.311,0.0
Locomotion_2,X17,33.413,0.0
Locomotion_2,X17,33.514,0.0
Locomotion_2,X17,33.616,0.0
Locomotion_2,X17,33.718,0.0
Locomotion_2,X17,33.82,0.0
Locomotion_2,X17,33.922,0.0
Locomotion_2,X17,34.024,0.0
Locomotion_2,X17,34.126,0.0
Locomotion_2,X17,34.228,0.0
Locomotion_2,X17,34.329,0.0
Locomotion_2,X17,34.431,0.0
Locomotion_2,X17,34.533,0.0
Locomotion_2,X17,34.635,0.0
Locomotion_2,X17,34.737,0.0
Locomotion_2,X17,34.839,0.0
Locomotion_2,X17,34.941,0.0
Locomotion_2,X17,35.042,0.0
Locomotion_2,X17,35.144,0.0
Locomotion_2,X17,35.246,0.0
Locomotion_2,X17,35.348,0.0
Locomotion_2,X17,35.45,0.0
Locomotion_2,X17,35.552,0.0
Locomotion_2,X17,35.654,0.0
Locomotion_2,X17,35.756,0.0
Locomotion_2,X17,35.857,0.0
Locomotion_2,X17,35.959,0.0
Locomotion_2,X17,36.061,0.0
Locomotion_2,X17,36.163,0.0
Locomotion_2,X17,36.265,0.0
Locomotion_2,X17,36.367,0.0
Locomotion_2,X17,36.469,0.0
Locomotion_2,X17,36.57,0.0
Locomotion_2,X17,36.672,0.0
Locomotion_2,X17,36.774,0.0
Locomotion_2,X17,36.876,0.0
Locomotion_2,X17,36.978,0.0
Locomotion_2,X17,37.08,0.0
Locomotion_2,X17,37.182,0.0
Locomotion_2,X17,37.284,0.0
Locomotion_2,X17,37.385,0.0
Locomotion_2,X17,37.487,0.0
Locomotion_2,X17,37.589,0.0
Locomotion_2,X17,37.691,0.0
Locomotion_2,X17,37.793,0.0
Locomotion_2,X17,37.895,0.0
Locomotion_2,X17,37.997,0.0
Locomotion_2,X17,38.098,0.0
Locomotion_2,X17,38.2,0.0
Locomotion_2,X17,38.302,0.0
Locomotion_2,X17,38.404,0.0
Locomotion_2,X17,38.506,0.0
Locomotion_2,X17,38.608,0.0
Locomotion_2,X17,38.71,0.0
Locomotion_2,X17,38.812,0.0
Locomotion_2,X17,38.913,0.0
Locomotion_2,X17,39.015,0.0
Locomotion_2,X17,39.117,0.0
Locomotion_2,X17,39.219,0.0
Locomotion_2,X17,39.321,0.0
Locomotion_2,X17,39.423,0.0
Locomotion_2,X17,39.525,0.0
Locomotion_2,X17,39.626,0.0
Locomotion_2,X17,39.728,0.0
Locomotion_2,X17,39.83,0.0
Locomotion_2,X17,39.932,0.0
Locomotion_2,X17,40.034,0.0
Locomotion_2,X17,40.136,0.0
Locomotion_2,X17,40.238,0.0
Locomotion_2,X17,40.34,0.0
Locomotion_2,X17,40.441,0.0
Locomotion_2,X17,40.543,0.0
Locomotion_2,X17,40.645,0.0
Locomotion_2,X17,40.747,0.0
Locomotion_2,X17,40.849,0.0
Locomotion_2,X17,40.951,0.0
Locomotion_2,X17,41.053,0.0
Locomotion_2,X17,41.154,0.0
Locomotion_2,X17,41.256,0.0
Locomotion_2,X17,41.358,0.0
Locomotion_2,X17,41.46,0.0
Locomotion_2,X17,41.562,0.0
Locomotion_2,X17,41.664,0.0
Locomotion_2,X17,41.766,0.0
Locomotion_2,X17,41.868,0.0
Locomotion_2,X17,41.969,0.0
Locomotion_2,X17,42.071,0.0
Locomotion_2,X17,42.173,0.0
Locomotion_2,X17,42.275,0.0
Locomotion_2,X17,42.377,0.0
Locomotion_2,X17,42.479,0.0
Locomotion_2,X17,42.581,0.0
Locomotion_2,X17,42.683,0.0
Locomotion_2,X17,42.784,0.0
Locomotion_2,X17,42.886,0.0
Locomotion_2,X17,42.988,0.0
Locomotion_2,X17,43.09,0.0
Locomotion_2,X17,43.192,0.0
Locomotion_2,X17,43.294,0.0
Locomotion_2,X17,43.396,0.0
Locomotion_2,X17,43.497,0.0
Locomotion_2,X17,43.599,0.0
Locomotion_2,X17,43.701,0.0
Locomotion_2,X17,43.803,0.0
Locomotion_2,X17,43.905,0.0
Locomotion_2,X17,44.007,0.0
Locomotion_2,X17,44.109,0.0
Locomotion_2,X17,44.211,0.0
Locomotion_2,X17,44.312,0.0
Locomotion_2,X17,44.414,0.0
Locomotion_2,X17,44.516,0.0
Locomotion_2,X17,44.618,0.0
Locomotion_2,X17,44.72,0.0
Locomotion_2,X17,44.822,0.0
Locomotion_2,X17,44.924,0.0
Locomotion_2,X17,45.025,0.0
Locomotion_2,X17,45.127,0.0
Locomotion_2,X17,45.229,0.0
Locomotion_2,X17,45.331,0.0
Locomotion_2,X17,45.433,0.0
Locomotion_2,X17,45.535,0.0
Locomotion_2,X17,45.637,0.0
Locomotion_2,X17,45.739,0.0
Locomotion_2,X17,45.84,0.0
Locomotion_2,X17,45.942,0.0
Locomotion_2,X17,46.044,0.0
Locomotion_2,X17,46.146,0.0
Locomotion_2,X17,46.248,0.0
Locomotion_2,X17,46.35,0.0
Locomotion_2,X17,46.452,0.0
Locomotion_2,X17,46.553,0.0
Locomotion_2,X17,46.655,0.0
Locomotion_2,X17,46.757,0.0
Locomotion_2,X17,46.859,0.0
Locomotion_2,X17,46.961,0.0
Locomotion_2,X17,47.063,0.0
Locomotion_2,X17,47.165,0.0
Locomotion_2,X17,47.267,0.0
Locomotion_2,X17,47.368,0.0
Locomotion_2,X17,47.47,0.0
Locomotion_2,X17,47.572,0.0
Locomotion_2,X17,47.674,0.0
Locomotion_2,X17,47.776,0.0
Locomotion_2,X17,47.878,0.0
Locomotion_2,X17,47.98,0.0
Locomotion_2,X17,48.081,0.0
Locomotion_2,X17,48.183,0.0
Locomotion_2,X17,48.285,0.0
Locomotion_2,X17,48.387,0.0
Locomotion_2,X17,48.489,0.0
Locomotion_2,X17,48.591,0.0
Locomotion_2,X17,48.693,0.0
Locomotion_2,X17,48.795,0.0
Locomotion_2,X17,48.896,0.0
Locomotion_2,X17,48.998,0.0
Locomotion_2,X17,49.1,0.0
Locomotion_2,X17,49.202,0.0
Locomotion_2,X17,49.304,0.0
Locomotion_2,X17,49.406,0.0
Locomotion_2,X17,49.508,0.0
Locomotion_2,X17,49.61,0.0
Locomotion_2,X17,49.711,0.0
Locomotion_2,X17,49.813,0.0
Locomotion_2,X17,49.915,0.0
Locomotion_2,X17,50.017,0.0
Locomotion_2,X17,50.119,0.0
Locomotion_2,X17,50.221,0.0
Locomotion_2,X17,50.323,0.0
Locomotion_2,X17,50.424,0.0
Locomotion_2,X17,50.526,0.0
Locomotion_2,X17,50.628,0.0
Locomotion_2,X17,50.73,0.0
Locomotion_2,X17,50.832,0.0
Locomotion_2,X17,50.934,0.0
Locomotion_2,X17,51.036,0.0
Locomotion_2,X17,51.138,0.0
Locomotion_2,X17,51.239,0.0
Locomotion_2,X17,51.341,0.0
Locomotion_2,X17,51.443,0.0
Locomotion_2,X17,51.545,0.0
Locomotion_2,X17,51.647,0.0
Locomotion_2,X17,51.749,0.0
Locomotion_2,X17,51.851,0.0
Locomotion_2,X17,51.952,0.0
Locomotion_2,X17,52.054,0.0
Locomotion_2,X17,52.156,0.0
Locomotion_2,X17,52.258,0.0
Locomotion_2,X17,52.36,0.0
Locomotion_2,X17,52.462,0.0
Locomotion_2,X17,52.564,0.0
Locomotion_2,X17,52.666,0.0
Locomotion_2,X17,52.767,0.0
Locomotion_2,X17,52.869,0.0
Locomotion_2,X17,52.971,0.0
Locomotion_2,X17,53.073,0.0
Locomotion_2,X17,53.175,0.0
Locomotion_2,X17,53.277,0.0
Locomotion_2,X17,53.379,0.0
Locomotion_2,X17,53.48,0.0
Locomotion_2,X17,53.582,0.0
Locomotion_2,X17,53.684,0.0
Locomotion_2,X17,53.786,0.0
Locomotion_2,X17,53.888,0.0
Locomotion_2,X17,53.99,0.0
Locomotion_2,X17,54.092,0.0
Locomotion_2,X17,54.194,0.0
Locomotion_2,X17,54.295,0.0
Locomotion_2,X17,54.397,0.0
Locomotion_2,X17,54.499,0.0
Locomotion_2,X17,54.601,0.0
Locomotion_2,X17,54.703,0.0
Locomotion_2,X17,54.805,0.0
Locomotion_2,X17,54.907,0.0
Locomotion_2,X17,55.008,0.0
Locomotion_2,X17,55.11,0.0
Locomotion_2,X17,55.212,0.0
Locomotion_2,X17,55.314,0.0
Locomotion_2,X17,55.416,0.0
Locomotion_2,X17,55.518,0.0
Locomotion_2,X17,55.62,0.0
Locomotion_2,X17,55.722,0.0
Locomotion_2,X17,55.823,0.0
Locomotion_2,X17,55.925,0.0
Locomotion_2,X17,56.027,0.0
Locomotion_2,X17,56.129,0.0
Locomotion_2,X17,56.231,0.0
Locomotion_2,X17,56.333,0.0
Locomotion_2,X17,56.435,0.0
Locomotion_2,X17,56.537,0.0
Locomotion_2,X17,56.638,0.0
Locomotion_2,X17,56.74,0.0
Locomotion_2,X17,56.842,0.0
Locomotion_2,X17,56.944,0.0
Locomotion_2,X17,57.046,0.0
Locomotion_2,X17,57.148,0.0
Locomotion_2,X17,57.25,0.0
Locomotion_2,X17,57.351,0.0
Locomotion_2,X17,57.453,0.0
Locomotion_2,X17,57.555,0.0
Locomotion_2,X17,57.657,0.0
Locomotion_2,X17,57.759,0.0
Locomotion_2,X17,57.861,0.0
Locomotion_2,X17,57.963,0.0
Locomotion_2,X17,58.065,0.0
Locomotion_2,X17,58.166,0.0
Locomotion_2,X17,58.268,0.0
Locomotion_2,X17,58.37,0.0
Locomotion_2,X17,58.472,0.0
Locomotion_2,X17,58.574,0.0
Locomotion_2,X17,58.676,0.0
Locomotion_2,X17,58.778,0.0
Locomotion_2,X17,58.879,0.0
Locomotion_2,X17,58.981,0.0
Locomotion_2,X17,59.083,0.0
Locomotion_2,X17,59.185,0.0
Locomotion_2,X17,59.287,0.0
Locomotion_2,X17,59.389,0.0
Locomotion_2,X17,59.491,0.0
Locomotion_2,X17,59.593,0.0
Locomotion_2,X17,59.694,0.0
Locomotion_2,X17,59.796,0.0
Locomotion_2,X17,59.898,0.0
Locomotion_2,X17,60.0,0.0
Locomotion_2,X17,60.102,0.0
Locomotion_2,X17,60.204,0.0
Locomotion_2,X17,60.306,0.0
Locomotion_2,X17,60.407,0.0
Locomotion_2,X17,60.509,0.0
Locomotion_2,X17,60.611,0.0
Locomotion_2,X17,60.713,0.0
Locomotion_2,X17,60.815,0.0
Locomotion_2,X17,60.917,0.0
Locomotion_2,X17,61.019,0.0
Locomotion_2,X17,61.121,0.0
Locomotion_2,X17,61.222,0.0
Locomotion_2,X17,61.324,0.0
Locomotion_2,X17,61.426,0.0
Locomotion_2,X17,61.528,0.0
Locomotion_2,X17,61.63,0.0
Locomotion_2,X17,61.732,0.0
Locomotion_2,X17,61.834,0.0
Locomotion_2,X17,61.935,0.0
Locomotion_2,X17,62.037,0.0
Locomotion_2,X17,62.139,0.0
Locomotion_2,X17,62.241,0.0
Locomotion_2,X17,62.343,0.0
Locomotion_2,X17,62.445,0.0
Locomotion_2,X17,62.547,0.0
Locomotion_2,X17,62.649,0.0
Locomotion_2,X17,62.75,0.0
Locomotion_2,X17,62.852,0.0
Locomotion_2,X17,62.954,0.0
Locomotion_2,X17,63.056,0.0
Locomotion_2,X17,63.158,0.0
Locomotion_2,X17,63.26,0.0
Locomotion_2,X17,63.362,0.0
Locomotion_2,X17,63.463,0.0
Locomotion_2,X17,63.565,0.0
Locomotion_2,X17,63.667,0.0
Locomotion_2,X17,63.769,0.0
Locomotion_2,X17,63.871,0.0
Locomotion_2,X17,63.973,0.0
Locomotion_2,X17,64.075,0.0
Locomotion_2,X17,64.177,0.0
Locomotion_2,X17,64.278,0.0
Locomotion_2,X17,64.38,0.0
Locomotion_2,X17,64.482,0.0
Locomotion_2,X17,64.584,0.0
Locomotion_2,X17,64.686,0.0
Locomotion_2,X17,64.788,0.0
Locomotion_2,X17,64.89,0.0
Locomotion_2,X17,64.992,0.0
Locomotion_2,X17,65.093,0.0
Locomotion_2,X17,65.195,0.0
Locomotion_2,X17,65.297,0.0
Locomotion_2,X17,65.399,0.0
Locomotion_2,X17,65.501,0.0
Locomotion_2,X17,65.603,0.0
Locomotion_2,X17,65.705,0.0
Locomotion_2,X17,65.806,0.0
Locomotion_2,X17,65.908,0.0
Locomotion_2,X17,66.01,0.0
Locomotion_2,X17,66.112,0.0
Locomotion_2,X17,66.214,0.0
Locomotion_2,X17,66.316,0.0
Locomotion_2,X17,66.418,0.0
Locomotion_2,X17,66.52,0.0
Locomotion_2,X17,66.621,0.0
Locomotion_2,X17,66.723,0.0
Locomotion_2,X17,66.825,0.0
Locomotion_2,X17,66.927,0.0
Locomotion_2,X17,67.029,0.0
Locomotion_2,X17,67.131,0.0
Locomotion_2,X17,67.233,0.0627
Locomotion_2,X17,67.334,0.2078
Locomotion_2,X17,67.436,0.4431
Locomotion_2,X17,67.538,0.6392
Locomotion_2,X17,67.64,0.7412
Locomotion_2,X17,67.742,0.851
Locomotion_2,X17,67.844,0.9412
Locomotion_2,X17,67.946,1.0
Locomotion_2,X17,68.048,1.0
Locomotion_2,X17,68.149,0.9804
Locomotion_2,X17,68.251,0.9686
Locomotion_2,X17,68.353,0.9529
Locomotion_2,X17,68.455,0.9451
Locomotion_2,X17,68.557,0.9373
Locomotion_2,X17,68.659,0.9373
Locomotion_2,X17,68.761,0.9373
Locomotion_2,X17,68.862,0.9373
Locomotion_2,X17,68.964,0.9373
Locomotion_2,X17,69.066,0.9333
Locomotion_2,X17,69.168,0.9333
Locomotion_2,X17,69.27,0.9333
Locomotion_2,X17,69.372,0.9333
Locomotion_2,X17,69.474,0.9333
Locomotion_2,X17,69.576,0.9333
Locomotion_2,X17,69.677,0.9333
Locomotion_2,X17,69.779,0.9333
Locomotion_2,X17,69.881,0.9333
Locomotion_2,X17,69.983,0.9333
Locomotion_2,X17,70.085,0.9333
Locomotion_2,X17,70.187,0.9333
Locomotion_2,X17,70.289,0.9333
Locomotion_2,X17,70.39,0.9333
Locomotion_2,X17,70.492,0.9333
Locomotion_2,X17,70.594,0.9333
Locomotion_2,X17,70.696,0.9333
Locomotion_2,X17,70.798,0.9333
Locomotion_2,X17,70.9,0.9333
Locomotion_2,X17,71.002,0.9333
Locomotion_2,X17,71.104,0.9333
Locomotion_2,X17,71.205,0.9333
Locomotion_2,X17,71.307,0.9333
Locomotion_2,X17,71.409,0.9333
Locomotion_2,X17,71.511,0.9333
Locomotion_2,X17,71.613,0.9333
Locomotion_2,X17,71.715,0.9333
Locomotion_2,X17,71.817,0.9333
Locomotion_2,X17,71.919,0.9333
Locomotion_2,X17,72.02,0.9333
Locomotion_2,X17,72.122,0.9333
Locomotion_2,X17,72.224,0.9333
Locomotion_2,X17,72.326,0.9333
Locomotion_2,X17,72.428,0.9333
Locomotion_2,X17,72.53,0.9333
Locomotion_2,X17,72.632,0.9333
Locomotion_2,X17,72.733,0.9333
Locomotion_2,X17,72.835,0.9333
Locomotion_2,X17,72.937,0.9333
Locomotion_2,X17,73.039,0.9333
Locomotion_2,X17,73.141,0.9333
Locomotion_2,X17,73.243,0.9333
Locomotion_2,X17,73.345,0.9333
Locomotion_2,X17,73.447,0.9333
Locomotion_2,X17,73.548,0.9333
Locomotion_2,X17,73.65,0.9333
Locomotion_2,X17,73.752,0.9333
Locomotion_2,X17,73.854,0.9333
Locomotion_2,X17,73.956,0.9333
Locomotion_2,X17,74.058,0.9333
Locomotion_2,X17,74.16,0.9333
Locomotion_2,X17,74.261,0.9373
Locomotion_2,X17,74.363,1.0
Decision_1,X0,0.0,1.0
Decision_1,X0,0.102,0.0549
Decision_1,X0,0.204,0.0
Decision_1,X0,0.306,0.0431
Decision_1,X0,0.407,0.0902
Decision_1,X0,0.509,0.0118
Decision_1,X0,0.611,0.0902
Decision_1,X0,0.713,0.0118
Decision_1,X0,0.815,0.0941
Decision_1,X0,0.917,0.0118
Decision_1,X0,1.019,0.0824
Decision_1,X0,1.121,0.0157
Decision_1,X0,1.222,0.1098
Decision_1,X0,1.324,0.0078
Decision_1,X0,1.426,0.0706
Decision_1,X0,1.528,0.0275
Decision_1,X0,1.63,0.1529
Decision_1,X0,1.732,0.0
Decision_1,X0,1.834,0.0549
Decision_1,X0,1.935,0.0588
Decision_1,X0,2.037,0.0471
Decision_1,X0,2.139,0.0784
Decision_1,X0,2.241,0.0196
Decision_1,X0,2.343,0.1176
Decision_1,X0,2.445,0.0039
Decision_1,X0,2.547,0.0627
Decision_1,X0,2.649,0.1294
Decision_1,X0,2.75,0.0039
Decision_1,X0,2.852,0.0588
Decision_1,X0,2.954,0.0431
Decision_1,X0,3.056,0.0902
Decision_1,X0,3.158,0.0118
Decision_1,X0,3.26,0.0902
Decision_1,X0,3.362,0.0118
Decision_1,X0,3.463,0.0941
Decision_1,X0,3.565,0.0118
Decision_1,X0,3.667,0.0863
Decision_1,X0,3.769,0.0157
Decision_1,X0,3.871,0.098
Decision_1,X0,3.973,0.0078
Decision_1,X0,4.075,0.0784
Decision_1,X0,4.177,0.0196
Decision_1,X0,4.278,0.1255
Decision_1,X0,4.38,0.0039
Decision_1,X0,4.482,0.0588
Decision_1,X0,4.584,0.0431
Decision_1,X0,4.686,0.102
Decision_1,X0,4.788,0.0078
Decision_1,X0,4.89,0.0745
Decision_1,X0,4.992,0.0196
Decision_1,X0,5.093,0.1333
Decision_1,X0,5.195,0.0039
Decision_1,X0,5.297,0.0588
Decision_1,X0,5.399,0.0471
Decision_1,X0,5.501,0.0863
Decision_1,X0,5.603,0.0157
Decision_1,X0,5.705,0.098
Decision_1,X0,5.806,0.0078
Decision_1,X0,5.908,0.0784
Decision_1,X0,6.01,0.0196
Decision_1,X0,6.112,0.1255
Decision_1,X0,6.214,0.0039
Decision_1,X0,6.316,0.0627
Decision_1,X0,6.418,0.0392
Decision_1,X0,6.52,0.1137
Decision_1,X0,6.621,0.0039
Decision_1,X0,6.723,0.0667
Decision_1,X0,6.825,0.0314
Decision_1,X0,6.927,0.149
Decision_1,X0,7.029,0.0039
Decision_1,X0,7.131,0.0549
Decision_1,X0,7.233,0.0549
Decision_1,X0,7.334,0.0549
Decision_1,X0,7.436,0.0549
Decision_1,X0,7.538,0.051
Decision_1,X0,7.64,0.0667
Decision_1,X0,7.742,0.0314
Decision_1,X0,7.844,0.1529
Decision_1,X0,7.946,0.0549
Decision_1,X0,8.048,0.0588
Decision_1,X0,8.149,0.0471
Decision_1,X0,8.251,0.0
Decision_1,X0,8.353,0.0
Decision_1,X0,8.455,0.0
Decision_1,X0,8.557,0.0
Decision_1,X0,8.659,0.0
Decision_1,X0,8.761,0.0
Decision_1,X0,8.862,0.0
Decision_1,X0,8.964,0.0
Decision_1,X0,9.066,0.0
Decision_1,X0,9.168,0.0
Decision_1,X0,9.27,0.0
Decision_1,X0,9.372,0.0
Decision_1,X0,9.474,0.0
Decision_1,X0,9.576,0.0
Decision_1,X0,9.677,0.0
Decision_1,X0,9.779,0.0
Decision_1,X0,9.881,0.0
Decision_1,X0,9.983,0.0
Decision_1,X0,10.085,0.0
Decision_1,X0,10.187,0.0
Decision_1,X0,10.289,0.0
Decision_1,X0,10.39,0.0
Decision_1,X0,10.492,0.0
Decision_1,X0,10.594,0.0
Decision_1,X0,10.696,0.0
Decision_1,X0,10.798,0.0
Decision_1,X0,10.9,0.0
Decision_1,X0,11.002,0.0
Decision_1,X0,11.104,0.0
Decision_1,X0,11.205,0.0
Decision_1,X0,11.307,0.0
Decision_1,X0,11.409,0.0
Decision_1,X0,11.511,0.0
Decision_1,X0,11.613,0.0
Decision_1,X0,11.715,0.0
Decision_1,X0,11.817,0.0
Decision_1,X0,11.919,0.0
Decision_1,X0,12.02,0.0
Decision_1,X0,12.122,0.0
Decision_1,X0,12.224,0.0
Decision_1,X0,12.326,0.0
Decision_1,X0,12.428,0.0
Decision_1,X0,12.53,0.0
Decision_1,X0,12.632,0.0
Decision_1,X0,12.733,0.0
Decision_1,X0,12.835,0.0
Decision_1,X0,12.937,0.0
Decision_1,X0,13.039,0.0
Decision_1,X0,13.141,0.0
Decision_1,X0,13.243,0.0
Decision_1,X0,13.345,0.0
Decision_1,X0,13.447,0.0
Decision_1,X0,13.548,0.0
Decision_1,X0,13.65,0.0
Decision_1,X0,13.752,0.0
Decision_1,X0,13.854,0.0
Decision_1,X0,13.956,0.0
Decision_1,X0,14.058,0.0
Decision_1,X0,14.16,0.0
Decision_1,X0,14.261,0.0
Decision_1,X0,14.363,0.0
Decision_1,X0,14.465,0.0
Decision_1,X0,14.567,0.0
Decision_1,X0,14.669,0.0
Decision_1,X0,14.771,0.0
Decision_1,X0,14.873,0.0
Decision_1,X0,14.975,0.0
Decision_1,X0,15.076,0.0
Decision_1,X0,15.178,0.0
Decision_1,X0,15.28,0.0
Decision_1,X0,15.382,0.0
Decision_1,X0,15.484,0.0
Decision_1,X0,15.586,0.0
Decision_1,X0,15.688,0.0
Decision_1,X0,15.789,0.0
Decision_1,X0,15.891,0.0
Decision_1,X0,15.993,0.0
Decision_1,X0,16.095,0.0
Decision_1,X0,16.197,0.0
Decision_1,X0,16.299,0.0
Decision_1,X0,16.401,0.0
Decision_1,X0,16.503,0.0
Decision_1,X0,16.604,0.0
Decision_1,X0,16.706,0.0
Decision_1,X0,16.808,0.0
Decision_1,X0,16.91,0.0
Decision_1,X0,17.012,0.0
Decision_1,X0,17.114,0.0
Decision_1,X0,17.216,0.0
Decision_1,X0,17.317,0.0
Decision_1,X0,17.419,0.0
Decision_1,X0,17.521,0.0
Decision_1,X0,17.623,0.0
Decision_1,X0,17.725,0.0
Decision_1,X0,17.827,0.0
Decision_1,X0,17.929,0.0
Decision_1,X0,18.031,0.0
Decision_1,X0,18.132,0.0
Decision_1,X0,18.234,0.0
Decision_1,X0,18.336,0.0
Decision_1,X0,18.438,0.0
Decision_1,X0,18.54,0.0
Decision_1,X0,18.642,0.0
Decision_1,X0,18.744,0.0
Decision_1,X0,18.846,0.0
Decision_1,X0,18.947,0.0
Decision_1,X0,19.049,0.0
Decision_1,X0,19.151,0.0
Decision_1,X0,19.253,0.0
Decision_1,X0,19.355,0.0
Decision_1,X0,19.457,0.0
Decision_1,X0,19.559,0.0
Decision_1,X0,19.66,0.0
Decision_1,X0,19.762,0.0
Decision_1,X0,19.864,0.0
Decision_1,X0,19.966,0.0
Decision_1,X0,20.068,0.0
Decision_1,X0,20.17,0.0
Decision_1,X0,20.272,0.0
Decision_1,X0,20.374,0.0
Decision_1,X0,20.475,0.0
Decision_1,X0,20.577,0.0
Decision_1,X0,20.679,0.0
Decision_1,X0,20.781,0.0
Decision_1,X0,20.883,0.0
Decision_1,X0,20.985,0.0
Decision_1,X0,21.087,0.0
Decision_1,X0,21.188,0.0
Decision_1,X0,21.29,0.0
Decision_1,X0,21.392,0.0
Decision_1,X0,21.494,0.0
Decision_1,X0,21.596,0.0
Decision_1,X0,21.698,0.0
Decision_1,X0,21.8,0.0
Decision_1,X0,21.902,0.0
Decision_1,X0,22.003,0.0
Decision_1,X0,22.105,0.0
Decision_1,X0,22.207,0.0
Decision_1,X0,22.309,0.0
Decision_1,X0,22.411,0.0
Decision_1,X0,22.513,0.0
Decision_1,X0,22.615,0.0
Decision_1,X0,22.716,0.0
Decision_1,X0,22.818,0.0
Decision_1,X0,22.92,0.0
Decision_1,X0,23.022,0.0
Decision_1,X0,23.124,0.0
Decision_1,X0,23.226,0.0431
Decision_1,X0,23.328,0.0902
Decision_1,X0,23.43,0.0118
Decision_1,X0,23.531,0.0902
Decision_1,X0,23.633,0.0118
Decision_1,X0,23.735,0.0941
Decision_1,X0,23.837,0.0118
Decision_1,X0,23.939,0.0157
Decision_1,X0,24.041,0.1098
Decision_1,X0,24.143,0.0078
Decision_1,X0,24.244,0.0706
Decision_1,X0,24.346,0.0275
Decision_1,X0,24.448,0.1529
Decision_1,X0,24.55,0.0
Decision_1,X0,24.652,0.0549
Decision_1,X0,24.754,0.0588
Decision_1,X0,24.856,0.0471
Decision_1,X0,24.958,0.0784
Decision_1,X0,25.059,0.0196
Decision_1,X0,25.161,0.1176
Decision_1,X0,25.263,0.0039
Decision_1,X0,25.365,0.0627
Decision_1,X0,25.467,0.0353
Decision_1,X0,25.569,0.1294
Decision_1,X0,25.671,0.0039
Decision_1,X0,25.772,0.0588
Decision_1,X0,25.874,0.0431
Decision_1,X0,25.976,0.0902
Decision_1,X0,26.078,0.0118
Decision_1,X0,26.18,0.0902
Decision_1,X0,26.282,0.0118
Decision_1,X0,26.384,0.0941
Decision_1,X0,26.486,0.0118
Decision_1,X0,26.587,0.0863
Decision_1,X0,26.689,0.0157
Decision_1,X0,26.791,0.098
Decision_1,X0,26.893,0.0078
Decision_1,X0,26.995,0.0784
Decision_1,X0,27.097,0.0196
Decision_1,X0,27.199,0.1255
Decision_1,X0,27.301,0.0039
Decision_1,X0,27.402,0.0588
Decision_1,X0,27.504,0.0431
Decision_1,X0,27.606,0.102
Decision_1,X0,27.708,0.0078
Decision_1,X0,27.81,0.0745
Decision_1,X0,27.912,0.0196
Decision_1,X0,28.014,0.1333
Decision_1,X0,28.115,0.0039
Decision_1,X0,28.217,0.0588
Decision_1,X0,28.319,0.0471
Decision_1,X0,28.421,0.0863
Decision_1,X0,28.523,0.0157
Decision_1,X0,28.625,0.098
Decision_1,X0,28.727,0.0078
Decision_1,X0,28.829,0.0784
Decision_1,X0,28.93,0.0196
Decision_1,X0,29.032,0.1255
Decision_1,X0,29.134,0.0039
Decision_1,X0,29.236,0.0392
Decision_1,X0,29.338,0.1137
Decision_1,X0,29.44,0.0039
Decision_1,X0,29.542,0.0667
Decision_1,X0,29.643,0.0314
Decision_1,X0,29.745,0.149
Decision_1,X0,29.847,0.0039
Decision_1,X0,29.949,0.0549
Decision_1,X0,30.051,0.0549
Decision_1,X0,30.153,0.0549
Decision_1,X0,30.255,0.0549
Decision_1,X0,30.357,0.051
Decision_1,X0,30.458,0.0667
Decision_1,X0,30.56,0.0314
Decision_1,X0,30.662,0.1529
Decision_1,X0,30.764,0.0
Decision_1,X0,30.866,0.0549
Decision_1,X0,30.968,0.0588
Decision_1,X0,31.07,0.0471
Decision_1,X0,31.171,0.0
Decision_1,X0,31.273,0.0431
Decision_1,X0,31.375,0.0902
Decision_1,X0,31.477,0.0118
Decision_1,X0,31.579,0.0902
Decision_1,X0,31.681,0.0118
Decision_1,X0,31.783,0.0941
Decision_1,X0,31.885,0.0118
Decision_1,X0,31.986,0.0824
Decision_1,X0,32.088,0.0157
Decision_1,X0,32.19,0.1098
Decision_1,X0,32.292,0.0078
Decision_1,X0,32.394,0.0706
Decision_1,X0,32.496,0.0275
Decision_1,X0,32.598,0.1529
Decision_1,X0,32.699,0.0
Decision_1,X0,32.801,0.0549
Decision_1,X0,32.903,0.0588
Decision_1,X0,33.005,0.0471
Decision_1,X0,33.107,0.0784
Decision_1,X0,33.209,0.0196
Decision_1,X0,33.311,0.1176
Decision_1,X0,33.413,0.0039
Decision_1,X0,33.514,0.0627
Decision_1,X0,33.616,0.0353
Decision_1,X0,33.718,0.1294
Decision_1,X0,33.82,0.0039
Decision_1,X0,33.922,0.0588
Decision_1,X0,34.024,0.0431
Decision_1,X0,34.126,0.0902
Decision_1,X0,34.228,0.0118
Decision_1,X0,34.329,0.0902
Decision_1,X0,34.431,0.0118
Decision_1,X0,34.533,0.0118
Decision_1,X0,34.635,0.0863
Decision_1,X0,34.737,0.0157
Decision_1,X0,34.839,0.098
Decision_1,X0,34.941,0.0078
Decision_1,X0,35.042,0.0784
Decision_1,X0,35.144,0.0196
Decision_1,X0,35.246,0.1255
Decision_1,X0,35.348,0.0039
Decision_1,X0,35.45,0.0588
Decision_1,X0,35.552,0.0431
Decision_1,X0,35.654,0.102
Decision_1,X0,35.756,0.0078
Decision_1,X0,35.857,0.0745
Decision_1,X0,35.959,0.0196
Decision_1,X0,36.061,0.1333
Decision_1,X0,36.163,0.0039
Decision_1,X0,36.265,0.0588
Decision_1,X0,36.367,0.0471
Decision_1,X0,36.469,0.0863
Decision_1,X0,36.57,0.0157
Decision_1,X0,36.672,0.098
Decision_1,X0,36.774,0.0078
Decision_1,X0,36.876,0.0784
Decision_1,X0,36.978,0.0196
Decision_1,X0,37.08,0.1255
Decision_1,X0,37.182,0.0039
Decision_1,X0,37.284,0.0627
Decision_1,X0,37.385,0.0392
Decision_1,X0,37.487,0.1137
Decision_1,X0,37.589,0.0039
Decision_1,X0,37.691,0.0667
Decision_1,X0,37.793,0.0314
Decision_1,X0,37.895,0.149
Decision_1,X0,37.997,0.0039
Decision_1,X0,38.098,0.0549
Decision_1,X0,38.2,0.0549
Decision_1,X0,38.302,0.0549
Decision_1,X0,38.404,0.0549
Decision_1,X0,38.506,0.051
Decision_1,X0,38.608,0.0667
Decision_1,X0,38.71,0.0314
Decision_1,X0,38.812,0.1529
Decision_1,X0,38.913,0.0
Decision_1,X0,39.015,0.0549
Decision_1,X0,39.117,0.0588
Decision_1,X0,39.219,0.0471
Decision_1,X0,39.321,0.0745
Decision_1,X0,39.423,0.0
Decision_1,X0,39.525,0.0431
Decision_1,X0,39.626,0.0902
Decision_1,X0,39.728,0.0118
Decision_1,X0,39.83,0.0902
Decision_1,X0,39.932,0.0941
Decision_1,X0,40.034,0.0118
Decision_1,X0,40.136,0.0824
Decision_1,X0,40.238,0.0157
Decision_1,X0,40.34,0.1098
Decision_1,X0,40.441,0.0078
Decision_1,X0,40.543,0.0706
Decision_1,X0,40.645,0.0275
Decision_1,X0,40.747,0.1529
Decision_1,X0,40.849,0.0
Decision_1,X0,40.951,0.0549
Decision_1,X0,41.053,0.0588
Decision_1,X0,41.154,0.0471
Decision_1,X0,41.256,0.0784
Decision_1,X0,41.358,0.0196
Decision_1,X0,41.46,0.1176
Decision_1,X0,41.562,0.0039
Decision_1,X0,41.664,0.0627
Decision_1,X0,41.766,0.0353
Decision_1,X0,41.868,0.1294
Decision_1,X0,41.969,0.0039
Decision_1,X0,42.071,0.0588
Decision_1,X0,42.173,0.0431
Decision_1,X0,42.275,0.0902
Decision_1,X0,42.377,0.0118
Decision_1,X0,42.479,0.0902
Decision_1,X0,42.581,0.0118
Decision_1,X0,42.683,0.0941
Decision_1,X0,42.784,0.0118
Decision_1,X0,42.886,0.0863
Decision_1,X0,42.988,0.0157
Decision_1,X0,43.09,0.098
Decision_1,X0,43.192,0.0078
Decision_1,X0,43.294,0.0784
Decision_1,X0,43.396,0.0196
Decision_1,X0,43.497,0.1255
Decision_1,X0,43.599,0.0039
Decision_1,X0,43.701,0.0588
Decision_1,X0,43.803,0.0431
Decision_1,X0,43.905,0.102
Decision_1,X0,44.007,0.0078
Decision_1,X0,44.109,0.0745
Decision_1,X0,44.211,0.0196
Decision_1,X0,44.312,0.1333
Decision_1,X0,44.414,0.0039
Decision_1,X0,44.516,0.0588
Decision_1,X0,44.618,0.0471
Decision_1,X0,44.72,0.0863
Decision_1,X0,44.822,0.0157
Decision_1,X0,44.924,0.098
Decision_1,X0,45.025,0.0078
Decision_1,X0,45.127,0.0784
Decision_1,X0,45.229,0.1255
Decision_1,X0,45.331,0.0039
Decision_1,X0,45.433,0.0627
Decision_1,X0,45.535,0.0392
Decision_1,X0,45.637,0.1137
Decision_1,X0,45.739,0.0039
Decision_1,X0,45.84,0.0667
Decision_1,X0,45.942,0.0314
Decision_1,X0,46.044,0.149
Decision_1,X0,46.146,0.0039
Decision_1,X0,46.248,0.0549
Decision_1,X0,46.35,0.0549
Decision_1,X0,46.452,0.0549
Decision_1,X0,46.553,0.0549
Decision_1,X0,46.655,0.051
Decision_1,X0,46.757,0.0667
Decision_1,X0,46.859,0.0314
Decision_1,X0,46.961,0.1529
Decision_1,X0,47.063,0.0
Decision_1,X0,47.165,0.0549
Decision_1,X0,47.267,0.0588
Decision_1,X0,47.368,0.0471
Decision_1,X0,47.47,0.0745
Decision_1,X0,47.572,0.0
Decision_1,X0,47.674,0.0
Decision_1,X0,47.776,0.0
Decision_1,X0,47.878,0.0
Decision_1,X0,47.98,0.0
Decision_1,X0,48.081,0.0
Decision_1,X0,48.183,0.0
Decision_1,X0,48.285,0.0
Decision_1,X0,48.387,0.0
Decision_1,X0,48.489,0.0
Decision_1,X0,48.591,0.0
Decision_1,X0,48.693,0.0
Decision_1,X0,48.795,0.0
Decision_1,X0,48.896,0.0
Decision_1,X0,48.998,0.0
Decision_1,X0,49.1,0.0
Decision_1,X0,49.202,0.0
Decision_1,X0,49.304,0.0
Decision_1,X0,49.406,0.0
Decision_1,X0,49.508,0.0
Decision_1,X0,49.61,0.0
Decision_1,X0,49.711,0.0
Decision_1,X0,49.813,0.0
Decision_1,X0,49.915,0.0
Decision_1,X0,50.017,0.0
Decision_1,X0,50.119,0.0
Decision_1,X0,50.221,0.0431
Decision_1,X0,50.323,0.0902
Decision_1,X0,50.424,0.0118
Decision_1,X0,50.526,0.0118
Decision_1,X0,50.628,0.0941
Decision_1,X0,50.73,0.0118
Decision_1,X0,50.832,0.0824
Decision_1,X0,50.934,0.0157
Decision_1,X0,51.036,0.1098
Decision_1,X0,51.138,0.0078
Decision_1,X0,51.239,0.0706
Decision_1,X0,51.341,0.0275
Decision_1,X0,51.443,0.1529
Decision_1,X0,51.545,0.0
Decision_1,X0,51.647,0.0549
Decision_1,X0,51.749,0.0588
Decision_1,X0,51.851,0.0471
Decision_1,X0,51.952,0.0784
Decision_1,X0,52.054,0.0196
Decision_1,X0,52.156,0.1176
Decision_1,X0,52.258,0.0039
Decision_1,X0,52.36,0.0627
Decision_1,X0,52.462,0.0353
Decision_1,X0,52.564,0.1294
Decision_1,X0,52.666,0.0039
Decision_1,X0,52.767,0.0588
Decision_1,X0,52.869,0.0431
Decision_1,X0,52.971,0.0902
Decision_1,X0,53.073,0.0118
Decision_1,X0,53.175,0.0902
Decision_1,X0,53.277,0.0118
Decision_1,X0,53.379,0.0941
Decision_1,X0,53.48,0.0118
Decision_1,X0,53.582,0.0863
Decision_1,X0,53.684,0.0157
Decision_1,X0,53.786,0.098
Decision_1,X0,53.888,0.0078
Decision_1,X0,53.99,0.0784
Decision_1,X0,54.092,0.0196
Decision_1,X0,54.194,0.1255
Decision_1,X0,54.295,0.0039
Decision_1,X0,54.397,0.0588
Decision_1,X0,54.499,0.0431
Decision_1,X0,54.601,0.102
Decision_1,X0,54.703,0.0078
Decision_1,X0,54.805,0.0745
Decision_1,X0,54.907,0.0196
Decision_1,X0,55.008,0.1333
Decision_1,X0,55.11,0.0039
Decision_1,X0,55.212,0.0588
Decision_1,X0,55.314,0.0471
Decision_1,X0,55.416,0.0863
Decision_1,X0,55.518,0.0157
Decision_1,X0,55.62,0.098
Decision_1,X0,55.722,0.0078
Decision_1,X0,55.823,0.0196
Decision_1,X0,55.925,0.1255
Decision_1,X0,56.027,0.0039
Decision_1,X0,56.129,0.0627
Decision_1,X0,56.231,0.0392
Decision_1,X0,56.333,0.1137
Decision_1,X0,56.435,0.0039
Decision_1,X0,56.537,0.0667
Decision_1,X0,56.638,0.0314
Decision_1,X0,56.74,0.149
Decision_1,X0,56.842,0.0039
Decision_1,X0,56.944,0.0549
Decision_1,X0,57.046,0.0549
Decision_1,X0,57.148,0.0549
Decision_1,X0,57.25,0.0549
Decision_1,X0,57.351,0.051
Decision_1,X0,57.453,0.0667
Decision_1,X0,57.555,0.0314
Decision_1,X0,57.657,0.1529
Decision_1,X0,57.759,0.0
Decision_1,X0,57.861,0.0549
Decision_1,X0,57.963,0.0588
Decision_1,X0,58.065,0.0471
Decision_1,X0,58.166,0.0745
Decision_1,X0,58.268,0.0
Decision_1,X0,58.37,0.0
Decision_1,X0,58.472,0.0
Decision_1,X0,58.574,0.0
Decision_1,X0,58.676,0.0
Decision_1,X0,58.778,0.0
Decision_1,X0,58.879,0.0
Decision_1,X0,58.981,0.0
Decision_1,X0,59.083,0.0
Decision_1,X0,59.185,0.0
Decision_1,X0,59.287,0.0
Decision_1,X0,59.389,0.0
Decision_1,X0,59.491,0.0
Decision_1,X0,59.593,0.0
Decision_1,X0,59.694,0.0
Decision_1,X0,59.796,0.0
Decision_1,X0,59.898,0.0
Decision_1,X0,60.0,0.0
Decision_1,X0,60.102,0.0
Decision_1,X0,60.204,0.0
Decision_1,X0,60.306,0.0
Decision_1,X0,60.407,0.0
Decision_1,X0,60.509,0.0
Decision_1,X0,60.611,0.0
Decision_1,X0,60.713,0.0
Decision_1,X0,60.815,0.0
Decision_1,X0,60.917,0.0
Decision_1,X0,61.019,0.0
Decision_1,X0,61.121,0.0
Decision_1,X0,61.222,0.0
Decision_1,X0,61.324,0.0
Decision_1,X0,61.426,0.0
Decision_1,X0,61.528,0.0
Decision_1,X0,61.63,0.0
Decision_1,X0,61.732,0.0
Decision_1,X0,61.834,0.0
Decision_1,X0,61.935,0.0
Decision_1,X0,62.037,0.0
Decision_1,X0,62.139,0.0
Decision_1,X0,62.241,0.0
Decision_1,X0,62.343,0.0
Decision_1,X0,62.445,0.0
Decision_1,X0,62.547,0.0
Decision_1,X0,62.649,0.0
Decision_1,X0,62.75,0.0
Decision_1,X0,62.852,0.0
Decision_1,X0,62.954,0.0
Decision_1,X0,63.056,0.0
Decision_1,X0,63.158,0.0
Decision_1,X0,63.26,0.0
Decision_1,X0,63.362,0.0
Decision_1,X0,63.463,0.0
Decision_1,X0,63.565,0.0431
Decision_1,X0,63.667,0.0902
Decision_1,X0,63.769,0.0118
Decision_1,X0,63.871,0.0902
Decision_1,X0,63.973,0.0118
Decision_1,X0,64.075,0.0941
Decision_1,X0,64.177,0.0118
Decision_1,X0,64.278,0.0824
Decision_1,X0,64.38,0.0157
Decision_1,X0,64.482,0.1098
Decision_1,X0,64.584,0.0078
Decision_1,X0,64.686,0.0706
Decision_1,X0,64.788,0.0275
Decision_1,X0,64.89,0.1529
Decision_1,X0,64.992,0.0
Decision_1,X0,65.093,0.0549
Decision_1,X0,65.195,0.0588
Decision_1,X0,65.297,0.0471
Decision_1,X0,65.399,0.0784
Decision_1,X0,65.501,0.0196
Decision_1,X0,65.603,0.1176
Decision_1,X0,65.705,0.0039
Decision_1,X0,65.806,0.0627
Decision_1,X0,65.908,0.0353
Decision_1,X0,66.01,0.1294
Decision_1,X0,66.112,0.0039
Decision_1,X0,66.214,0.0588
Decision_1,X0,66.316,0.0431
Decision_1,X0,66.418,0.0902
Decision_1,X0,66.52,0.0902
Decision_1,X0,66.621,0.0118
Decision_1,X0,66.723,0.0941
Decision_1,X0,66.825,0.0118
Decision_1,X0,66.927,0.0863
Decision_1,X0,67.029,0.0157
Decision_1,X0,67.131,0.098
Decision_1,X0,67.233,0.0078
Decision_1,X0,67.334,0.0784
Decision_1,X0,67.436,0.0196
Decision_1,X0,67.538,0.1255
Decision_1,X0,67.64,0.0039
Decision_1,X0,67.742,0.0588
Decision_1,X0,67.844,0.0431
Decision_1,X0,67.946,0.102
Decision_1,X0,68.048,0.0078
Decision_1,X0,68.149,0.0745
Decision_1,X0,68.251,0.0196
Decision_1,X0,68.353,0.1333
Decision_1,X0,68.455,0.0039
Decision_1,X0,68.557,0.0588
Decision_1,X0,68.659,0.0471
Decision_1,X0,68.761,0.0863
Decision_1,X0,68.862,0.0157
Decision_1,X0,68.964,0.098
Decision_1,X0,69.066,0.0078
Decision_1,X0,69.168,0.0784
Decision_1,X0,69.27,0.0196
Decision_1,X0,69.372,0.1255
Decision_1,X0,69.474,0.0039
Decision_1,X0,69.576,0.0627
Decision_1,X0,69.677,0.0392
Decision_1,X0,69.779,0.1137
Decision_1,X0,69.881,0.0039
Decision_1,X0,69.983,0.0667
Decision_1,X0,70.085,0.0314
Decision_1,X0,70.187,0.149
Decision_1,X0,70.289,0.0039
Decision_1,X0,70.39,0.0549
Decision_1,X0,70.492,0.0549
Decision_1,X0,70.594,0.0549
Decision_1,X0,70.696,0.0549
Decision_1,X0,70.798,0.051
Decision_1,X0,70.9,0.0667
Decision_1,X0,71.002,0.0314
Decision_1,X0,71.104,0.1529
Decision_1,X0,71.205,0.0
Decision_1,X0,71.307,0.0549
Decision_1,X0,71.409,0.0588
Decision_1,X0,71.511,0.0471
Decision_1,X0,71.613,0.0
Decision_1,X0,71.715,0.0
Decision_1,X0,71.817,0.0
Decision_1,X0,71.919,0.0
Decision_1,X0,72.02,0.0
Decision_1,X0,72.122,0.0
Decision_1,X0,72.224,0.0
Decision_1,X0,72.326,0.0
Decision_1,X0,72.428,0.0
Decision_1,X0,72.53,0.0
Decision_1,X0,72.632,0.0
Decision_1,X0,72.733,0.0
Decision_1,X0,72.835,0.0
Decision_1,X0,72.937,0.0
Decision_1,X0,73.039,0.0
Decision_1,X0,73.141,0.0
Decision_1,X0,73.243,0.0
Decision_1,X0,73.345,0.0
Decision_1,X0,73.447,0.0
Decision_1,X0,73.548,0.0
Decision_1,X0,73.65,0.0
Decision_1,X0,73.752,0.0
Decision_1,X0,73.854,0.0
Decision_1,X0,73.956,0.0
Decision_1,X0,74.058,0.0
Decision_1,X0,74.16,0.0
Decision_1,X0,74.261,0.0549
Decision_1,X0,74.363,1.0
Decision_1,X1,0.0,1.0
Decision_1,X1,0.102,0.0549
Decision_1,X1,0.204,0.0
Decision_1,X1,0.306,0.0
Decision_1,X1,0.407,0.0
Decision_1,X1,0.509,0.0
Decision_1,X1,0.611,0.0
Decision_1,X1,0.713,0.0
Decision_1,X1,0.815,0.0
Decision_1,X1,0.917,0.0
Decision_1,X1,1.019,0.0
Decision_1,X1,1.121,0.0
Decision_1,X1,1.222,0.0
Decision_1,X1,1.324,0.0
Decision_1,X1,1.426,0.0
Decision_1,X1,1.528,0.0
Decision_1,X1,1.63,0.0
Decision_1,X1,1.732,0.0
Decision_1,X1,1.834,0.0
Decision_1,X1,1.935,0.0
Decision_1,X1,2.037,0.0
Decision_1,X1,2.139,0.0
Decision_1,X1,2.241,0.0
Decision_1,X1,2.343,0.0
Decision_1,X1,2.445,0.0
Decision_1,X1,2.547,0.0
Decision_1,X1,2.649,0.0
Decision_1,X1,2.75,0.0
Decision_1,X1,2.852,0.0
Decision_1,X1,2.954,0.0
Decision_1,X1,3.056,0.0
Decision_1,X1,3.158,0.0
Decision_1,X1,3.26,0.0
Decision_1,X1,3.362,0.0
Decision_1,X1,3.463,0.0
Decision_1,X1,3.565,0.0
Decision_1,X1,3.667,0.0
Decision_1,X1,3.769,0.0
Decision_1,X1,3.871,0.0
Decision_1,X1,3.973,0.0
Decision_1,X1,4.075,0.0
Decision_1,X1,4.177,0.0
Decision_1,X1,4.278,0.0
Decision_1,X1,4.38,0.0
Decision_1,X1,4.482,0.0
Decision_1,X1,4.584,0.0
Decision_1,X1,4.686,0.0
Decision_1,X1,4.788,0.0
Decision_1,X1,4.89,0.0
Decision_1,X1,4.992,0.0
Decision_1,X1,5.093,0.0
Decision_1,X1,5.195,0.0
Decision_1,X1,5.297,0.0
Decision_1,X1,5.399,0.0
Decision_1,X1,5.501,0.0
Decision_1,X1,5.603,0.0
Decision_1,X1,5.705,0.0
Decision_1,X1,5.806,0.0
Decision_1,X1,5.908,0.0
Decision_1,X1,6.01,0.0
Decision_1,X1,6.112,0.0
Decision_1,X1,6.214,0.0
Decision_1,X1,6.316,0.0
Decision_1,X1,6.418,0.0
Decision_1,X1,6.52,0.0
Decision_1,X1,6.621,0.0
Decision_1,X1,6.723,0.0
Decision_1,X1,6.825,0.0
Decision_1,X1,6.927,0.0
Decision_1,X1,7.029,0.0
Decision_1,X1,7.131,0.0
Decision_1,X1,7.233,0.0
Decision_1,X1,7.334,0.0
Decision_1,X1,7.436,0.0
Decision_1,X1,7.538,0.0
Decision_1,X1,7.64,0.0
Decision_1,X1,7.742,0.0
Decision_1,X1,7.844,0.0
Decision_1,X1,7.946,0.0
Decision_1,X1,8.048,0.0
Decision_1,X1,8.149,0.0
Decision_1,X1,8.251,0.0
Decision_1,X1,8.353,0.0
Decision_1,X1,8.455,0.0
Decision_1,X1,8.557,0.0
Decision_1,X1,8.659,0.0
Decision_1,X1,8.761,0.0
Decision_1,X1,8.862,0.0
Decision_1,X1,8.964,0.0
Decision_1,X1,9.066,0.0
Decision_1,X1,9.168,0.0
Decision_1,X1,9.27,0.0
Decision_1,X1,9.372,0.0
Decision_1,X1,9.474,0.0
Decision_1,X1,9.576,0.0
Decision_1,X1,9.677,0.0
Decision_1,X1,9.779,0.0
Decision_1,X1,9.881,0.0
Decision_1,X1,9.983,0.0
Decision_1,X1,10.085,0.0
Decision_1,X1,10.187,0.0
Decision_1,X1,10.289,0.0
Decision_1,X1,10.39,0.0
Decision_1,X1,10.492,0.0
Decision_1,X1,10.594,0.0
Decision_1,X1,10.696,0.0
Decision_1,X1,10.798,0.0
Decision_1,X1,10.9,0.0
Decision_1,X1,11.002,0.0
Decision_1,X1,11.104,0.0
Decision_1,X1,11.205,0.0
Decision_1,X1,11.307,0.0
Decision_1,X1,11.409,0.0
Decision_1,X1,11.511,0.0
Decision_1,X1,11.613,0.0
Decision_1,X1,11.715,0.0
Decision_1,X1,11.817,0.0
Decision_1,X1,11.919,0.0
Decision_1,X1,12.02,0.0
Decision_1,X1,12.122,0.0
Decision_1,X1,12.224,0.0
Decision_1,X1,12.326,0.0
Decision_1,X1,12.428,0.0
Decision_1,X1,12.53,0.0
Decision_1,X1,12.632,0.0
Decision_1,X1,12.733,0.0
Decision_1,X1,12.835,0.0
Decision_1,X1,12.937,0.0
Decision_1,X1,13.039,0.0
Decision_1,X1,13.141,0.0
Decision_1,X1,13.243,0.0
Decision_1,X1,13.345,0.0
Decision_1,X1,13.447,0.0
Decision_1,X1,13.548,0.0
Decision_1,X1,13.65,0.0
Decision_1,X1,13.752,0.0
Decision_1,X1,13.854,0.0
Decision_1,X1,13.956,0.0
Decision_1,X1,14.058,0.0
Decision_1,X1,14.16,0.0
Decision_1,X1,14.261,0.0
Decision_1,X1,14.363,0.0
Decision_1,X1,14.465,0.0
Decision_1,X1,14.567,0.0
Decision_1,X1,14.669,0.0
Decision_1,X1,14.771,0.0
Decision_1,X1,14.873,0.0
Decision_1,X1,14.975,0.0
Decision_1,X1,15.076,0.0
Decision_1,X1,15.178,0.0
Decision_1,X1,15.28,0.0
Decision_1,X1,15.382,0.0
Decision_1,X1,15.484,0.0
Decision_1,X1,15.586,0.0
Decision_1,X1,15.688,0.0
Decision_1,X1,15.789,0.0
Decision_1,X1,15.891,0.0
Decision_1,X1,15.993,0.0
Decision_1,X1,16.095,0.0
Decision_1,X1,16.197,0.0
Decision_1,X1,16.299,0.0
Decision_1,X1,16.401,0.0
Decision_1,X1,16.503,0.0
Decision_1,X1,16.604,0.0
Decision_1,X1,16.706,0.0
Decision_1,X1,16.808,0.0
Decision_1,X1,16.91,0.0
Decision_1,X1,17.012,0.0
Decision_1,X1,17.114,0.0
Decision_1,X1,17.216,0.0
Decision_1,X1,17.317,0.0
Decision_1,X1,17.419,0.0
Decision_1,X1,17.521,0.0
Decision_1,X1,17.623,0.0
Decision_1,X1,17.725,0.0
Decision_1,X1,17.827,0.0
Decision_1,X1,17.929,0.0
Decision_1,X1,18.031,0.0
Decision_1,X1,18.132,0.0
Decision_1,X1,18.234,0.0
Decision_1,X1,18.336,0.0
Decision_1,X1,18.438,0.0
Decision_1,X1,18.54,0.0
Decision_1,X1,18.642,0.0
Decision_1,X1,18.744,0.0
Decision_1,X1,18.846,0.0
Decision_1,X1,18.947,0.0
Decision_1,X1,19.049,0.0
Decision_1,X1,19.151,0.0
Decision_1,X1,19.253,0.0
Decision_1,X1,19.355,0.0
Decision_1,X1,19.457,0.0
Decision_1,X1,19.559,0.0
Decision_1,X1,19.66,0.0
Decision_1,X1,19.762,0.0
Decision_1,X1,19.864,0.0
Decision_1,X1,19.966,0.0
Decision_1,X1,20.068,0.0
Decision_1,X1,20.17,0.0
Decision_1,X1,20.272,0.0
Decision_1,X1,20.374,0.0
Decision_1,X1,20.475,0.0
Decision_1,X1,20.577,0.0
Decision_1,X1,20.679,0.0
Decision_1,X1,20.781,0.0
Decision_1,X1,20.883,0.0
Decision_1,X1,20.985,0.0
Decision_1,X1,21.087,0.0
Decision_1,X1,21.188,0.0
Decision_1,X1,21.29,0.0
Decision_1,X1,21.392,0.0
Decision_1,X1,21.494,0.0
Decision_1,X1,21.596,0.0
Decision_1,X1,21.698,0.0
Decision_1,X1,21.8,0.0
Decision_1,X1,21.902,0.0
Decision_1,X1,22.003,0.0
Decision_1,X1,22.105,0.0
Decision_1,X1,22.207,0.0
Decision_1,X1,22.309,0.0
Decision_1,X1,22.411,0.0
Decision_1,X1,22.513,0.0
Decision_1,X1,22.615,0.0
Decision_1,X1,22.716,0.0
Decision_1,X1,22.818,0.0
Decision_1,X1,22.92,0.0
Decision_1,X1,23.022,0.0
Decision_1,X1,23.124,0.0
Decision_1,X1,23.226,0.0
Decision_1,X1,23.328,0.0
Decision_1,X1,23.43,0.0
Decision_1,X1,23.531,0.0
Decision_1,X1,23.633,0.0
Decision_1,X1,23.735,0.0
Decision_1,X1,23.837,0.0
Decision_1,X1,23.939,0.0
Decision_1,X1,24.041,0.0
Decision_1,X1,24.143,0.0
Decision_1,X1,24.244,0.0
Decision_1,X1,24.346,0.0
Decision_1,X1,24.448,0.0
Decision_1,X1,24.55,0.0
Decision_1,X1,24.652,0.0
Decision_1,X1,24.754,0.0
Decision_1,X1,24.856,0.0
Decision_1,X1,24.958,0.0
Decision_1,X1,25.059,0.0
Decision_1,X1,25.161,0.0
Decision_1,X1,25.263,0.0
Decision_1,X1,25.365,0.0
Decision_1,X1,25.467,0.0
Decision_1,X1,25.569,0.0
Decision_1,X1,25.671,0.0
Decision_1,X1,25.772,0.0
Decision_1,X1,25.874,0.0
Decision_1,X1,25.976,0.0
Decision_1,X1,26.078,0.0
Decision_1,X1,26.18,0.0
Decision_1,X1,26.282,0.0
Decision_1,X1,26.384,0.0
Decision_1,X1,26.486,0.0
Decision_1,X1,26.587,0.0
Decision_1,X1,26.689,0.0
Decision_1,X1,26.791,0.0
Decision_1,X1,26.893,0.0
Decision_1,X1,26.995,0.0
Decision_1,X1,27.097,0.0
Decision_1,X1,27.199,0.0
Decision_1,X1,27.301,0.0
Decision_1,X1,27.402,0.0
Decision_1,X1,27.504,0.0
Decision_1,X1,27.606,0.0
Decision_1,X1,27.708,0.0
Decision_1,X1,27.81,0.0
Decision_1,X1,27.912,0.0
Decision_1,X1,28.014,0.0
Decision_1,X1,28.115,0.0
Decision_1,X1,28.217,0.0
Decision_1,X1,28.319,0.0
Decision_1,X1,28.421,0.0
Decision_1,X1,28.523,0.0
Decision_1,X1,28.625,0.0
Decision_1,X1,28.727,0.0
Decision_1,X1,28.829,0.0
Decision_1,X1,28.93,0.0
Decision_1,X1,29.032,0.0
Decision_1,X1,29.134,0.0
Decision_1,X1,29.236,0.0
Decision_1,X1,29.338,0.0
Decision_1,X1,29.44,0.0
Decision_1,X1,29.542,0.0
Decision_1,X1,29.643,0.0
Decision_1,X1,29.745,0.0
Decision_1,X1,29.847,0.0
Decision_1,X1,29.949,0.0
Decision_1,X1,30.051,0.0
Decision_1,X1,30.153,0.0
Decision_1,X1,30.255,0.0
Decision_1,X1,30.357,0.0
Decision_1,X1,30.458,0.0
Decision_1,X1,30.56,0.0
Decision_1,X1,30.662,0.0
Decision_1,X1,30.764,0.0
Decision_1,X1,30.866,0.0
Decision_1,X1,30.968,0.0
Decision_1,X1,31.07,0.0
Decision_1,X1,31.171,0.0
Decision_1,X1,31.273,0.0
Decision_1,X1,31.375,0.0
Decision_1,X1,31.477,0.0
Decision_1,X1,31.579,0.0
Decision_1,X1,31.681,0.0
Decision_1,X1,31.783,0.0
Decision_1,X1,31.885,0.0
Decision_1,X1,31.986,0.0
Decision_1,X1,32.088,0.0
Decision_1,X1,32.19,0.0
Decision_1,X1,32.292,0.0
Decision_1,X1,32.394,0.0
Decision_1,X1,32.496,0.0
Decision_1,X1,32.598,0.0
Decision_1,X1,32.699,0.0
Decision_1,X1,32.801,0.0
Decision_1,X1,32.903,0.0
Decision_1,X1,33.005,0.0
Decision_1,X1,33.107,0.0
Decision_1,X1,33.209,0.0
Decision_1,X1,33.311,0.0
Decision_1,X1,33.413,0.0
Decision_1,X1,33.514,0.0
Decision_1,X1,33.616,0.0
Decision_1,X1,33.718,0.0
Decision_1,X1,33.82,0.0
Decision_1,X1,33.922,0.0
Decision_1,X1,34.024,0.0
Decision_1,X1,34.126,0.0
Decision_1,X1,34.228,0.0
Decision_1,X1,34.329,0.0
Decision_1,X1,34.431,0.0
Decision_1,X1,34.533,0.0
Decision_1,X1,34.635,0.0
Decision_1,X1,34.737,0.0
Decision_1,X1,34.839,0.0
Decision_1,X1,34.941,0.0
Decision_1,X1,35.042,0.0
Decision_1,X1,35.144,0.0
Decision_1,X1,35.246,0.0
Decision_1,X1,35.348,0.0
Decision_1,X1,35.45,0.0
Decision_1,X1,35.552,0.0
Decision_1,X1,35.654,0.0
Decision_1,X1,35.756,0.0
Decision_1,X1,35.857,0.0
Decision_1,X1,35.959,0.0
Decision_1,X1,36.061,0.0
Decision_1,X1,36.163,0.0
Decision_1,X1,36.265,0.0
Decision_1,X1,36.367,0.0
Decision_1,X1,36.469,0.0
Decision_1,X1,36.57,0.0
Decision_1,X1,36.672,0.0
Decision_1,X1,36.774,0.0
Decision_1,X1,36.876,0.0
Decision_1,X1,36.978,0.0
Decision_1,X1,37.08,0.0
Decision_1,X1,37.182,0.0
Decision_1,X1,37.284,0.0
Decision_1,X1,37.385,0.0
Decision_1,X1,37.487,0.0
Decision_1,X1,37.589,0.0
Decision_1,X1,37.691,0.0
Decision_1,X1,37.793,0.0
Decision_1,X1,37.895,0.0
Decision_1,X1,37.997,0.0
Decision_1,X1,38.098,0.0
Decision_1,X1,38.2,0.0
Decision_1,X1,38.302,0.0
Decision_1,X1,38.404,0.0
Decision_1,X1,38.506,0.0
Decision_1,X1,38.608,0.0
Decision_1,X1,38.71,0.0
Decision_1,X1,38.812,0.0
Decision_1,X1,38.913,0.0
Decision_1,X1,39.015,0.0
Decision_1,X1,39.117,0.0
Decision_1,X1,39.219,0.0
Decision_1,X1,39.321,0.0
Decision_1,X1,39.423,0.0
Decision_1,X1,39.525,0.0
Decision_1,X1,39.626,0.0
Decision_1,X1,39.728,0.0
Decision_1,X1,39.83,0.0
Decision_1,X1,39.932,0.0
Decision_1,X1,40.034,0.0
Decision_1,X1,40.136,0.0
Decision_1,X1,40.238,0.0
Decision_1,X1,40.34,0.0
Decision_1,X1,40.441,0.0
Decision_1,X1,40.543,0.0
Decision_1,X1,40.645,0.0
Decision_1,X1,40.747,0.0
Decision_1,X1,40.849,0.0
Decision_1,X1,40.951,0.0
Decision_1,X1,41.053,0.0
Decision_1,X1,41.154,0.0
Decision_1,X1,41.256,0.0
Decision_1,X1,41.358,0.0
Decision_1,X1,41.46,0.0
Decision_1,X1,41.562,0.0
Decision_1,X1,41.664,0.0
Decision_1,X1,41.766,0.0
Decision_1,X1,41.868,0.0
Decision_1,X1,41.969,0.0
Decision_1,X1,42.071,0.0
Decision_1,X1,42.173,0.0
Decision_1,X1,42.275,0.0
Decision_1,X1,42.377,0.0
Decision_1,X1,42.479,0.0
Decision_1,X1,42.581,0.0
Decision_1,X1,42.683,0.0
Decision_1,X1,42.784,0.0
Decision_1,X1,42.886,0.0
Decision_1,X1,42.988,0.0
Decision_1,X1,43.09,0.0
Decision_1,X1,43.192,0.0
Decision_1,X1,43.294,0.0
Decision_1,X1,43.396,0.0
Decision_1,X1,43.497,0.0
Decision_1,X1,43.599,0.0
Decision_1,X1,43.701,0.0
Decision_1,X1,43.803,0.0
Decision_1,X1,43.905,0.0
Decision_1,X1,44.007,0.0
Decision_1,X1,44.109,0.0
Decision_1,X1,44.211,0.0
Decision_1,X1,44.312,0.0
Decision_1,X1,44.414,0.0
Decision_1,X1,44.516,0.0
Decision_1,X1,44.618,0.0
Decision_1,X1,44.72,0.0
Decision_1,X1,44.822,0.0
Decision_1,X1,44.924,0.0
Decision_1,X1,45.025,0.0
Decision_1,X1,45.127,0.0
Decision_1,X1,45.229,0.0
Decision_1,X1,45.331,0.0
Decision_1,X1,45.433,0.0
Decision_1,X1,45.535,0.0
Decision_1,X1,45.637,0.0
Decision_1,X1,45.739,0.0
Decision_1,X1,45.84,0.0
Decision_1,X1,45.942,0.0
Decision_1,X1,46.044,0.0
Decision_1,X1,46.146,0.0
Decision_1,X1,46.248,0.0
Decision_1,X1,46.35,0.0
Decision_1,X1,46.452,0.0
Decision_1,X1,46.553,0.0
Decision_1,X1,46.655,0.0
Decision_1,X1,46.757,0.0
Decision_1,X1,46.859,0.0
Decision_1,X1,46.961,0.0
Decision_1,X1,47.063,0.0
Decision_1,X1,47.165,0.0
Decision_1,X1,47.267,0.0
Decision_1,X1,47.368,0.0
Decision_1,X1,47.47,0.0
Decision_1,X1,47.572,0.0
Decision_1,X1,47.674,0.0
Decision_1,X1,47.776,0.0
Decision_1,X1,47.878,0.0
Decision_1,X1,47.98,0.0
Decision_1,X1,48.081,0.0
Decision_1,X1,48.183,0.0
Decision_1,X1,48.285,0.0
Decision_1,X1,48.387,0.0
Decision_1,X1,48.489,0.0
Decision_1,X1,48.591,0.0
Decision_1,X1,48.693,0.0
Decision_1,X1,48.795,0.0
Decision_1,X1,48.896,0.0
Decision_1,X1,48.998,0.0
Decision_1,X1,49.1,0.0
Decision_1,X1,49.202,0.0
Decision_1,X1,49.304,0.0
Decision_1,X1,49.406,0.0
Decision_1,X1,49.508,0.0
Decision_1,X1,49.61,0.0
Decision_1,X1,49.711,0.0
Decision_1,X1,49.813,0.0
Decision_1,X1,49.915,0.0
Decision_1,X1,50.017,0.0
Decision_1,X1,50.119,0.0
Decision_1,X1,50.221,0.0
Decision_1,X1,50.323,0.0
Decision_1,X1,50.424,0.0
Decision_1,X1,50.526,0.0
Decision_1,X1,50.628,0.0
Decision_1,X1,50.73,0.0
Decision_1,X1,50.832,0.0
Decision_1,X1,50.934,0.0
Decision_1,X1,51.036,0.0
Decision_1,X1,51.138,0.0
Decision_1,X1,51.239,0.0
Decision_1,X1,51.341,0.0
Decision_1,X1,51.443,0.0
Decision_1,X1,51.545,0.0
Decision_1,X1,51.647,0.0
Decision_1,X1,51.749,0.0
Decision_1,X1,51.851,0.0
Decision_1,X1,51.952,0.0
Decision_1,X1,52.054,0.0
Decision_1,X1,52.156,0.0
Decision_1,X1,52.258,0.0
Decision_1,X1,52.36,0.0
Decision_1,X1,52.462,0.0
Decision_1,X1,52.564,0.0
Decision_1,X1,52.666,0.0
Decision_1,X1,52.767,0.0
Decision_1,X1,52.869,0.0
Decision_1,X1,52.971,0.0
Decision_1,X1,53.073,0.0
Decision_1,X1,53.175,0.0
Decision_1,X1,53.277,0.0
Decision_1,X1,53.379,0.0
Decision_1,X1,53.48,0.0
Decision_1,X1,53.582,0.0
Decision_1,X1,53.684,0.0
Decision_1,X1,53.786,0.0
Decision_1,X1,53.888,0.0
Decision_1,X1,53.99,0.0
Decision_1,X1,54.092,0.0
Decision_1,X1,54.194,0.0
Decision_1,X1,54.295,0.0
Decision_1,X1,54.397,0.0
Decision_1,X1,54.499,0.0
Decision_1,X1,54.601,0.0
Decision_1,X1,54.703,0.0
Decision_1,X1,54.805,0.0
Decision_1,X1,54.907,0.0
Decision_1,X1,55.008,0.0
Decision_1,X1,55.11,0.0
Decision_1,X1,55.212,0.0
Decision_1,X1,55.314,0.0
Decision_1,X1,55.416,0.0
Decision_1,X1,55.518,0.0
Decision_1,X1,55.62,0.0
Decision_1,X1,55.722,0.0
Decision_1,X1,55.823,0.0
Decision_1,X1,55.925,0.0
Decision_1,X1,56.027,0.0
Decision_1,X1,56.129,0.0
Decision_1,X1,56.231,0.0
Decision_1,X1,56.333,0.0
Decision_1,X1,56.435,0.0
Decision_1,X1,56.537,0.0
Decision_1,X1,56.638,0.0
Decision_1,X1,56.74,0.0
Decision_1,X1,56.842,0.0
Decision_1,X1,56.944,0.0
Decision_1,X1,57.046,0.0
Decision_1,X1,57.148,0.0
Decision_1,X1,57.25,0.0
Decision_1,X1,57.351,0.0
Decision_1,X1,57.453,0.0
Decision_1,X1,57.555,0.0
Decision_1,X1,57.657,0.0
Decision_1,X1,57.759,0.0
Decision_1,X1,57.861,0.0
Decision_1,X1,57.963,0.0
Decision_1,X1,58.065,0.0
Decision_1,X1,58.166,0.0
Decision_1,X1,58.268,0.0
Decision_1,X1,58.37,0.0
Decision_1,X1,58.472,0.0
Decision_1,X1,58.574,0.0
Decision_1,X1,58.676,0.0
Decision_1,X1,58.778,0.0
Decision_1,X1,58.879,0.0
Decision_1,X1,58.981,0.0
Decision_1,X1,59.083,0.0
Decision_1,X1,59.185,0.0
Decision_1,X1,59.287,0.0
Decision_1,X1,59.389,0.0
Decision_1,X1,59.491,0.0
Decision_1,X1,59.593,0.0
Decision_1,X1,59.694,0.0
Decision_1,X1,59.796,0.0
Decision_1,X1,59.898,0.0
Decision_1,X1,60.0,0.0
Decision_1,X1,60.102,0.0
Decision_1,X1,60.204,0.0
Decision_1,X1,60.306,0.0
Decision_1,X1,60.407,0.0
Decision_1,X1,60.509,0.0
Decision_1,X1,60.611,0.0
Decision_1,X1,60.713,0.0
Decision_1,X1,60.815,0.0
Decision_1,X1,60.917,0.0
Decision_1,X1,61.019,0.0
Decision_1,X1,61.121,0.0
Decision_1,X1,61.222,0.0
Decision_1,X1,61.324,0.0
Decision_1,X1,61.426,0.0
Decision_1,X1,61.528,0.0
Decision_1,X1,61.63,0.0
Decision_1,X1,61.732,0.0
Decision_1,X1,61.834,0.0
Decision_1,X1,61.935,0.0
Decision_1,X1,62.037,0.0
Decision_1,X1,62.139,0.0
Decision_1,X1,62.241,0.0
Decision_1,X1,62.343,0.0
Decision_1,X1,62.445,0.0
Decision_1,X1,62.547,0.0
Decision_1,X1,62.649,0.0
Decision_1,X1,62.75,0.0
Decision_1,X1,62.852,0.0
Decision_1,X1,62.954,0.0
Decision_1,X1,63.056,0.0
Decision_1,X1,63.158,0.0
Decision_1,X1,63.26,0.0
Decision_1,X1,63.362,0.0
Decision_1,X1,63.463,0.0
Decision_1,X1,63.565,0.0
Decision_1,X1,63.667,0.0
Decision_1,X1,63.769,0.0
Decision_1,X1,63.871,0.0
Decision_1,X1,63.973,0.0
Decision_1,X1,64.075,0.0
Decision_1,X1,64.177,0.0
Decision_1,X1,64.278,0.0
Decision_1,X1,64.38,0.0
Decision_1,X1,64.482,0.0
Decision_1,X1,64.584,0.0
Decision_1,X1,64.686,0.0
Decision_1,X1,64.788,0.0
Decision_1,X1,64.89,0.0
Decision_1,X1,64.992,0.0
Decision_1,X1,65.093,0.0
Decision_1,X1,65.195,0.0
Decision_1,X1,65.297,0.0
Decision_1,X1,65.399,0.0
Decision_1,X1,65.501,0.0
Decision_1,X1,65.603,0.0
Decision_1,X1,65.705,0.0
Decision_1,X1,65.806,0.0
Decision_1,X1,65.908,0.0
Decision_1,X1,66.01,0.0
Decision_1,X1,66.112,0.0
Decision_1,X1,66.214,0.0
Decision_1,X1,66.316,0.0
Decision_1,X1,66.418,0.0
Decision_1,X1,66.52,0.0
Decision_1,X1,66.621,0.0
Decision_1,X1,66.723,0.0
Decision_1,X1,66.825,0.0
Decision_1,X1,66.927,0.0
Decision_1,X1,67.029,0.0
Decision_1,X1,67.131,0.0
Decision_1,X1,67.233,0.0
Decision_1,X1,67.334,0.0
Decision_1,X1,67.436,0.0
Decision_1,X1,67.538,0.0
Decision_1,X1,67.64,0.0
Decision_1,X1,67.742,0.0
Decision_1,X1,67.844,0.0
Decision_1,X1,67.946,0.0
Decision_1,X1,68.048,0.0
Decision_1,X1,68.149,0.0
Decision_1,X1,68.251,0.0
Decision_1,X1,68.353,0.0
Decision_1,X1,68.455,0.0
Decision_1,X1,68.557,0.0
Decision_1,X1,68.659,0.0
Decision_1,X1,68.761,0.0
Decision_1,X1,68.862,0.0
Decision_1,X1,68.964,0.0
Decision_1,X1,69.066,0.0
Decision_1,X1,69.168,0.0
Decision_1,X1,69.27,0.0
Decision_1,X1,69.372,0.0
Decision_1,X1,69.474,0.0
Decision_1,X1,69.576,0.0
Decision_1,X1,69.677,0.0
Decision_1,X1,69.779,0.0
Decision_1,X1,69.881,0.0
Decision_1,X1,69.983,0.0
Decision_1,X1,70.085,0.0
Decision_1,X1,70.187,0.0
Decision_1,X1,70.289,0.0
Decision_1,X1,70.39,0.0
Decision_1,X1,70.492,0.0
Decision_1,X1,70.594,0.0
Decision_1,X1,70.696,0.0
Decision_1,X1,70.798,0.0
Decision_1,X1,70.9,0.0
Decision_1,X1,71.002,0.0
Decision_1,X1,71.104,0.0
Decision_1,X1,71.205,0.0
Decision_1,X1,71.307,0.0
Decision_1,X1,71.409,0.0
Decision_1,X1,71.511,0.0
Decision_1,X1,71.613,0.0
Decision_1,X1,71.715,0.0
Decision_1,X1,71.817,0.0
Decision_1,X1,71.919,0.0
Decision_1,X1,72.02,0.0
Decision_1,X1,72.122,0.0
Decision_1,X1,72.224,0.0
Decision_1,X1,72.326,0.0
Decision_1,X1,72.428,0.0
Decision_1,X1,72.53,0.0
Decision_1,X1,72.632,0.0
Decision_1,X1,72.733,0.0
Decision_1,X1,72.835,0.0
Decision_1,X1,72.937,0.0
Decision_1,X1,73.039,0.0
Decision_1,X1,73.141,0.0
Decision_1,X1,73.243,0.0
Decision_1,X1,73.345,0.0
Decision_1,X1,73.447,0.0
Decision_1,X1,73.548,0.0
Decision_1,X1,73.65,0.0
Decision_1,X1,73.752,0.0
Decision_1,X1,73.854,0.0
Decision_1,X1,73.956,0.0
Decision_1,X1,74.058,0.0
Decision_1,X1,74.16,0.0
Decision_1,X1,74.261,0.0549
Decision_1,X1,74.363,1.0
Decision_1,X2,0.0,1.0
Decision_1,X2,0.102,0.0549
Decision_1,X2,0.204,0.0
Decision_1,X2,0.306,0.0
Decision_1,X2,0.407,0.0
Decision_1,X2,0.509,0.0
Decision_1,X2,0.611,0.0
Decision_1,X2,0.713,0.0
Decision_1,X2,0.815,0.0
Decision_1,X2,0.917,0.0
Decision_1,X2,1.019,0.0
Decision_1,X2,1.121,0.0
Decision_1,X2,1.222,0.0
Decision_1,X2,1.324,0.0
Decision_1,X2,1.426,0.0
Decision_1,X2,1.528,0.0
Decision_1,X2,1.63,0.0
Decision_1,X2,1.732,0.0
Decision_1,X2,1.834,0.0
Decision_1,X2,1.935,0.0
Decision_1,X2,2.037,0.0
Decision_1,X2,2.139,0.0
Decision_1,X2,2.241,0.0
Decision_1,X2,2.343,0.0
Decision_1,X2,2.445,0.0
Decision_1,X2,2.547,0.0
Decision_1,X2,2.649,0.0
Decision_1,X2,2.75,0.0
Decision_1,X2,2.852,0.0
Decision_1,X2,2.954,0.0
Decision_1,X2,3.056,0.0
Decision_1,X2,3.158,0.0
Decision_1,X2,3.26,0.0
Decision_1,X2,3.362,0.0
Decision_1,X2,3.463,0.0
Decision_1,X2,3.565,0.0
Decision_1,X2,3.667,0.0
Decision_1,X2,3.769,0.0
Decision_1,X2,3.871,0.0
Decision_1,X2,3.973,0.0
Decision_1,X2,4.075,0.0
Decision_1,X2,4.177,0.0
Decision_1,X2,4.278,0.0
Decision_1,X2,4.38,0.0
Decision_1,X2,4.482,0.0
Decision_1,X2,4.584,0.0
Decision_1,X2,4.686,0.0
Decision_1,X2,4.788,0.0
Decision_1,X2,4.89,0.0
Decision_1,X2,4.992,0.0
Decision_1,X2,5.093,0.0
Decision_1,X2,5.195,0.0
Decision_1,X2,5.297,0.0
Decision_1,X2,5.399,0.0
Decision_1,X2,5.501,0.0
Decision_1,X2,5.603,0.0
Decision_1,X2,5.705,0.0
Decision_1,X2,5.806,0.0
Decision_1,X2,5.908,0.0
Decision_1,X2,6.01,0.0
Decision_1,X2,6.112,0.0
Decision_1,X2,6.214,0.0
Decision_1,X2,6.316,0.0
Decision_1,X2,6.418,0.0
Decision_1,X2,6.52,0.0
Decision_1,X2,6.621,0.0
Decision_1,X2,6.723,0.0
Decision_1,X2,6.825,0.0
Decision_1,X2,6.927,0.0
Decision_1,X2,7.029,0.0
Decision_1,X2,7.131,0.0
Decision_1,X2,7.233,0.0
Decision_1,X2,7.334,0.0
Decision_1,X2,7.436,0.0
Decision_1,X2,7.538,0.0
Decision_1,X2,7.64,0.0
Decision_1,X2,7.742,0.0
Decision_1,X2,7.844,0.0
Decision_1,X2,7.946,0.0
Decision_1,X2,8.048,0.0
Decision_1,X2,8.149,0.0
Decision_1,X2,8.251,0.0
Decision_1,X2,8.353,0.0
Decision_1,X2,8.455,0.0
Decision_1,X2,8.557,0.0
Decision_1,X2,8.659,0.0
Decision_1,X2,8.761,0.0
Decision_1,X2,8.862,0.0
Decision_1,X2,8.964,0.0
Decision_1,X2,9.066,0.0
Decision_1,X2,9.168,0.0
Decision_1,X2,9.27,0.0
Decision_1,X2,9.372,0.0
Decision_1,X2,9.474,0.0
Decision_1,X2,9.576,0.0
Decision_1,X2,9.677,0.0
Decision_1,X2,9.779,0.0
Decision_1,X2,9.881,0.0
Decision_1,X2,9.983,0.0
Decision_1,X2,10.085,0.0
Decision_1,X2,10.187,0.0
Decision_1,X2,10.289,0.0
Decision_1,X2,10.39,0.0
Decision_1,X2,10.492,0.0
Decision_1,X2,10.594,0.0
Decision_1,X2,10.696,0.0
Decision_1,X2,10.798,0.0
Decision_1,X2,10.9,0.0
Decision_1,X2,11.002,0.0
Decision_1,X2,11.104,0.0
Decision_1,X2,11.205,0.0
Decision_1,X2,11.307,0.0
Decision_1,X2,11.409,0.0
Decision_1,X2,11.511,0.0
Decision_1,X2,11.613,0.0
Decision_1,X2,11.715,0.0
Decision_1,X2,11.817,0.0
Decision_1,X2,11.919,0.0
Decision_1,X2,12.02,0.0
Decision_1,X2,12.122,0.0
Decision_1,X2,12.224,0.0
Decision_1,X2,12.326,0.0
Decision_1,X2,12.428,0.0
Decision_1,X2,12.53,0.0
Decision_1,X2,12.632,0.0
Decision_1,X2,12.733,0.0
Decision_1,X2,12.835,0.0
Decision_1,X2,12.937,0.0
Decision_1,X2,13.039,0.0
Decision_1,X2,13.141,0.0
Decision_1,X2,13.243,0.0
Decision_1,X2,13.345,0.0
Decision_1,X2,13.447,0.0
Decision_1,X2,13.548,0.0
Decision_1,X2,13.65,0.0
Decision_1,X2,13.752,0.0
Decision_1,X2,13.854,0.0
Decision_1,X2,13.956,0.0
Decision_1,X2,14.058,0.0
Decision_1,X2,14.16,0.0
Decision_1,X2,14.261,0.0
Decision_1,X2,14.363,0.0
Decision_1,X2,14.465,0.0
Decision_1,X2,14.567,0.0
Decision_1,X2,14.669,0.0
Decision_1,X2,14.771,0.0
Decision_1,X2,14.873,0.0
Decision_1,X2,14.975,0.0
Decision_1,X2,15.076,0.0
Decision_1,X2,15.178,0.0
Decision_1,X2,15.28,0.0
Decision_1,X2,15.382,0.0
Decision_1,X2,15.484,0.0
Decision_1,X2,15.586,0.0
Decision_1,X2,15.688,0.0
Decision_1,X2,15.789,0.0
Decision_1,X2,15.891,0.0
Decision_1,X2,15.993,0.0
Decision_1,X2,16.095,0.0
Decision_1,X2,16.197,0.0
Decision_1,X2,16.299,0.0
Decision_1,X2,16.401,0.0
Decision_1,X2,16.503,0.0
Decision_1,X2,16.604,0.0
Decision_1,X2,16.706,0.0
Decision_1,X2,16.808,0.0
Decision_1,X2,16.91,0.0
Decision_1,X2,17.012,0.0
Decision_1,X2,17.114,0.0
Decision_1,X2,17.216,0.0
Decision_1,X2,17.317,0.0
Decision_1,X2,17.419,0.0
Decision_1,X2,17.521,0.0
Decision_1,X2,17.623,0.0
Decision_1,X2,17.725,0.0
Decision_1,X2,17.827,0.0
Decision_1,X2,17.929,0.0
Decision_1,X2,18.031,0.0
Decision_1,X2,18.132,0.0
Decision_1,X2,18.234,0.0
Decision_1,X2,18.336,0.0
Decision_1,X2,18.438,0.0
Decision_1,X2,18.54,0.0
Decision_1,X2,18.642,0.0
Decision_1,X2,18.744,0.0
Decision_1,X2,18.846,0.0
Decision_1,X2,18.947,0.0
Decision_1,X2,19.049,0.0
Decision_1,X2,19.151,0.0
Decision_1,X2,19.253,0.0
Decision_1,X2,19.355,0.0
Decision_1,X2,19.457,0.0
Decision_1,X2,19.559,0.0
Decision_1,X2,19.66,0.0
Decision_1,X2,19.762,0.0
Decision_1,X2,19.864,0.0
Decision_1,X2,19.966,0.0
Decision_1,X2,20.068,0.0
Decision_1,X2,20.17,0.0
Decision_1,X2,20.272,0.0
Decision_1,X2,20.374,0.0
Decision_1,X2,20.475,0.0
Decision_1,X2,20.577,0.0
Decision_1,X2,20.679,0.0
Decision_1,X2,20.781,0.0
Decision_1,X2,20.883,0.0
Decision_1,X2,20.985,0.0
Decision_1,X2,21.087,0.0
Decision_1,X2,21.188,0.0
Decision_1,X2,21.29,0.0
Decision_1,X2,21.392,0.0
Decision_1,X2,21.494,0.0
Decision_1,X2,21.596,0.0
Decision_1,X2,21.698,0.0
Decision_1,X2,21.8,0.0
Decision_1,X2,21.902,0.0
Decision_1,X2,22.003,0.0
Decision_1,X2,22.105,0.0
Decision_1,X2,22.207,0.0
Decision_1,X2,22.309,0.0
Decision_1,X2,22.411,0.0
Decision_1,X2,22.513,0.0
Decision_1,X2,22.615,0.0
Decision_1,X2,22.716,0.0
Decision_1,X2,22.818,0.0
Decision_1,X2,22.92,0.0
Decision_1,X2,23.022,0.0
Decision_1,X2,23.124,0.0
Decision_1,X2,23.226,0.0
Decision_1,X2,23.328,0.0
Decision_1,X2,23.43,0.0
Decision_1,X2,23.531,0.0
Decision_1,X2,23.633,0.0
Decision_1,X2,23.735,0.0
Decision_1,X2,23.837,0.0
Decision_1,X2,23.939,0.0
Decision_1,X2,24.041,0.0
Decision_1,X2,24.143,0.0
Decision_1,X2,24.244,0.0
Decision_1,X2,24.346,0.0
Decision_1,X2,24.448,0.0
Decision_1,X2,24.55,0.0
Decision_1,X2,24.652,0.0
Decision_1,X2,24.754,0.0
Decision_1,X2,24.856,0.0
Decision_1,X2,24.958,0.0
Decision_1,X2,25.059,0.0
Decision_1,X2,25.161,0.0
Decision_1,X2,25.263,0.0
Decision_1,X2,25.365,0.0
Decision_1,X2,25.467,0.0
Decision_1,X2,25.569,0.0
Decision_1,X2,25.671,0.0
Decision_1,X2,25.772,0.0
Decision_1,X2,25.874,0.0
Decision_1,X2,25.976,0.0
Decision_1,X2,26.078,0.0
Decision_1,X2,26.18,0.0
Decision_1,X2,26.282,0.0
Decision_1,X2,26.384,0.0
Decision_1,X2,26.486,0.0
Decision_1,X2,26.587,0.0
Decision_1,X2,26.689,0.0
Decision_1,X2,26.791,0.0
Decision_1,X2,26.893,0.0
Decision_1,X2,26.995,0.0
Decision_1,X2,27.097,0.0
Decision_1,X2,27.199,0.0
Decision_1,X2,27.301,0.0
Decision_1,X2,27.402,0.0
Decision_1,X2,27.504,0.0
Decision_1,X2,27.606,0.0
Decision_1,X2,27.708,0.0
Decision_1,X2,27.81,0.0
Decision_1,X2,27.912,0.0
Decision_1,X2,28.014,0.0
Decision_1,X2,28.115,0.0
Decision_1,X2,28.217,0.0
Decision_1,X2,28.319,0.0
Decision_1,X2,28.421,0.0
Decision_1,X2,28.523,0.0
Decision_1,X2,28.625,0.0
Decision_1,X2,28.727,0.0
Decision_1,X2,28.829,0.0
Decision_1,X2,28.93,0.0
Decision_1,X2,29.032,0.0
Decision_1,X2,29.134,0.0
Decision_1,X2,29.236,0.0
Decision_1,X2,29.338,0.0
Decision_1,X2,29.44,0.0
Decision_1,X2,29.542,0.0
Decision_1,X2,29.643,0.0
Decision_1,X2,29.745,0.0
Decision_1,X2,29.847,0.0
Decision_1,X2,29.949,0.0
Decision_1,X2,30.051,0.0
Decision_1,X2,30.153,0.0
Decision_1,X2,30.255,0.0
Decision_1,X2,30.357,0.0
Decision_1,X2,30.458,0.0
Decision_1,X2,30.56,0.0
Decision_1,X2,30.662,0.0
Decision_1,X2,30.764,0.0
Decision_1,X2,30.866,0.0
Decision_1,X2,30.968,0.0
Decision_1,X2,31.07,0.0
Decision_1,X2,31.171,0.0
Decision_1,X2,31.273,0.0
Decision_1,X2,31.375,0.0
Decision_1,X2,31.477,0.0
Decision_1,X2,31.579,0.0
Decision_1,X2,31.681,0.0
Decision_1,X2,31.783,0.0
Decision_1,X2,31.885,0.0
Decision_1,X2,31.986,0.0
Decision_1,X2,32.088,0.0
Decision_1,X2,32.19,0.0
Decision_1,X2,32.292,0.0
Decision_1,X2,32.394,0.0
Decision_1,X2,32.496,0.0
Decision_1,X2,32.598,0.0
Decision_1,X2,32.699,0.0
Decision_1,X2,32.801,0.0
Decision_1,X2,32.903,0.0
Decision_1,X2,33.005,0.0
Decision_1,X2,33.107,0.0
Decision_1,X2,33.209,0.0
Decision_1,X2,33.311,0.0
Decision_1,X2,33.413,0.0
Decision_1,X2,33.514,0.0
Decision_1,X2,33.616,0.0
Decision_1,X2,33.718,0.0
Decision_1,X2,33.82,0.0
Decision_1,X2,33.922,0.0
Decision_1,X2,34.024,0.0
Decision_1,X2,34.126,0.0
Decision_1,X2,34.228,0.0
Decision_1,X2,34.329,0.0
Decision_1,X2,34.431,0.0
Decision_1,X2,34.533,0.0
Decision_1,X2,34.635,0.0
Decision_1,X2,34.737,0.0
Decision_1,X2,34.839,0.0
Decision_1,X2,34.941,0.0
Decision_1,X2,35.042,0.0
Decision_1,X2,35.144,0.0
Decision_1,X2,35.246,0.0
Decision_1,X2,35.348,0.0
Decision_1,X2,35.45,0.0
Decision_1,X2,35.552,0.0
Decision_1,X2,35.654,0.0
Decision_1,X2,35.756,0.0
Decision_1,X2,35.857,0.0
Decision_1,X2,35.959,0.0
Decision_1,X2,36.061,0.0
Decision_1,X2,36.163,0.0
Decision_1,X2,36.265,0.0
Decision_1,X2,36.367,0.0
Decision_1,X2,36.469,0.0
Decision_1,X2,36.57,0.0
Decision_1,X2,36.672,0.0
Decision_1,X2,36.774,0.0
Decision_1,X2,36.876,0.0
Decision_1,X2,36.978,0.0
Decision_1,X2,37.08,0.0
Decision_1,X2,37.182,0.0
Decision_1,X2,37.284,0.0
Decision_1,X2,37.385,0.0
Decision_1,X2,37.487,0.0
Decision_1,X2,37.589,0.0
Decision_1,X2,37.691,0.0
Decision_1,X2,37.793,0.0
Decision_1,X2,37.895,0.0
Decision_1,X2,37.997,0.0
Decision_1,X2,38.098,0.0
Decision_1,X2,38.2,0.0
Decision_1,X2,38.302,0.0
Decision_1,X2,38.404,0.0
Decision_1,X2,38.506,0.0
Decision_1,X2,38.608,0.0
Decision_1,X2,38.71,0.0
Decision_1,X2,38.812,0.0
Decision_1,X2,38.913,0.0
Decision_1,X2,39.015,0.0
Decision_1,X2,39.117,0.0
Decision_1,X2,39.219,0.0
Decision_1,X2,39.321,0.0
Decision_1,X2,39.423,0.0
Decision_1,X2,39.525,0.0
Decision_1,X2,39.626,0.0
Decision_1,X2,39.728,0.0
Decision_1,X2,39.83,0.0
Decision_1,X2,39.932,0.0
Decision_1,X2,40.034,0.0
Decision_1,X2,40.136,0.0
Decision_1,X2,40.238,0.0
Decision_1,X2,40.34,0.0
Decision_1,X2,40.441,0.0
Decision_1,X2,40.543,0.0
Decision_1,X2,40.645,0.0
Decision_1,X2,40.747,0.0
Decision_1,X2,40.849,0.0
Decision_1,X2,40.951,0.0
Decision_1,X2,41.053,0.0
Decision_1,X2,41.154,0.0
Decision_1,X2,41.256,0.0
Decision_1,X2,41.358,0.0
Decision_1,X2,41.46,0.0
Decision_1,X2,41.562,0.0
Decision_1,X2,41.664,0.0
Decision_1,X2,41.766,0.0
Decision_1,X2,41.868,0.0
Decision_1,X2,41.969,0.0
Decision_1,X2,42.071,0.0
Decision_1,X2,42.173,0.0
Decision_1,X2,42.275,0.0
Decision_1,X2,42.377,0.0
Decision_1,X2,42.479,0.0
Decision_1,X2,42.581,0.0
Decision_1,X2,42.683,0.0
Decision_1,X2,42.784,0.0
Decision_1,X2,42.886,0.0
Decision_1,X2,42.988,0.0
Decision_1,X2,43.09,0.0
Decision_1,X2,43.192,0.0
Decision_1,X2,43.294,0.0
Decision_1,X2,43.396,0.0
Decision_1,X2,43.497,0.0
Decision_1,X2,43.599,0.0
Decision_1,X2,43.701,0.0
Decision_1,X2,43.803,0.0
Decision_1,X2,43.905,0.0
Decision_1,X2,44.007,0.0
Decision_1,X2,44.109,0.0
Decision_1,X2,44.211,0.0
Decision_1,X2,44.312,0.0
Decision_1,X2,44.414,0.0
Decision_1,X2,44.516,0.0
Decision_1,X2,44.618,0.0
Decision_1,X2,44.72,0.0
Decision_1,X2,44.822,0.0
Decision_1,X2,44.924,0.0
Decision_1,X2,45.025,0.0
Decision_1,X2,45.127,0.0
Decision_1,X2,45.229,0.0
Decision_1,X2,45.331,0.0
Decision_1,X2,45.433,0.0
Decision_1,X2,45.535,0.0
Decision_1,X2,45.637,0.0
Decision_1,X2,45.739,0.0
Decision_1,X2,45.84,0.0
Decision_1,X2,45.942,0.0
Decision_1,X2,46.044,0.0
Decision_1,X2,46.146,0.0
Decision_1,X2,46.248,0.0
Decision_1,X2,46.35,0.0
Decision_1,X2,46.452,0.0
Decision_1,X2,46.553,0.0
Decision_1,X2,46.655,0.0
Decision_1,X2,46.757,0.0
Decision_1,X2,46.859,0.0
Decision_1,X2,46.961,0.0
Decision_1,X2,47.063,0.0
Decision_1,X2,47.165,0.0
Decision_1,X2,47.267,0.0
Decision_1,X2,47.368,0.0
Decision_1,X2,47.47,0.0
Decision_1,X2,47.572,0.0
Decision_1,X2,47.674,0.0
Decision_1,X2,47.776,0.0
Decision_1,X2,47.878,0.0
Decision_1,X2,47.98,0.0
Decision_1,X2,48.081,0.0
Decision_1,X2,48.183,0.0
Decision_1,X2,48.285,0.0
Decision_1,X2,48.387,0.0
Decision_1,X2,48.489,0.0
Decision_1,X2,48.591,0.0
Decision_1,X2,48.693,0.0
Decision_1,X2,48.795,0.0
Decision_1,X2,48.896,0.0
Decision_1,X2,48.998,0.0
Decision_1,X2,49.1,0.0
Decision_1,X2,49.202,0.0
Decision_1,X2,49.304,0.0
Decision_1,X2,49.406,0.0
Decision_1,X2,49.508,0.0
Decision_1,X2,49.61,0.0
Decision_1,X2,49.711,0.0
Decision_1,X2,49.813,0.0
Decision_1,X2,49.915,0.0
Decision_1,X2,50.017,0.0
Decision_1,X2,50.119,0.0
Decision_1,X2,50.221,0.0
Decision_1,X2,50.323,0.0
Decision_1,X2,50.424,0.0
Decision_1,X2,50.526,0.0
Decision_1,X2,50.628,0.0
Decision_1,X2,50.73,0.0
Decision_1,X2,50.832,0.0
Decision_1,X2,50.934,0.0
Decision_1,X2,51.036,0.0
Decision_1,X2,51.138,0.0
Decision_1,X2,51.239,0.0
Decision_1,X2,51.341,0.0
Decision_1,X2,51.443,0.0
Decision_1,X2,51.545,0.0
Decision_1,X2,51.647,0.0
Decision_1,X2,51.749,0.0
Decision_1,X2,51.851,0.0
Decision_1,X2,51.952,0.0
Decision_1,X2,52.054,0.0
Decision_1,X2,52.156,0.0
Decision_1,X2,52.258,0.0
Decision_1,X2,52.36,0.0
Decision_1,X2,52.462,0.0
Decision_1,X2,52.564,0.0
Decision_1,X2,52.666,0.0
Decision_1,X2,52.767,0.0
Decision_1,X2,52.869,0.0
Decision_1,X2,52.971,0.0
Decision_1,X2,53.073,0.0
Decision_1,X2,53.175,0.0
Decision_1,X2,53.277,0.0
Decision_1,X2,53.379,0.0
Decision_1,X2,53.48,0.0
Decision_1,X2,53.582,0.0
Decision_1,X2,53.684,0.0
Decision_1,X2,53.786,0.0
Decision_1,X2,53.888,0.0
Decision_1,X2,53.99,0.0
Decision_1,X2,54.092,0.0
Decision_1,X2,54.194,0.0
Decision_1,X2,54.295,0.0
Decision_1,X2,54.397,0.0
Decision_1,X2,54.499,0.0
Decision_1,X2,54.601,0.0
Decision_1,X2,54.703,0.0
Decision_1,X2,54.805,0.0
Decision_1,X2,54.907,0.0
Decision_1,X2,55.008,0.0
Decision_1,X2,55.11,0.0
Decision_1,X2,55.212,0.0
Decision_1,X2,55.314,0.0
Decision_1,X2,55.416,0.0
Decision_1,X2,55.518,0.0
Decision_1,X2,55.62,0.0
Decision_1,X2,55.722,0.0
Decision_1,X2,55.823,0.0
Decision_1,X2,55.925,0.0
Decision_1,X2,56.027,0.0
Decision_1,X2,56.129,0.0
Decision_1,X2,56.231,0.0
Decision_1,X2,56.333,0.0
Decision_1,X2,56.435,0.0
Decision_1,X2,56.537,0.0
Decision_1,X2,56.638,0.0
Decision_1,X2,56.74,0.0
Decision_1,X2,56.842,0.0
Decision_1,X2,56.944,0.0
Decision_1,X2,57.046,0.0
Decision_1,X2,57.148,0.0
Decision_1,X2,57.25,0.0
Decision_1,X2,57.351,0.0
Decision_1,X2,57.453,0.0
Decision_1,X2,57.555,0.0
Decision_1,X2,57.657,0.0
Decision_1,X2,57.759,0.0
Decision_1,X2,57.861,0.0
Decision_1,X2,57.963,0.0
Decision_1,X2,58.065,0.0
Decision_1,X2,58.166,0.0
Decision_1,X2,58.268,0.0
Decision_1,X2,58.37,0.0
Decision_1,X2,58.472,0.0
Decision_1,X2,58.574,0.0
Decision_1,X2,58.676,0.0
Decision_1,X2,58.778,0.0
Decision_1,X2,58.879,0.0
Decision_1,X2,58.981,0.0
Decision_1,X2,59.083,0.0
Decision_1,X2,59.185,0.0
Decision_1,X2,59.287,0.0
Decision_1,X2,59.389,0.0
Decision_1,X2,59.491,0.0
Decision_1,X2,59.593,0.0
Decision_1,X2,59.694,0.0
Decision_1,X2,59.796,0.0
Decision_1,X2,59.898,0.0
Decision_1,X2,60.0,0.0
Decision_1,X2,60.102,0.0
Decision_1,X2,60.204,0.0
Decision_1,X2,60.306,0.0
Decision_1,X2,60.407,0.0
Decision_1,X2,60.509,0.0
Decision_1,X2,60.611,0.0
Decision_1,X2,60.713,0.0
Decision_1,X2,60.815,0.0
Decision_1,X2,60.917,0.0
Decision_1,X2,61.019,0.0
Decision_1,X2,61.121,0.0
Decision_1,X2,61.222,0.0
Decision_1,X2,61.324,0.0
Decision_1,X2,61.426,0.0
Decision_1,X2,61.528,0.0
Decision_1,X2,61.63,0.0
Decision_1,X2,61.732,0.0
Decision_1,X2,61.834,0.0
Decision_1,X2,61.935,0.0
Decision_1,X2,62.037,0.0
Decision_1,X2,62.139,0.0
Decision_1,X2,62.241,0.0
Decision_1,X2,62.343,0.0
Decision_1,X2,62.445,0.0
Decision_1,X2,62.547,0.0
Decision_1,X2,62.649,0.0
Decision_1,X2,62.75,0.0
Decision_1,X2,62.852,0.0
Decision_1,X2,62.954,0.0
Decision_1,X2,63.056,0.0
Decision_1,X2,63.158,0.0
Decision_1,X2,63.26,0.0
Decision_1,X2,63.362,0.0
Decision_1,X2,63.463,0.0
Decision_1,X2,63.565,0.0
Decision_1,X2,63.667,0.0
Decision_1,X2,63.769,0.0
Decision_1,X2,63.871,0.0
Decision_1,X2,63.973,0.0
Decision_1,X2,64.075,0.0
Decision_1,X2,64.177,0.0
Decision_1,X2,64.278,0.0
Decision_1,X2,64.38,0.0
Decision_1,X2,64.482,0.0
Decision_1,X2,64.584,0.0
Decision_1,X2,64.686,0.0
Decision_1,X2,64.788,0.0
Decision_1,X2,64.89,0.0
Decision_1,X2,64.992,0.0
Decision_1,X2,65.093,0.0
Decision_1,X2,65.195,0.0
Decision_1,X2,65.297,0.0
Decision_1,X2,65.399,0.0
Decision_1,X2,65.501,0.0
Decision_1,X2,65.603,0.0
Decision_1,X2,65.705,0.0
Decision_1,X2,65.806,0.0
Decision_1,X2,65.908,0.0
Decision_1,X2,66.01,0.0
Decision_1,X2,66.112,0.0
Decision_1,X2,66.214,0.0
Decision_1,X2,66.316,0.0
Decision_1,X2,66.418,0.0
Decision_1,X2,66.52,0.0
Decision_1,X2,66.621,0.0
Decision_1,X2,66.723,0.0
Decision_1,X2,66.825,0.0
Decision_1,X2,66.927,0.0
Decision_1,X2,67.029,0.0
Decision_1,X2,67.131,0.0
Decision_1,X2,67.233,0.0
Decision_1,X2,67.334,0.0
Decision_1,X2,67.436,0.0
Decision_1,X2,67.538,0.0
Decision_1,X2,67.64,0.0
Decision_1,X2,67.742,0.0
Decision_1,X2,67.844,0.0
Decision_1,X2,67.946,0.0
Decision_1,X2,68.048,0.0
Decision_1,X2,68.149,0.0
Decision_1,X2,68.251,0.0
Decision_1,X2,68.353,0.0
Decision_1,X2,68.455,0.0
Decision_1,X2,68.557,0.0
Decision_1,X2,68.659,0.0
Decision_1,X2,68.761,0.0
Decision_1,X2,68.862,0.0
Decision_1,X2,68.964,0.0
Decision_1,X2,69.066,0.0
Decision_1,X2,69.168,0.0
Decision_1,X2,69.27,0.0
Decision_1,X2,69.372,0.0
Decision_1,X2,69.474,0.0
Decision_1,X2,69.576,0.0
Decision_1,X2,69.677,0.0
Decision_1,X2,69.779,0.0
Decision_1,X2,69.881,0.0
Decision_1,X2,69.983,0.0
Decision_1,X2,70.085,0.0
Decision_1,X2,70.187,0.0
Decision_1,X2,70.289,0.0
Decision_1,X2,70.39,0.0
Decision_1,X2,70.492,0.0
Decision_1,X2,70.594,0.0
Decision_1,X2,70.696,0.0
Decision_1,X2,70.798,0.0
Decision_1,X2,70.9,0.0
Decision_1,X2,71.002,0.0
Decision_1,X2,71.104,0.0
Decision_1,X2,71.205,0.0
Decision_1,X2,71.307,0.0
Decision_1,X2,71.409,0.0
Decision_1,X2,71.511,0.0
Decision_1,X2,71.613,0.0
Decision_1,X2,71.715,0.0
Decision_1,X2,71.817,0.0
Decision_1,X2,71.919,0.0
Decision_1,X2,72.02,0.0
Decision_1,X2,72.122,0.0
Decision_1,X2,72.224,0.0
Decision_1,X2,72.326,0.0
Decision_1,X2,72.428,0.0
Decision_1,X2,72.53,0.0
Decision_1,X2,72.632,0.0
Decision_1,X2,72.733,0.0
Decision_1,X2,72.835,0.0
Decision_1,X2,72.937,0.0
Decision_1,X2,73.039,0.0
Decision_1,X2,73.141,0.0
Decision_1,X2,73.243,0.0
Decision_1,X2,73.345,0.0
Decision_1,X2,73.447,0.0
Decision_1,X2,73.548,0.0
Decision_1,X2,73.65,0.0
Decision_1,X2,73.752,0.0
Decision_1,X2,73.854,0.0
Decision_1,X2,73.956,0.0
Decision_1,X2,74.058,0.0
Decision_1,X2,74.16,0.0
Decision_1,X2,74.261,0.0549
Decision_1,X2,74.363,1.0
Decision_1,X3,0.0,1.0
Decision_1,X3,0.102,0.0549
Decision_1,X3,0.204,0.0
Decision_1,X3,0.306,0.0
Decision_1,X3,0.407,0.0039
Decision_1,X3,0.509,0.0118
Decision_1,X3,0.611,0.0157
Decision_1,X3,0.713,0.0196
Decision_1,X3,0.815,0.0196
Decision_1,X3,0.917,0.0196
Decision_1,X3,1.019,0.0235
Decision_1,X3,1.121,0.0196
Decision_1,X3,1.222,0.0196
Decision_1,X3,1.324,0.0196
Decision_1,X3,1.426,0.0196
Decision_1,X3,1.528,0.0196
Decision_1,X3,1.63,0.0157
Decision_1,X3,1.732,0.0157
Decision_1,X3,1.834,0.0157
Decision_1,X3,1.935,0.0157
Decision_1,X3,2.037,0.0157
Decision_1,X3,2.139,0.0157
Decision_1,X3,2.241,0.0196
Decision_1,X3,2.343,0.0196
Decision_1,X3,2.445,0.0235
Decision_1,X3,2.547,0.0275
Decision_1,X3,2.649,0.0353
Decision_1,X3,2.75,0.0431
Decision_1,X3,2.852,0.0471
Decision_1,X3,2.954,0.051
Decision_1,X3,3.056,0.0588
Decision_1,X3,3.158,0.0627
Decision_1,X3,3.26,0.0667
Decision_1,X3,3.362,0.0706
Decision_1,X3,3.463,0.0745
Decision_1,X3,3.565,0.0824
Decision_1,X3,3.667,0.0863
Decision_1,X3,3.769,0.0941
Decision_1,X3,3.871,0.102
Decision_1,X3,3.973,0.1098
Decision_1,X3,4.075,0.1176
Decision_1,X3,4.177,0.1255
Decision_1,X3,4.278,0.1294
Decision_1,X3,4.38,0.1333
Decision_1,X3,4.482,0.1412
Decision_1,X3,4.584,0.1451
Decision_1,X3,4.686,0.1529
Decision_1,X3,4.788,0.1569
Decision_1,X3,4.89,0.1608
Decision_1,X3,4.992,0.1725
Decision_1,X3,5.093,0.1725
Decision_1,X3,5.195,0.1765
Decision_1,X3,5.297,0.1843
Decision_1,X3,5.399,0.1882
Decision_1,X3,5.501,0.1922
Decision_1,X3,5.603,0.1961
Decision_1,X3,5.705,0.2039
Decision_1,X3,5.806,0.2078
Decision_1,X3,5.908,0.2118
Decision_1,X3,6.01,0.2196
Decision_1,X3,6.112,0.2235
Decision_1,X3,6.214,0.2275
Decision_1,X3,6.316,0.2353
Decision_1,X3,6.418,0.2392
Decision_1,X3,6.52,0.2431
Decision_1,X3,6.621,0.251
Decision_1,X3,6.723,0.2549
Decision_1,X3,6.825,0.2588
Decision_1,X3,6.927,0.2627
Decision_1,X3,7.029,0.2667
Decision_1,X3,7.131,0.2706
Decision_1,X3,7.233,0.2745
Decision_1,X3,7.334,0.2745
Decision_1,X3,7.436,0.2745
Decision_1,X3,7.538,0.2745
Decision_1,X3,7.64,0.2745
Decision_1,X3,7.742,0.2745
Decision_1,X3,7.844,0.2745
Decision_1,X3,7.946,0.2706
Decision_1,X3,8.048,0.2706
Decision_1,X3,8.149,0.2706
Decision_1,X3,8.251,0.2667
Decision_1,X3,8.353,0.2667
Decision_1,X3,8.455,0.2667
Decision_1,X3,8.557,0.2667
Decision_1,X3,8.659,0.2627
Decision_1,X3,8.761,0.2627
Decision_1,X3,8.862,0.2627
Decision_1,X3,8.964,0.2627
Decision_1,X3,9.066,0.2588
Decision_1,X3,9.168,0.2588
Decision_1,X3,9.27,0.2549
Decision_1,X3,9.372,0.2549
Decision_1,X3,9.474,0.2549
Decision_1,X3,9.576,0.2549
Decision_1,X3,9.677,0.2549
Decision_1,X3,9.779,0.2549
Decision_1,X3,9.881,0.251
Decision_1,X3,9.983,0.251
Decision_1,X3,10.085,0.251
Decision_1,X3,10.187,0.2471
Decision_1,X3,10.289,0.2471
Decision_1,X3,10.39,0.2471
Decision_1,X3,10.492,0.2471
Decision_1,X3,10.594,0.2471
Decision_1,X3,10.696,0.2471
Decision_1,X3,10.798,0.2471
Decision_1,X3,10.9,0.2471
Decision_1,X3,11.002,0.2431
Decision_1,X3,11.104,0.2431
Decision_1,X3,11.205,0.2431
Decision_1,X3,11.307,0.2431
Decision_1,X3,11.409,0.2392
Decision_1,X3,11.511,0.2392
Decision_1,X3,11.613,0.2392
Decision_1,X3,11.715,0.2392
Decision_1,X3,11.817,0.2392
Decision_1,X3,11.919,0.2392
Decision_1,X3,12.02,0.2353
Decision_1,X3,12.122,0.2353
Decision_1,X3,12.224,0.2353
Decision_1,X3,12.326,0.2353
Decision_1,X3,12.428,0.2353
Decision_1,X3,12.53,0.2353
Decision_1,X3,12.632,0.2353
Decision_1,X3,12.733,0.2353
Decision_1,X3,12.835,0.2353
Decision_1,X3,12.937,0.2353
Decision_1,X3,13.039,0.2353
Decision_1,X3,13.141,0.2353
Decision_1,X3,13.243,0.2275
Decision_1,X3,13.345,0.2275
Decision_1,X3,13.447,0.2275
Decision_1,X3,13.548,0.2275
Decision_1,X3,13.65,0.2275
Decision_1,X3,13.752,0.2275
Decision_1,X3,13.854,0.2275
Decision_1,X3,13.956,0.2235
Decision_1,X3,14.058,0.2235
Decision_1,X3,14.16,0.2235
Decision_1,X3,14.261,0.2235
Decision_1,X3,14.363,0.2235
Decision_1,X3,14.465,0.2235
Decision_1,X3,14.567,0.2196
Decision_1,X3,14.669,0.2196
Decision_1,X3,14.771,0.2196
Decision_1,X3,14.873,0.2196
Decision_1,X3,14.975,0.2196
Decision_1,X3,15.076,0.2196
Decision_1,X3,15.178,0.2157
Decision_1,X3,15.28,0.2157
Decision_1,X3,15.382,0.2157
Decision_1,X3,15.484,0.2157
Decision_1,X3,15.586,0.2157
Decision_1,X3,15.688,0.2157
Decision_1,X3,15.789,0.2157
Decision_1,X3,15.891,0.2157
Decision_1,X3,15.993,0.2157
Decision_1,X3,16.095,0.2157
Decision_1,X3,16.197,0.2157
Decision_1,X3,16.299,0.2157
Decision_1,X3,16.401,0.2157
Decision_1,X3,16.503,0.2157
Decision_1,X3,16.604,0.2118
Decision_1,X3,16.706,0.2118
Decision_1,X3,16.808,0.2118
Decision_1,X3,16.91,0.2118
Decision_1,X3,17.012,0.2118
Decision_1,X3,17.114,0.2118
Decision_1,X3,17.216,0.2118
Decision_1,X3,17.317,0.2078
Decision_1,X3,17.419,0.2078
Decision_1,X3,17.521,0.2078
Decision_1,X3,17.623,0.2078
Decision_1,X3,17.725,0.2078
Decision_1,X3,17.827,0.2078
Decision_1,X3,17.929,0.2078
Decision_1,X3,18.031,0.2078
Decision_1,X3,18.132,0.2078
Decision_1,X3,18.234,0.2078
Decision_1,X3,18.336,0.2078
Decision_1,X3,18.438,0.2078
Decision_1,X3,18.54,0.2078
Decision_1,X3,18.642,0.2078
Decision_1,X3,18.744,0.2078
Decision_1,X3,18.846,0.2078
Decision_1,X3,18.947,0.2039
Decision_1,X3,19.049,0.2078
Decision_1,X3,19.151,0.2078
Decision_1,X3,19.253,0.2078
Decision_1,X3,19.355,0.2078
Decision_1,X3,19.457,0.2078
Decision_1,X3,19.559,0.2039
Decision_1,X3,19.66,0.2078
Decision_1,X3,19.762,0.2078
Decision_1,X3,19.864,0.2078
Decision_1,X3,19.966,0.2078
Decision_1,X3,20.068,0.2078
Decision_1,X3,20.17,0.2078
Decision_1,X3,20.272,0.2118
Decision_1,X3,20.374,0.2118
Decision_1,X3,20.475,0.2118
Decision_1,X3,20.577,0.2118
Decision_1,X3,20.679,0.2157
Decision_1,X3,20.781,0.2157
Decision_1,X3,20.883,0.2157
Decision_1,X3,20.985,0.2157
Decision_1,X3,21.087,0.2157
Decision_1,X3,21.188,0.2157
Decision_1,X3,21.29,0.2196
Decision_1,X3,21.392,0.2196
Decision_1,X3,21.494,0.2196
Decision_1,X3,21.596,0.2196
Decision_1,X3,21.698,0.2196
Decision_1,X3,21.8,0.2235
Decision_1,X3,21.902,0.2235
Decision_1,X3,22.003,0.2235
Decision_1,X3,22.105,0.2235
Decision_1,X3,22.207,0.2235
Decision_1,X3,22.309,0.2235
Decision_1,X3,22.411,0.2275
Decision_1,X3,22.513,0.2275
Decision_1,X3,22.615,0.2275
Decision_1,X3,22.716,0.2275
Decision_1,X3,22.818,0.2275
Decision_1,X3,22.92,0.2353
Decision_1,X3,23.022,0.2353
Decision_1,X3,23.124,0.2353
Decision_1,X3,23.226,0.2353
Decision_1,X3,23.328,0.2353
Decision_1,X3,23.43,0.2353
Decision_1,X3,23.531,0.2353
Decision_1,X3,23.633,0.2353
Decision_1,X3,23.735,0.2353
Decision_1,X3,23.837,0.2392
Decision_1,X3,23.939,0.2392
Decision_1,X3,24.041,0.2392
Decision_1,X3,24.143,0.2392
Decision_1,X3,24.244,0.2392
Decision_1,X3,24.346,0.2431
Decision_1,X3,24.448,0.2431
Decision_1,X3,24.55,0.2431
Decision_1,X3,24.652,0.2431
Decision_1,X3,24.754,0.2431
Decision_1,X3,24.856,0.2471
Decision_1,X3,24.958,0.2471
Decision_1,X3,25.059,0.2471
Decision_1,X3,25.161,0.251
Decision_1,X3,25.263,0.251
Decision_1,X3,25.365,0.251
Decision_1,X3,25.467,0.251
Decision_1,X3,25.569,0.251
Decision_1,X3,25.671,0.251
Decision_1,X3,25.772,0.2549
Decision_1,X3,25.874,0.2549
Decision_1,X3,25.976,0.2549
Decision_1,X3,26.078,0.2588
Decision_1,X3,26.18,0.2588
Decision_1,X3,26.282,0.2588
Decision_1,X3,26.384,0.2588
Decision_1,X3,26.486,0.2627
Decision_1,X3,26.587,0.2627
Decision_1,X3,26.689,0.2627
Decision_1,X3,26.791,0.2627
Decision_1,X3,26.893,0.2627
Decision_1,X3,26.995,0.2667
Decision_1,X3,27.097,0.2667
Decision_1,X3,27.199,0.2667
Decision_1,X3,27.301,0.2667
Decision_1,X3,27.402,0.2667
Decision_1,X3,27.504,0.2706
Decision_1,X3,27.606,0.2706
Decision_1,X3,27.708,0.2706
Decision_1,X3,27.81,0.2745
Decision_1,X3,27.912,0.2745
Decision_1,X3,28.014,0.2745
Decision_1,X3,28.115,0.2784
Decision_1,X3,28.217,0.2784
Decision_1,X3,28.319,0.2784
Decision_1,X3,28.421,0.2784
Decision_1,X3,28.523,0.2824
Decision_1,X3,28.625,0.2824
Decision_1,X3,28.727,0.2824
Decision_1,X3,28.829,0.2863
Decision_1,X3,28.93,0.2863
Decision_1,X3,29.032,0.2863
Decision_1,X3,29.134,0.2863
Decision_1,X3,29.236,0.2902
Decision_1,X3,29.338,0.298
Decision_1,X3,29.44,0.298
Decision_1,X3,29.542,0.298
Decision_1,X3,29.643,0.298
Decision_1,X3,29.745,0.298
Decision_1,X3,29.847,0.298
Decision_1,X3,29.949,0.298
Decision_1,X3,30.051,0.298
Decision_1,X3,30.153,0.302
Decision_1,X3,30.255,0.302
Decision_1,X3,30.357,0.302
Decision_1,X3,30.458,0.3059
Decision_1,X3,30.56,0.3059
Decision_1,X3,30.662,0.3098
Decision_1,X3,30.764,0.3098
Decision_1,X3,30.866,0.3137
Decision_1,X3,30.968,0.3137
Decision_1,X3,31.07,0.3137
Decision_1,X3,31.171,0.3137
Decision_1,X3,31.273,0.3137
Decision_1,X3,31.375,0.3176
Decision_1,X3,31.477,0.3176
Decision_1,X3,31.579,0.3176
Decision_1,X3,31.681,0.3216
Decision_1,X3,31.783,0.3216
Decision_1,X3,31.885,0.3255
Decision_1,X3,31.986,0.3255
Decision_1,X3,32.088,0.3255
Decision_1,X3,32.19,0.3255
Decision_1,X3,32.292,0.3294
Decision_1,X3,32.394,0.3294
Decision_1,X3,32.496,0.3294
Decision_1,X3,32.598,0.3333
Decision_1,X3,32.699,0.3333
Decision_1,X3,32.801,0.3373
Decision_1,X3,32.903,0.3373
Decision_1,X3,33.005,0.3373
Decision_1,X3,33.107,0.3412
Decision_1,X3,33.209,0.3412
Decision_1,X3,33.311,0.3412
Decision_1,X3,33.413,0.3451
Decision_1,X3,33.514,0.3451
Decision_1,X3,33.616,0.349
Decision_1,X3,33.718,0.349
Decision_1,X3,33.82,0.3529
Decision_1,X3,33.922,0.3529
Decision_1,X3,34.024,0.3608
Decision_1,X3,34.126,0.3608
Decision_1,X3,34.228,0.3608
Decision_1,X3,34.329,0.3608
Decision_1,X3,34.431,0.3608
Decision_1,X3,34.533,0.3647
Decision_1,X3,34.635,0.3647
Decision_1,X3,34.737,0.3686
Decision_1,X3,34.839,0.3686
Decision_1,X3,34.941,0.3725
Decision_1,X3,35.042,0.3725
Decision_1,X3,35.144,0.3765
Decision_1,X3,35.246,0.3804
Decision_1,X3,35.348,0.3804
Decision_1,X3,35.45,0.3804
Decision_1,X3,35.552,0.3843
Decision_1,X3,35.654,0.3843
Decision_1,X3,35.756,0.3882
Decision_1,X3,35.857,0.3882
Decision_1,X3,35.959,0.3922
Decision_1,X3,36.061,0.3922
Decision_1,X3,36.163,0.3922
Decision_1,X3,36.265,0.3961
Decision_1,X3,36.367,0.3961
Decision_1,X3,36.469,0.4
Decision_1,X3,36.57,0.4039
Decision_1,X3,36.672,0.4039
Decision_1,X3,36.774,0.4078
Decision_1,X3,36.876,0.4078
Decision_1,X3,36.978,0.4118
Decision_1,X3,37.08,0.4118
Decision_1,X3,37.182,0.4118
Decision_1,X3,37.284,0.4157
Decision_1,X3,37.385,0.4157
Decision_1,X3,37.487,0.4235
Decision_1,X3,37.589,0.4235
Decision_1,X3,37.691,0.4235
Decision_1,X3,37.793,0.4275
Decision_1,X3,37.895,0.4275
Decision_1,X3,37.997,0.4314
Decision_1,X3,38.098,0.4314
Decision_1,X3,38.2,0.4353
Decision_1,X3,38.302,0.4353
Decision_1,X3,38.404,0.4392
Decision_1,X3,38.506,0.4431
Decision_1,X3,38.608,0.4431
Decision_1,X3,38.71,0.4471
Decision_1,X3,38.812,0.451
Decision_1,X3,38.913,0.451
Decision_1,X3,39.015,0.451
Decision_1,X3,39.117,0.4549
Decision_1,X3,39.219,0.4588
Decision_1,X3,39.321,0.4588
Decision_1,X3,39.423,0.4627
Decision_1,X3,39.525,0.4667
Decision_1,X3,39.626,0.4667
Decision_1,X3,39.728,0.4706
Decision_1,X3,39.83,0.4745
Decision_1,X3,39.932,0.4745
Decision_1,X3,40.034,0.4784
Decision_1,X3,40.136,0.4784
Decision_1,X3,40.238,0.4863
Decision_1,X3,40.34,0.4863
Decision_1,X3,40.441,0.4863
Decision_1,X3,40.543,0.4902
Decision_1,X3,40.645,0.4941
Decision_1,X3,40.747,0.4941
Decision_1,X3,40.849,0.498
Decision_1,X3,40.951,0.502
Decision_1,X3,41.053,0.502
Decision_1,X3,41.154,0.5059
Decision_1,X3,41.256,0.5098
Decision_1,X3,41.358,0.5098
Decision_1,X3,41.46,0.5137
Decision_1,X3,41.562,0.5176
Decision_1,X3,41.664,0.5255
Decision_1,X3,41.766,0.5255
Decision_1,X3,41.868,0.5294
Decision_1,X3,41.969,0.5294
Decision_1,X3,42.071,0.5333
Decision_1,X3,42.173,0.5373
Decision_1,X3,42.275,0.5412
Decision_1,X3,42.377,0.5451
Decision_1,X3,42.479,0.5529
Decision_1,X3,42.581,0.5569
Decision_1,X3,42.683,0.5569
Decision_1,X3,42.784,0.5608
Decision_1,X3,42.886,0.5647
Decision_1,X3,42.988,0.5647
Decision_1,X3,43.09,0.5686
Decision_1,X3,43.192,0.5725
Decision_1,X3,43.294,0.5765
Decision_1,X3,43.396,0.5804
Decision_1,X3,43.497,0.5882
Decision_1,X3,43.599,0.5882
Decision_1,X3,43.701,0.5882
Decision_1,X3,43.803,0.5882
Decision_1,X3,43.905,0.5961
Decision_1,X3,44.007,0.6
Decision_1,X3,44.109,0.6039
Decision_1,X3,44.211,0.6078
Decision_1,X3,44.312,0.6078
Decision_1,X3,44.414,0.6157
Decision_1,X3,44.516,0.6196
Decision_1,X3,44.618,0.6196
Decision_1,X3,44.72,0.6235
Decision_1,X3,44.822,0.6275
Decision_1,X3,44.924,0.6353
Decision_1,X3,45.025,0.6392
Decision_1,X3,45.127,0.6392
Decision_1,X3,45.229,0.651
Decision_1,X3,45.331,0.651
Decision_1,X3,45.433,0.6588
Decision_1,X3,45.535,0.6627
Decision_1,X3,45.637,0.6667
Decision_1,X3,45.739,0.6706
Decision_1,X3,45.84,0.6784
Decision_1,X3,45.942,0.6824
Decision_1,X3,46.044,0.6824
Decision_1,X3,46.146,0.6863
Decision_1,X3,46.248,0.6941
Decision_1,X3,46.35,0.698
Decision_1,X3,46.452,0.702
Decision_1,X3,46.553,0.7059
Decision_1,X3,46.655,0.7137
Decision_1,X3,46.757,0.7176
Decision_1,X3,46.859,0.7176
Decision_1,X3,46.961,0.7216
Decision_1,X3,47.063,0.7255
Decision_1,X3,47.165,0.7255
Decision_1,X3,47.267,0.7294
Decision_1,X3,47.368,0.7294
Decision_1,X3,47.47,0.7294
Decision_1,X3,47.572,0.7294
Decision_1,X3,47.674,0.7294
Decision_1,X3,47.776,0.7294
Decision_1,X3,47.878,0.7294
Decision_1,X3,47.98,0.7294
Decision_1,X3,48.081,0.7294
Decision_1,X3,48.183,0.7294
Decision_1,X3,48.285,0.7294
Decision_1,X3,48.387,0.7294
Decision_1,X3,48.489,0.7294
Decision_1,X3,48.591,0.7294
Decision_1,X3,48.693,0.7294
Decision_1,X3,48.795,0.7294
Decision_1,X3,48.896,0.7294
Decision_1,X3,48.998,0.7294
Decision_1,X3,49.1,0.7333
Decision_1,X3,49.202,0.7412
Decision_1,X3,49.304,0.7451
Decision_1,X3,49.406,0.7451
Decision_1,X3,49.508,0.749
Decision_1,X3,49.61,0.7569
Decision_1,X3,49.711,0.7608
Decision_1,X3,49.813,0.7647
Decision_1,X3,49.915,0.7686
Decision_1,X3,50.017,0.7765
Decision_1,X3,50.119,0.7804
Decision_1,X3,50.221,0.7843
Decision_1,X3,50.323,0.7882
Decision_1,X3,50.424,0.7922
Decision_1,X3,50.526,0.7961
Decision_1,X3,50.628,0.8039
Decision_1,X3,50.73,0.8039
Decision_1,X3,50.832,0.8078
Decision_1,X3,50.934,0.8078
Decision_1,X3,51.036,0.8078
Decision_1,X3,51.138,0.8078
Decision_1,X3,51.239,0.8078
Decision_1,X3,51.341,0.8078
Decision_1,X3,51.443,0.8078
Decision_1,X3,51.545,0.8078
Decision_1,X3,51.647,0.8078
Decision_1,X3,51.749,0.8078
Decision_1,X3,51.851,0.8078
Decision_1,X3,51.952,0.8078
Decision_1,X3,52.054,0.8078
Decision_1,X3,52.156,0.8078
Decision_1,X3,52.258,0.8039
Decision_1,X3,52.36,0.8039
Decision_1,X3,52.462,0.8039
Decision_1,X3,52.564,0.8039
Decision_1,X3,52.666,0.8039
Decision_1,X3,52.767,0.8039
Decision_1,X3,52.869,0.8039
Decision_1,X3,52.971,0.8039
Decision_1,X3,53.073,0.8078
Decision_1,X3,53.175,0.8078
Decision_1,X3,53.277,0.8078
Decision_1,X3,53.379,0.8118
Decision_1,X3,53.48,0.8118
Decision_1,X3,53.582,0.8118
Decision_1,X3,53.684,0.8118
Decision_1,X3,53.786,0.8118
Decision_1,X3,53.888,0.8157
Decision_1,X3,53.99,0.8157
Decision_1,X3,54.092,0.8157
Decision_1,X3,54.194,0.8196
Decision_1,X3,54.295,0.8196
Decision_1,X3,54.397,0.8235
Decision_1,X3,54.499,0.8235
Decision_1,X3,54.601,0.8275
Decision_1,X3,54.703,0.8314
Decision_1,X3,54.805,0.8314
Decision_1,X3,54.907,0.8392
Decision_1,X3,55.008,0.8392
Decision_1,X3,55.11,0.8392
Decision_1,X3,55.212,0.8431
Decision_1,X3,55.314,0.8431
Decision_1,X3,55.416,0.8431
Decision_1,X3,55.518,0.8431
Decision_1,X3,55.62,0.8471
Decision_1,X3,55.722,0.8471
Decision_1,X3,55.823,0.8431
Decision_1,X3,55.925,0.8431
Decision_1,X3,56.027,0.8431
Decision_1,X3,56.129,0.8431
Decision_1,X3,56.231,0.8431
Decision_1,X3,56.333,0.8431
Decision_1,X3,56.435,0.8431
Decision_1,X3,56.537,0.8431
Decision_1,X3,56.638,0.8431
Decision_1,X3,56.74,0.8431
Decision_1,X3,56.842,0.8431
Decision_1,X3,56.944,0.8431
Decision_1,X3,57.046,0.8431
Decision_1,X3,57.148,0.8431
Decision_1,X3,57.25,0.8431
Decision_1,X3,57.351,0.8431
Decision_1,X3,57.453,0.8471
Decision_1,X3,57.555,0.8471
Decision_1,X3,57.657,0.8471
Decision_1,X3,57.759,0.851
Decision_1,X3,57.861,0.8549
Decision_1,X3,57.963,0.8549
Decision_1,X3,58.065,0.8588
Decision_1,X3,58.166,0.8667
Decision_1,X3,58.268,0.8706
Decision_1,X3,58.37,0.8706
Decision_1,X3,58.472,0.8745
Decision_1,X3,58.574,0.8745
Decision_1,X3,58.676,0.8745
Decision_1,X3,58.778,0.8784
Decision_1,X3,58.879,0.8824
Decision_1,X3,58.981,0.8824
Decision_1,X3,59.083,0.8863
Decision_1,X3,59.185,0.8863
Decision_1,X3,59.287,0.8902
Decision_1,X3,59.389,0.8902
Decision_1,X3,59.491,0.8941
Decision_1,X3,59.593,0.8941
Decision_1,X3,59.694,0.902
Decision_1,X3,59.796,0.902
Decision_1,X3,59.898,0.902
Decision_1,X3,60.0,0.902
Decision_1,X3,60.102,0.902
Decision_1,X3,60.204,0.8941
Decision_1,X3,60.306,0.8941
Decision_1,X3,60.407,0.8941
Decision_1,X3,60.509,0.8941
Decision_1,X3,60.611,0.8941
Decision_1,X3,60.713,0.8941
Decision_1,X3,60.815,0.8902
Decision_1,X3,60.917,0.8902
Decision_1,X3,61.019,0.8902
Decision_1,X3,61.121,0.8902
Decision_1,X3,61.222,0.8902
Decision_1,X3,61.324,0.8902
Decision_1,X3,61.426,0.8902
Decision_1,X3,61.528,0.8941
Decision_1,X3,61.63,0.8941
Decision_1,X3,61.732,0.902
Decision_1,X3,61.834,0.902
Decision_1,X3,61.935,0.9059
Decision_1,X3,62.037,0.9059
Decision_1,X3,62.139,0.9059
Decision_1,X3,62.241,0.9059
Decision_1,X3,62.343,0.9098
Decision_1,X3,62.445,0.9137
Decision_1,X3,62.547,0.9137
Decision_1,X3,62.649,0.9176
Decision_1,X3,62.75,0.9176
Decision_1,X3,62.852,0.9216
Decision_1,X3,62.954,0.9216
Decision_1,X3,63.056,0.9294
Decision_1,X3,63.158,0.9373
Decision_1,X3,63.26,0.9373
Decision_1,X3,63.362,0.9373
Decision_1,X3,63.463,0.9412
Decision_1,X3,63.565,0.9412
Decision_1,X3,63.667,0.9451
Decision_1,X3,63.769,0.949
Decision_1,X3,63.871,0.949
Decision_1,X3,63.973,0.9529
Decision_1,X3,64.075,0.9569
Decision_1,X3,64.177,0.9569
Decision_1,X3,64.278,0.9647
Decision_1,X3,64.38,0.9647
Decision_1,X3,64.482,0.9647
Decision_1,X3,64.584,0.9647
Decision_1,X3,64.686,0.9647
Decision_1,X3,64.788,0.9647
Decision_1,X3,64.89,0.9569
Decision_1,X3,64.992,0.9569
Decision_1,X3,65.093,0.9569
Decision_1,X3,65.195,0.9529
Decision_1,X3,65.297,0.9529
Decision_1,X3,65.399,0.9529
Decision_1,X3,65.501,0.9569
Decision_1,X3,65.603,0.9569
Decision_1,X3,65.705,0.9529
Decision_1,X3,65.806,0.9529
Decision_1,X3,65.908,0.9569
Decision_1,X3,66.01,0.9569
Decision_1,X3,66.112,0.9569
Decision_1,X3,66.214,0.9647
Decision_1,X3,66.316,0.9647
Decision_1,X3,66.418,0.9647
Decision_1,X3,66.52,0.9686
Decision_1,X3,66.621,0.9725
Decision_1,X3,66.723,0.9725
Decision_1,X3,66.825,0.9765
Decision_1,X3,66.927,0.9765
Decision_1,X3,67.029,0.9804
Decision_1,X3,67.131,0.9843
Decision_1,X3,67.233,0.9922
Decision_1,X3,67.334,0.9922
Decision_1,X3,67.436,0.9961
Decision_1,X3,67.538,1.0
Decision_1,X3,67.64,1.0
Decision_1,X3,67.742,1.0
Decision_1,X3,67.844,1.0
Decision_1,X3,67.946,1.0
Decision_1,X3,68.048,1.0
Decision_1,X3,68.149,1.0
Decision_1,X3,68.251,1.0
Decision_1,X3,68.353,1.0
Decision_1,X3,68.455,1.0
Decision_1,X3,68.557,1.0
Decision_1,X3,68.659,1.0
Decision_1,X3,68.761,1.0
Decision_1,X3,68.862,1.0
Decision_1,X3,68.964,1.0
Decision_1,X3,69.066,1.0
Decision_1,X3,69.168,1.0
Decision_1,X3,69.27,1.0
Decision_1,X3,69.372,1.0
Decision_1,X3,69.474,1.0
Decision_1,X3,69.576,1.0
Decision_1,X3,69.677,1.0
Decision_1,X3,69.779,1.0
Decision_1,X3,69.881,1.0
Decision_1,X3,69.983,1.0
Decision_1,X3,70.085,1.0
Decision_1,X3,70.187,1.0
Decision_1,X3,70.289,1.0
Decision_1,X3,70.39,1.0
Decision_1,X3,70.492,1.0
Decision_1,X3,70.594,1.0
Decision_1,X3,70.696,1.0
Decision_1,X3,70.798,1.0
Decision_1,X3,70.9,1.0
Decision_1,X3,71.002,1.0
Decision_1,X3,71.104,1.0
Decision_1,X3,71.205,1.0
Decision_1,X3,71.307,1.0
Decision_1,X3,71.409,1.0
Decision_1,X3,71.511,1.0
Decision_1,X3,71.613,1.0
Decision_1,X3,71.715,1.0
Decision_1,X3,71.817,1.0
Decision_1,X3,71.919,1.0
Decision_1,X3,72.02,1.0
Decision_1,X3,72.122,1.0
Decision_1,X3,72.224,1.0
Decision_1,X3,72.326,1.0
Decision_1,X3,72.428,1.0
Decision_1,X3,72.53,1.0
Decision_1,X3,72.632,1.0
Decision_1,X3,72.733,1.0
Decision_1,X3,72.835,1.0
Decision_1,X3,72.937,1.0
Decision_1,X3,73.039,1.0
Decision_1,X3,73.141,1.0
Decision_1,X3,73.243,1.0
Decision_1,X3,73.345,1.0
Decision_1,X3,73.447,1.0
Decision_1,X3,73.548,1.0
Decision_1,X3,73.65,1.0
Decision_1,X3,73.752,1.0
Decision_1,X3,73.854,1.0
Decision_1,X3,73.956,1.0
Decision_1,X3,74.058,1.0
Decision_1,X3,74.16,1.0
Decision_1,X3,74.261,1.0
Decision_1,X3,74.363,1.0
Decision_1,X4,0.0,1.0
Decision_1,X4,0.102,0.0549
Decision_1,X4,0.204,0.0
Decision_1,X4,0.306,0.0
Decision_1,X4,0.407,0.0
Decision_1,X4,0.509,0.0
Decision_1,X4,0.611,0.0
Decision_1,X4,0.713,0.0
Decision_1,X4,0.815,0.0
Decision_1,X4,0.917,0.0
Decision_1,X4,1.019,0.0
Decision_1,X4,1.121,0.0
Decision_1,X4,1.222,0.0
Decision_1,X4,1.324,0.0
Decision_1,X4,1.426,0.0
Decision_1,X4,1.528,0.0
Decision_1,X4,1.63,0.0
Decision_1,X4,1.732,0.0
Decision_1,X4,1.834,0.0
Decision_1,X4,1.935,0.0
Decision_1,X4,2.037,0.0
Decision_1,X4,2.139,0.0
Decision_1,X4,2.241,0.0
Decision_1,X4,2.343,0.0
Decision_1,X4,2.445,0.0
Decision_1,X4,2.547,0.0
Decision_1,X4,2.649,0.0
Decision_1,X4,2.75,0.0
Decision_1,X4,2.852,0.0
Decision_1,X4,2.954,0.0
Decision_1,X4,3.056,0.0
Decision_1,X4,3.158,0.0
Decision_1,X4,3.26,0.0
Decision_1,X4,3.362,0.0
Decision_1,X4,3.463,0.0
Decision_1,X4,3.565,0.0
Decision_1,X4,3.667,0.0
Decision_1,X4,3.769,0.0
Decision_1,X4,3.871,0.0
Decision_1,X4,3.973,0.0
Decision_1,X4,4.075,0.0
Decision_1,X4,4.177,0.0
Decision_1,X4,4.278,0.0
Decision_1,X4,4.38,0.0
Decision_1,X4,4.482,0.0
Decision_1,X4,4.584,0.0
Decision_1,X4,4.686,0.0
Decision_1,X4,4.788,0.0
Decision_1,X4,4.89,0.0
Decision_1,X4,4.992,0.0
Decision_1,X4,5.093,0.0
Decision_1,X4,5.195,0.0
Decision_1,X4,5.297,0.0
Decision_1,X4,5.399,0.0
Decision_1,X4,5.501,0.0
Decision_1,X4,5.603,0.0
Decision_1,X4,5.705,0.0
Decision_1,X4,5.806,0.0
Decision_1,X4,5.908,0.0
Decision_1,X4,6.01,0.0
Decision_1,X4,6.112,0.0
Decision_1,X4,6.214,0.0
Decision_1,X4,6.316,0.0
Decision_1,X4,6.418,0.0
Decision_1,X4,6.52,0.0
Decision_1,X4,6.621,0.0
Decision_1,X4,6.723,0.0
Decision_1,X4,6.825,0.0
Decision_1,X4,6.927,0.0
Decision_1,X4,7.029,0.0
Decision_1,X4,7.131,0.0
Decision_1,X4,7.233,0.0
Decision_1,X4,7.334,0.0
Decision_1,X4,7.436,0.0
Decision_1,X4,7.538,0.0
Decision_1,X4,7.64,0.0
Decision_1,X4,7.742,0.0
Decision_1,X4,7.844,0.0
Decision_1,X4,7.946,0.0
Decision_1,X4,8.048,0.0
Decision_1,X4,8.149,0.0
Decision_1,X4,8.251,0.0
Decision_1,X4,8.353,0.0
Decision_1,X4,8.455,0.0
Decision_1,X4,8.557,0.0
Decision_1,X4,8.659,0.0
Decision_1,X4,8.761,0.0
Decision_1,X4,8.862,0.0
Decision_1,X4,8.964,0.0
Decision_1,X4,9.066,0.0
Decision_1,X4,9.168,0.0
Decision_1,X4,9.27,0.0
Decision_1,X4,9.372,0.0
Decision_1,X4,9.474,0.0
Decision_1,X4,9.576,0.0
Decision_1,X4,9.677,0.0
Decision_1,X4,9.779,0.0
Decision_1,X4,9.881,0.0
Decision_1,X4,9.983,0.0
Decision_1,X4,10.085,0.0
Decision_1,X4,10.187,0.0
Decision_1,X4,10.289,0.0
Decision_1,X4,10.39,0.0
Decision_1,X4,10.492,0.0
Decision_1,X4,10.594,0.0
Decision_1,X4,10.696,0.0
Decision_1,X4,10.798,0.0
Decision_1,X4,10.9,0.0
Decision_1,X4,11.002,0.0
Decision_1,X4,11.104,0.0
Decision_1,X4,11.205,0.0
Decision_1,X4,11.307,0.0
Decision_1,X4,11.409,0.0
Decision_1,X4,11.511,0.0
Decision_1,X4,11.613,0.0
Decision_1,X4,11.715,0.0
Decision_1,X4,11.817,0.0
Decision_1,X4,11.919,0.0
Decision_1,X4,12.02,0.0
Decision_1,X4,12.122,0.0
Decision_1,X4,12.224,0.0
Decision_1,X4,12.326,0.0
Decision_1,X4,12.428,0.0
Decision_1,X4,12.53,0.0
Decision_1,X4,12.632,0.0
Decision_1,X4,12.733,0.0
Decision_1,X4,12.835,0.0
Decision_1,X4,12.937,0.0
Decision_1,X4,13.039,0.0
Decision_1,X4,13.141,0.0
Decision_1,X4,13.243,0.0
Decision_1,X4,13.345,0.0
Decision_1,X4,13.447,0.0
Decision_1,X4,13.548,0.0
Decision_1,X4,13.65,0.0
Decision_1,X4,13.752,0.0
Decision_1,X4,13.854,0.0
Decision_1,X4,13.956,0.0
Decision_1,X4,14.058,0.0
Decision_1,X4,14.16,0.0
Decision_1,X4,14.261,0.0
Decision_1,X4,14.363,0.0
Decision_1,X4,14.465,0.0
Decision_1,X4,14.567,0.0
Decision_1,X4,14.669,0.0
Decision_1,X4,14.771,0.0
Decision_1,X4,14.873,0.0
Decision_1,X4,14.975,0.0
Decision_1,X4,15.076,0.0
Decision_1,X4,15.178,0.0
Decision_1,X4,15.28,0.0
Decision_1,X4,15.382,0.0
Decision_1,X4,15.484,0.0
Decision_1,X4,15.586,0.0
Decision_1,X4,15.688,0.0
Decision_1,X4,15.789,0.0
Decision_1,X4,15.891,0.0
Decision_1,X4,15.993,0.0
Decision_1,X4,16.095,0.0
Decision_1,X4,16.197,0.0
Decision_1,X4,16.299,0.0
Decision_1,X4,16.401,0.0
Decision_1,X4,16.503,0.0
Decision_1,X4,16.604,0.0
Decision_1,X4,16.706,0.0
Decision_1,X4,16.808,0.0
Decision_1,X4,16.91,0.0
Decision_1,X4,17.012,0.0
Decision_1,X4,17.114,0.0
Decision_1,X4,17.216,0.0
Decision_1,X4,17.317,0.0
Decision_1,X4,17.419,0.0
Decision_1,X4,17.521,0.0
Decision_1,X4,17.623,0.0
Decision_1,X4,17.725,0.0
Decision_1,X4,17.827,0.0
Decision_1,X4,17.929,0.0
Decision_1,X4,18.031,0.0
Decision_1,X4,18.132,0.0
Decision_1,X4,18.234,0.0
Decision_1,X4,18.336,0.0
Decision_1,X4,18.438,0.0
Decision_1,X4,18.54,0.0
Decision_1,X4,18.642,0.0
Decision_1,X4,18.744,0.0
Decision_1,X4,18.846,0.0
Decision_1,X4,18.947,0.0
Decision_1,X4,19.049,0.0
Decision_1,X4,19.151,0.0
Decision_1,X4,19.253,0.0
Decision_1,X4,19.355,0.0
Decision_1,X4,19.457,0.0
Decision_1,X4,19.559,0.0
Decision_1,X4,19.66,0.0
Decision_1,X4,19.762,0.0
Decision_1,X4,19.864,0.0
Decision_1,X4,19.966,0.0
Decision_1,X4,20.068,0.0
Decision_1,X4,20.17,0.0
Decision_1,X4,20.272,0.0
Decision_1,X4,20.374,0.0
Decision_1,X4,20.475,0.0
Decision_1,X4,20.577,0.0
Decision_1,X4,20.679,0.0
Decision_1,X4,20.781,0.0
Decision_1,X4,20.883,0.0
Decision_1,X4,20.985,0.0
Decision_1,X4,21.087,0.0
Decision_1,X4,21.188,0.0
Decision_1,X4,21.29,0.0
Decision_1,X4,21.392,0.0
Decision_1,X4,21.494,0.0
Decision_1,X4,21.596,0.0
Decision_1,X4,21.698,0.0
Decision_1,X4,21.8,0.0
Decision_1,X4,21.902,0.0
Decision_1,X4,22.003,0.0
Decision_1,X4,22.105,0.0
Decision_1,X4,22.207,0.0
Decision_1,X4,22.309,0.0
Decision_1,X4,22.411,0.0
Decision_1,X4,22.513,0.0
Decision_1,X4,22.615,0.0
Decision_1,X4,22.716,0.0
Decision_1,X4,22.818,0.0
Decision_1,X4,22.92,0.0
Decision_1,X4,23.022,0.0
Decision_1,X4,23.124,0.0
Decision_1,X4,23.226,0.0
Decision_1,X4,23.328,0.0
Decision_1,X4,23.43,0.0
Decision_1,X4,23.531,0.0
Decision_1,X4,23.633,0.0
Decision_1,X4,23.735,0.0
Decision_1,X4,23.837,0.0
Decision_1,X4,23.939,0.0
Decision_1,X4,24.041,0.0
Decision_1,X4,24.143,0.0
Decision_1,X4,24.244,0.0
Decision_1,X4,24.346,0.0
Decision_1,X4,24.448,0.0
Decision_1,X4,24.55,0.0
Decision_1,X4,24.652,0.0
Decision_1,X4,24.754,0.0
Decision_1,X4,24.856,0.0
Decision_1,X4,24.958,0.0
Decision_1,X4,25.059,0.0
Decision_1,X4,25.161,0.0
Decision_1,X4,25.263,0.0
Decision_1,X4,25.365,0.0
Decision_1,X4,25.467,0.0
Decision_1,X4,25.569,0.0
Decision_1,X4,25.671,0.0
Decision_1,X4,25.772,0.0
Decision_1,X4,25.874,0.0
Decision_1,X4,25.976,0.0
Decision_1,X4,26.078,0.0
Decision_1,X4,26.18,0.0
Decision_1,X4,26.282,0.0
Decision_1,X4,26.384,0.0
Decision_1,X4,26.486,0.0
Decision_1,X4,26.587,0.0
Decision_1,X4,26.689,0.0
Decision_1,X4,26.791,0.0
Decision_1,X4,26.893,0.0
Decision_1,X4,26.995,0.0
Decision_1,X4,27.097,0.0
Decision_1,X4,27.199,0.0
Decision_1,X4,27.301,0.0
Decision_1,X4,27.402,0.0
Decision_1,X4,27.504,0.0
Decision_1,X4,27.606,0.0
Decision_1,X4,27.708,0.0
Decision_1,X4,27.81,0.0
Decision_1,X4,27.912,0.0
Decision_1,X4,28.014,0.0
Decision_1,X4,28.115,0.0
Decision_1,X4,28.217,0.0
Decision_1,X4,28.319,0.0
Decision_1,X4,28.421,0.0
Decision_1,X4,28.523,0.0
Decision_1,X4,28.625,0.0
Decision_1,X4,28.727,0.0
Decision_1,X4,28.829,0.0
Decision_1,X4,28.93,0.0
Decision_1,X4,29.032,0.0
Decision_1,X4,29.134,0.0
Decision_1,X4,29.236,0.0
Decision_1,X4,29.338,0.0
Decision_1,X4,29.44,0.0
Decision_1,X4,29.542,0.0
Decision_1,X4,29.643,0.0
Decision_1,X4,29.745,0.0
Decision_1,X4,29.847,0.0
Decision_1,X4,29.949,0.0
Decision_1,X4,30.051,0.0
Decision_1,X4,30.153,0.0
Decision_1,X4,30.255,0.0
Decision_1,X4,30.357,0.0
Decision_1,X4,30.458,0.0
Decision_1,X4,30.56,0.0
Decision_1,X4,30.662,0.0
Decision_1,X4,30.764,0.0
Decision_1,X4,30.866,0.0
Decision_1,X4,30.968,0.0
Decision_1,X4,31.07,0.0
Decision_1,X4,31.171,0.0
Decision_1,X4,31.273,0.0
Decision_1,X4,31.375,0.0
Decision_1,X4,31.477,0.0
Decision_1,X4,31.579,0.0
Decision_1,X4,31.681,0.0
Decision_1,X4,31.783,0.0
Decision_1,X4,31.885,0.0
Decision_1,X4,31.986,0.0
Decision_1,X4,32.088,0.0
Decision_1,X4,32.19,0.0
Decision_1,X4,32.292,0.0
Decision_1,X4,32.394,0.0
Decision_1,X4,32.496,0.0
Decision_1,X4,32.598,0.0
Decision_1,X4,32.699,0.0
Decision_1,X4,32.801,0.0
Decision_1,X4,32.903,0.0
Decision_1,X4,33.005,0.0
Decision_1,X4,33.107,0.0
Decision_1,X4,33.209,0.0
Decision_1,X4,33.311,0.0
Decision_1,X4,33.413,0.0
Decision_1,X4,33.514,0.0
Decision_1,X4,33.616,0.0
Decision_1,X4,33.718,0.0
Decision_1,X4,33.82,0.0
Decision_1,X4,33.922,0.0
Decision_1,X4,34.024,0.0
Decision_1,X4,34.126,0.0
Decision_1,X4,34.228,0.0
Decision_1,X4,34.329,0.0
Decision_1,X4,34.431,0.0
Decision_1,X4,34.533,0.0
Decision_1,X4,34.635,0.0
Decision_1,X4,34.737,0.0
Decision_1,X4,34.839,0.0
Decision_1,X4,34.941,0.0
Decision_1,X4,35.042,0.0
Decision_1,X4,35.144,0.0
Decision_1,X4,35.246,0.0
Decision_1,X4,35.348,0.0
Decision_1,X4,35.45,0.0
Decision_1,X4,35.552,0.0
Decision_1,X4,35.654,0.0
Decision_1,X4,35.756,0.0
Decision_1,X4,35.857,0.0
Decision_1,X4,35.959,0.0
Decision_1,X4,36.061,0.0
Decision_1,X4,36.163,0.0
Decision_1,X4,36.265,0.0
Decision_1,X4,36.367,0.0
Decision_1,X4,36.469,0.0
Decision_1,X4,36.57,0.0
Decision_1,X4,36.672,0.0
Decision_1,X4,36.774,0.0
Decision_1,X4,36.876,0.0
Decision_1,X4,36.978,0.0
Decision_1,X4,37.08,0.0
Decision_1,X4,37.182,0.0
Decision_1,X4,37.284,0.0
Decision_1,X4,37.385,0.0
Decision_1,X4,37.487,0.0
Decision_1,X4,37.589,0.0
Decision_1,X4,37.691,0.0
Decision_1,X4,37.793,0.0
Decision_1,X4,37.895,0.0
Decision_1,X4,37.997,0.0
Decision_1,X4,38.098,0.0
Decision_1,X4,38.2,0.0
Decision_1,X4,38.302,0.0
Decision_1,X4,38.404,0.0
Decision_1,X4,38.506,0.0
Decision_1,X4,38.608,0.0
Decision_1,X4,38.71,0.0
Decision_1,X4,38.812,0.0
Decision_1,X4,38.913,0.0
Decision_1,X4,39.015,0.0
Decision_1,X4,39.117,0.0
Decision_1,X4,39.219,0.0
Decision_1,X4,39.321,0.0
Decision_1,X4,39.423,0.0
Decision_1,X4,39.525,0.0
Decision_1,X4,39.626,0.0
Decision_1,X4,39.728,0.0
Decision_1,X4,39.83,0.0
Decision_1,X4,39.932,0.0
Decision_1,X4,40.034,0.0
Decision_1,X4,40.136,0.0
Decision_1,X4,40.238,0.0
Decision_1,X4,40.34,0.0
Decision_1,X4,40.441,0.0
Decision_1,X4,40.543,0.0
Decision_1,X4,40.645,0.0
Decision_1,X4,40.747,0.0
Decision_1,X4,40.849,0.0
Decision_1,X4,40.951,0.0
Decision_1,X4,41.053,0.0
Decision_1,X4,41.154,0.0
Decision_1,X4,41.256,0.0
Decision_1,X4,41.358,0.0
Decision_1,X4,41.46,0.0
Decision_1,X4,41.562,0.0
Decision_1,X4,41.664,0.0
Decision_1,X4,41.766,0.0
Decision_1,X4,41.868,0.0
Decision_1,X4,41.969,0.0
Decision_1,X4,42.071,0.0
Decision_1,X4,42.173,0.0
Decision_1,X4,42.275,0.0
Decision_1,X4,42.377,0.0
Decision_1,X4,42.479,0.0
Decision_1,X4,42.581,0.0
Decision_1,X4,42.683,0.0
Decision_1,X4,42.784,0.0
Decision_1,X4,42.886,0.0
Decision_1,X4,42.988,0.0
Decision_1,X4,43.09,0.0
Decision_1,X4,43.192,0.0
Decision_1,X4,43.294,0.0
Decision_1,X4,43.396,0.0
Decision_1,X4,43.497,0.0
Decision_1,X4,43.599,0.0
Decision_1,X4,43.701,0.0
Decision_1,X4,43.803,0.0
Decision_1,X4,43.905,0.0
Decision_1,X4,44.007,0.0
Decision_1,X4,44.109,0.0
Decision_1,X4,44.211,0.0
Decision_1,X4,44.312,0.0
Decision_1,X4,44.414,0.0
Decision_1,X4,44.516,0.0
Decision_1,X4,44.618,0.0
Decision_1,X4,44.72,0.0
Decision_1,X4,44.822,0.0
Decision_1,X4,44.924,0.0
Decision_1,X4,45.025,0.0
Decision_1,X4,45.127,0.0
Decision_1,X4,45.229,0.0
Decision_1,X4,45.331,0.0
Decision_1,X4,45.433,0.0
Decision_1,X4,45.535,0.0
Decision_1,X4,45.637,0.0
Decision_1,X4,45.739,0.0
Decision_1,X4,45.84,0.0
Decision_1,X4,45.942,0.0
Decision_1,X4,46.044,0.0
Decision_1,X4,46.146,0.0
Decision_1,X4,46.248,0.0
Decision_1,X4,46.35,0.0
Decision_1,X4,46.452,0.0
Decision_1,X4,46.553,0.0
Decision_1,X4,46.655,0.0
Decision_1,X4,46.757,0.0
Decision_1,X4,46.859,0.0
Decision_1,X4,46.961,0.0
Decision_1,X4,47.063,0.0
Decision_1,X4,47.165,0.0
Decision_1,X4,47.267,0.0
Decision_1,X4,47.368,0.0
Decision_1,X4,47.47,0.0
Decision_1,X4,47.572,0.0
Decision_1,X4,47.674,0.0
Decision_1,X4,47.776,0.0
Decision_1,X4,47.878,0.0
Decision_1,X4,47.98,0.0
Decision_1,X4,48.081,0.0
Decision_1,X4,48.183,0.0
Decision_1,X4,48.285,0.0
Decision_1,X4,48.387,0.0
Decision_1,X4,48.489,0.0
Decision_1,X4,48.591,0.0
Decision_1,X4,48.693,0.0
Decision_1,X4,48.795,0.0
Decision_1,X4,48.896,0.0
Decision_1,X4,48.998,0.0
Decision_1,X4,49.1,0.0
Decision_1,X4,49.202,0.0
Decision_1,X4,49.304,0.0
Decision_1,X4,49.406,0.0
Decision_1,X4,49.508,0.0
Decision_1,X4,49.61,0.0
Decision_1,X4,49.711,0.0
Decision_1,X4,49.813,0.0
Decision_1,X4,49.915,0.0
Decision_1,X4,50.017,0.0
Decision_1,X4,50.119,0.0
Decision_1,X4,50.221,0.0
Decision_1,X4,50.323,0.0
Decision_1,X4,50.424,0.0
Decision_1,X4,50.526,0.0
Decision_1,X4,50.628,0.0
Decision_1,X4,50.73,0.0
Decision_1,X4,50.832,0.0
Decision_1,X4,50.934,0.0
Decision_1,X4,51.036,0.0
Decision_1,X4,51.138,0.0
Decision_1,X4,51.239,0.0
Decision_1,X4,51.341,0.0
Decision_1,X4,51.443,0.0
Decision_1,X4,51.545,0.0
Decision_1,X4,51.647,0.0
Decision_1,X4,51.749,0.0
Decision_1,X4,51.851,0.0
Decision_1,X4,51.952,0.0
Decision_1,X4,52.054,0.0
Decision_1,X4,52.156,0.0
Decision_1,X4,52.258,0.0
Decision_1,X4,52.36,0.0
Decision_1,X4,52.462,0.0
Decision_1,X4,52.564,0.0
Decision_1,X4,52.666,0.0
Decision_1,X4,52.767,0.0
Decision_1,X4,52.869,0.0
Decision_1,X4,52.971,0.0
Decision_1,X4,53.073,0.0
Decision_1,X4,53.175,0.0
Decision_1,X4,53.277,0.0
Decision_1,X4,53.379,0.0
Decision_1,X4,53.48,0.0
Decision_1,X4,53.582,0.0
Decision_1,X4,53.684,0.0
Decision_1,X4,53.786,0.0
Decision_1,X4,53.888,0.0
Decision_1,X4,53.99,0.0
Decision_1,X4,54.092,0.0
Decision_1,X4,54.194,0.0
Decision_1,X4,54.295,0.0
Decision_1,X4,54.397,0.0
Decision_1,X4,54.499,0.0
Decision_1,X4,54.601,0.0
Decision_1,X4,54.703,0.0
Decision_1,X4,54.805,0.0
Decision_1,X4,54.907,0.0
Decision_1,X4,55.008,0.0
Decision_1,X4,55.11,0.0
Decision_1,X4,55.212,0.0
Decision_1,X4,55.314,0.0
Decision_1,X4,55.416,0.0
Decision_1,X4,55.518,0.0
Decision_1,X4,55.62,0.0
Decision_1,X4,55.722,0.0
Decision_1,X4,55.823,0.0
Decision_1,X4,55.925,0.0
Decision_1,X4,56.027,0.0
Decision_1,X4,56.129,0.0
Decision_1,X4,56.231,0.0
Decision_1,X4,56.333,0.0
Decision_1,X4,56.435,0.0
Decision_1,X4,56.537,0.0
Decision_1,X4,56.638,0.0
Decision_1,X4,56.74,0.0
Decision_1,X4,56.842,0.0
Decision_1,X4,56.944,0.0
Decision_1,X4,57.046,0.0
Decision_1,X4,57.148,0.0
Decision_1,X4,57.25,0.0
Decision_1,X4,57.351,0.0
Decision_1,X4,57.453,0.0
Decision_1,X4,57.555,0.0
Decision_1,X4,57.657,0.0
Decision_1,X4,57.759,0.0
Decision_1,X4,57.861,0.0
Decision_1,X4,57.963,0.0
Decision_1,X4,58.065,0.0
Decision_1,X4,58.166,0.0
Decision_1,X4,58.268,0.0
Decision_1,X4,58.37,0.0
Decision_1,X4,58.472,0.0
Decision_1,X4,58.574,0.0
Decision_1,X4,58.676,0.0
Decision_1,X4,58.778,0.0
Decision_1,X4,58.879,0.0
Decision_1,X4,58.981,0.0
Decision_1,X4,59.083,0.0
Decision_1,X4,59.185,0.0
Decision_1,X4,59.287,0.0
Decision_1,X4,59.389,0.0
Decision_1,X4,59.491,0.0
Decision_1,X4,59.593,0.0
Decision_1,X4,59.694,0.0
Decision_1,X4,59.796,0.0
Decision_1,X4,59.898,0.0
Decision_1,X4,60.0,0.0
Decision_1,X4,60.102,0.0
Decision_1,X4,60.204,0.0
Decision_1,X4,60.306,0.0
Decision_1,X4,60.407,0.0
Decision_1,X4,60.509,0.0
Decision_1,X4,60.611,0.0
Decision_1,X4,60.713,0.0
Decision_1,X4,60.815,0.0
Decision_1,X4,60.917,0.0
Decision_1,X4,61.019,0.0
Decision_1,X4,61.121,0.0
Decision_1,X4,61.222,0.0
Decision_1,X4,61.324,0.0
Decision_1,X4,61.426,0.0
Decision_1,X4,61.528,0.0
Decision_1,X4,61.63,0.0
Decision_1,X4,61.732,0.0
Decision_1,X4,61.834,0.0
Decision_1,X4,61.935,0.0
Decision_1,X4,62.037,0.0
Decision_1,X4,62.139,0.0
Decision_1,X4,62.241,0.0
Decision_1,X4,62.343,0.0
Decision_1,X4,62.445,0.0
Decision_1,X4,62.547,0.0
Decision_1,X4,62.649,0.0
Decision_1,X4,62.75,0.0
Decision_1,X4,62.852,0.0
Decision_1,X4,62.954,0.0
Decision_1,X4,63.056,0.0
Decision_1,X4,63.158,0.0
Decision_1,X4,63.26,0.0
Decision_1,X4,63.362,0.0
Decision_1,X4,63.463,0.0
Decision_1,X4,63.565,0.0
Decision_1,X4,63.667,0.0
Decision_1,X4,63.769,0.0
Decision_1,X4,63.871,0.0
Decision_1,X4,63.973,0.0
Decision_1,X4,64.075,0.0
Decision_1,X4,64.177,0.0
Decision_1,X4,64.278,0.0
Decision_1,X4,64.38,0.0
Decision_1,X4,64.482,0.0
Decision_1,X4,64.584,0.0
Decision_1,X4,64.686,0.0
Decision_1,X4,64.788,0.0
Decision_1,X4,64.89,0.0
Decision_1,X4,64.992,0.0
Decision_1,X4,65.093,0.0
Decision_1,X4,65.195,0.0
Decision_1,X4,65.297,0.0
Decision_1,X4,65.399,0.0
Decision_1,X4,65.501,0.0
Decision_1,X4,65.603,0.0
Decision_1,X4,65.705,0.0
Decision_1,X4,65.806,0.0
Decision_1,X4,65.908,0.0
Decision_1,X4,66.01,0.0
Decision_1,X4,66.112,0.0
Decision_1,X4,66.214,0.0
Decision_1,X4,66.316,0.0
Decision_1,X4,66.418,0.0
Decision_1,X4,66.52,0.0
Decision_1,X4,66.621,0.0
Decision_1,X4,66.723,0.0
Decision_1,X4,66.825,0.0
Decision_1,X4,66.927,0.0
Decision_1,X4,67.029,0.0
Decision_1,X4,67.131,0.0
Decision_1,X4,67.233,0.0
Decision_1,X4,67.334,0.0
Decision_1,X4,67.436,0.0
Decision_1,X4,67.538,0.0
Decision_1,X4,67.64,0.0
Decision_1,X4,67.742,0.0
Decision_1,X4,67.844,0.0
Decision_1,X4,67.946,0.0
Decision_1,X4,68.048,0.0
Decision_1,X4,68.149,0.0
Decision_1,X4,68.251,0.0
Decision_1,X4,68.353,0.0
Decision_1,X4,68.455,0.0
Decision_1,X4,68.557,0.0
Decision_1,X4,68.659,0.0
Decision_1,X4,68.761,0.0
Decision_1,X4,68.862,0.0
Decision_1,X4,68.964,0.0
Decision_1,X4,69.066,0.0
Decision_1,X4,69.168,0.0
Decision_1,X4,69.27,0.0
Decision_1,X4,69.372,0.0
Decision_1,X4,69.474,0.0
Decision_1,X4,69.576,0.0
Decision_1,X4,69.677,0.0
Decision_1,X4,69.779,0.0
Decision_1,X4,69.881,0.0
Decision_1,X4,69.983,0.0
Decision_1,X4,70.085,0.0
Decision_1,X4,70.187,0.0
Decision_1,X4,70.289,0.0
Decision_1,X4,70.39,0.0
Decision_1,X4,70.492,0.0
Decision_1,X4,70.594,0.0
Decision_1,X4,70.696,0.0
Decision_1,X4,70.798,0.0
Decision_1,X4,70.9,0.0
Decision_1,X4,71.002,0.0
Decision_1,X4,71.104,0.0
Decision_1,X4,71.205,0.0
Decision_1,X4,71.307,0.0
Decision_1,X4,71.409,0.0
Decision_1,X4,71.511,0.0
Decision_1,X4,71.613,0.0
Decision_1,X4,71.715,0.0
Decision_1,X4,71.817,0.0
Decision_1,X4,71.919,0.0
Decision_1,X4,72.02,0.0
Decision_1,X4,72.122,0.0
Decision_1,X4,72.224,0.0
Decision_1,X4,72.326,0.0
Decision_1,X4,72.428,0.0
Decision_1,X4,72.53,0.0
Decision_1,X4,72.632,0.0
Decision_1,X4,72.733,0.0
Decision_1,X4,72.835,0.0
Decision_1,X4,72.937,0.0
Decision_1,X4,73.039,0.0
Decision_1,X4,73.141,0.0
Decision_1,X4,73.243,0.0
Decision_1,X4,73.345,0.0
Decision_1,X4,73.447,0.0
Decision_1,X4,73.548,0.0
Decision_1,X4,73.65,0.0
Decision_1,X4,73.752,0.0
Decision_1,X4,73.854,0.0
Decision_1,X4,73.956,0.0
Decision_1,X4,74.058,0.0
Decision_1,X4,74.16,0.0
Decision_1,X4,74.261,0.0549
Decision_1,X4,74.363,1.0
Decision_2,X14,0.0,1.0
Decision_2,X14,0.102,0.0549
Decision_2,X14,0.204,0.0
Decision_2,X14,0.306,0.0
Decision_2,X14,0.407,0.0
Decision_2,X14,0.509,0.0
Decision_2,X14,0.611,0.0
Decision_2,X14,0.713,0.0
Decision_2,X14,0.815,0.0
Decision_2,X14,0.917,0.0
Decision_2,X14,1.019,0.0
Decision_2,X14,1.121,0.0
Decision_2,X14,1.222,0.0
Decision_2,X14,1.324,0.0
Decision_2,X14,1.426,0.0
Decision_2,X14,1.528,0.0
Decision_2,X14,1.63,0.0
Decision_2,X14,1.732,0.0
Decision_2,X14,1.834,0.0
Decision_2,X14,1.935,0.0
Decision_2,X14,2.037,0.0
Decision_2,X14,2.139,0.0
Decision_2,X14,2.241,0.0
Decision_2,X14,2.343,0.0
Decision_2,X14,2.445,0.0
Decision_2,X14,2.547,0.0
Decision_2,X14,2.649,0.0
Decision_2,X14,2.75,0.0
Decision_2,X14,2.852,0.0
Decision_2,X14,2.954,0.0
Decision_2,X14,3.056,0.0
Decision_2,X14,3.158,0.0
Decision_2,X14,3.26,0.0
Decision_2,X14,3.362,0.0
Decision_2,X14,3.463,0.0
Decision_2,X14,3.565,0.0
Decision_2,X14,3.667,0.0
Decision_2,X14,3.769,0.0
Decision_2,X14,3.871,0.0
Decision_2,X14,3.973,0.0
Decision_2,X14,4.075,0.0
Decision_2,X14,4.177,0.0
Decision_2,X14,4.278,0.0
Decision_2,X14,4.38,0.0
Decision_2,X14,4.482,0.0
Decision_2,X14,4.584,0.0
Decision_2,X14,4.686,0.0
Decision_2,X14,4.788,0.0
Decision_2,X14,4.89,0.0
Decision_2,X14,4.992,0.0
Decision_2,X14,5.093,0.0
Decision_2,X14,5.195,0.0
Decision_2,X14,5.297,0.0
Decision_2,X14,5.399,0.0
Decision_2,X14,5.501,0.0
Decision_2,X14,5.603,0.0
Decision_2,X14,5.705,0.0
Decision_2,X14,5.806,0.0
Decision_2,X14,5.908,0.0
Decision_2,X14,6.01,0.0
Decision_2,X14,6.112,0.0
Decision_2,X14,6.214,0.0
Decision_2,X14,6.316,0.0
Decision_2,X14,6.418,0.0
Decision_2,X14,6.52,0.0
Decision_2,X14,6.621,0.0
Decision_2,X14,6.723,0.0
Decision_2,X14,6.825,0.0
Decision_2,X14,6.927,0.0
Decision_2,X14,7.029,0.0
Decision_2,X14,7.131,0.0
Decision_2,X14,7.233,0.0
Decision_2,X14,7.334,0.0
Decision_2,X14,7.436,0.0
Decision_2,X14,7.538,0.0
Decision_2,X14,7.64,0.0
Decision_2,X14,7.742,0.0
Decision_2,X14,7.844,0.0
Decision_2,X14,7.946,0.0
Decision_2,X14,8.048,0.0
Decision_2,X14,8.149,0.0
Decision_2,X14,8.251,0.0
Decision_2,X14,8.353,0.0
Decision_2,X14,8.455,0.0
Decision_2,X14,8.557,0.0
Decision_2,X14,8.659,0.0
Decision_2,X14,8.761,0.0
Decision_2,X14,8.862,0.0
Decision_2,X14,8.964,0.0
Decision_2,X14,9.066,0.0
Decision_2,X14,9.168,0.0
Decision_2,X14,9.27,0.0
Decision_2,X14,9.372,0.0
Decision_2,X14,9.474,0.0
Decision_2,X14,9.576,0.0
Decision_2,X14,9.677,0.0
Decision_2,X14,9.779,0.0
Decision_2,X14,9.881,0.0
Decision_2,X14,9.983,0.0
Decision_2,X14,10.085,0.0
Decision_2,X14,10.187,0.0
Decision_2,X14,10.289,0.0
Decision_2,X14,10.39,0.0
Decision_2,X14,10.492,0.0
Decision_2,X14,10.594,0.0
Decision_2,X14,10.696,0.0
Decision_2,X14,10.798,0.0
Decision_2,X14,10.9,0.0
Decision_2,X14,11.002,0.0
Decision_2,X14,11.104,0.0
Decision_2,X14,11.205,0.0
Decision_2,X14,11.307,0.0
Decision_2,X14,11.409,0.0
Decision_2,X14,11.511,0.0
Decision_2,X14,11.613,0.0
Decision_2,X14,11.715,0.0
Decision_2,X14,11.817,0.0
Decision_2,X14,11.919,0.0
Decision_2,X14,12.02,0.0
Decision_2,X14,12.122,0.0
Decision_2,X14,12.224,0.0
Decision_2,X14,12.326,0.0
Decision_2,X14,12.428,0.0
Decision_2,X14,12.53,0.0
Decision_2,X14,12.632,0.0
Decision_2,X14,12.733,0.0
Decision_2,X14,12.835,0.0
Decision_2,X14,12.937,0.0
Decision_2,X14,13.039,0.0
Decision_2,X14,13.141,0.0
Decision_2,X14,13.243,0.0
Decision_2,X14,13.345,0.0
Decision_2,X14,13.447,0.0
Decision_2,X14,13.548,0.0
Decision_2,X14,13.65,0.0
Decision_2,X14,13.752,0.0
Decision_2,X14,13.854,0.0
Decision_2,X14,13.956,0.0
Decision_2,X14,14.058,0.0
Decision_2,X14,14.16,0.0
Decision_2,X14,14.261,0.0
Decision_2,X14,14.363,0.0
Decision_2,X14,14.465,0.0
Decision_2,X14,14.567,0.0
Decision_2,X14,14.669,0.0
Decision_2,X14,14.771,0.0
Decision_2,X14,14.873,0.0
Decision_2,X14,14.975,0.0
Decision_2,X14,15.076,0.0
Decision_2,X14,15.178,0.0
Decision_2,X14,15.28,0.0
Decision_2,X14,15.382,0.0
Decision_2,X14,15.484,0.0
Decision_2,X14,15.586,0.0
Decision_2,X14,15.688,0.0
Decision_2,X14,15.789,0.0
Decision_2,X14,15.891,0.0
Decision_2,X14,15.993,0.0
Decision_2,X14,16.095,0.0
Decision_2,X14,16.197,0.0
Decision_2,X14,16.299,0.0
Decision_2,X14,16.401,0.0
Decision_2,X14,16.503,0.0
Decision_2,X14,16.604,0.0
Decision_2,X14,16.706,0.0
Decision_2,X14,16.808,0.0
Decision_2,X14,16.91,0.0
Decision_2,X14,17.012,0.0
Decision_2,X14,17.114,0.0
Decision_2,X14,17.216,0.0
Decision_2,X14,17.317,0.0
Decision_2,X14,17.419,0.0
Decision_2,X14,17.521,0.0
Decision_2,X14,17.623,0.0
Decision_2,X14,17.725,0.0
Decision_2,X14,17.827,0.0
Decision_2,X14,17.929,0.0
Decision_2,X14,18.031,0.0
Decision_2,X14,18.132,0.0
Decision_2,X14,18.234,0.0
Decision_2,X14,18.336,0.0
Decision_2,X14,18.438,0.0
Decision_2,X14,18.54,0.0
Decision_2,X14,18.642,0.0
Decision_2,X14,18.744,0.0
Decision_2,X14,18.846,0.0
Decision_2,X14,18.947,0.0
Decision_2,X14,19.049,0.0
Decision_2,X14,19.151,0.0
Decision_2,X14,19.253,0.0
Decision_2,X14,19.355,0.0
Decision_2,X14,19.457,0.0
Decision_2,X14,19.559,0.0
Decision_2,X14,19.66,0.0
Decision_2,X14,19.762,0.0
Decision_2,X14,19.864,0.0
Decision_2,X14,19.966,0.0
Decision_2,X14,20.068,0.0
Decision_2,X14,20.17,0.0
Decision_2,X14,20.272,0.0
Decision_2,X14,20.374,0.0
Decision_2,X14,20.475,0.0
Decision_2,X14,20.577,0.0
Decision_2,X14,20.679,0.0
Decision_2,X14,20.781,0.0
Decision_2,X14,20.883,0.0
Decision_2,X14,20.985,0.0
Decision_2,X14,21.087,0.0
Decision_2,X14,21.188,0.0
Decision_2,X14,21.29,0.0
Decision_2,X14,21.392,0.0
Decision_2,X14,21.494,0.0
Decision_2,X14,21.596,0.0
Decision_2,X14,21.698,0.0
Decision_2,X14,21.8,0.0
Decision_2,X14,21.902,0.0
Decision_2,X14,22.003,0.0
Decision_2,X14,22.105,0.0
Decision_2,X14,22.207,0.0
Decision_2,X14,22.309,0.0
Decision_2,X14,22.411,0.0
Decision_2,X14,22.513,0.0
Decision_2,X14,22.615,0.0
Decision_2,X14,22.716,0.0
Decision_2,X14,22.818,0.0
Decision_2,X14,22.92,0.0
Decision_2,X14,23.022,0.0
Decision_2,X14,23.124,0.0
Decision_2,X14,23.226,0.0
Decision_2,X14,23.328,0.0
Decision_2,X14,23.43,0.0
Decision_2,X14,23.531,0.0
Decision_2,X14,23.633,0.0
Decision_2,X14,23.735,0.0
Decision_2,X14,23.837,0.0
Decision_2,X14,23.939,0.0
Decision_2,X14,24.041,0.0
Decision_2,X14,24.143,0.0
Decision_2,X14,24.244,0.0
Decision_2,X14,24.346,0.0
Decision_2,X14,24.448,0.0
Decision_2,X14,24.55,0.0
Decision_2,X14,24.652,0.0
Decision_2,X14,24.754,0.0
Decision_2,X14,24.856,0.0
Decision_2,X14,24.958,0.0
Decision_2,X14,25.059,0.0
Decision_2,X14,25.161,0.0
Decision_2,X14,25.263,0.0
Decision_2,X14,25.365,0.0
Decision_2,X14,25.467,0.0
Decision_2,X14,25.569,0.0
Decision_2,X14,25.671,0.0
Decision_2,X14,25.772,0.0
Decision_2,X14,25.874,0.0
Decision_2,X14,25.976,0.0
Decision_2,X14,26.078,0.0
Decision_2,X14,26.18,0.0
Decision_2,X14,26.282,0.0
Decision_2,X14,26.384,0.0
Decision_2,X14,26.486,0.0
Decision_2,X14,26.587,0.0
Decision_2,X14,26.689,0.0
Decision_2,X14,26.791,0.0
Decision_2,X14,26.893,0.0
Decision_2,X14,26.995,0.0
Decision_2,X14,27.097,0.0
Decision_2,X14,27.199,0.0
Decision_2,X14,27.301,0.0
Decision_2,X14,27.402,0.0
Decision_2,X14,27.504,0.0
Decision_2,X14,27.606,0.0
Decision_2,X14,27.708,0.0
Decision_2,X14,27.81,0.0
Decision_2,X14,27.912,0.0
Decision_2,X14,28.014,0.0
Decision_2,X14,28.115,0.0
Decision_2,X14,28.217,0.0
Decision_2,X14,28.319,0.0
Decision_2,X14,28.421,0.0
Decision_2,X14,28.523,0.0
Decision_2,X14,28.625,0.0
Decision_2,X14,28.727,0.0
Decision_2,X14,28.829,0.0
Decision_2,X14,28.93,0.0
Decision_2,X14,29.032,0.0
Decision_2,X14,29.134,0.0
Decision_2,X14,29.236,0.0
Decision_2,X14,29.338,0.0
Decision_2,X14,29.44,0.0
Decision_2,X14,29.542,0.0
Decision_2,X14,29.643,0.0
Decision_2,X14,29.745,0.0
Decision_2,X14,29.847,0.0
Decision_2,X14,29.949,0.0
Decision_2,X14,30.051,0.0
Decision_2,X14,30.153,0.0
Decision_2,X14,30.255,0.0
Decision_2,X14,30.357,0.0
Decision_2,X14,30.458,0.0
Decision_2,X14,30.56,0.0
Decision_2,X14,30.662,0.0
Decision_2,X14,30.764,0.0
Decision_2,X14,30.866,0.0
Decision_2,X14,30.968,0.0
Decision_2,X14,31.07,0.0
Decision_2,X14,31.171,0.0
Decision_2,X14,31.273,0.0
Decision_2,X14,31.375,0.0
Decision_2,X14,31.477,0.0
Decision_2,X14,31.579,0.0
Decision_2,X14,31.681,0.0
Decision_2,X14,31.783,0.0
Decision_2,X14,31.885,0.0
Decision_2,X14,31.986,0.0
Decision_2,X14,32.088,0.0
Decision_2,X14,32.19,0.0
Decision_2,X14,32.292,0.0
Decision_2,X14,32.394,0.0
Decision_2,X14,32.496,0.0
Decision_2,X14,32.598,0.0
Decision_2,X14,32.699,0.0
Decision_2,X14,32.801,0.0
Decision_2,X14,32.903,0.0
Decision_2,X14,33.005,0.0
Decision_2,X14,33.107,0.0
Decision_2,X14,33.209,0.0
Decision_2,X14,33.311,0.0
Decision_2,X14,33.413,0.0
Decision_2,X14,33.514,0.0
Decision_2,X14,33.616,0.0
Decision_2,X14,33.718,0.0
Decision_2,X14,33.82,0.0
Decision_2,X14,33.922,0.0
Decision_2,X14,34.024,0.0
Decision_2,X14,34.126,0.0
Decision_2,X14,34.228,0.0
Decision_2,X14,34.329,0.0
Decision_2,X14,34.431,0.0
Decision_2,X14,34.533,0.0
Decision_2,X14,34.635,0.0
Decision_2,X14,34.737,0.0
Decision_2,X14,34.839,0.0
Decision_2,X14,34.941,0.0
Decision_2,X14,35.042,0.0
Decision_2,X14,35.144,0.0
Decision_2,X14,35.246,0.0
Decision_2,X14,35.348,0.0
Decision_2,X14,35.45,0.0
Decision_2,X14,35.552,0.0
Decision_2,X14,35.654,0.0
Decision_2,X14,35.756,0.0
Decision_2,X14,35.857,0.0
Decision_2,X14,35.959,0.0
Decision_2,X14,36.061,0.0
Decision_2,X14,36.163,0.0
Decision_2,X14,36.265,0.0
Decision_2,X14,36.367,0.0
Decision_2,X14,36.469,0.0
Decision_2,X14,36.57,0.0
Decision_2,X14,36.672,0.0
Decision_2,X14,36.774,0.0
Decision_2,X14,36.876,0.0
Decision_2,X14,36.978,0.0
Decision_2,X14,37.08,0.0
Decision_2,X14,37.182,0.0
Decision_2,X14,37.284,0.0
Decision_2,X14,37.385,0.0
Decision_2,X14,37.487,0.0
Decision_2,X14,37.589,0.0
Decision_2,X14,37.691,0.0
Decision_2,X14,37.793,0.0
Decision_2,X14,37.895,0.0
Decision_2,X14,37.997,0.0
Decision_2,X14,38.098,0.0
Decision_2,X14,38.2,0.0
Decision_2,X14,38.302,0.0
Decision_2,X14,38.404,0.0
Decision_2,X14,38.506,0.0
Decision_2,X14,38.608,0.0
Decision_2,X14,38.71,0.0
Decision_2,X14,38.812,0.0
Decision_2,X14,38.913,0.0
Decision_2,X14,39.015,0.0
Decision_2,X14,39.117,0.0
Decision_2,X14,39.219,0.0
Decision_2,X14,39.321,0.0
Decision_2,X14,39.423,0.0
Decision_2,X14,39.525,0.0
Decision_2,X14,39.626,0.0
Decision_2,X14,39.728,0.0
Decision_2,X14,39.83,0.0
Decision_2,X14,39.932,0.0
Decision_2,X14,40.034,0.0
Decision_2,X14,40.136,0.0
Decision_2,X14,40.238,0.0
Decision_2,X14,40.34,0.0
Decision_2,X14,40.441,0.0
Decision_2,X14,40.543,0.0
Decision_2,X14,40.645,0.0
Decision_2,X14,40.747,0.0
Decision_2,X14,40.849,0.0
Decision_2,X14,40.951,0.0
Decision_2,X14,41.053,0.0
Decision_2,X14,41.154,0.0
Decision_2,X14,41.256,0.0
Decision_2,X14,41.358,0.0
Decision_2,X14,41.46,0.0
Decision_2,X14,41.562,0.0
Decision_2,X14,41.664,0.0
Decision_2,X14,41.766,0.0
Decision_2,X14,41.868,0.0
Decision_2,X14,41.969,0.0
Decision_2,X14,42.071,0.0
Decision_2,X14,42.173,0.0
Decision_2,X14,42.275,0.0
Decision_2,X14,42.377,0.0
Decision_2,X14,42.479,0.0
Decision_2,X14,42.581,0.0
Decision_2,X14,42.683,0.0
Decision_2,X14,42.784,0.0
Decision_2,X14,42.886,0.0
Decision_2,X14,42.988,0.0
Decision_2,X14,43.09,0.0
Decision_2,X14,43.192,0.0
Decision_2,X14,43.294,0.0
Decision_2,X14,43.396,0.0
Decision_2,X14,43.497,0.0
Decision_2,X14,43.599,0.0
Decision_2,X14,43.701,0.0
Decision_2,X14,43.803,0.0
Decision_2,X14,43.905,0.0
Decision_2,X14,44.007,0.0
Decision_2,X14,44.109,0.0
Decision_2,X14,44.211,0.0
Decision_2,X14,44.312,0.0
Decision_2,X14,44.414,0.0
Decision_2,X14,44.516,0.0
Decision_2,X14,44.618,0.0
Decision_2,X14,44.72,0.0
Decision_2,X14,44.822,0.0
Decision_2,X14,44.924,0.0
Decision_2,X14,45.025,0.0
Decision_2,X14,45.127,0.0
Decision_2,X14,45.229,0.0
Decision_2,X14,45.331,0.0
Decision_2,X14,45.433,0.0
Decision_2,X14,45.535,0.0
Decision_2,X14,45.637,0.0
Decision_2,X14,45.739,0.0
Decision_2,X14,45.84,0.0
Decision_2,X14,45.942,0.0
Decision_2,X14,46.044,0.0
Decision_2,X14,46.146,0.0
Decision_2,X14,46.248,0.0
Decision_2,X14,46.35,0.0
Decision_2,X14,46.452,0.0
Decision_2,X14,46.553,0.0
Decision_2,X14,46.655,0.0
Decision_2,X14,46.757,0.0
Decision_2,X14,46.859,0.0
Decision_2,X14,46.961,0.0
Decision_2,X14,47.063,0.0
Decision_2,X14,47.165,0.0
Decision_2,X14,47.267,0.0
Decision_2,X14,47.368,0.0
Decision_2,X14,47.47,0.0
Decision_2,X14,47.572,0.0
Decision_2,X14,47.674,0.0
Decision_2,X14,47.776,0.0
Decision_2,X14,47.878,0.0
Decision_2,X14,47.98,0.0
Decision_2,X14,48.081,0.0
Decision_2,X14,48.183,0.0
Decision_2,X14,48.285,0.0
Decision_2,X14,48.387,0.0
Decision_2,X14,48.489,0.0
Decision_2,X14,48.591,0.0
Decision_2,X14,48.693,0.0
Decision_2,X14,48.795,0.0
Decision_2,X14,48.896,0.0
Decision_2,X14,48.998,0.0
Decision_2,X14,49.1,0.0
Decision_2,X14,49.202,0.0
Decision_2,X14,49.304,0.0
Decision_2,X14,49.406,0.0
Decision_2,X14,49.508,0.0
Decision_2,X14,49.61,0.0
Decision_2,X14,49.711,0.0
Decision_2,X14,49.813,0.0
Decision_2,X14,49.915,0.0
Decision_2,X14,50.017,0.0
Decision_2,X14,50.119,0.0
Decision_2,X14,50.221,0.0
Decision_2,X14,50.323,0.0
Decision_2,X14,50.424,0.0
Decision_2,X14,50.526,0.0
Decision_2,X14,50.628,0.0
Decision_2,X14,50.73,0.0
Decision_2,X14,50.832,0.0
Decision_2,X14,50.934,0.0
Decision_2,X14,51.036,0.0
Decision_2,X14,51.138,0.0
Decision_2,X14,51.239,0.0
Decision_2,X14,51.341,0.0
Decision_2,X14,51.443,0.0
Decision_2,X14,51.545,0.0
Decision_2,X14,51.647,0.0
Decision_2,X14,51.749,0.0
Decision_2,X14,51.851,0.0
Decision_2,X14,51.952,0.0
Decision_2,X14,52.054,0.0
Decision_2,X14,52.156,0.0
Decision_2,X14,52.258,0.0
Decision_2,X14,52.36,0.0
Decision_2,X14,52.462,0.0
Decision_2,X14,52.564,0.0
Decision_2,X14,52.666,0.0
Decision_2,X14,52.767,0.0
Decision_2,X14,52.869,0.0
Decision_2,X14,52.971,0.0
Decision_2,X14,53.073,0.0
Decision_2,X14,53.175,0.0
Decision_2,X14,53.277,0.0
Decision_2,X14,53.379,0.0
Decision_2,X14,53.48,0.0
Decision_2,X14,53.582,0.0
Decision_2,X14,53.684,0.0
Decision_2,X14,53.786,0.0
Decision_2,X14,53.888,0.0
Decision_2,X14,53.99,0.0
Decision_2,X14,54.092,0.0
Decision_2,X14,54.194,0.0
Decision_2,X14,54.295,0.0
Decision_2,X14,54.397,0.0
Decision_2,X14,54.499,0.0
Decision_2,X14,54.601,0.0
Decision_2,X14,54.703,0.0
Decision_2,X14,54.805,0.0
Decision_2,X14,54.907,0.0
Decision_2,X14,55.008,0.0
Decision_2,X14,55.11,0.0
Decision_2,X14,55.212,0.0
Decision_2,X14,55.314,0.0
Decision_2,X14,55.416,0.0
Decision_2,X14,55.518,0.0
Decision_2,X14,55.62,0.0
Decision_2,X14,55.722,0.0
Decision_2,X14,55.823,0.0
Decision_2,X14,55.925,0.0
Decision_2,X14,56.027,0.0
Decision_2,X14,56.129,0.0
Decision_2,X14,56.231,0.0
Decision_2,X14,56.333,0.0
Decision_2,X14,56.435,0.0
Decision_2,X14,56.537,0.0
Decision_2,X14,56.638,0.0
Decision_2,X14,56.74,0.0
Decision_2,X14,56.842,0.0
Decision_2,X14,56.944,0.0
Decision_2,X14,57.046,0.0
Decision_2,X14,57.148,0.0
Decision_2,X14,57.25,0.0
Decision_2,X14,57.351,0.0
Decision_2,X14,57.453,0.0
Decision_2,X14,57.555,0.0
Decision_2,X14,57.657,0.0
Decision_2,X14,57.759,0.0
Decision_2,X14,57.861,0.0
Decision_2,X14,57.963,0.0
Decision_2,X14,58.065,0.0
Decision_2,X14,58.166,0.0
Decision_2,X14,58.268,0.0
Decision_2,X14,58.37,0.0
Decision_2,X14,58.472,0.0
Decision_2,X14,58.574,0.0
Decision_2,X14,58.676,0.0
Decision_2,X14,58.778,0.0
Decision_2,X14,58.879,0.0
Decision_2,X14,58.981,0.0
Decision_2,X14,59.083,0.0
Decision_2,X14,59.185,0.0
Decision_2,X14,59.287,0.0
Decision_2,X14,59.389,0.0
Decision_2,X14,59.491,0.0
Decision_2,X14,59.593,0.0
Decision_2,X14,59.694,0.0
Decision_2,X14,59.796,0.0
Decision_2,X14,59.898,0.0
Decision_2,X14,60.0,0.0
Decision_2,X14,60.102,0.0
Decision_2,X14,60.204,0.0
Decision_2,X14,60.306,0.0
Decision_2,X14,60.407,0.0
Decision_2,X14,60.509,0.0
Decision_2,X14,60.611,0.0
Decision_2,X14,60.713,0.0
Decision_2,X14,60.815,0.0
Decision_2,X14,60.917,0.0
Decision_2,X14,61.019,0.0
Decision_2,X14,61.121,0.0
Decision_2,X14,61.222,0.0
Decision_2,X14,61.324,0.0
Decision_2,X14,61.426,0.0
Decision_2,X14,61.528,0.0
Decision_2,X14,61.63,0.0
Decision_2,X14,61.732,0.0
Decision_2,X14,61.834,0.0
Decision_2,X14,61.935,0.0
Decision_2,X14,62.037,0.0
Decision_2,X14,62.139,0.0
Decision_2,X14,62.241,0.0
Decision_2,X14,62.343,0.0
Decision_2,X14,62.445,0.0
Decision_2,X14,62.547,0.0
Decision_2,X14,62.649,0.0
Decision_2,X14,62.75,0.0
Decision_2,X14,62.852,0.0
Decision_2,X14,62.954,0.0
Decision_2,X14,63.056,0.0
Decision_2,X14,63.158,0.0
Decision_2,X14,63.26,0.0
Decision_2,X14,63.362,0.0
Decision_2,X14,63.463,0.0
Decision_2,X14,63.565,0.0
Decision_2,X14,63.667,0.0
Decision_2,X14,63.769,0.0
Decision_2,X14,63.871,0.0
Decision_2,X14,63.973,0.0
Decision_2,X14,64.075,0.0
Decision_2,X14,64.177,0.0
Decision_2,X14,64.278,0.0
Decision_2,X14,64.38,0.0
Decision_2,X14,64.482,0.0
Decision_2,X14,64.584,0.0
Decision_2,X14,64.686,0.0
Decision_2,X14,64.788,0.0
Decision_2,X14,64.89,0.0
Decision_2,X14,64.992,0.0
Decision_2,X14,65.093,0.0
Decision_2,X14,65.195,0.0
Decision_2,X14,65.297,0.0
Decision_2,X14,65.399,0.0
Decision_2,X14,65.501,0.0
Decision_2,X14,65.603,0.0
Decision_2,X14,65.705,0.0
Decision_2,X14,65.806,0.0
Decision_2,X14,65.908,0.0
Decision_2,X14,66.01,0.0
Decision_2,X14,66.112,0.0
Decision_2,X14,66.214,0.0
Decision_2,X14,66.316,0.0
Decision_2,X14,66.418,0.0
Decision_2,X14,66.52,0.0
Decision_2,X14,66.621,0.0
Decision_2,X14,66.723,0.0
Decision_2,X14,66.825,0.0
Decision_2,X14,66.927,0.0
Decision_2,X14,67.029,0.0
Decision_2,X14,67.131,0.0
Decision_2,X14,67.233,0.0
Decision_2,X14,67.334,0.0
Decision_2,X14,67.436,0.0
Decision_2,X14,67.538,0.0
Decision_2,X14,67.64,0.0
Decision_2,X14,67.742,0.0
Decision_2,X14,67.844,0.0
Decision_2,X14,67.946,0.0
Decision_2,X14,68.048,0.0
Decision_2,X14,68.149,0.0
Decision_2,X14,68.251,0.0
Decision_2,X14,68.353,0.0
Decision_2,X14,68.455,0.0
Decision_2,X14,68.557,0.0
Decision_2,X14,68.659,0.0
Decision_2,X14,68.761,0.0
Decision_2,X14,68.862,0.0
Decision_2,X14,68.964,0.0
Decision_2,X14,69.066,0.0
Decision_2,X14,69.168,0.0
Decision_2,X14,69.27,0.0
Decision_2,X14,69.372,0.0
Decision_2,X14,69.474,0.0
Decision_2,X14,69.576,0.0
Decision_2,X14,69.677,0.0
Decision_2,X14,69.779,0.0
Decision_2,X14,69.881,0.0
Decision_2,X14,69.983,0.0
Decision_2,X14,70.085,0.0
Decision_2,X14,70.187,0.0
Decision_2,X14,70.289,0.0
Decision_2,X14,70.39,0.0
Decision_2,X14,70.492,0.0
Decision_2,X14,70.594,0.0
Decision_2,X14,70.696,0.0
Decision_2,X14,70.798,0.0
Decision_2,X14,70.9,0.0
Decision_2,X14,71.002,0.0
Decision_2,X14,71.104,0.0
Decision_2,X14,71.205,0.0
Decision_2,X14,71.307,0.0
Decision_2,X14,71.409,0.0
Decision_2,X14,71.511,0.0
Decision_2,X14,71.613,0.0
Decision_2,X14,71.715,0.0
Decision_2,X14,71.817,0.0
Decision_2,X14,71.919,0.0
Decision_2,X14,72.02,0.0
Decision_2,X14,72.122,0.0
Decision_2,X14,72.224,0.0
Decision_2,X14,72.326,0.0
Decision_2,X14,72.428,0.0
Decision_2,X14,72.53,0.0
Decision_2,X14,72.632,0.0
Decision_2,X14,72.733,0.0
Decision_2,X14,72.835,0.0
Decision_2,X14,72.937,0.0
Decision_2,X14,73.039,0.0
Decision_2,X14,73.141,0.0
Decision_2,X14,73.243,0.0
Decision_2,X14,73.345,0.0
Decision_2,X14,73.447,0.0
Decision_2,X14,73.548,0.0
Decision_2,X14,73.65,0.0
Decision_2,X14,73.752,0.0
Decision_2,X14,73.854,0.0
Decision_2,X14,73.956,0.0
Decision_2,X14,74.058,0.0
Decision_2,X14,74.16,0.0
Decision_2,X14,74.261,0.0549
Decision_2,X14,74.363,1.0
Decision_2,X15,0.0,1.0
Decision_2,X15,0.102,0.0549
Decision_2,X15,0.204,0.0
Decision_2,X15,0.306,0.0
Decision_2,X15,0.407,0.0
Decision_2,X15,0.509,0.0
Decision_2,X15,0.611,0.0
Decision_2,X15,0.713,0.0
Decision_2,X15,0.815,0.0
Decision_2,X15,0.917,0.0
Decision_2,X15,1.019,0.0
Decision_2,X15,1.121,0.0
Decision_2,X15,1.222,0.0
Decision_2,X15,1.324,0.0
Decision_2,X15,1.426,0.0
Decision_2,X15,1.528,0.0
Decision_2,X15,1.63,0.0
Decision_2,X15,1.732,0.0
Decision_2,X15,1.834,0.0
Decision_2,X15,1.935,0.0
Decision_2,X15,2.037,0.0
Decision_2,X15,2.139,0.0
Decision_2,X15,2.241,0.0
Decision_2,X15,2.343,0.0
Decision_2,X15,2.445,0.0
Decision_2,X15,2.547,0.0
Decision_2,X15,2.649,0.0
Decision_2,X15,2.75,0.0
Decision_2,X15,2.852,0.0
Decision_2,X15,2.954,0.0
Decision_2,X15,3.056,0.0
Decision_2,X15,3.158,0.0
Decision_2,X15,3.26,0.0
Decision_2,X15,3.362,0.0
Decision_2,X15,3.463,0.0
Decision_2,X15,3.565,0.0
Decision_2,X15,3.667,0.0
Decision_2,X15,3.769,0.0
Decision_2,X15,3.871,0.0
Decision_2,X15,3.973,0.0
Decision_2,X15,4.075,0.0
Decision_2,X15,4.177,0.0
Decision_2,X15,4.278,0.0
Decision_2,X15,4.38,0.0
Decision_2,X15,4.482,0.0
Decision_2,X15,4.584,0.0
Decision_2,X15,4.686,0.0
Decision_2,X15,4.788,0.0
Decision_2,X15,4.89,0.0
Decision_2,X15,4.992,0.0
Decision_2,X15,5.093,0.0
Decision_2,X15,5.195,0.0
Decision_2,X15,5.297,0.0
Decision_2,X15,5.399,0.0
Decision_2,X15,5.501,0.0
Decision_2,X15,5.603,0.0
Decision_2,X15,5.705,0.0
Decision_2,X15,5.806,0.0
Decision_2,X15,5.908,0.0
Decision_2,X15,6.01,0.0
Decision_2,X15,6.112,0.0
Decision_2,X15,6.214,0.0
Decision_2,X15,6.316,0.0
Decision_2,X15,6.418,0.0
Decision_2,X15,6.52,0.0
Decision_2,X15,6.621,0.0
Decision_2,X15,6.723,0.0
Decision_2,X15,6.825,0.0
Decision_2,X15,6.927,0.0
Decision_2,X15,7.029,0.0
Decision_2,X15,7.131,0.0
Decision_2,X15,7.233,0.0
Decision_2,X15,7.334,0.0
Decision_2,X15,7.436,0.0
Decision_2,X15,7.538,0.0
Decision_2,X15,7.64,0.0
Decision_2,X15,7.742,0.0
Decision_2,X15,7.844,0.0
Decision_2,X15,7.946,0.0
Decision_2,X15,8.048,0.0
Decision_2,X15,8.149,0.0
Decision_2,X15,8.251,0.0
Decision_2,X15,8.353,0.0
Decision_2,X15,8.455,0.0
Decision_2,X15,8.557,0.0
Decision_2,X15,8.659,0.0
Decision_2,X15,8.761,0.0
Decision_2,X15,8.862,0.0
Decision_2,X15,8.964,0.0
Decision_2,X15,9.066,0.0
Decision_2,X15,9.168,0.0
Decision_2,X15,9.27,0.0
Decision_2,X15,9.372,0.0
Decision_2,X15,9.474,0.0
Decision_2,X15,9.576,0.0
Decision_2,X15,9.677,0.0
Decision_2,X15,9.779,0.0
Decision_2,X15,9.881,0.0
Decision_2,X15,9.983,0.0
Decision_2,X15,10.085,0.0
Decision_2,X15,10.187,0.0
Decision_2,X15,10.289,0.0
Decision_2,X15,10.39,0.0
Decision_2,X15,10.492,0.0
Decision_2,X15,10.594,0.0
Decision_2,X15,10.696,0.0
Decision_2,X15,10.798,0.0
Decision_2,X15,10.9,0.0
Decision_2,X15,11.002,0.0
Decision_2,X15,11.104,0.0
Decision_2,X15,11.205,0.0
Decision_2,X15,11.307,0.0
Decision_2,X15,11.409,0.0
Decision_2,X15,11.511,0.0
Decision_2,X15,11.613,0.0
Decision_2,X15,11.715,0.0
Decision_2,X15,11.817,0.0
Decision_2,X15,11.919,0.0
Decision_2,X15,12.02,0.0
Decision_2,X15,12.122,0.0
Decision_2,X15,12.224,0.0
Decision_2,X15,12.326,0.0
Decision_2,X15,12.428,0.0
Decision_2,X15,12.53,0.0
Decision_2,X15,12.632,0.0
Decision_2,X15,12.733,0.0
Decision_2,X15,12.835,0.0
Decision_2,X15,12.937,0.0
Decision_2,X15,13.039,0.0
Decision_2,X15,13.141,0.0
Decision_2,X15,13.243,0.0
Decision_2,X15,13.345,0.0
Decision_2,X15,13.447,0.0
Decision_2,X15,13.548,0.0
Decision_2,X15,13.65,0.0
Decision_2,X15,13.752,0.0
Decision_2,X15,13.854,0.0
Decision_2,X15,13.956,0.0
Decision_2,X15,14.058,0.0
Decision_2,X15,14.16,0.0
Decision_2,X15,14.261,0.0
Decision_2,X15,14.363,0.0
Decision_2,X15,14.465,0.0
Decision_2,X15,14.567,0.0
Decision_2,X15,14.669,0.0
Decision_2,X15,14.771,0.0
Decision_2,X15,14.873,0.0
Decision_2,X15,14.975,0.0
Decision_2,X15,15.076,0.0
Decision_2,X15,15.178,0.0
Decision_2,X15,15.28,0.0
Decision_2,X15,15.382,0.0
Decision_2,X15,15.484,0.0
Decision_2,X15,15.586,0.0
Decision_2,X15,15.688,0.0
Decision_2,X15,15.789,0.0
Decision_2,X15,15.891,0.0
Decision_2,X15,15.993,0.0
Decision_2,X15,16.095,0.0
Decision_2,X15,16.197,0.0
Decision_2,X15,16.299,0.0
Decision_2,X15,16.401,0.0
Decision_2,X15,16.503,0.0
Decision_2,X15,16.604,0.0
Decision_2,X15,16.706,0.0
Decision_2,X15,16.808,0.0
Decision_2,X15,16.91,0.0
Decision_2,X15,17.012,0.0
Decision_2,X15,17.114,0.0
Decision_2,X15,17.216,0.0
Decision_2,X15,17.317,0.0
Decision_2,X15,17.419,0.0
Decision_2,X15,17.521,0.0
Decision_2,X15,17.623,0.0
Decision_2,X15,17.725,0.0
Decision_2,X15,17.827,0.0
Decision_2,X15,17.929,0.0
Decision_2,X15,18.031,0.0
Decision_2,X15,18.132,0.0
Decision_2,X15,18.234,0.0
Decision_2,X15,18.336,0.0
Decision_2,X15,18.438,0.0
Decision_2,X15,18.54,0.0
Decision_2,X15,18.642,0.0
Decision_2,X15,18.744,0.0
Decision_2,X15,18.846,0.0
Decision_2,X15,18.947,0.0
Decision_2,X15,19.049,0.0
Decision_2,X15,19.151,0.0
Decision_2,X15,19.253,0.0
Decision_2,X15,19.355,0.0
Decision_2,X15,19.457,0.0
Decision_2,X15,19.559,0.0
Decision_2,X15,19.66,0.0
Decision_2,X15,19.762,0.0
Decision_2,X15,19.864,0.0
Decision_2,X15,19.966,0.0
Decision_2,X15,20.068,0.0
Decision_2,X15,20.17,0.0
Decision_2,X15,20.272,0.0
Decision_2,X15,20.374,0.0
Decision_2,X15,20.475,0.0
Decision_2,X15,20.577,0.0
Decision_2,X15,20.679,0.0
Decision_2,X15,20.781,0.0
Decision_2,X15,20.883,0.0
Decision_2,X15,20.985,0.0
Decision_2,X15,21.087,0.0
Decision_2,X15,21.188,0.0
Decision_2,X15,21.29,0.0
Decision_2,X15,21.392,0.0
Decision_2,X15,21.494,0.0
Decision_2,X15,21.596,0.0
Decision_2,X15,21.698,0.0
Decision_2,X15,21.8,0.0
Decision_2,X15,21.902,0.0
Decision_2,X15,22.003,0.0
Decision_2,X15,22.105,0.0
Decision_2,X15,22.207,0.0
Decision_2,X15,22.309,0.0
Decision_2,X15,22.411,0.0
Decision_2,X15,22.513,0.0
Decision_2,X15,22.615,0.0
Decision_2,X15,22.716,0.0
Decision_2,X15,22.818,0.0
Decision_2,X15,22.92,0.0
Decision_2,X15,23.022,0.0
Decision_2,X15,23.124,0.0
Decision_2,X15,23.226,0.0
Decision_2,X15,23.328,0.0
Decision_2,X15,23.43,0.0
Decision_2,X15,23.531,0.0
Decision_2,X15,23.633,0.0
Decision_2,X15,23.735,0.0
Decision_2,X15,23.837,0.0
Decision_2,X15,23.939,0.0
Decision_2,X15,24.041,0.0
Decision_2,X15,24.143,0.0
Decision_2,X15,24.244,0.0
Decision_2,X15,24.346,0.0
Decision_2,X15,24.448,0.0
Decision_2,X15,24.55,0.0
Decision_2,X15,24.652,0.0
Decision_2,X15,24.754,0.0
Decision_2,X15,24.856,0.0
Decision_2,X15,24.958,0.0
Decision_2,X15,25.059,0.0
Decision_2,X15,25.161,0.0
Decision_2,X15,25.263,0.0
Decision_2,X15,25.365,0.0
Decision_2,X15,25.467,0.0
Decision_2,X15,25.569,0.0
Decision_2,X15,25.671,0.0
Decision_2,X15,25.772,0.0
Decision_2,X15,25.874,0.0
Decision_2,X15,25.976,0.0
Decision_2,X15,26.078,0.0
Decision_2,X15,26.18,0.0
Decision_2,X15,26.282,0.0
Decision_2,X15,26.384,0.0
Decision_2,X15,26.486,0.0
Decision_2,X15,26.587,0.0
Decision_2,X15,26.689,0.0
Decision_2,X15,26.791,0.0
Decision_2,X15,26.893,0.0
Decision_2,X15,26.995,0.0
Decision_2,X15,27.097,0.0
Decision_2,X15,27.199,0.0
Decision_2,X15,27.301,0.0
Decision_2,X15,27.402,0.0
Decision_2,X15,27.504,0.0
Decision_2,X15,27.606,0.0
Decision_2,X15,27.708,0.0
Decision_2,X15,27.81,0.0
Decision_2,X15,27.912,0.0
Decision_2,X15,28.014,0.0
Decision_2,X15,28.115,0.0
Decision_2,X15,28.217,0.0
Decision_2,X15,28.319,0.0
Decision_2,X15,28.421,0.0
Decision_2,X15,28.523,0.0
Decision_2,X15,28.625,0.0
Decision_2,X15,28.727,0.0
Decision_2,X15,28.829,0.0
Decision_2,X15,28.93,0.0
Decision_2,X15,29.032,0.0
Decision_2,X15,29.134,0.0
Decision_2,X15,29.236,0.0
Decision_2,X15,29.338,0.0
Decision_2,X15,29.44,0.0
Decision_2,X15,29.542,0.0
Decision_2,X15,29.643,0.0
Decision_2,X15,29.745,0.0
Decision_2,X15,29.847,0.0
Decision_2,X15,29.949,0.0
Decision_2,X15,30.051,0.0
Decision_2,X15,30.153,0.0
Decision_2,X15,30.255,0.0
Decision_2,X15,30.357,0.0
Decision_2,X15,30.458,0.0
Decision_2,X15,30.56,0.0
Decision_2,X15,30.662,0.0
Decision_2,X15,30.764,0.0
Decision_2,X15,30.866,0.0
Decision_2,X15,30.968,0.0
Decision_2,X15,31.07,0.0
Decision_2,X15,31.171,0.0
Decision_2,X15,31.273,0.0
Decision_2,X15,31.375,0.0
Decision_2,X15,31.477,0.0
Decision_2,X15,31.579,0.0
Decision_2,X15,31.681,0.0
Decision_2,X15,31.783,0.0
Decision_2,X15,31.885,0.0
Decision_2,X15,31.986,0.0
Decision_2,X15,32.088,0.0
Decision_2,X15,32.19,0.0
Decision_2,X15,32.292,0.0
Decision_2,X15,32.394,0.0
Decision_2,X15,32.496,0.0
Decision_2,X15,32.598,0.0
Decision_2,X15,32.699,0.0
Decision_2,X15,32.801,0.0
Decision_2,X15,32.903,0.0
Decision_2,X15,33.005,0.0
Decision_2,X15,33.107,0.0
Decision_2,X15,33.209,0.0
Decision_2,X15,33.311,0.0
Decision_2,X15,33.413,0.0
Decision_2,X15,33.514,0.0
Decision_2,X15,33.616,0.0
Decision_2,X15,33.718,0.0
Decision_2,X15,33.82,0.0
Decision_2,X15,33.922,0.0
Decision_2,X15,34.024,0.0
Decision_2,X15,34.126,0.0
Decision_2,X15,34.228,0.0
Decision_2,X15,34.329,0.0
Decision_2,X15,34.431,0.0
Decision_2,X15,34.533,0.0
Decision_2,X15,34.635,0.0
Decision_2,X15,34.737,0.0
Decision_2,X15,34.839,0.0
Decision_2,X15,34.941,0.0
Decision_2,X15,35.042,0.0
Decision_2,X15,35.144,0.0
Decision_2,X15,35.246,0.0
Decision_2,X15,35.348,0.0
Decision_2,X15,35.45,0.0
Decision_2,X15,35.552,0.0
Decision_2,X15,35.654,0.0
Decision_2,X15,35.756,0.0
Decision_2,X15,35.857,0.0
Decision_2,X15,35.959,0.0
Decision_2,X15,36.061,0.0
Decision_2,X15,36.163,0.0
Decision_2,X15,36.265,0.0
Decision_2,X15,36.367,0.0
Decision_2,X15,36.469,0.0
Decision_2,X15,36.57,0.0
Decision_2,X15,36.672,0.0
Decision_2,X15,36.774,0.0
Decision_2,X15,36.876,0.0
Decision_2,X15,36.978,0.0
Decision_2,X15,37.08,0.0
Decision_2,X15,37.182,0.0
Decision_2,X15,37.284,0.0
Decision_2,X15,37.385,0.0
Decision_2,X15,37.487,0.0
Decision_2,X15,37.589,0.0
Decision_2,X15,37.691,0.0
Decision_2,X15,37.793,0.0
Decision_2,X15,37.895,0.0
Decision_2,X15,37.997,0.0
Decision_2,X15,38.098,0.0
Decision_2,X15,38.2,0.0
Decision_2,X15,38.302,0.0
Decision_2,X15,38.404,0.0
Decision_2,X15,38.506,0.0
Decision_2,X15,38.608,0.0
Decision_2,X15,38.71,0.0
Decision_2,X15,38.812,0.0
Decision_2,X15,38.913,0.0
Decision_2,X15,39.015,0.0
Decision_2,X15,39.117,0.0
Decision_2,X15,39.219,0.0
Decision_2,X15,39.321,0.0
Decision_2,X15,39.423,0.0
Decision_2,X15,39.525,0.0
Decision_2,X15,39.626,0.0
Decision_2,X15,39.728,0.0
Decision_2,X15,39.83,0.0
Decision_2,X15,39.932,0.0
Decision_2,X15,40.034,0.0
Decision_2,X15,40.136,0.0
Decision_2,X15,40.238,0.0
Decision_2,X15,40.34,0.0
Decision_2,X15,40.441,0.0
Decision_2,X15,40.543,0.0
Decision_2,X15,40.645,0.0
Decision_2,X15,40.747,0.0
Decision_2,X15,40.849,0.0
Decision_2,X15,40.951,0.0
Decision_2,X15,41.053,0.0
Decision_2,X15,41.154,0.0
Decision_2,X15,41.256,0.0
Decision_2,X15,41.358,0.0
Decision_2,X15,41.46,0.0
Decision_2,X15,41.562,0.0
Decision_2,X15,41.664,0.0
Decision_2,X15,41.766,0.0
Decision_2,X15,41.868,0.0
Decision_2,X15,41.969,0.0
Decision_2,X15,42.071,0.0
Decision_2,X15,42.173,0.0
Decision_2,X15,42.275,0.0
Decision_2,X15,42.377,0.0
Decision_2,X15,42.479,0.0
Decision_2,X15,42.581,0.0
Decision_2,X15,42.683,0.0
Decision_2,X15,42.784,0.0
Decision_2,X15,42.886,0.0
Decision_2,X15,42.988,0.0
Decision_2,X15,43.09,0.0
Decision_2,X15,43.192,0.0
Decision_2,X15,43.294,0.0
Decision_2,X15,43.396,0.0
Decision_2,X15,43.497,0.0
Decision_2,X15,43.599,0.0
Decision_2,X15,43.701,0.0
Decision_2,X15,43.803,0.0
Decision_2,X15,43.905,0.0
Decision_2,X15,44.007,0.0
Decision_2,X15,44.109,0.0
Decision_2,X15,44.211,0.0
Decision_2,X15,44.312,0.0
Decision_2,X15,44.414,0.0
Decision_2,X15,44.516,0.0
Decision_2,X15,44.618,0.0
Decision_2,X15,44.72,0.0
Decision_2,X15,44.822,0.0
Decision_2,X15,44.924,0.0
Decision_2,X15,45.025,0.0
Decision_2,X15,45.127,0.0
Decision_2,X15,45.229,0.0
Decision_2,X15,45.331,0.0
Decision_2,X15,45.433,0.0
Decision_2,X15,45.535,0.0
Decision_2,X15,45.637,0.0
Decision_2,X15,45.739,0.0
Decision_2,X15,45.84,0.0
Decision_2,X15,45.942,0.0
Decision_2,X15,46.044,0.0
Decision_2,X15,46.146,0.0
Decision_2,X15,46.248,0.0
Decision_2,X15,46.35,0.0
Decision_2,X15,46.452,0.0
Decision_2,X15,46.553,0.0
Decision_2,X15,46.655,0.0
Decision_2,X15,46.757,0.0
Decision_2,X15,46.859,0.0
Decision_2,X15,46.961,0.0
Decision_2,X15,47.063,0.0
Decision_2,X15,47.165,0.0
Decision_2,X15,47.267,0.0
Decision_2,X15,47.368,0.0
Decision_2,X15,47.47,0.0
Decision_2,X15,47.572,0.0
Decision_2,X15,47.674,0.0
Decision_2,X15,47.776,0.0
Decision_2,X15,47.878,0.0
Decision_2,X15,47.98,0.0
Decision_2,X15,48.081,0.0
Decision_2,X15,48.183,0.0
Decision_2,X15,48.285,0.0
Decision_2,X15,48.387,0.0
Decision_2,X15,48.489,0.0
Decision_2,X15,48.591,0.0
Decision_2,X15,48.693,0.0
Decision_2,X15,48.795,0.0
Decision_2,X15,48.896,0.0
Decision_2,X15,48.998,0.0
Decision_2,X15,49.1,0.0
Decision_2,X15,49.202,0.0
Decision_2,X15,49.304,0.0
Decision_2,X15,49.406,0.0
Decision_2,X15,49.508,0.0
Decision_2,X15,49.61,0.0
Decision_2,X15,49.711,0.0
Decision_2,X15,49.813,0.0
Decision_2,X15,49.915,0.0
Decision_2,X15,50.017,0.0
Decision_2,X15,50.119,0.0
Decision_2,X15,50.221,0.0
Decision_2,X15,50.323,0.0
Decision_2,X15,50.424,0.0
Decision_2,X15,50.526,0.0
Decision_2,X15,50.628,0.0
Decision_2,X15,50.73,0.0
Decision_2,X15,50.832,0.0
Decision_2,X15,50.934,0.0
Decision_2,X15,51.036,0.0
Decision_2,X15,51.138,0.0
Decision_2,X15,51.239,0.0
Decision_2,X15,51.341,0.0
Decision_2,X15,51.443,0.0
Decision_2,X15,51.545,0.0
Decision_2,X15,51.647,0.0
Decision_2,X15,51.749,0.0
Decision_2,X15,51.851,0.0
Decision_2,X15,51.952,0.0
Decision_2,X15,52.054,0.0
Decision_2,X15,52.156,0.0
Decision_2,X15,52.258,0.0
Decision_2,X15,52.36,0.0
Decision_2,X15,52.462,0.0
Decision_2,X15,52.564,0.0
Decision_2,X15,52.666,0.0
Decision_2,X15,52.767,0.0
Decision_2,X15,52.869,0.0
Decision_2,X15,52.971,0.0
Decision_2,X15,53.073,0.0
Decision_2,X15,53.175,0.0
Decision_2,X15,53.277,0.0
Decision_2,X15,53.379,0.0
Decision_2,X15,53.48,0.0
Decision_2,X15,53.582,0.0
Decision_2,X15,53.684,0.0
Decision_2,X15,53.786,0.0
Decision_2,X15,53.888,0.0
Decision_2,X15,53.99,0.0
Decision_2,X15,54.092,0.0
Decision_2,X15,54.194,0.0
Decision_2,X15,54.295,0.0
Decision_2,X15,54.397,0.0
Decision_2,X15,54.499,0.0
Decision_2,X15,54.601,0.0
Decision_2,X15,54.703,0.0
Decision_2,X15,54.805,0.0
Decision_2,X15,54.907,0.0
Decision_2,X15,55.008,0.0
Decision_2,X15,55.11,0.0
Decision_2,X15,55.212,0.0
Decision_2,X15,55.314,0.0
Decision_2,X15,55.416,0.0
Decision_2,X15,55.518,0.0
Decision_2,X15,55.62,0.0
Decision_2,X15,55.722,0.0
Decision_2,X15,55.823,0.0
Decision_2,X15,55.925,0.0
Decision_2,X15,56.027,0.0
Decision_2,X15,56.129,0.0
Decision_2,X15,56.231,0.0
Decision_2,X15,56.333,0.0
Decision_2,X15,56.435,0.0
Decision_2,X15,56.537,0.0
Decision_2,X15,56.638,0.0
Decision_2,X15,56.74,0.0
Decision_2,X15,56.842,0.0
Decision_2,X15,56.944,0.0
Decision_2,X15,57.046,0.0
Decision_2,X15,57.148,0.0
Decision_2,X15,57.25,0.0
Decision_2,X15,57.351,0.0
Decision_2,X15,57.453,0.0
Decision_2,X15,57.555,0.0
Decision_2,X15,57.657,0.0
Decision_2,X15,57.759,0.0
Decision_2,X15,57.861,0.0
Decision_2,X15,57.963,0.0
Decision_2,X15,58.065,0.0
Decision_2,X15,58.166,0.0
Decision_2,X15,58.268,0.0
Decision_2,X15,58.37,0.0
Decision_2,X15,58.472,0.0
Decision_2,X15,58.574,0.0
Decision_2,X15,58.676,0.0
Decision_2,X15,58.778,0.0
Decision_2,X15,58.879,0.0
Decision_2,X15,58.981,0.0
Decision_2,X15,59.083,0.0
Decision_2,X15,59.185,0.0
Decision_2,X15,59.287,0.0
Decision_2,X15,59.389,0.0
Decision_2,X15,59.491,0.0
Decision_2,X15,59.593,0.0
Decision_2,X15,59.694,0.0
Decision_2,X15,59.796,0.0
Decision_2,X15,59.898,0.0
Decision_2,X15,60.0,0.0
Decision_2,X15,60.102,0.0
Decision_2,X15,60.204,0.0
Decision_2,X15,60.306,0.0
Decision_2,X15,60.407,0.0
Decision_2,X15,60.509,0.0
Decision_2,X15,60.611,0.0
Decision_2,X15,60.713,0.0
Decision_2,X15,60.815,0.0
Decision_2,X15,60.917,0.0
Decision_2,X15,61.019,0.0
Decision_2,X15,61.121,0.0
Decision_2,X15,61.222,0.0
Decision_2,X15,61.324,0.0
Decision_2,X15,61.426,0.0
Decision_2,X15,61.528,0.0
Decision_2,X15,61.63,0.0
Decision_2,X15,61.732,0.0
Decision_2,X15,61.834,0.0
Decision_2,X15,61.935,0.0
Decision_2,X15,62.037,0.0
Decision_2,X15,62.139,0.0
Decision_2,X15,62.241,0.0
Decision_2,X15,62.343,0.0
Decision_2,X15,62.445,0.0
Decision_2,X15,62.547,0.0
Decision_2,X15,62.649,0.0
Decision_2,X15,62.75,0.0
Decision_2,X15,62.852,0.0
Decision_2,X15,62.954,0.0
Decision_2,X15,63.056,0.0
Decision_2,X15,63.158,0.0
Decision_2,X15,63.26,0.0
Decision_2,X15,63.362,0.0
Decision_2,X15,63.463,0.0
Decision_2,X15,63.565,0.0
Decision_2,X15,63.667,0.0
Decision_2,X15,63.769,0.0
Decision_2,X15,63.871,0.0
Decision_2,X15,63.973,0.0
Decision_2,X15,64.075,0.0
Decision_2,X15,64.177,0.0
Decision_2,X15,64.278,0.0
Decision_2,X15,64.38,0.0
Decision_2,X15,64.482,0.0
Decision_2,X15,64.584,0.0
Decision_2,X15,64.686,0.0
Decision_2,X15,64.788,0.0
Decision_2,X15,64.89,0.0
Decision_2,X15,64.992,0.0
Decision_2,X15,65.093,0.0
Decision_2,X15,65.195,0.0
Decision_2,X15,65.297,0.0
Decision_2,X15,65.399,0.0
Decision_2,X15,65.501,0.0
Decision_2,X15,65.603,0.0
Decision_2,X15,65.705,0.0
Decision_2,X15,65.806,0.0
Decision_2,X15,65.908,0.0
Decision_2,X15,66.01,0.0
Decision_2,X15,66.112,0.0
Decision_2,X15,66.214,0.0
Decision_2,X15,66.316,0.0
Decision_2,X15,66.418,0.0
Decision_2,X15,66.52,0.0
Decision_2,X15,66.621,0.0
Decision_2,X15,66.723,0.0
Decision_2,X15,66.825,0.0
Decision_2,X15,66.927,0.0
Decision_2,X15,67.029,0.0
Decision_2,X15,67.131,0.0
Decision_2,X15,67.233,0.0
Decision_2,X15,67.334,0.0
Decision_2,X15,67.436,0.0
Decision_2,X15,67.538,0.0
Decision_2,X15,67.64,0.0
Decision_2,X15,67.742,0.0
Decision_2,X15,67.844,0.0
Decision_2,X15,67.946,0.0
Decision_2,X15,68.048,0.0
Decision_2,X15,68.149,0.0
Decision_2,X15,68.251,0.0
Decision_2,X15,68.353,0.0
Decision_2,X15,68.455,0.0
Decision_2,X15,68.557,0.0
Decision_2,X15,68.659,0.0
Decision_2,X15,68.761,0.0
Decision_2,X15,68.862,0.0
Decision_2,X15,68.964,0.0
Decision_2,X15,69.066,0.0
Decision_2,X15,69.168,0.0
Decision_2,X15,69.27,0.0
Decision_2,X15,69.372,0.0
Decision_2,X15,69.474,0.0
Decision_2,X15,69.576,0.0
Decision_2,X15,69.677,0.0
Decision_2,X15,69.779,0.0
Decision_2,X15,69.881,0.0
Decision_2,X15,69.983,0.0
Decision_2,X15,70.085,0.0
Decision_2,X15,70.187,0.0
Decision_2,X15,70.289,0.0
Decision_2,X15,70.39,0.0
Decision_2,X15,70.492,0.0
Decision_2,X15,70.594,0.0
Decision_2,X15,70.696,0.0
Decision_2,X15,70.798,0.0
Decision_2,X15,70.9,0.0
Decision_2,X15,71.002,0.0
Decision_2,X15,71.104,0.0
Decision_2,X15,71.205,0.0
Decision_2,X15,71.307,0.0
Decision_2,X15,71.409,0.0
Decision_2,X15,71.511,0.0
Decision_2,X15,71.613,0.0
Decision_2,X15,71.715,0.0
Decision_2,X15,71.817,0.0
Decision_2,X15,71.919,0.0
Decision_2,X15,72.02,0.0
Decision_2,X15,72.122,0.0
Decision_2,X15,72.224,0.0
Decision_2,X15,72.326,0.0
Decision_2,X15,72.428,0.0
Decision_2,X15,72.53,0.0
Decision_2,X15,72.632,0.0
Decision_2,X15,72.733,0.0
Decision_2,X15,72.835,0.0
Decision_2,X15,72.937,0.0
Decision_2,X15,73.039,0.0
Decision_2,X15,73.141,0.0
Decision_2,X15,73.243,0.0
Decision_2,X15,73.345,0.0
Decision_2,X15,73.447,0.0
Decision_2,X15,73.548,0.0
Decision_2,X15,73.65,0.0
Decision_2,X15,73.752,0.0
Decision_2,X15,73.854,0.0
Decision_2,X15,73.956,0.0
Decision_2,X15,74.058,0.0
Decision_2,X15,74.16,0.0
Decision_2,X15,74.261,0.0549
Decision_2,X15,74.363,1.0
Decision_2,X16,0.0,1.0
Decision_2,X16,0.102,1.0
Decision_2,X16,0.204,0.9961
Decision_2,X16,0.306,0.9961
Decision_2,X16,0.407,0.9961
Decision_2,X16,0.509,1.0
Decision_2,X16,0.611,1.0
Decision_2,X16,0.713,1.0
Decision_2,X16,0.815,1.0
Decision_2,X16,0.917,1.0
Decision_2,X16,1.019,1.0
Decision_2,X16,1.121,1.0
Decision_2,X16,1.222,1.0
Decision_2,X16,1.324,1.0
Decision_2,X16,1.426,1.0
Decision_2,X16,1.528,1.0
Decision_2,X16,1.63,1.0
Decision_2,X16,1.732,1.0
Decision_2,X16,1.834,1.0
Decision_2,X16,1.935,1.0
Decision_2,X16,2.037,1.0
Decision_2,X16,2.139,1.0
Decision_2,X16,2.241,1.0
Decision_2,X16,2.343,1.0
Decision_2,X16,2.445,1.0
Decision_2,X16,2.547,1.0
Decision_2,X16,2.649,1.0
Decision_2,X16,2.75,1.0
Decision_2,X16,2.852,1.0
Decision_2,X16,2.954,1.0
Decision_2,X16,3.056,1.0
Decision_2,X16,3.158,1.0
Decision_2,X16,3.26,1.0
Decision_2,X16,3.362,1.0
Decision_2,X16,3.463,1.0
Decision_2,X16,3.565,1.0
Decision_2,X16,3.667,1.0
Decision_2,X16,3.769,1.0
Decision_2,X16,3.871,1.0
Decision_2,X16,3.973,1.0
Decision_2,X16,4.075,1.0
Decision_2,X16,4.177,1.0
Decision_2,X16,4.278,1.0
Decision_2,X16,4.38,1.0
Decision_2,X16,4.482,1.0
Decision_2,X16,4.584,1.0
Decision_2,X16,4.686,1.0
Decision_2,X16,4.788,1.0
Decision_2,X16,4.89,1.0
Decision_2,X16,4.992,1.0
Decision_2,X16,5.093,1.0
Decision_2,X16,5.195,1.0
Decision_2,X16,5.297,1.0
Decision_2,X16,5.399,1.0
Decision_2,X16,5.501,1.0
Decision_2,X16,5.603,1.0
Decision_2,X16,5.705,1.0
Decision_2,X16,5.806,1.0
Decision_2,X16,5.908,1.0
Decision_2,X16,6.01,1.0
Decision_2,X16,6.112,1.0
Decision_2,X16,6.214,1.0
Decision_2,X16,6.316,1.0
Decision_2,X16,6.418,1.0
Decision_2,X16,6.52,1.0
Decision_2,X16,6.621,1.0
Decision_2,X16,6.723,1.0
Decision_2,X16,6.825,1.0
Decision_2,X16,6.927,1.0
Decision_2,X16,7.029,1.0
Decision_2,X16,7.131,1.0
Decision_2,X16,7.233,1.0
Decision_2,X16,7.334,1.0
Decision_2,X16,7.436,1.0
Decision_2,X16,7.538,1.0
Decision_2,X16,7.64,1.0
Decision_2,X16,7.742,1.0
Decision_2,X16,7.844,1.0
Decision_2,X16,7.946,1.0
Decision_2,X16,8.048,1.0
Decision_2,X16,8.149,1.0
Decision_2,X16,8.251,1.0
Decision_2,X16,8.353,1.0
Decision_2,X16,8.455,1.0
Decision_2,X16,8.557,1.0
Decision_2,X16,8.659,1.0
Decision_2,X16,8.761,1.0
Decision_2,X16,8.862,1.0
Decision_2,X16,8.964,1.0
Decision_2,X16,9.066,1.0
Decision_2,X16,9.168,1.0
Decision_2,X16,9.27,1.0
Decision_2,X16,9.372,1.0
Decision_2,X16,9.474,1.0
Decision_2,X16,9.576,1.0
Decision_2,X16,9.677,1.0
Decision_2,X16,9.779,1.0
Decision_2,X16,9.881,1.0
Decision_2,X16,9.983,1.0
Decision_2,X16,10.085,1.0
Decision_2,X16,10.187,1.0
Decision_2,X16,10.289,1.0
Decision_2,X16,10.39,1.0
Decision_2,X16,10.492,1.0
Decision_2,X16,10.594,1.0
Decision_2,X16,10.696,1.0
Decision_2,X16,10.798,1.0
Decision_2,X16,10.9,1.0
Decision_2,X16,11.002,1.0
Decision_2,X16,11.104,1.0
Decision_2,X16,11.205,1.0
Decision_2,X16,11.307,1.0
Decision_2,X16,11.409,1.0
Decision_2,X16,11.511,1.0
Decision_2,X16,11.613,1.0
Decision_2,X16,11.715,1.0
Decision_2,X16,11.817,1.0
Decision_2,X16,11.919,1.0
Decision_2,X16,12.02,1.0
Decision_2,X16,12.122,1.0
Decision_2,X16,12.224,1.0
Decision_2,X16,12.326,1.0
Decision_2,X16,12.428,1.0
Decision_2,X16,12.53,1.0
Decision_2,X16,12.632,1.0
Decision_2,X16,12.733,1.0
Decision_2,X16,12.835,1.0
Decision_2,X16,12.937,1.0
Decision_2,X16,13.039,1.0
Decision_2,X16,13.141,1.0
Decision_2,X16,13.243,1.0
Decision_2,X16,13.345,1.0
Decision_2,X16,13.447,1.0
Decision_2,X16,13.548,1.0
Decision_2,X16,13.65,1.0
Decision_2,X16,13.752,1.0
Decision_2,X16,13.854,1.0
Decision_2,X16,13.956,1.0
Decision_2,X16,14.058,1.0
Decision_2,X16,14.16,1.0
Decision_2,X16,14.261,1.0
Decision_2,X16,14.363,1.0
Decision_2,X16,14.465,1.0
Decision_2,X16,14.567,1.0
Decision_2,X16,14.669,1.0
Decision_2,X16,14.771,1.0
Decision_2,X16,14.873,1.0
Decision_2,X16,14.975,1.0
Decision_2,X16,15.076,1.0
Decision_2,X16,15.178,1.0
Decision_2,X16,15.28,1.0
Decision_2,X16,15.382,1.0
Decision_2,X16,15.484,1.0
Decision_2,X16,15.586,1.0
Decision_2,X16,15.688,1.0
Decision_2,X16,15.789,1.0
Decision_2,X16,15.891,1.0
Decision_2,X16,15.993,1.0
Decision_2,X16,16.095,1.0
Decision_2,X16,16.197,1.0
Decision_2,X16,16.299,1.0
Decision_2,X16,16.401,1.0
Decision_2,X16,16.503,1.0
Decision_2,X16,16.604,1.0
Decision_2,X16,16.706,1.0
Decision_2,X16,16.808,1.0
Decision_2,X16,16.91,1.0
Decision_2,X16,17.012,1.0
Decision_2,X16,17.114,1.0
Decision_2,X16,17.216,1.0
Decision_2,X16,17.317,1.0
Decision_2,X16,17.419,1.0
Decision_2,X16,17.521,1.0
Decision_2,X16,17.623,1.0
Decision_2,X16,17.725,1.0
Decision_2,X16,17.827,1.0
Decision_2,X16,17.929,1.0
Decision_2,X16,18.031,1.0
Decision_2,X16,18.132,1.0
Decision_2,X16,18.234,1.0
Decision_2,X16,18.336,1.0
Decision_2,X16,18.438,1.0
Decision_2,X16,18.54,1.0
Decision_2,X16,18.642,1.0
Decision_2,X16,18.744,1.0
Decision_2,X16,18.846,1.0
Decision_2,X16,18.947,1.0
Decision_2,X16,19.049,1.0
Decision_2,X16,19.151,1.0
Decision_2,X16,19.253,1.0
Decision_2,X16,19.355,1.0
Decision_2,X16,19.457,1.0
Decision_2,X16,19.559,1.0
Decision_2,X16,19.66,1.0
Decision_2,X16,19.762,1.0
Decision_2,X16,19.864,1.0
Decision_2,X16,19.966,1.0
Decision_2,X16,20.068,1.0
Decision_2,X16,20.17,1.0
Decision_2,X16,20.272,1.0
Decision_2,X16,20.374,1.0
Decision_2,X16,20.475,1.0
Decision_2,X16,20.577,1.0
Decision_2,X16,20.679,1.0
Decision_2,X16,20.781,1.0
Decision_2,X16,20.883,1.0
Decision_2,X16,20.985,1.0
Decision_2,X16,21.087,1.0
Decision_2,X16,21.188,1.0
Decision_2,X16,21.29,1.0
Decision_2,X16,21.392,1.0
Decision_2,X16,21.494,1.0
Decision_2,X16,21.596,1.0
Decision_2,X16,21.698,1.0
Decision_2,X16,21.8,1.0
Decision_2,X16,21.902,1.0
Decision_2,X16,22.003,1.0
Decision_2,X16,22.105,1.0
Decision_2,X16,22.207,1.0
Decision_2,X16,22.309,1.0
Decision_2,X16,22.411,1.0
Decision_2,X16,22.513,1.0
Decision_2,X16,22.615,1.0
Decision_2,X16,22.716,1.0
Decision_2,X16,22.818,1.0
Decision_2,X16,22.92,1.0
Decision_2,X16,23.022,1.0
Decision_2,X16,23.124,1.0
Decision_2,X16,23.226,1.0
Decision_2,X16,23.328,1.0
Decision_2,X16,23.43,1.0
Decision_2,X16,23.531,1.0
Decision_2,X16,23.633,1.0
Decision_2,X16,23.735,1.0
Decision_2,X16,23.837,1.0
Decision_2,X16,23.939,1.0
Decision_2,X16,24.041,1.0
Decision_2,X16,24.143,1.0
Decision_2,X16,24.244,1.0
Decision_2,X16,24.346,1.0
Decision_2,X16,24.448,1.0
Decision_2,X16,24.55,1.0
Decision_2,X16,24.652,1.0
Decision_2,X16,24.754,1.0
Decision_2,X16,24.856,1.0
Decision_2,X16,24.958,1.0
Decision_2,X16,25.059,1.0
Decision_2,X16,25.161,1.0
Decision_2,X16,25.263,1.0
Decision_2,X16,25.365,1.0
Decision_2,X16,25.467,1.0
Decision_2,X16,25.569,1.0
Decision_2,X16,25.671,1.0
Decision_2,X16,25.772,1.0
Decision_2,X16,25.874,1.0
Decision_2,X16,25.976,1.0
Decision_2,X16,26.078,1.0
Decision_2,X16,26.18,1.0
Decision_2,X16,26.282,1.0
Decision_2,X16,26.384,1.0
Decision_2,X16,26.486,1.0
Decision_2,X16,26.587,1.0
Decision_2,X16,26.689,1.0
Decision_2,X16,26.791,1.0
Decision_2,X16,26.893,1.0
Decision_2,X16,26.995,1.0
Decision_2,X16,27.097,1.0
Decision_2,X16,27.199,1.0
Decision_2,X16,27.301,1.0
Decision_2,X16,27.402,1.0
Decision_2,X16,27.504,1.0
Decision_2,X16,27.606,1.0
Decision_2,X16,27.708,1.0
Decision_2,X16,27.81,1.0
Decision_2,X16,27.912,1.0
Decision_2,X16,28.014,1.0
Decision_2,X16,28.115,1.0
Decision_2,X16,28.217,1.0
Decision_2,X16,28.319,1.0
Decision_2,X16,28.421,1.0
Decision_2,X16,28.523,1.0
Decision_2,X16,28.625,1.0
Decision_2,X16,28.727,1.0
Decision_2,X16,28.829,1.0
Decision_2,X16,28.93,1.0
Decision_2,X16,29.032,1.0
Decision_2,X16,29.134,1.0
Decision_2,X16,29.236,1.0
Decision_2,X16,29.338,1.0
Decision_2,X16,29.44,1.0
Decision_2,X16,29.542,1.0
Decision_2,X16,29.643,1.0
Decision_2,X16,29.745,1.0
Decision_2,X16,29.847,1.0
Decision_2,X16,29.949,1.0
Decision_2,X16,30.051,1.0
Decision_2,X16,30.153,1.0
Decision_2,X16,30.255,1.0
Decision_2,X16,30.357,1.0
Decision_2,X16,30.458,1.0
Decision_2,X16,30.56,1.0
Decision_2,X16,30.662,1.0
Decision_2,X16,30.764,1.0
Decision_2,X16,30.866,1.0
Decision_2,X16,30.968,1.0
Decision_2,X16,31.07,1.0
Decision_2,X16,31.171,1.0
Decision_2,X16,31.273,1.0
Decision_2,X16,31.375,1.0
Decision_2,X16,31.477,1.0
Decision_2,X16,31.579,1.0
Decision_2,X16,31.681,1.0
Decision_2,X16,31.783,1.0
Decision_2,X16,31.885,1.0
Decision_2,X16,31.986,1.0
Decision_2,X16,32.088,1.0
Decision_2,X16,32.19,1.0
Decision_2,X16,32.292,1.0
Decision_2,X16,32.394,1.0
Decision_2,X16,32.496,1.0
Decision_2,X16,32.598,1.0
Decision_2,X16,32.699,1.0
Decision_2,X16,32.801,1.0
Decision_2,X16,32.903,1.0
Decision_2,X16,33.005,1.0
Decision_2,X16,33.107,1.0
Decision_2,X16,33.209,1.0
Decision_2,X16,33.311,1.0
Decision_2,X16,33.413,1.0
Decision_2,X16,33.514,1.0
Decision_2,X16,33.616,1.0
Decision_2,X16,33.718,1.0
Decision_2,X16,33.82,1.0
Decision_2,X16,33.922,1.0
Decision_2,X16,34.024,1.0
Decision_2,X16,34.126,1.0
Decision_2,X16,34.228,1.0
Decision_2,X16,34.329,1.0
Decision_2,X16,34.431,1.0
Decision_2,X16,34.533,1.0
Decision_2,X16,34.635,1.0
Decision_2,X16,34.737,1.0
Decision_2,X16,34.839,1.0
Decision_2,X16,34.941,1.0
Decision_2,X16,35.042,1.0
Decision_2,X16,35.144,1.0
Decision_2,X16,35.246,1.0
Decision_2,X16,35.348,1.0
Decision_2,X16,35.45,1.0
Decision_2,X16,35.552,1.0
Decision_2,X16,35.654,1.0
Decision_2,X16,35.756,1.0
Decision_2,X16,35.857,1.0
Decision_2,X16,35.959,1.0
Decision_2,X16,36.061,1.0
Decision_2,X16,36.163,1.0
Decision_2,X16,36.265,1.0
Decision_2,X16,36.367,1.0
Decision_2,X16,36.469,1.0
Decision_2,X16,36.57,1.0
Decision_2,X16,36.672,1.0
Decision_2,X16,36.774,1.0
Decision_2,X16,36.876,1.0
Decision_2,X16,36.978,1.0
Decision_2,X16,37.08,1.0
Decision_2,X16,37.182,1.0
Decision_2,X16,37.284,1.0
Decision_2,X16,37.385,1.0
Decision_2,X16,37.487,1.0
Decision_2,X16,37.589,1.0
Decision_2,X16,37.691,1.0
Decision_2,X16,37.793,1.0
Decision_2,X16,37.895,1.0
Decision_2,X16,37.997,1.0
Decision_2,X16,38.098,1.0
Decision_2,X16,38.2,1.0
Decision_2,X16,38.302,1.0
Decision_2,X16,38.404,1.0
Decision_2,X16,38.506,1.0
Decision_2,X16,38.608,1.0
Decision_2,X16,38.71,1.0
Decision_2,X16,38.812,1.0
Decision_2,X16,38.913,1.0
Decision_2,X16,39.015,1.0
Decision_2,X16,39.117,1.0
Decision_2,X16,39.219,1.0
Decision_2,X16,39.321,1.0
Decision_2,X16,39.423,1.0
Decision_2,X16,39.525,1.0
Decision_2,X16,39.626,1.0
Decision_2,X16,39.728,1.0
Decision_2,X16,39.83,1.0
Decision_2,X16,39.932,1.0
Decision_2,X16,40.034,1.0
Decision_2,X16,40.136,1.0
Decision_2,X16,40.238,1.0
Decision_2,X16,40.34,1.0
Decision_2,X16,40.441,1.0
Decision_2,X16,40.543,1.0
Decision_2,X16,40.645,1.0
Decision_2,X16,40.747,1.0
Decision_2,X16,40.849,1.0
Decision_2,X16,40.951,1.0
Decision_2,X16,41.053,1.0
Decision_2,X16,41.154,1.0
Decision_2,X16,41.256,1.0
Decision_2,X16,41.358,1.0
Decision_2,X16,41.46,1.0
Decision_2,X16,41.562,1.0
Decision_2,X16,41.664,1.0
Decision_2,X16,41.766,1.0
Decision_2,X16,41.868,1.0
Decision_2,X16,41.969,1.0
Decision_2,X16,42.071,1.0
Decision_2,X16,42.173,1.0
Decision_2,X16,42.275,1.0
Decision_2,X16,42.377,1.0
Decision_2,X16,42.479,1.0
Decision_2,X16,42.581,1.0
Decision_2,X16,42.683,1.0
Decision_2,X16,42.784,1.0
Decision_2,X16,42.886,1.0
Decision_2,X16,42.988,1.0
Decision_2,X16,43.09,1.0
Decision_2,X16,43.192,1.0
Decision_2,X16,43.294,1.0
Decision_2,X16,43.396,1.0
Decision_2,X16,43.497,1.0
Decision_2,X16,43.599,1.0
Decision_2,X16,43.701,1.0
Decision_2,X16,43.803,1.0
Decision_2,X16,43.905,1.0
Decision_2,X16,44.007,1.0
Decision_2,X16,44.109,1.0
Decision_2,X16,44.211,1.0
Decision_2,X16,44.312,1.0
Decision_2,X16,44.414,1.0
Decision_2,X16,44.516,1.0
Decision_2,X16,44.618,1.0
Decision_2,X16,44.72,1.0
Decision_2,X16,44.822,1.0
Decision_2,X16,44.924,1.0
Decision_2,X16,45.025,1.0
Decision_2,X16,45.127,1.0
Decision_2,X16,45.229,1.0
Decision_2,X16,45.331,1.0
Decision_2,X16,45.433,1.0
Decision_2,X16,45.535,1.0
Decision_2,X16,45.637,1.0
Decision_2,X16,45.739,1.0
Decision_2,X16,45.84,1.0
Decision_2,X16,45.942,1.0
Decision_2,X16,46.044,1.0
Decision_2,X16,46.146,1.0
Decision_2,X16,46.248,1.0
Decision_2,X16,46.35,1.0
Decision_2,X16,46.452,1.0
Decision_2,X16,46.553,1.0
Decision_2,X16,46.655,1.0
Decision_2,X16,46.757,1.0
Decision_2,X16,46.859,1.0
Decision_2,X16,46.961,1.0
Decision_2,X16,47.063,1.0
Decision_2,X16,47.165,1.0
Decision_2,X16,47.267,1.0
Decision_2,X16,47.368,1.0
Decision_2,X16,47.47,1.0
Decision_2,X16,47.572,1.0
Decision_2,X16,47.674,1.0
Decision_2,X16,47.776,1.0
Decision_2,X16,47.878,1.0
Decision_2,X16,47.98,1.0
Decision_2,X16,48.081,1.0
Decision_2,X16,48.183,1.0
Decision_2,X16,48.285,1.0
Decision_2,X16,48.387,1.0
Decision_2,X16,48.489,1.0
Decision_2,X16,48.591,1.0
Decision_2,X16,48.693,1.0
Decision_2,X16,48.795,1.0
Decision_2,X16,48.896,1.0
Decision_2,X16,48.998,1.0
Decision_2,X16,49.1,1.0
Decision_2,X16,49.202,1.0
Decision_2,X16,49.304,1.0
Decision_2,X16,49.406,1.0
Decision_2,X16,49.508,1.0
Decision_2,X16,49.61,1.0
Decision_2,X16,49.711,1.0
Decision_2,X16,49.813,1.0
Decision_2,X16,49.915,1.0
Decision_2,X16,50.017,1.0
Decision_2,X16,50.119,1.0
Decision_2,X16,50.221,1.0
Decision_2,X16,50.323,1.0
Decision_2,X16,50.424,1.0
Decision_2,X16,50.526,1.0
Decision_2,X16,50.628,1.0
Decision_2,X16,50.73,1.0
Decision_2,X16,50.832,1.0
Decision_2,X16,50.934,1.0
Decision_2,X16,51.036,1.0
Decision_2,X16,51.138,1.0
Decision_2,X16,51.239,1.0
Decision_2,X16,51.341,1.0
Decision_2,X16,51.443,1.0
Decision_2,X16,51.545,1.0
Decision_2,X16,51.647,1.0
Decision_2,X16,51.749,1.0
Decision_2,X16,51.851,1.0
Decision_2,X16,51.952,1.0
Decision_2,X16,52.054,1.0
Decision_2,X16,52.156,1.0
Decision_2,X16,52.258,1.0
Decision_2,X16,52.36,1.0
Decision_2,X16,52.462,1.0
Decision_2,X16,52.564,1.0
Decision_2,X16,52.666,1.0
Decision_2,X16,52.767,1.0
Decision_2,X16,52.869,1.0
Decision_2,X16,52.971,1.0
Decision_2,X16,53.073,1.0
Decision_2,X16,53.175,1.0
Decision_2,X16,53.277,1.0
Decision_2,X16,53.379,1.0
Decision_2,X16,53.48,1.0
Decision_2,X16,53.582,1.0
Decision_2,X16,53.684,1.0
Decision_2,X16,53.786,1.0
Decision_2,X16,53.888,1.0
Decision_2,X16,53.99,1.0
Decision_2,X16,54.092,1.0
Decision_2,X16,54.194,1.0
Decision_2,X16,54.295,1.0
Decision_2,X16,54.397,1.0
Decision_2,X16,54.499,1.0
Decision_2,X16,54.601,1.0
Decision_2,X16,54.703,1.0
Decision_2,X16,54.805,1.0
Decision_2,X16,54.907,1.0
Decision_2,X16,55.008,1.0
Decision_2,X16,55.11,1.0
Decision_2,X16,55.212,1.0
Decision_2,X16,55.314,1.0
Decision_2,X16,55.416,1.0
Decision_2,X16,55.518,1.0
Decision_2,X16,55.62,1.0
Decision_2,X16,55.722,1.0
Decision_2,X16,55.823,1.0
Decision_2,X16,55.925,1.0
Decision_2,X16,56.027,1.0
Decision_2,X16,56.129,1.0
Decision_2,X16,56.231,1.0
Decision_2,X16,56.333,1.0
Decision_2,X16,56.435,1.0
Decision_2,X16,56.537,1.0
Decision_2,X16,56.638,1.0
Decision_2,X16,56.74,1.0
Decision_2,X16,56.842,1.0
Decision_2,X16,56.944,1.0
Decision_2,X16,57.046,1.0
Decision_2,X16,57.148,1.0
Decision_2,X16,57.25,1.0
Decision_2,X16,57.351,1.0
Decision_2,X16,57.453,1.0
Decision_2,X16,57.555,1.0
Decision_2,X16,57.657,1.0
Decision_2,X16,57.759,1.0
Decision_2,X16,57.861,1.0
Decision_2,X16,57.963,1.0
Decision_2,X16,58.065,1.0
Decision_2,X16,58.166,1.0
Decision_2,X16,58.268,1.0
Decision_2,X16,58.37,1.0
Decision_2,X16,58.472,1.0
Decision_2,X16,58.574,1.0
Decision_2,X16,58.676,1.0
Decision_2,X16,58.778,1.0
Decision_2,X16,58.879,1.0
Decision_2,X16,58.981,1.0
Decision_2,X16,59.083,1.0
Decision_2,X16,59.185,1.0
Decision_2,X16,59.287,1.0
Decision_2,X16,59.389,1.0
Decision_2,X16,59.491,1.0
Decision_2,X16,59.593,1.0
Decision_2,X16,59.694,1.0
Decision_2,X16,59.796,1.0
Decision_2,X16,59.898,1.0
Decision_2,X16,60.0,1.0
Decision_2,X16,60.102,1.0
Decision_2,X16,60.204,1.0
Decision_2,X16,60.306,1.0
Decision_2,X16,60.407,1.0
Decision_2,X16,60.509,1.0
Decision_2,X16,60.611,1.0
Decision_2,X16,60.713,1.0
Decision_2,X16,60.815,1.0
Decision_2,X16,60.917,1.0
Decision_2,X16,61.019,1.0
Decision_2,X16,61.121,1.0
Decision_2,X16,61.222,1.0
Decision_2,X16,61.324,1.0
Decision_2,X16,61.426,1.0
Decision_2,X16,61.528,1.0
Decision_2,X16,61.63,1.0
Decision_2,X16,61.732,1.0
Decision_2,X16,61.834,1.0
Decision_2,X16,61.935,1.0
Decision_2,X16,62.037,1.0
Decision_2,X16,62.139,1.0
Decision_2,X16,62.241,1.0
Decision_2,X16,62.343,1.0
Decision_2,X16,62.445,1.0
Decision_2,X16,62.547,1.0
Decision_2,X16,62.649,1.0
Decision_2,X16,62.75,1.0
Decision_2,X16,62.852,1.0
Decision_2,X16,62.954,1.0
Decision_2,X16,63.056,1.0
Decision_2,X16,63.158,1.0
Decision_2,X16,63.26,1.0
Decision_2,X16,63.362,1.0
Decision_2,X16,63.463,1.0
Decision_2,X16,63.565,1.0
Decision_2,X16,63.667,1.0
Decision_2,X16,63.769,1.0
Decision_2,X16,63.871,1.0
Decision_2,X16,63.973,1.0
Decision_2,X16,64.075,1.0
Decision_2,X16,64.177,1.0
Decision_2,X16,64.278,1.0
Decision_2,X16,64.38,1.0
Decision_2,X16,64.482,1.0
Decision_2,X16,64.584,1.0
Decision_2,X16,64.686,1.0
Decision_2,X16,64.788,1.0
Decision_2,X16,64.89,1.0
Decision_2,X16,64.992,1.0
Decision_2,X16,65.093,1.0
Decision_2,X16,65.195,1.0
Decision_2,X16,65.297,1.0
Decision_2,X16,65.399,1.0
Decision_2,X16,65.501,1.0
Decision_2,X16,65.603,1.0
Decision_2,X16,65.705,1.0
Decision_2,X16,65.806,1.0
Decision_2,X16,65.908,1.0
Decision_2,X16,66.01,1.0
Decision_2,X16,66.112,1.0
Decision_2,X16,66.214,1.0
Decision_2,X16,66.316,1.0
Decision_2,X16,66.418,1.0
Decision_2,X16,66.52,1.0
Decision_2,X16,66.621,1.0
Decision_2,X16,66.723,1.0
Decision_2,X16,66.825,1.0
Decision_2,X16,66.927,1.0
Decision_2,X16,67.029,1.0
Decision_2,X16,67.131,1.0
Decision_2,X16,67.233,1.0
Decision_2,X16,67.334,1.0
Decision_2,X16,67.436,1.0
Decision_2,X16,67.538,1.0
Decision_2,X16,67.64,1.0
Decision_2,X16,67.742,1.0
Decision_2,X16,67.844,1.0
Decision_2,X16,67.946,1.0
Decision_2,X16,68.048,1.0
Decision_2,X16,68.149,1.0
Decision_2,X16,68.251,1.0
Decision_2,X16,68.353,1.0
Decision_2,X16,68.455,1.0
Decision_2,X16,68.557,1.0
Decision_2,X16,68.659,1.0
Decision_2,X16,68.761,1.0
Decision_2,X16,68.862,1.0
Decision_2,X16,68.964,1.0
Decision_2,X16,69.066,1.0
Decision_2,X16,69.168,1.0
Decision_2,X16,69.27,1.0
Decision_2,X16,69.372,1.0
Decision_2,X16,69.474,1.0
Decision_2,X16,69.576,1.0
Decision_2,X16,69.677,1.0
Decision_2,X16,69.779,1.0
Decision_2,X16,69.881,1.0
Decision_2,X16,69.983,1.0
Decision_2,X16,70.085,1.0
Decision_2,X16,70.187,1.0
Decision_2,X16,70.289,1.0
Decision_2,X16,70.39,1.0
Decision_2,X16,70.492,1.0
Decision_2,X16,70.594,1.0
Decision_2,X16,70.696,1.0
Decision_2,X16,70.798,1.0
Decision_2,X16,70.9,1.0
Decision_2,X16,71.002,1.0
Decision_2,X16,71.104,1.0
Decision_2,X16,71.205,1.0
Decision_2,X16,71.307,1.0
Decision_2,X16,71.409,1.0
Decision_2,X16,71.511,1.0
Decision_2,X16,71.613,1.0
Decision_2,X16,71.715,1.0
Decision_2,X16,71.817,1.0
Decision_2,X16,71.919,1.0
Decision_2,X16,72.02,1.0
Decision_2,X16,72.122,1.0
Decision_2,X16,72.224,1.0
Decision_2,X16,72.326,1.0
Decision_2,X16,72.428,1.0
Decision_2,X16,72.53,1.0
Decision_2,X16,72.632,1.0
Decision_2,X16,72.733,1.0
Decision_2,X16,72.835,1.0
Decision_2,X16,72.937,1.0
Decision_2,X16,73.039,1.0
Decision_2,X16,73.141,1.0
Decision_2,X16,73.243,1.0
Decision_2,X16,73.345,1.0
Decision_2,X16,73.447,1.0
Decision_2,X16,73.548,1.0
Decision_2,X16,73.65,1.0
Decision_2,X16,73.752,1.0
Decision_2,X16,73.854,1.0
Decision_2,X16,73.956,1.0
Decision_2,X16,74.058,1.0
Decision_2,X16,74.16,1.0
Decision_2,X16,74.261,1.0
Decision_2,X16,74.363,1.0
