panel,neuron,time_s,activation_normalized
Locomotion_1,X3,0.0,1.0
Locomotion_1,X3,0.133,0.0549
Locomotion_1,X3,0.265,0.0
Locomotion_1,X3,0.398,0.0
Locomotion_1,X3,0.531,0.0
Locomotion_1,X3,0.664,0.0
Locomotion_1,X3,0.796,0.0
Locomotion_1,X3,0.929,0.0
Locomotion_1,X3,1.062,0.0
Locomotion_1,X3,1.195,0.0
Locomotion_1,X3,1.327,0.0
Locomotion_1,X3,1.46,0.0
Locomotion_1,X3,1.593,0.0
Locomotion_1,X3,1.726,0.0
Locomotion_1,X3,1.858,0.0
Locomotion_1,X3,1.991,0.0
Locomotion_1,X3,2.124,0.0
Locomotion_1,X3,2.257,0.0
Locomotion_1,X3,2.389,0.0
Locomotion_1,X3,2.522,0.0
Locomotion_1,X3,2.655,0.0
Locomotion_1,X3,2.788,0.0
Locomotion_1,X3,2.92,0.0
Locomotion_1,X3,3.053,0.0
Locomotion_1,X3,3.186,0.0
Locomotion_1,X3,3.319,0.0
Locomotion_1,X3,3.451,0.0
Locomotion_1,X3,3.584,0.0
Locomotion_1,X3,3.717,0.0
Locomotion_1,X3,3.85,0.0
Locomotion_1,X3,3.982,0.0
Locomotion_1,X3,4.115,0.0
Locomotion_1,X3,4.248,0.0
Locomotion_1,X3,4.381,0.0
Locomotion_1,X3,4.513,0.0
Locomotion_1,X3,4.646,0.0
Locomotion_1,X3,4.779,0.0
Locomotion_1,X3,4.912,0.0
Locomotion_1,X3,5.044,0.0
Locomotion_1,X3,5.177,0.0
Locomotion_1,X3,5.31,0.0
Locomotion_1,X3,5.442,0.0
Locomotion_1,X3,5.575,0.0
Locomotion_1,X3,5.708,0.0
Locomotion_1,X3,5.841,0.0
Locomotion_1,X3,5.973,0.0
Locomotion_1,X3,6.106,0.0
Locomotion_1,X3,6.239,0.0
Locomotion_1,X3,6.372,0.0
Locomotion_1,X3,6.504,0.0
Locomotion_1,X3,6.637,0.0
Locomotion_1,X3,6.77,0.0
Locomotion_1,X3,6.903,0.0
Locomotion_1,X3,7.035,0.0
Locomotion_1,X3,7.168,0.0
Locomotion_1,X3,7.301,0.0
Locomotion_1,X3,7.434,0.0
Locomotion_1,X3,7.566,0.0
Locomotion_1,X3,7.699,0.0
Locomotion_1,X3,7.832,0.0
Locomotion_1,X3,7.965,0.0
Locomotion_1,X3,8.097,0.0
Locomotion_1,X3,8.23,0.0
Locomotion_1,X3,8.363,0.0
Locomotion_1,X3,8.496,0.0
Locomotion_1,X3,8.628,0.0
Locomotion_1,X3,8.761,0.0
Locomotion_1,X3,8.894,0.0
Locomotion_1,X3,9.027,0.0
Locomotion_1,X3,9.159,0.0
Locomotion_1,X3,9.292,0.0
Locomotion_1,X3,9.425,0.0
Locomotion_1,X3,9.558,0.0
Locomotion_1,X3,9.69,0.0
Locomotion_1,X3,9.823,0.0
Locomotion_1,X3,9.956,0.0
Locomotion_1,X3,10.088,0.0
Locomotion_1,X3,10.221,0.0
Locomotion_1,X3,10.354,0.0
Locomotion_1,X3,10.487,0.0
Locomotion_1,X3,10.619,0.0
Locomotion_1,X3,10.752,0.0
Locomotion_1,X3,10.885,0.0
Locomotion_1,X3,11.018,0.0
Locomotion_1,X3,11.15,0.0
Locomotion_1,X3,11.283,0.0
Locomotion_1,X3,11.416,0.0
Locomotion_1,X3,11.549,0.0
Locomotion_1,X3,11.681,0.0
Locomotion_1,X3,11.814,0.0
Locomotion_1,X3,11.947,0.0
Locomotion_1,X3,12.08,0.0
Locomotion_1,X3,12.212,0.0
Locomotion_1,X3,12.345,0.0
Locomotion_1,X3,12.478,0.0
Locomotion_1,X3,12.611,0.0
Locomotion_1,X3,12.743,0.0
Locomotion_1,X3,12.876,0.0
Locomotion_1,X3,13.009,0.0
Locomotion_1,X3,13.142,0.0
Locomotion_1,X3,13.274,0.0
Locomotion_1,X3,13.407,0.0
Locomotion_1,X3,13.54,0.0
Locomotion_1,X3,13.673,0.0
Locomotion_1,X3,13.805,0.0
Locomotion_1,X3,13.938,0.0
Locomotion_1,X3,14.071,0.0
Locomotion_1,X3,14.204,0.0
Locomotion_1,X3,14.336,0.0
Locomotion_1,X3,14.469,0.0
Locomotion_1,X3,14.602,0.0
Locomotion_1,X3,14.735,0.0
Locomotion_1,X3,14.867,0.0
Locomotion_1,X3,15.0,0.0
Locomotion_1,X3,15.133,0.0
Locomotion_1,X3,15.265,0.0
Locomotion_1,X3,15.398,0.0
Locomotion_1,X3,15.531,0.0
Locomotion_1,X3,15.664,0.0
Locomotion_1,X3,15.796,0.0
Locomotion_1,X3,15.929,0.0
Locomotion_1,X3,16.062,0.0
Locomotion_1,X3,16.195,0.0
Locomotion_1,X3,16.327,0.0
Locomotion_1,X3,16.46,0.0
Locomotion_1,X3,16.593,0.0
Locomotion_1,X3,16.726,0.0
Locomotion_1,X3,16.858,0.0
Locomotion_1,X3,16.991,0.0
Locomotion_1,X3,17.124,0.0
Locomotion_1,X3,17.257,0.0
Locomotion_1,X3,17.389,0.0
Locomotion_1,X3,17.522,0.0
Locomotion_1,X3,17.655,0.0
Locomotion_1,X3,17.788,0.0
Locomotion_1,X3,17.92,0.0
Locomotion_1,X3,18.053,0.0
Locomotion_1,X3,18.186,0.0
Locomotion_1,X3,18.319,0.0
Locomotion_1,X3,18.451,0.0
Locomotion_1,X3,18.584,0.0
Locomotion_1,X3,18.717,0.0
Locomotion_1,X3,18.85,0.0
Locomotion_1,X3,18.982,0.0
Locomotion_1,X3,19.115,0.0
Locomotion_1,X3,19.248,0.0
Locomotion_1,X3,19.381,0.0
Locomotion_1,X3,19.513,0.0
Locomotion_1,X3,19.646,0.0
Locomotion_1,X3,19.779,0.0
Locomotion_1,X3,19.912,0.0
Locomotion_1,X3,20.044,0.0
Locomotion_1,X3,20.177,0.0
Locomotion_1,X3,20.31,0.0
Locomotion_1,X3,20.442,0.0
Locomotion_1,X3,20.575,0.0
Locomotion_1,X3,20.708,0.0
Locomotion_1,X3,20.841,0.0
Locomotion_1,X3,20.973,0.0
Locomotion_1,X3,21.106,0.0
Locomotion_1,X3,21.239,0.0
Locomotion_1,X3,21.372,0.0
Locomotion_1,X3,21.504,0.0
Locomotion_1,X3,21.637,0.0
Locomotion_1,X3,21.77,0.0
Locomotion_1,X3,21.903,0.0
Locomotion_1,X3,22.035,0.0
Locomotion_1,X3,22.168,0.0
Locomotion_1,X3,22.301,0.0
Locomotion_1,X3,22.434,0.0
Locomotion_1,X3,22.566,0.0
Locomotion_1,X3,22.699,0.0
Locomotion_1,X3,22.832,0.0
Locomotion_1,X3,22.965,0.0
Locomotion_1,X3,23.097,0.0
Locomotion_1,X3,23.23,0.0
Locomotion_1,X3,23.363,0.0
Locomotion_1,X3,23.496,0.0
Locomotion_1,X3,23.628,0.0
Locomotion_1,X3,23.761,0.0
Locomotion_1,X3,23.894,0.0
Locomotion_1,X3,24.027,0.0
Locomotion_1,X3,24.159,0.0
Locomotion_1,X3,24.292,0.0
Locomotion_1,X3,24.425,0.0
Locomotion_1,X3,24.558,0.0
Locomotion_1,X3,24.69,0.0
Locomotion_1,X3,24.823,0.0
Locomotion_1,X3,24.956,0.0
Locomotion_1,X3,25.088,0.0
Locomotion_1,X3,25.221,0.0
Locomotion_1,X3,25.354,0.0
Locomotion_1,X3,25.487,0.0
Locomotion_1,X3,25.619,0.0
Locomotion_1,X3,25.752,0.0
Locomotion_1,X3,25.885,0.0
Locomotion_1,X3,26.018,0.0
Locomotion_1,X3,26.15,0.0
Locomotion_1,X3,26.283,0.0
Locomotion_1,X3,26.416,0.0
Locomotion_1,X3,26.549,0.0
Locomotion_1,X3,26.681,0.0
Locomotion_1,X3,26.814,0.0
Locomotion_1,X3,26.947,0.0
Locomotion_1,X3,27.08,0.0
Locomotion_1,X3,27.212,0.0
Locomotion_1,X3,27.345,0.0
Locomotion_1,X3,27.478,0.0
Locomotion_1,X3,27.611,0.0
Locomotion_1,X3,27.743,0.0
Locomotion_1,X3,27.876,0.0
Locomotion_1,X3,28.009,0.0
Locomotion_1,X3,28.142,0.0
Locomotion_1,X3,28.274,0.0
Locomotion_1,X3,28.407,0.0
Locomotion_1,X3,28.54,0.0
Locomotion_1,X3,28.673,0.0
Locomotion_1,X3,28.805,0.0
Locomotion_1,X3,28.938,0.0
Locomotion_1,X3,29.071,0.0
Locomotion_1,X3,29.204,0.0
Locomotion_1,X3,29.336,0.0
Locomotion_1,X3,29.469,0.0
Locomotion_1,X3,29.602,0.0
Locomotion_1,X3,29.735,0.0
Locomotion_1,X3,29.867,0.0
Locomotion_1,X3,30.0,0.0
Locomotion_1,X3,30.133,0.0
Locomotion_1,X3,30.265,0.0
Locomotion_1,X3,30.398,0.0
Locomotion_1,X3,30.531,0.0
Locomotion_1,X3,30.664,0.0
Locomotion_1,X3,30.796,0.0
Locomotion_1,X3,30.929,0.0
Locomotion_1,X3,31.062,0.0
Locomotion_1,X3,31.195,0.0
Locomotion_1,X3,31.327,0.0
Locomotion_1,X3,31.46,0.0
Locomotion_1,X3,31.593,0.0
Locomotion_1,X3,31.726,0.0
Locomotion_1,X3,31.858,0.0
Locomotion_1,X3,31.991,0.0
Locomotion_1,X3,32.124,0.0
Locomotion_1,X3,32.257,0.0
Locomotion_1,X3,32.389,0.0
Locomotion_1,X3,32.522,0.0
Locomotion_1,X3,32.655,0.0
Locomotion_1,X3,32.788,0.0
Locomotion_1,X3,32.92,0.0
Locomotion_1,X3,33.053,0.0
Locomotion_1,X3,33.186,0.0
Locomotion_1,X3,33.319,0.0
Locomotion_1,X3,33.451,0.0
Locomotion_1,X3,33.584,0.0
Locomotion_1,X3,33.717,0.0
Locomotion_1,X3,33.85,0.0
Locomotion_1,X3,33.982,0.0
Locomotion_1,X3,34.115,0.0
Locomotion_1,X3,34.248,0.0
Locomotion_1,X3,34.381,0.0
Locomotion_1,X3,34.513,0.0
Locomotion_1,X3,34.646,0.0
Locomotion_1,X3,34.779,0.0
Locomotion_1,X3,34.912,0.0
Locomotion_1,X3,35.044,0.0
Locomotion_1,X3,35.177,0.0
Locomotion_1,X3,35.31,0.0
Locomotion_1,X3,35.442,0.0
Locomotion_1,X3,35.575,0.0
Locomotion_1,X3,35.708,0.0
Locomotion_1,X3,35.841,0.0
Locomotion_1,X3,35.973,0.0
Locomotion_1,X3,36.106,0.0
Locomotion_1,X3,36.239,0.0
Locomotion_1,X3,36.372,0.0
Locomotion_1,X3,36.504,0.0
Locomotion_1,X3,36.637,0.0
Locomotion_1,X3,36.77,0.0
Locomotion_1,X3,36.903,0.0
Locomotion_1,X3,37.035,0.0
Locomotion_1,X3,37.168,0.0
Locomotion_1,X3,37.301,0.0
Locomotion_1,X3,37.434,0.0
Locomotion_1,X3,37.566,0.0
Locomotion_1,X3,37.699,0.0
Locomotion_1,X3,37.832,0.0
Locomotion_1,X3,37.965,0.0
Locomotion_1,X3,38.097,0.0
Locomotion_1,X3,38.23,0.0
Locomotion_1,X3,38.363,0.0
Locomotion_1,X3,38.496,0.0
Locomotion_1,X3,38.628,0.0
Locomotion_1,X3,38.761,0.0
Locomotion_1,X3,38.894,0.0
Locomotion_1,X3,39.027,0.0
Locomotion_1,X3,39.159,0.0
Locomotion_1,X3,39.292,0.0
Locomotion_1,X3,39.425,0.0
Locomotion_1,X3,39.558,0.0
Locomotion_1,X3,39.69,0.0
Locomotion_1,X3,39.823,0.0
Locomotion_1,X3,39.956,0.0
Locomotion_1,X3,40.088,0.0
Locomotion_1,X3,40.221,0.0
Locomotion_1,X3,40.354,0.0
Locomotion_1,X3,40.487,0.0
Locomotion_1,X3,40.619,0.0
Locomotion_1,X3,40.752,0.0
Locomotion_1,X3,40.885,0.0
Locomotion_1,X3,41.018,0.0
Locomotion_1,X3,41.15,0.0
Locomotion_1,X3,41.283,0.0
Locomotion_1,X3,41.416,0.0
Locomotion_1,X3,41.549,0.0
Locomotion_1,X3,41.681,0.0
Locomotion_1,X3,41.814,0.0
Locomotion_1,X3,41.947,0.0
Locomotion_1,X3,42.08,0.0
Locomotion_1,X3,42.212,0.0
Locomotion_1,X3,42.345,0.0
Locomotion_1,X3,42.478,0.0
Locomotion_1,X3,42.611,0.0
Locomotion_1,X3,42.743,0.0
Locomotion_1,X3,42.876,0.0
Locomotion_1,X3,43.009,0.0
Locomotion_1,X3,43.142,0.0
Locomotion_1,X3,43.274,0.0
Locomotion_1,X3,43.407,0.0
Locomotion_1,X3,43.54,0.0
Locomotion_1,X3,43.673,0.0
Locomotion_1,X3,43.805,0.0
Locomotion_1,X3,43.938,0.0
Locomotion_1,X3,44.071,0.0
Locomotion_1,X3,44.204,0.0
Locomotion_1,X3,44.336,0.0
Locomotion_1,X3,44.469,0.0
Locomotion_1,X3,44.602,0.0
Locomotion_1,X3,44.735,0.0
Locomotion_1,X3,44.867,0.0
Locomotion_1,X3,45.0,0.0
Locomotion_1,X3,45.133,0.0
Locomotion_1,X3,45.265,0.0
Locomotion_1,X3,45.398,0.0
Locomotion_1,X3,45.531,0.0
Locomotion_1,X3,45.664,0.0
Locomotion_1,X3,45.796,0.0
Locomotion_1,X3,45.929,0.0
Locomotion_1,X3,46.062,0.0
Locomotion_1,X3,46.195,0.0
Locomotion_1,X3,46.327,0.0
Locomotion_1,X3,46.46,0.0
Locomotion_1,X3,46.593,0.0
Locomotion_1,X3,46.726,0.0
Locomotion_1,X3,46.858,0.0
Locomotion_1,X3,46.991,0.0
Locomotion_1,X3,47.124,0.0
Locomotion_1,X3,47.257,0.0
Locomotion_1,X3,47.389,0.0
Locomotion_1,X3,47.522,0.0
Locomotion_1,X3,47.655,0.0
Locomotion_1,X3,47.788,0.0
Locomotion_1,X3,47.92,0.0
Locomotion_1,X3,48.053,0.0
Locomotion_1,X3,48.186,0.0
Locomotion_1,X3,48.319,0.0
Locomotion_1,X3,48.451,0.0
Locomotion_1,X3,48.584,0.0
Locomotion_1,X3,48.717,0.0
Locomotion_1,X3,48.85,0.0
Locomotion_1,X3,48.982,0.0
Locomotion_1,X3,49.115,0.0
Locomotion_1,X3,49.248,0.0
Locomotion_1,X3,49.381,0.0
Locomotion_1,X3,49.513,0.0
Locomotion_1,X3,49.646,0.0
Locomotion_1,X3,49.779,0.0
Locomotion_1,X3,49.912,0.0
Locomotion_1,X3,50.044,0.0
Locomotion_1,X3,50.177,0.0
Locomotion_1,X3,50.31,0.0
Locomotion_1,X3,50.442,0.0
Locomotion_1,X3,50.575,0.0
Locomotion_1,X3,50.708,0.0
Locomotion_1,X3,50.841,0.0
Locomotion_1,X3,50.973,0.0
Locomotion_1,X3,51.106,0.0
Locomotion_1,X3,51.239,0.0
Locomotion_1,X3,51.372,0.0
Locomotion_1,X3,51.504,0.0
Locomotion_1,X3,51.637,0.0
Locomotion_1,X3,51.77,0.0
Locomotion_1,X3,51.903,0.0
Locomotion_1,X3,52.035,0.0
Locomotion_1,X3,52.168,0.0
Locomotion_1,X3,52.301,0.0
Locomotion_1,X3,52.434,0.0
Locomotion_1,X3,52.566,0.0
Locomotion_1,X3,52.699,0.0
Locomotion_1,X3,52.832,0.0
Locomotion_1,X3,52.965,0.0
Locomotion_1,X3,53.097,0.0
Locomotion_1,X3,53.23,0.0
Locomotion_1,X3,53.363,0.0
Locomotion_1,X3,53.496,0.0
Locomotion_1,X3,53.628,0.0
Locomotion_1,X3,53.761,0.0
Locomotion_1,X3,53.894,0.0
Locomotion_1,X3,54.027,0.0
Locomotion_1,X3,54.159,0.0
Locomotion_1,X3,54.292,0.0
Locomotion_1,X3,54.425,0.0
Locomotion_1,X3,54.558,0.0
Locomotion_1,X3,54.69,0.0
Locomotion_1,X3,54.823,0.0
Locomotion_1,X3,54.956,0.0
Locomotion_1,X3,55.088,0.0
Locomotion_1,X3,55.221,0.0
Locomotion_1,X3,55.354,0.0
Locomotion_1,X3,55.487,0.0
Locomotion_1,X3,55.619,0.0
Locomotion_1,X3,55.752,0.0
Locomotion_1,X3,55.885,0.0
Locomotion_1,X3,56.018,0.0
Locomotion_1,X3,56.15,0.0
Locomotion_1,X3,56.283,0.0
Locomotion_1,X3,56.416,0.0
Locomotion_1,X3,56.549,0.0
Locomotion_1,X3,56.681,0.0
Locomotion_1,X3,56.814,0.0
Locomotion_1,X3,56.947,0.0
Locomotion_1,X3,57.08,0.0
Locomotion_1,X3,57.212,0.0
Locomotion_1,X3,57.345,0.0
Locomotion_1,X3,57.478,0.0
Locomotion_1,X3,57.611,0.0
Locomotion_1,X3,57.743,0.0
Locomotion_1,X3,57.876,0.0
Locomotion_1,X3,58.009,0.0
Locomotion_1,X3,58.142,0.0
Locomotion_1,X3,58.274,0.0
Locomotion_1,X3,58.407,0.0
Locomotion_1,X3,58.54,0.0
Locomotion_1,X3,58.673,0.0
Locomotion_1,X3,58.805,0.0
Locomotion_1,X3,58.938,0.0
Locomotion_1,X3,59.071,0.0
Locomotion_1,X3,59.204,0.0
Locomotion_1,X3,59.336,0.0
Locomotion_1,X3,59.469,0.0
Locomotion_1,X3,59.602,0.0
Locomotion_1,X3,59.735,0.0
Locomotion_1,X3,59.867,0.0
Locomotion_1,X3,60.0,0.0
Locomotion_1,X3,60.133,0.0
Locomotion_1,X3,60.265,0.0
Locomotion_1,X3,60.398,0.0
Locomotion_1,X3,60.531,0.0
Locomotion_1,X3,60.664,0.0
Locomotion_1,X3,60.796,0.0
Locomotion_1,X3,60.929,0.0
Locomotion_1,X3,61.062,0.0
Locomotion_1,X3,61.195,0.0
Locomotion_1,X3,61.327,0.0
Locomotion_1,X3,61.46,0.0
Locomotion_1,X3,61.593,0.0
Locomotion_1,X3,61.726,0.0
Locomotion_1,X3,61.858,0.0
Locomotion_1,X3,61.991,0.0
Locomotion_1,X3,62.124,0.0
Locomotion_1,X3,62.257,0.0
Locomotion_1,X3,62.389,0.0
Locomotion_1,X3,62.522,0.0
Locomotion_1,X3,62.655,0.0
Locomotion_1,X3,62.788,0.0
Locomotion_1,X3,62.92,0.0
Locomotion_1,X3,63.053,0.0
Locomotion_1,X3,63.186,0.0
Locomotion_1,X3,63.319,0.0
Locomotion_1,X3,63.451,0.0
Locomotion_1,X3,63.584,0.0
Locomotion_1,X3,63.717,0.0
Locomotion_1,X3,63.85,0.0
Locomotion_1,X3,63.982,0.0
Locomotion_1,X3,64.115,0.0
Locomotion_1,X3,64.248,0.0
Locomotion_1,X3,64.381,0.0
Locomotion_1,X3,64.513,0.0
Locomotion_1,X3,64.646,0.0
Locomotion_1,X3,64.779,0.0
Locomotion_1,X3,64.912,0.0
Locomotion_1,X3,65.044,0.0
Locomotion_1,X3,65.177,0.0
Locomotion_1,X3,65.31,0.0
Locomotion_1,X3,65.442,0.0
Locomotion_1,X3,65.575,0.0
Locomotion_1,X3,65.708,0.0
Locomotion_1,X3,65.841,0.0
Locomotion_1,X3,65.973,0.0
Locomotion_1,X3,66.106,0.0
Locomotion_1,X3,66.239,0.0
Locomotion_1,X3,66.372,0.0
Locomotion_1,X3,66.504,0.0
Locomotion_1,X3,66.637,0.0
Locomotion_1,X3,66.77,0.0
Locomotion_1,X3,66.903,0.0
Locomotion_1,X3,67.035,0.0
Locomotion_1,X3,67.168,0.0
Locomotion_1,X3,67.301,0.0
Locomotion_1,X3,67.434,0.0
Locomotion_1,X3,67.566,0.0
Locomotion_1,X3,67.699,0.0
Locomotion_1,X3,67.832,0.0
Locomotion_1,X3,67.965,0.0
Locomotion_1,X3,68.097,0.0
Locomotion_1,X3,68.23,0.0
Locomotion_1,X3,68.363,0.0
Locomotion_1,X3,68.496,0.0
Locomotion_1,X3,68.628,0.0
Locomotion_1,X3,68.761,0.0
Locomotion_1,X3,68.894,0.0
Locomotion_1,X3,69.027,0.0
Locomotion_1,X3,69.159,0.0
Locomotion_1,X3,69.292,0.0
Locomotion_1,X3,69.425,0.0
Locomotion_1,X3,69.558,0.0
Locomotion_1,X3,69.69,0.0
Locomotion_1,X3,69.823,0.0
Locomotion_1,X3,69.956,0.0
Locomotion_1,X3,70.088,0.0
Locomotion_1,X3,70.221,0.0
Locomotion_1,X3,70.354,0.0
Locomotion_1,X3,70.487,0.0
Locomotion_1,X3,70.619,0.0
Locomotion_1,X3,70.752,0.0
Locomotion_1,X3,70.885,0.0
Locomotion_1,X3,71.018,0.0
Locomotion_1,X3,71.15,0.0
Locomotion_1,X3,71.283,0.0
Locomotion_1,X3,71.416,0.0
Locomotion_1,X3,71.549,0.0
Locomotion_1,X3,71.681,0.0
Locomotion_1,X3,71.814,0.0
Locomotion_1,X3,71.947,0.0
Locomotion_1,X3,72.08,0.0
Locomotion_1,X3,72.212,0.0
Locomotion_1,X3,72.345,0.0
Locomotion_1,X3,72.478,0.0
Locomotion_1,X3,72.611,0.0
Locomotion_1,X3,72.743,0.0
Locomotion_1,X3,72.876,0.0
Locomotion_1,X3,73.009,0.0
Locomotion_1,X3,73.142,0.0
Locomotion_1,X3,73.274,0.0
Locomotion_1,X3,73.407,0.0
Locomotion_1,X3,73.54,0.0
Locomotion_1,X3,73.673,0.0
Locomotion_1,X3,73.805,0.0
Locomotion_1,X3,73.938,0.0
Locomotion_1,X3,74.071,0.0
Locomotion_1,X3,74.204,0.0
Locomotion_1,X3,74.336,0.0
Locomotion_1,X3,74.469,0.0
Locomotion_1,X3,74.602,0.0
Locomotion_1,X3,74.735,0.0
Locomotion_1,X3,74.867,0.0
Locomotion_1,X3,75.0,0.0
Locomotion_1,X3,75.133,0.0
Locomotion_1,X3,75.265,0.0
Locomotion_1,X3,75.398,0.0
Locomotion_1,X3,75.531,0.0
Locomotion_1,X3,75.664,0.0
Locomotion_1,X3,75.796,0.0
Locomotion_1,X3,75.929,0.0
Locomotion_1,X3,76.062,0.0
Locomotion_1,X3,76.195,0.0
Locomotion_1,X3,76.327,0.0
Locomotion_1,X3,76.46,0.0
Locomotion_1,X3,76.593,0.0
Locomotion_1,X3,76.726,0.0
Locomotion_1,X3,76.858,0.0
Locomotion_1,X3,76.991,0.0
Locomotion_1,X3,77.124,0.0
Locomotion_1,X3,77.257,0.0
Locomotion_1,X3,77.389,0.0
Locomotion_1,X3,77.522,0.0
Locomotion_1,X3,77.655,0.0
Locomotion_1,X3,77.788,0.0
Locomotion_1,X3,77.92,0.0
Locomotion_1,X3,78.053,0.0
Locomotion_1,X3,78.186,0.0
Locomotion_1,X3,78.319,0.0
Locomotion_1,X3,78.451,0.0
Locomotion_1,X3,78.584,0.0
Locomotion_1,X3,78.717,0.0
Locomotion_1,X3,78.85,0.0
Locomotion_1,X3,78.982,0.0
Locomotion_1,X3,79.115,0.0
Locomotion_1,X3,79.248,0.0
Locomotion_1,X3,79.381,0.0
Locomotion_1,X3,79.513,0.0
Locomotion_1,X3,79.646,0.0
Locomotion_1,X3,79.779,0.0
Locomotion_1,X3,79.912,0.0
Locomotion_1,X3,80.044,0.0
Locomotion_1,X3,80.177,0.0
Locomotion_1,X3,80.31,0.0
Locomotion_1,X3,80.442,0.0
Locomotion_1,X3,80.575,0.0
Locomotion_1,X3,80.708,0.0
Locomotion_1,X3,80.841,0.0
Locomotion_1,X3,80.973,0.0
Locomotion_1,X3,81.106,0.0
Locomotion_1,X3,81.239,0.0
Locomotion_1,X3,81.372,0.0
Locomotion_1,X3,81.504,0.0
Locomotion_1,X3,81.637,0.0
Locomotion_1,X3,81.77,0.0
Locomotion_1,X3,81.903,0.0
Locomotion_1,X3,82.035,0.0
Locomotion_1,X3,82.168,0.0
Locomotion_1,X3,82.301,0.0
Locomotion_1,X3,82.434,0.0
Locomotion_1,X3,82.566,0.0
Locomotion_1,X3,82.699,0.0
Locomotion_1,X3,82.832,0.0
Locomotion_1,X3,82.965,0.0
Locomotion_1,X3,83.097,0.0
Locomotion_1,X3,83.23,0.0
Locomotion_1,X3,83.363,0.0
Locomotion_1,X3,83.496,0.0
Locomotion_1,X3,83.628,0.0
Locomotion_1,X3,83.761,0.0
Locomotion_1,X3,83.894,0.0
Locomotion_1,X3,84.027,0.0
Locomotion_1,X3,84.159,0.0
Locomotion_1,X3,84.292,0.0
Locomotion_1,X3,84.425,0.0
Locomotion_1,X3,84.558,0.0
Locomotion_1,X3,84.69,0.0
Locomotion_1,X3,84.823,0.0
Locomotion_1,X3,84.956,0.0
Locomotion_1,X3,85.088,0.0
Locomotion_1,X3,85.221,0.0
Locomotion_1,X3,85.354,0.0
Locomotion_1,X3,85.487,0.0
Locomotion_1,X3,85.619,0.0
Locomotion_1,X3,85.752,0.0
Locomotion_1,X3,85.885,0.0
Locomotion_1,X3,86.018,0.0
Locomotion_1,X3,86.15,0.0
Locomotion_1,X3,86.283,0.0
Locomotion_1,X3,86.416,0.0
Locomotion_1,X3,86.549,0.0
Locomotion_1,X3,86.681,0.0
Locomotion_1,X3,86.814,0.0
Locomotion_1,X3,86.947,0.0
Locomotion_1,X3,87.08,0.0
Locomotion_1,X3,87.212,0.0
Locomotion_1,X3,87.345,0.0
Locomotion_1,X3,87.478,0.0
Locomotion_1,X3,87.611,0.0
Locomotion_1,X3,87.743,0.0
Locomotion_1,X3,87.876,0.0
Locomotion_1,X3,88.009,0.0
Locomotion_1,X3,88.142,0.0
Locomotion_1,X3,88.274,0.0
Locomotion_1,X3,88.407,0.0
Locomotion_1,X3,88.54,0.0
Locomotion_1,X3,88.673,0.0
Locomotion_1,X3,88.805,0.0
Locomotion_1,X3,88.938,0.0
Locomotion_1,X3,89.071,0.0
Locomotion_1,X3,89.204,0.0
Locomotion_1,X3,89.336,0.0
Locomotion_1,X3,89.469,0.0
Locomotion_1,X3,89.602,0.0
Locomotion_1,X3,89.735,0.0
Locomotion_1,X3,89.867,0.0
Locomotion_1,X3,90.0,0.0
Locomotion_1,X3,90.133,0.0
Locomotion_1,X3,90.265,0.0
Locomotion_1,X3,90.398,0.0
Locomotion_1,X3,90.531,0.0
Locomotion_1,X3,90.664,0.0
Locomotion_1,X3,90.796,0.0
Locomotion_1,X3,90.929,0.0
Locomotion_1,X3,91.062,0.0
Locomotion_1,X3,91.195,0.0
Locomotion_1,X3,91.327,0.0
Locomotion_1,X3,91.46,0.0
Locomotion_1,X3,91.593,0.0
Locomotion_1,X3,91.726,0.0
Locomotion_1,X3,91.858,0.0
Locomotion_1,X3,91.991,0.0
Locomotion_1,X3,92.124,0.0
Locomotion_1,X3,92.257,0.0
Locomotion_1,X3,92.389,0.0
Locomotion_1,X3,92.522,0.0
Locomotion_1,X3,92.655,0.0
Locomotion_1,X3,92.788,0.0
Locomotion_1,X3,92.92,0.0
Locomotion_1,X3,93.053,0.0
Locomotion_1,X3,93.186,0.0
Locomotion_1,X3,93.319,0.0
Locomotion_1,X3,93.451,0.0
Locomotion_1,X3,93.584,0.0
Locomotion_1,X3,93.717,0.0
Locomotion_1,X3,93.85,0.0
Locomotion_1,X3,93.982,0.0
Locomotion_1,X3,94.115,0.0
Locomotion_1,X3,94.248,0.0
Locomotion_1,X3,94.381,0.0
Locomotion_1,X3,94.513,0.0
Locomotion_1,X3,94.646,0.0
Locomotion_1,X3,94.779,0.0
Locomotion_1,X3,94.912,0.0
Locomotion_1,X3,95.044,0.0
Locomotion_1,X3,95.177,0.0
Locomotion_1,X3,95.31,0.0
Locomotion_1,X3,95.442,0.0
Locomotion_1,X3,95.575,0.0
Locomotion_1,X3,95.708,0.0
Locomotion_1,X3,95.841,0.0
Locomotion_1,X3,95.973,0.0
Locomotion_1,X3,96.106,0.0
Locomotion_1,X3,96.239,0.0
Locomotion_1,X3,96.372,0.0
Locomotion_1,X3,96.504,0.0
Locomotion_1,X3,96.637,0.0
Locomotion_1,X3,96.77,0.0549
Locomotion_1,X3,96.903,1.0
Locomotion_1,X4,0.0,1.0
Locomotion_1,X4,0.133,0.0549
Locomotion_1,X4,0.265,0.0
Locomotion_1,X4,0.398,0.0
Locomotion_1,X4,0.531,0.0
Locomotion_1,X4,0.664,0.0
Locomotion_1,X4,0.796,0.0
Locomotion_1,X4,0.929,0.0
Locomotion_1,X4,1.062,0.0
Locomotion_1,X4,1.195,0.0
Locomotion_1,X4,1.327,0.0
Locomotion_1,X4,1.46,0.0
Locomotion_1,X4,1.593,0.0
Locomotion_1,X4,1.726,0.0
Locomotion_1,X4,1.858,0.0
Locomotion_1,X4,1.991,0.0
Locomotion_1,X4,2.124,0.0
Locomotion_1,X4,2.257,0.0
Locomotion_1,X4,2.389,0.0
Locomotion_1,X4,2.522,0.0
Locomotion_1,X4,2.655,0.0
Locomotion_1,X4,2.788,0.0
Locomotion_1,X4,2.92,0.0
Locomotion_1,X4,3.053,0.0
Locomotion_1,X4,3.186,0.0
Locomotion_1,X4,3.319,0.0
Locomotion_1,X4,3.451,0.0
Locomotion_1,X4,3.584,0.0
Locomotion_1,X4,3.717,0.0
Locomotion_1,X4,3.85,0.0
Locomotion_1,X4,3.982,0.0
Locomotion_1,X4,4.115,0.0
Locomotion_1,X4,4.248,0.0
Locomotion_1,X4,4.381,0.0
Locomotion_1,X4,4.513,0.0
Locomotion_1,X4,4.646,0.0
Locomotion_1,X4,4.779,0.0
Locomotion_1,X4,4.912,0.0
Locomotion_1,X4,5.044,0.0
Locomotion_1,X4,5.177,0.0
Locomotion_1,X4,5.31,0.0
Locomotion_1,X4,5.442,0.0
Locomotion_1,X4,5.575,0.0
Locomotion_1,X4,5.708,0.0
Locomotion_1,X4,5.841,0.0
Locomotion_1,X4,5.973,0.0
Locomotion_1,X4,6.106,0.0
Locomotion_1,X4,6.239,0.0
Locomotion_1,X4,6.372,0.0
Locomotion_1,X4,6.504,0.0
Locomotion_1,X4,6.637,0.0
Locomotion_1,X4,6.77,0.0
Locomotion_1,X4,6.903,0.0
Locomotion_1,X4,7.035,0.0
Locomotion_1,X4,7.168,0.0
Locomotion_1,X4,7.301,0.0
Locomotion_1,X4,7.434,0.0
Locomotion_1,X4,7.566,0.0
Locomotion_1,X4,7.699,0.0
Locomotion_1,X4,7.832,0.0
Locomotion_1,X4,7.965,0.0
Locomotion_1,X4,8.097,0.0
Locomotion_1,X4,8.23,0.0
Locomotion_1,X4,8.363,0.0
Locomotion_1,X4,8.496,0.0
Locomotion_1,X4,8.628,0.0
Locomotion_1,X4,8.761,0.0
Locomotion_1,X4,8.894,0.0
Locomotion_1,X4,9.027,0.0
Locomotion_1,X4,9.159,0.0
Locomotion_1,X4,9.292,0.0
Locomotion_1,X4,9.425,0.0
Locomotion_1,X4,9.558,0.0
Locomotion_1,X4,9.69,0.0
Locomotion_1,X4,9.823,0.0
Locomotion_1,X4,9.956,0.0
Locomotion_1,X4,10.088,0.0
Locomotion_1,X4,10.221,0.0
Locomotion_1,X4,10.354,0.0
Locomotion_1,X4,10.487,0.0
Locomotion_1,X4,10.619,0.0
Locomotion_1,X4,10.752,0.0
Locomotion_1,X4,10.885,0.0
Locomotion_1,X4,11.018,0.0
Locomotion_1,X4,11.15,0.0
Locomotion_1,X4,11.283,0.0
Locomotion_1,X4,11.416,0.0
Locomotion_1,X4,11.549,0.0
Locomotion_1,X4,11.681,0.0
Locomotion_1,X4,11.814,0.0
Locomotion_1,X4,11.947,0.0
Locomotion_1,X4,12.08,0.0
Locomotion_1,X4,12.212,0.0
Locomotion_1,X4,12.345,0.0
Locomotion_1,X4,12.478,0.0
Locomotion_1,X4,12.611,0.0
Locomotion_1,X4,12.743,0.0
Locomotion_1,X4,12.876,0.0
Locomotion_1,X4,13.009,0.0
Locomotion_1,X4,13.142,0.0
Locomotion_1,X4,13.274,0.0
Locomotion_1,X4,13.407,0.0
Locomotion_1,X4,13.54,0.0
Locomotion_1,X4,13.673,0.0
Locomotion_1,X4,13.805,0.0
Locomotion_1,X4,13.938,0.0
Locomotion_1,X4,14.071,0.0
Locomotion_1,X4,14.204,0.0
Locomotion_1,X4,14.336,0.0
Locomotion_1,X4,14.469,0.0
Locomotion_1,X4,14.602,0.0
Locomotion_1,X4,14.735,0.0
Locomotion_1,X4,14.867,0.0
Locomotion_1,X4,15.0,0.0
Locomotion_1,X4,15.133,0.0
Locomotion_1,X4,15.265,0.0
Locomotion_1,X4,15.398,0.0
Locomotion_1,X4,15.531,0.0
Locomotion_1,X4,15.664,0.0
Locomotion_1,X4,15.796,0.0
Locomotion_1,X4,15.929,0.0
Locomotion_1,X4,16.062,0.0
Locomotion_1,X4,16.195,0.0
Locomotion_1,X4,16.327,0.0
Locomotion_1,X4,16.46,0.0
Locomotion_1,X4,16.593,0.0
Locomotion_1,X4,16.726,0.0
Locomotion_1,X4,16.858,0.0
Locomotion_1,X4,16.991,0.0
Locomotion_1,X4,17.124,0.0
Locomotion_1,X4,17.257,0.0
Locomotion_1,X4,17.389,0.0
Locomotion_1,X4,17.522,0.0
Locomotion_1,X4,17.655,0.0
Locomotion_1,X4,17.788,0.0
Locomotion_1,X4,17.92,0.0
Locomotion_1,X4,18.053,0.0
Locomotion_1,X4,18.186,0.0
Locomotion_1,X4,18.319,0.0
Locomotion_1,X4,18.451,0.0
Locomotion_1,X4,18.584,0.0
Locomotion_1,X4,18.717,0.0
Locomotion_1,X4,18.85,0.0
Locomotion_1,X4,18.982,0.0
Locomotion_1,X4,19.115,0.0
Locomotion_1,X4,19.248,0.0
Locomotion_1,X4,19.381,0.0
Locomotion_1,X4,19.513,0.0
Locomotion_1,X4,19.646,0.0
Locomotion_1,X4,19.779,0.0
Locomotion_1,X4,19.912,0.0
Locomotion_1,X4,20.044,0.0
Locomotion_1,X4,20.177,0.0
Locomotion_1,X4,20.31,0.0
Locomotion_1,X4,20.442,0.0
Locomotion_1,X4,20.575,0.0
Locomotion_1,X4,20.708,0.0
Locomotion_1,X4,20.841,0.0
Locomotion_1,X4,20.973,0.0
Locomotion_1,X4,21.106,0.0
Locomotion_1,X4,21.239,0.0
Locomotion_1,X4,21.372,0.0
Locomotion_1,X4,21.504,0.0
Locomotion_1,X4,21.637,0.0
Locomotion_1,X4,21.77,0.0
Locomotion_1,X4,21.903,0.0
Locomotion_1,X4,22.035,0.0
Locomotion_1,X4,22.168,0.0
Locomotion_1,X4,22.301,0.0
Locomotion_1,X4,22.434,0.0
Locomotion_1,X4,22.566,0.0
Locomotion_1,X4,22.699,0.0
Locomotion_1,X4,22.832,0.0
Locomotion_1,X4,22.965,0.0
Locomotion_1,X4,23.097,0.0
Locomotion_1,X4,23.23,0.0
Locomotion_1,X4,23.363,0.0
Locomotion_1,X4,23.496,0.0
Locomotion_1,X4,23.628,0.0
Locomotion_1,X4,23.761,0.0
Locomotion_1,X4,23.894,0.0
Locomotion_1,X4,24.027,0.0
Locomotion_1,X4,24.159,0.0
Locomotion_1,X4,24.292,0.0
Locomotion_1,X4,24.425,0.0
Locomotion_1,X4,24.558,0.0
Locomotion_1,X4,24.69,0.0
Locomotion_1,X4,24.823,0.0
Locomotion_1,X4,24.956,0.0
Locomotion_1,X4,25.088,0.0
Locomotion_1,X4,25.221,0.0
Locomotion_1,X4,25.354,0.0
Locomotion_1,X4,25.487,0.0
Locomotion_1,X4,25.619,0.0
Locomotion_1,X4,25.752,0.0
Locomotion_1,X4,25.885,0.0
Locomotion_1,X4,26.018,0.0
Locomotion_1,X4,26.15,0.0
Locomotion_1,X4,26.283,0.0
Locomotion_1,X4,26.416,0.0
Locomotion_1,X4,26.549,0.0
Locomotion_1,X4,26.681,0.0
Locomotion_1,X4,26.814,0.0
Locomotion_1,X4,26.947,0.0
Locomotion_1,X4,27.08,0.0
Locomotion_1,X4,27.212,0.0
Locomotion_1,X4,27.345,0.0
Locomotion_1,X4,27.478,0.0
Locomotion_1,X4,27.611,0.0
Locomotion_1,X4,27.743,0.0
Locomotion_1,X4,27.876,0.0
Locomotion_1,X4,28.009,0.0
Locomotion_1,X4,28.142,0.0
Locomotion_1,X4,28.274,0.0
Locomotion_1,X4,28.407,0.0
Locomotion_1,X4,28.54,0.0
Locomotion_1,X4,28.673,0.0
Locomotion_1,X4,28.805,0.0
Locomotion_1,X4,28.938,0.0
Locomotion_1,X4,29.071,0.0
Locomotion_1,X4,29.204,0.0
Locomotion_1,X4,29.336,0.0
Locomotion_1,X4,29.469,0.0
Locomotion_1,X4,29.602,0.0
Locomotion_1,X4,29.735,0.0
Locomotion_1,X4,29.867,0.0
Locomotion_1,X4,30.0,0.0
Locomotion_1,X4,30.133,0.0
Locomotion_1,X4,30.265,0.0
Locomotion_1,X4,30.398,0.0
Locomotion_1,X4,30.531,0.0
Locomotion_1,X4,30.664,0.0
Locomotion_1,X4,30.796,0.0
Locomotion_1,X4,30.929,0.0
Locomotion_1,X4,31.062,0.0
Locomotion_1,X4,31.195,0.0
Locomotion_1,X4,31.327,0.0
Locomotion_1,X4,31.46,0.0
Locomotion_1,X4,31.593,0.0
Locomotion_1,X4,31.726,0.0
Locomotion_1,X4,31.858,0.0
Locomotion_1,X4,31.991,0.0
Locomotion_1,X4,32.124,0.0
Locomotion_1,X4,32.257,0.0
Locomotion_1,X4,32.389,0.0
Locomotion_1,X4,32.522,0.0
Locomotion_1,X4,32.655,0.0
Locomotion_1,X4,32.788,0.0
Locomotion_1,X4,32.92,0.0
Locomotion_1,X4,33.053,0.0
Locomotion_1,X4,33.186,0.0
Locomotion_1,X4,33.319,0.0
Locomotion_1,X4,33.451,0.0
Locomotion_1,X4,33.584,0.0
Locomotion_1,X4,33.717,0.0
Locomotion_1,X4,33.85,0.0
Locomotion_1,X4,33.982,0.0
Locomotion_1,X4,34.115,0.0
Locomotion_1,X4,34.248,0.0
Locomotion_1,X4,34.381,0.0
Locomotion_1,X4,34.513,0.0
Locomotion_1,X4,34.646,0.0
Locomotion_1,X4,34.779,0.0
Locomotion_1,X4,34.912,0.0
Locomotion_1,X4,35.044,0.0
Locomotion_1,X4,35.177,0.0
Locomotion_1,X4,35.31,0.0
Locomotion_1,X4,35.442,0.0
Locomotion_1,X4,35.575,0.0
Locomotion_1,X4,35.708,0.0
Locomotion_1,X4,35.841,0.0
Locomotion_1,X4,35.973,0.0
Locomotion_1,X4,36.106,0.0
Locomotion_1,X4,36.239,0.0
Locomotion_1,X4,36.372,0.0
Locomotion_1,X4,36.504,0.0
Locomotion_1,X4,36.637,0.0
Locomotion_1,X4,36.77,0.0
Locomotion_1,X4,36.903,0.0
Locomotion_1,X4,37.035,0.0
Locomotion_1,X4,37.168,0.0
Locomotion_1,X4,37.301,0.0
Locomotion_1,X4,37.434,0.0
Locomotion_1,X4,37.566,0.0
Locomotion_1,X4,37.699,0.0
Locomotion_1,X4,37.832,0.0
Locomotion_1,X4,37.965,0.0
Locomotion_1,X4,38.097,0.0
Locomotion_1,X4,38.23,0.0
Locomotion_1,X4,38.363,0.0
Locomotion_1,X4,38.496,0.0
Locomotion_1,X4,38.628,0.0
Locomotion_1,X4,38.761,0.0
Locomotion_1,X4,38.894,0.0
Locomotion_1,X4,39.027,0.0
Locomotion_1,X4,39.159,0.0
Locomotion_1,X4,39.292,0.0
Locomotion_1,X4,39.425,0.0
Locomotion_1,X4,39.558,0.0
Locomotion_1,X4,39.69,0.0
Locomotion_1,X4,39.823,0.0
Locomotion_1,X4,39.956,0.0
Locomotion_1,X4,40.088,0.0
Locomotion_1,X4,40.221,0.0
Locomotion_1,X4,40.354,0.0
Locomotion_1,X4,40.487,0.0
Locomotion_1,X4,40.619,0.0
Locomotion_1,X4,40.752,0.0
Locomotion_1,X4,40.885,0.0
Locomotion_1,X4,41.018,0.0
Locomotion_1,X4,41.15,0.0
Locomotion_1,X4,41.283,0.0
Locomotion_1,X4,41.416,0.0
Locomotion_1,X4,41.549,0.0
Locomotion_1,X4,41.681,0.0
Locomotion_1,X4,41.814,0.0
Locomotion_1,X4,41.947,0.0
Locomotion_1,X4,42.08,0.0
Locomotion_1,X4,42.212,0.0
Locomotion_1,X4,42.345,0.0
Locomotion_1,X4,42.478,0.0
Locomotion_1,X4,42.611,0.0
Locomotion_1,X4,42.743,0.0
Locomotion_1,X4,42.876,0.0
Locomotion_1,X4,43.009,0.0
Locomotion_1,X4,43.142,0.0
Locomotion_1,X4,43.274,0.0
Locomotion_1,X4,43.407,0.0
Locomotion_1,X4,43.54,0.0
Locomotion_1,X4,43.673,0.0
Locomotion_1,X4,43.805,0.0
Locomotion_1,X4,43.938,0.0
Locomotion_1,X4,44.071,0.0
Locomotion_1,X4,44.204,0.0
Locomotion_1,X4,44.336,0.0
Locomotion_1,X4,44.469,0.0
Locomotion_1,X4,44.602,0.0
Locomotion_1,X4,44.735,0.0
Locomotion_1,X4,44.867,0.0
Locomotion_1,X4,45.0,0.0
Locomotion_1,X4,45.133,0.0
Locomotion_1,X4,45.265,0.0
Locomotion_1,X4,45.398,0.0
Locomotion_1,X4,45.531,0.0
Locomotion_1,X4,45.664,0.0
Locomotion_1,X4,45.796,0.0
Locomotion_1,X4,45.929,0.0
Locomotion_1,X4,46.062,0.0
Locomotion_1,X4,46.195,0.0
Locomotion_1,X4,46.327,0.0
Locomotion_1,X4,46.46,0.0
Locomotion_1,X4,46.593,0.0
Locomotion_1,X4,46.726,0.0
Locomotion_1,X4,46.858,0.0
Locomotion_1,X4,46.991,0.0
Locomotion_1,X4,47.124,0.0
Locomotion_1,X4,47.257,0.0
Locomotion_1,X4,47.389,0.0
Locomotion_1,X4,47.522,0.0
Locomotion_1,X4,47.655,0.0
Locomotion_1,X4,47.788,0.0
Locomotion_1,X4,47.92,0.0
Locomotion_1,X4,48.053,0.0
Locomotion_1,X4,48.186,0.0
Locomotion_1,X4,48.319,0.0
Locomotion_1,X4,48.451,0.0
Locomotion_1,X4,48.584,0.0
Locomotion_1,X4,48.717,0.0
Locomotion_1,X4,48.85,0.0
Locomotion_1,X4,48.982,0.0
Locomotion_1,X4,49.115,0.0
Locomotion_1,X4,49.248,0.0
Locomotion_1,X4,49.381,0.0
Locomotion_1,X4,49.513,0.0
Locomotion_1,X4,49.646,0.0
Locomotion_1,X4,49.779,0.0
Locomotion_1,X4,49.912,0.0
Locomotion_1,X4,50.044,0.0
Locomotion_1,X4,50.177,0.0
Locomotion_1,X4,50.31,0.0
Locomotion_1,X4,50.442,0.0
Locomotion_1,X4,50.575,0.0
Locomotion_1,X4,50.708,0.0
Locomotion_1,X4,50.841,0.0
Locomotion_1,X4,50.973,0.0
Locomotion_1,X4,51.106,0.0
Locomotion_1,X4,51.239,0.0
Locomotion_1,X4,51.372,0.0
Locomotion_1,X4,51.504,0.0
Locomotion_1,X4,51.637,0.0
Locomotion_1,X4,51.77,0.0
Locomotion_1,X4,51.903,0.0
Locomotion_1,X4,52.035,0.0
Locomotion_1,X4,52.168,0.0
Locomotion_1,X4,52.301,0.0
Locomotion_1,X4,52.434,0.0
Locomotion_1,X4,52.566,0.0
Locomotion_1,X4,52.699,0.0
Locomotion_1,X4,52.832,0.0
Locomotion_1,X4,52.965,0.0
Locomotion_1,X4,53.097,0.0
Locomotion_1,X4,53.23,0.0
Locomotion_1,X4,53.363,0.0
Locomotion_1,X4,53.496,0.0
Locomotion_1,X4,53.628,0.0
Locomotion_1,X4,53.761,0.0
Locomotion_1,X4,53.894,0.0
Locomotion_1,X4,54.027,0.0
Locomotion_1,X4,54.159,0.0
Locomotion_1,X4,54.292,0.0
Locomotion_1,X4,54.425,0.0
Locomotion_1,X4,54.558,0.0
Locomotion_1,X4,54.69,0.0
Locomotion_1,X4,54.823,0.0
Locomotion_1,X4,54.956,0.0
Locomotion_1,X4,55.088,0.0
Locomotion_1,X4,55.221,0.0
Locomotion_1,X4,55.354,0.0
Locomotion_1,X4,55.487,0.0
Locomotion_1,X4,55.619,0.0
Locomotion_1,X4,55.752,0.0
Locomotion_1,X4,55.885,0.0
Locomotion_1,X4,56.018,0.0
Locomotion_1,X4,56.15,0.0
Locomotion_1,X4,56.283,0.0
Locomotion_1,X4,56.416,0.0
Locomotion_1,X4,56.549,0.0
Locomotion_1,X4,56.681,0.0
Locomotion_1,X4,56.814,0.0
Locomotion_1,X4,56.947,0.0
Locomotion_1,X4,57.08,0.0
Locomotion_1,X4,57.212,0.0
Locomotion_1,X4,57.345,0.0
Locomotion_1,X4,57.478,0.0
Locomotion_1,X4,57.611,0.0
Locomotion_1,X4,57.743,0.0
Locomotion_1,X4,57.876,0.0
Locomotion_1,X4,58.009,0.0
Locomotion_1,X4,58.142,0.0
Locomotion_1,X4,58.274,0.0
Locomotion_1,X4,58.407,0.0
Locomotion_1,X4,58.54,0.0
Locomotion_1,X4,58.673,0.0
Locomotion_1,X4,58.805,0.0
Locomotion_1,X4,58.938,0.0
Locomotion_1,X4,59.071,0.0
Locomotion_1,X4,59.204,0.0
Locomotion_1,X4,59.336,0.0
Locomotion_1,X4,59.469,0.0
Locomotion_1,X4,59.602,0.0
Locomotion_1,X4,59.735,0.0
Locomotion_1,X4,59.867,0.0
Locomotion_1,X4,60.0,0.0
Locomotion_1,X4,60.133,0.0
Locomotion_1,X4,60.265,0.0
Locomotion_1,X4,60.398,0.0
Locomotion_1,X4,60.531,0.0
Locomotion_1,X4,60.664,0.0
Locomotion_1,X4,60.796,0.0
Locomotion_1,X4,60.929,0.0
Locomotion_1,X4,61.062,0.0
Locomotion_1,X4,61.195,0.0
Locomotion_1,X4,61.327,0.0
Locomotion_1,X4,61.46,0.0
Locomotion_1,X4,61.593,0.0
Locomotion_1,X4,61.726,0.0
Locomotion_1,X4,61.858,0.0
Locomotion_1,X4,61.991,0.0
Locomotion_1,X4,62.124,0.0
Locomotion_1,X4,62.257,0.0
Locomotion_1,X4,62.389,0.0
Locomotion_1,X4,62.522,0.0
Locomotion_1,X4,62.655,0.0
Locomotion_1,X4,62.788,0.0
Locomotion_1,X4,62.92,0.0
Locomotion_1,X4,63.053,0.0
Locomotion_1,X4,63.186,0.0
Locomotion_1,X4,63.319,0.0
Locomotion_1,X4,63.451,0.0
Locomotion_1,X4,63.584,0.0
Locomotion_1,X4,63.717,0.0
Locomotion_1,X4,63.85,0.0
Locomotion_1,X4,63.982,0.0
Locomotion_1,X4,64.115,0.0
Locomotion_1,X4,64.248,0.0
Locomotion_1,X4,64.381,0.0
Locomotion_1,X4,64.513,0.0
Locomotion_1,X4,64.646,0.0
Locomotion_1,X4,64.779,0.0
Locomotion_1,X4,64.912,0.0
Locomotion_1,X4,65.044,0.0
Locomotion_1,X4,65.177,0.0
Locomotion_1,X4,65.31,0.0
Locomotion_1,X4,65.442,0.0
Locomotion_1,X4,65.575,0.0
Locomotion_1,X4,65.708,0.0
Locomotion_1,X4,65.841,0.0
Locomotion_1,X4,65.973,0.0
Locomotion_1,X4,66.106,0.0
Locomotion_1,X4,66.239,0.0
Locomotion_1,X4,66.372,0.0
Locomotion_1,X4,66.504,0.0
Locomotion_1,X4,66.637,0.0
Locomotion_1,X4,66.77,0.0
Locomotion_1,X4,66.903,0.0
Locomotion_1,X4,67.035,0.0
Locomotion_1,X4,67.168,0.0
Locomotion_1,X4,67.301,0.0
Locomotion_1,X4,67.434,0.0
Locomotion_1,X4,67.566,0.0
Locomotion_1,X4,67.699,0.0
Locomotion_1,X4,67.832,0.0
Locomotion_1,X4,67.965,0.0
Locomotion_1,X4,68.097,0.0
Locomotion_1,X4,68.23,0.0
Locomotion_1,X4,68.363,0.0
Locomotion_1,X4,68.496,0.0
Locomotion_1,X4,68.628,0.0
Locomotion_1,X4,68.761,0.0
Locomotion_1,X4,68.894,0.0
Locomotion_1,X4,69.027,0.0
Locomotion_1,X4,69.159,0.0
Locomotion_1,X4,69.292,0.0
Locomotion_1,X4,69.425,0.0
Locomotion_1,X4,69.558,0.0
Locomotion_1,X4,69.69,0.0
Locomotion_1,X4,69.823,0.0
Locomotion_1,X4,69.956,0.0
Locomotion_1,X4,70.088,0.0
Locomotion_1,X4,70.221,0.0
Locomotion_1,X4,70.354,0.0
Locomotion_1,X4,70.487,0.0
Locomotion_1,X4,70.619,0.0
Locomotion_1,X4,70.752,0.0
Locomotion_1,X4,70.885,0.0
Locomotion_1,X4,71.018,0.0
Locomotion_1,X4,71.15,0.0
Locomotion_1,X4,71.283,0.0
Locomotion_1,X4,71.416,0.0
Locomotion_1,X4,71.549,0.0
Locomotion_1,X4,71.681,0.0
Locomotion_1,X4,71.814,0.0
Locomotion_1,X4,71.947,0.0
Locomotion_1,X4,72.08,0.0
Locomotion_1,X4,72.212,0.0
Locomotion_1,X4,72.345,0.0
Locomotion_1,X4,72.478,0.0
Locomotion_1,X4,72.611,0.0
Locomotion_1,X4,72.743,0.0
Locomotion_1,X4,72.876,0.0
Locomotion_1,X4,73.009,0.0
Locomotion_1,X4,73.142,0.0
Locomotion_1,X4,73.274,0.0
Locomotion_1,X4,73.407,0.0
Locomotion_1,X4,73.54,0.0
Locomotion_1,X4,73.673,0.0
Locomotion_1,X4,73.805,0.0
Locomotion_1,X4,73.938,0.0
Locomotion_1,X4,74.071,0.0
Locomotion_1,X4,74.204,0.0
Locomotion_1,X4,74.336,0.0
Locomotion_1,X4,74.469,0.0
Locomotion_1,X4,74.602,0.0
Locomotion_1,X4,74.735,0.0
Locomotion_1,X4,74.867,0.0
Locomotion_1,X4,75.0,0.0
Locomotion_1,X4,75.133,0.0
Locomotion_1,X4,75.265,0.0
Locomotion_1,X4,75.398,0.0
Locomotion_1,X4,75.531,0.0
Locomotion_1,X4,75.664,0.0
Locomotion_1,X4,75.796,0.0
Locomotion_1,X4,75.929,0.0
Locomotion_1,X4,76.062,0.0
Locomotion_1,X4,76.195,0.0
Locomotion_1,X4,76.327,0.0
Locomotion_1,X4,76.46,0.0
Locomotion_1,X4,76.593,0.0
Locomotion_1,X4,76.726,0.0
Locomotion_1,X4,76.858,0.0
Locomotion_1,X4,76.991,0.0
Locomotion_1,X4,77.124,0.0
Locomotion_1,X4,77.257,0.0
Locomotion_1,X4,77.389,0.0
Locomotion_1,X4,77.522,0.0
Locomotion_1,X4,77.655,0.0
Locomotion_1,X4,77.788,0.0
Locomotion_1,X4,77.92,0.0
Locomotion_1,X4,78.053,0.0
Locomotion_1,X4,78.186,0.0
Locomotion_1,X4,78.319,0.0
Locomotion_1,X4,78.451,0.0
Locomotion_1,X4,78.584,0.0
Locomotion_1,X4,78.717,0.0
Locomotion_1,X4,78.85,0.0
Locomotion_1,X4,78.982,0.0
Locomotion_1,X4,79.115,0.0
Locomotion_1,X4,79.248,0.0
Locomotion_1,X4,79.381,0.0
Locomotion_1,X4,79.513,0.0
Locomotion_1,X4,79.646,0.0
Locomotion_1,X4,79.779,0.0
Locomotion_1,X4,79.912,0.0
Locomotion_1,X4,80.044,0.0
Locomotion_1,X4,80.177,0.0
Locomotion_1,X4,80.31,0.0
Locomotion_1,X4,80.442,0.0
Locomotion_1,X4,80.575,0.0
Locomotion_1,X4,80.708,0.0
Locomotion_1,X4,80.841,0.0
Locomotion_1,X4,80.973,0.0
Locomotion_1,X4,81.106,0.0
Locomotion_1,X4,81.239,0.0
Locomotion_1,X4,81.372,0.0
Locomotion_1,X4,81.504,0.0
Locomotion_1,X4,81.637,0.0
Locomotion_1,X4,81.77,0.0
Locomotion_1,X4,81.903,0.0
Locomotion_1,X4,82.035,0.0
Locomotion_1,X4,82.168,0.0
Locomotion_1,X4,82.301,0.0
Locomotion_1,X4,82.434,0.0
Locomotion_1,X4,82.566,0.0
Locomotion_1,X4,82.699,0.0
Locomotion_1,X4,82.832,0.0
Locomotion_1,X4,82.965,0.0
Locomotion_1,X4,83.097,0.0
Locomotion_1,X4,83.23,0.0
Locomotion_1,X4,83.363,0.0
Locomotion_1,X4,83.496,0.0
Locomotion_1,X4,83.628,0.0
Locomotion_1,X4,83.761,0.0
Locomotion_1,X4,83.894,0.0
Locomotion_1,X4,84.027,0.0
Locomotion_1,X4,84.159,0.0
Locomotion_1,X4,84.292,0.0
Locomotion_1,X4,84.425,0.0
Locomotion_1,X4,84.558,0.0
Locomotion_1,X4,84.69,0.0
Locomotion_1,X4,84.823,0.0
Locomotion_1,X4,84.956,0.0
Locomotion_1,X4,85.088,0.0
Locomotion_1,X4,85.221,0.0
Locomotion_1,X4,85.354,0.0
Locomotion_1,X4,85.487,0.0
Locomotion_1,X4,85.619,0.0
Locomotion_1,X4,85.752,0.0
Locomotion_1,X4,85.885,0.0
Locomotion_1,X4,86.018,0.0
Locomotion_1,X4,86.15,0.0
Locomotion_1,X4,86.283,0.0
Locomotion_1,X4,86.416,0.0
Locomotion_1,X4,86.549,0.0
Locomotion_1,X4,86.681,0.0
Locomotion_1,X4,86.814,0.0
Locomotion_1,X4,86.947,0.0
Locomotion_1,X4,87.08,0.0
Locomotion_1,X4,87.212,0.0
Locomotion_1,X4,87.345,0.0
Locomotion_1,X4,87.478,0.0
Locomotion_1,X4,87.611,0.0
Locomotion_1,X4,87.743,0.0
Locomotion_1,X4,87.876,0.0
Locomotion_1,X4,88.009,0.0
Locomotion_1,X4,88.142,0.0
Locomotion_1,X4,88.274,0.0
Locomotion_1,X4,88.407,0.0
Locomotion_1,X4,88.54,0.0
Locomotion_1,X4,88.673,0.0
Locomotion_1,X4,88.805,0.0
Locomotion_1,X4,88.938,0.0
Locomotion_1,X4,89.071,0.0
Locomotion_1,X4,89.204,0.0
Locomotion_1,X4,89.336,0.0
Locomotion_1,X4,89.469,0.0
Locomotion_1,X4,89.602,0.0
Locomotion_1,X4,89.735,0.0
Locomotion_1,X4,89.867,0.0
Locomotion_1,X4,90.0,0.0
Locomotion_1,X4,90.133,0.0
Locomotion_1,X4,90.265,0.0
Locomotion_1,X4,90.398,0.0
Locomotion_1,X4,90.531,0.0
Locomotion_1,X4,90.664,0.0
Locomotion_1,X4,90.796,0.0
Locomotion_1,X4,90.929,0.0
Locomotion_1,X4,91.062,0.0
Locomotion_1,X4,91.195,0.0
Locomotion_1,X4,91.327,0.0
Locomotion_1,X4,91.46,0.0
Locomotion_1,X4,91.593,0.0
Locomotion_1,X4,91.726,0.0
Locomotion_1,X4,91.858,0.0
Locomotion_1,X4,91.991,0.0
Locomotion_1,X4,92.124,0.0
Locomotion_1,X4,92.257,0.0
Locomotion_1,X4,92.389,0.0
Locomotion_1,X4,92.522,0.0
Locomotion_1,X4,92.655,0.0
Locomotion_1,X4,92.788,0.0
Locomotion_1,X4,92.92,0.0
Locomotion_1,X4,93.053,0.0
Locomotion_1,X4,93.186,0.0
Locomotion_1,X4,93.319,0.0
Locomotion_1,X4,93.451,0.0
Locomotion_1,X4,93.584,0.0
Locomotion_1,X4,93.717,0.0
Locomotion_1,X4,93.85,0.0
Locomotion_1,X4,93.982,0.0
Locomotion_1,X4,94.115,0.0
Locomotion_1,X4,94.248,0.0
Locomotion_1,X4,94.381,0.0
Locomotion_1,X4,94.513,0.0
Locomotion_1,X4,94.646,0.0
Locomotion_1,X4,94.779,0.0
Locomotion_1,X4,94.912,0.0
Locomotion_1,X4,95.044,0.0
Locomotion_1,X4,95.177,0.0
Locomotion_1,X4,95.31,0.0
Locomotion_1,X4,95.442,0.0
Locomotion_1,X4,95.575,0.0
Locomotion_1,X4,95.708,0.0
Locomotion_1,X4,95.841,0.0
Locomotion_1,X4,95.973,0.0
Locomotion_1,X4,96.106,0.0
Locomotion_1,X4,96.239,0.0
Locomotion_1,X4,96.372,0.0
Locomotion_1,X4,96.504,0.0
Locomotion_1,X4,96.637,0.0
Locomotion_1,X4,96.77,0.0549
Locomotion_1,X4,96.903,1.0
Locomotion_1,X5,0.0,1.0
Locomotion_1,X5,0.133,0.0549
Locomotion_1,X5,0.265,0.0
Locomotion_1,X5,0.398,0.0
Locomotion_1,X5,0.531,0.0
Locomotion_1,X5,0.664,0.0
Locomotion_1,X5,0.796,0.0
Locomotion_1,X5,0.929,0.0
Locomotion_1,X5,1.062,0.0
Locomotion_1,X5,1.195,0.0
Locomotion_1,X5,1.327,0.0
Locomotion_1,X5,1.46,0.0
Locomotion_1,X5,1.593,0.0
Locomotion_1,X5,1.726,0.0
Locomotion_1,X5,1.858,0.0
Locomotion_1,X5,1.991,0.0
Locomotion_1,X5,2.124,0.0
Locomotion_1,X5,2.257,0.0
Locomotion_1,X5,2.389,0.0
Locomotion_1,X5,2.522,0.0
Locomotion_1,X5,2.655,0.0
Locomotion_1,X5,2.788,0.0
Locomotion_1,X5,2.92,0.0
Locomotion_1,X5,3.053,0.0
Locomotion_1,X5,3.186,0.0
Locomotion_1,X5,3.319,0.0
Locomotion_1,X5,3.451,0.0
Locomotion_1,X5,3.584,0.0
Locomotion_1,X5,3.717,0.0
Locomotion_1,X5,3.85,0.0
Locomotion_1,X5,3.982,0.0
Locomotion_1,X5,4.115,0.0
Locomotion_1,X5,4.248,0.0
Locomotion_1,X5,4.381,0.0
Locomotion_1,X5,4.513,0.0
Locomotion_1,X5,4.646,0.0
Locomotion_1,X5,4.779,0.0
Locomotion_1,X5,4.912,0.0
Locomotion_1,X5,5.044,0.0
Locomotion_1,X5,5.177,0.0
Locomotion_1,X5,5.31,0.0
Locomotion_1,X5,5.442,0.0
Locomotion_1,X5,5.575,0.0
Locomotion_1,X5,5.708,0.0
Locomotion_1,X5,5.841,0.0
Locomotion_1,X5,5.973,0.0
Locomotion_1,X5,6.106,0.0
Locomotion_1,X5,6.239,0.0
Locomotion_1,X5,6.372,0.0
Locomotion_1,X5,6.504,0.0
Locomotion_1,X5,6.637,0.0
Locomotion_1,X5,6.77,0.0
Locomotion_1,X5,6.903,0.0
Locomotion_1,X5,7.035,0.0
Locomotion_1,X5,7.168,0.0
Locomotion_1,X5,7.301,0.0
Locomotion_1,X5,7.434,0.0
Locomotion_1,X5,7.566,0.0
Locomotion_1,X5,7.699,0.0
Locomotion_1,X5,7.832,0.0
Locomotion_1,X5,7.965,0.0
Locomotion_1,X5,8.097,0.0
Locomotion_1,X5,8.23,0.0
Locomotion_1,X5,8.363,0.0
Locomotion_1,X5,8.496,0.0
Locomotion_1,X5,8.628,0.0
Locomotion_1,X5,8.761,0.0
Locomotion_1,X5,8.894,0.0
Locomotion_1,X5,9.027,0.0
Locomotion_1,X5,9.159,0.0
Locomotion_1,X5,9.292,0.0
Locomotion_1,X5,9.425,0.0
Locomotion_1,X5,9.558,0.0
Locomotion_1,X5,9.69,0.0
Locomotion_1,X5,9.823,0.0
Locomotion_1,X5,9.956,0.0
Locomotion_1,X5,10.088,0.0
Locomotion_1,X5,10.221,0.0
Locomotion_1,X5,10.354,0.0
Locomotion_1,X5,10.487,0.0
Locomotion_1,X5,10.619,0.0
Locomotion_1,X5,10.752,0.0
Locomotion_1,X5,10.885,0.0
Locomotion_1,X5,11.018,0.0
Locomotion_1,X5,11.15,0.0
Locomotion_1,X5,11.283,0.0
Locomotion_1,X5,11.416,0.0
Locomotion_1,X5,11.549,0.0
Locomotion_1,X5,11.681,0.0
Locomotion_1,X5,11.814,0.0
Locomotion_1,X5,11.947,0.0
Locomotion_1,X5,12.08,0.0
Locomotion_1,X5,12.212,0.0
Locomotion_1,X5,12.345,0.0
Locomotion_1,X5,12.478,0.0
Locomotion_1,X5,12.611,0.0
Locomotion_1,X5,12.743,0.0
Locomotion_1,X5,12.876,0.0
Locomotion_1,X5,13.009,0.0
Locomotion_1,X5,13.142,0.0
Locomotion_1,X5,13.274,0.0
Locomotion_1,X5,13.407,0.0
Locomotion_1,X5,13.54,0.0
Locomotion_1,X5,13.673,0.0
Locomotion_1,X5,13.805,0.0
Locomotion_1,X5,13.938,0.0
Locomotion_1,X5,14.071,0.0
Locomotion_1,X5,14.204,0.0
Locomotion_1,X5,14.336,0.0
Locomotion_1,X5,14.469,0.0
Locomotion_1,X5,14.602,0.0
Locomotion_1,X5,14.735,0.0
Locomotion_1,X5,14.867,0.0
Locomotion_1,X5,15.0,0.0
Locomotion_1,X5,15.133,0.0
Locomotion_1,X5,15.265,0.0
Locomotion_1,X5,15.398,0.0
Locomotion_1,X5,15.531,0.0
Locomotion_1,X5,15.664,0.0
Locomotion_1,X5,15.796,0.0
Locomotion_1,X5,15.929,0.0
Locomotion_1,X5,16.062,0.0
Locomotion_1,X5,16.195,0.0
Locomotion_1,X5,16.327,0.0
Locomotion_1,X5,16.46,0.0
Locomotion_1,X5,16.593,0.0
Locomotion_1,X5,16.726,0.0
Locomotion_1,X5,16.858,0.0
Locomotion_1,X5,16.991,0.0
Locomotion_1,X5,17.124,0.0
Locomotion_1,X5,17.257,0.0
Locomotion_1,X5,17.389,0.0
Locomotion_1,X5,17.522,0.0
Locomotion_1,X5,17.655,0.0
Locomotion_1,X5,17.788,0.0
Locomotion_1,X5,17.92,0.0
Locomotion_1,X5,18.053,0.0
Locomotion_1,X5,18.186,0.0
Locomotion_1,X5,18.319,0.0
Locomotion_1,X5,18.451,0.0
Locomotion_1,X5,18.584,0.0
Locomotion_1,X5,18.717,0.0
Locomotion_1,X5,18.85,0.0
Locomotion_1,X5,18.982,0.0
Locomotion_1,X5,19.115,0.0
Locomotion_1,X5,19.248,0.0
Locomotion_1,X5,19.381,0.0
Locomotion_1,X5,19.513,0.0
Locomotion_1,X5,19.646,0.0
Locomotion_1,X5,19.779,0.0
Locomotion_1,X5,19.912,0.0
Locomotion_1,X5,20.044,0.0
Locomotion_1,X5,20.177,0.0
Locomotion_1,X5,20.31,0.0
Locomotion_1,X5,20.442,0.0
Locomotion_1,X5,20.575,0.0
Locomotion_1,X5,20.708,0.0
Locomotion_1,X5,20.841,0.0
Locomotion_1,X5,20.973,0.0
Locomotion_1,X5,21.106,0.0
Locomotion_1,X5,21.239,0.0
Locomotion_1,X5,21.372,0.0
Locomotion_1,X5,21.504,0.0
Locomotion_1,X5,21.637,0.0
Locomotion_1,X5,21.77,0.0
Locomotion_1,X5,21.903,0.0
Locomotion_1,X5,22.035,0.0
Locomotion_1,X5,22.168,0.0
Locomotion_1,X5,22.301,0.0
Locomotion_1,X5,22.434,0.0
Locomotion_1,X5,22.566,0.0
Locomotion_1,X5,22.699,0.0
Locomotion_1,X5,22.832,0.0
Locomotion_1,X5,22.965,0.0
Locomotion_1,X5,23.097,0.0
Locomotion_1,X5,23.23,0.0
Locomotion_1,X5,23.363,0.0
Locomotion_1,X5,23.496,0.0
Locomotion_1,X5,23.628,0.0
Locomotion_1,X5,23.761,0.0
Locomotion_1,X5,23.894,0.0
Locomotion_1,X5,24.027,0.0
Locomotion_1,X5,24.159,0.0
Locomotion_1,X5,24.292,0.0
Locomotion_1,X5,24.425,0.0
Locomotion_1,X5,24.558,0.0
Locomotion_1,X5,24.69,0.0
Locomotion_1,X5,24.823,0.0
Locomotion_1,X5,24.956,0.0
Locomotion_1,X5,25.088,0.0
Locomotion_1,X5,25.221,0.0
Locomotion_1,X5,25.354,0.0
Locomotion_1,X5,25.487,0.0
Locomotion_1,X5,25.619,0.0
Locomotion_1,X5,25.752,0.0
Locomotion_1,X5,25.885,0.0
Locomotion_1,X5,26.018,0.0
Locomotion_1,X5,26.15,0.0
Locomotion_1,X5,26.283,0.0
Locomotion_1,X5,26.416,0.0
Locomotion_1,X5,26.549,0.0
Locomotion_1,X5,26.681,0.0
Locomotion_1,X5,26.814,0.0
Locomotion_1,X5,26.947,0.0
Locomotion_1,X5,27.08,0.0
Locomotion_1,X5,27.212,0.0
Locomotion_1,X5,27.345,0.0
Locomotion_1,X5,27.478,0.0
Locomotion_1,X5,27.611,0.0
Locomotion_1,X5,27.743,0.0
Locomotion_1,X5,27.876,0.0
Locomotion_1,X5,28.009,0.0
Locomotion_1,X5,28.142,0.0
Locomotion_1,X5,28.274,0.0
Locomotion_1,X5,28.407,0.0
Locomotion_1,X5,28.54,0.0
Locomotion_1,X5,28.673,0.0
Locomotion_1,X5,28.805,0.0
Locomotion_1,X5,28.938,0.0
Locomotion_1,X5,29.071,0.0
Locomotion_1,X5,29.204,0.0
Locomotion_1,X5,29.336,0.0
Locomotion_1,X5,29.469,0.0
Locomotion_1,X5,29.602,0.0
Locomotion_1,X5,29.735,0.0
Locomotion_1,X5,29.867,0.0
Locomotion_1,X5,30.0,0.0
Locomotion_1,X5,30.133,0.0
Locomotion_1,X5,30.265,0.0
Locomotion_1,X5,30.398,0.0
Locomotion_1,X5,30.531,0.0
Locomotion_1,X5,30.664,0.0
Locomotion_1,X5,30.796,0.0
Locomotion_1,X5,30.929,0.0
Locomotion_1,X5,31.062,0.0
Locomotion_1,X5,31.195,0.0
Locomotion_1,X5,31.327,0.0
Locomotion_1,X5,31.46,0.0
Locomotion_1,X5,31.593,0.0
Locomotion_1,X5,31.726,0.0
Locomotion_1,X5,31.858,0.0
Locomotion_1,X5,31.991,0.0
Locomotion_1,X5,32.124,0.0
Locomotion_1,X5,32.257,0.0
Locomotion_1,X5,32.389,0.0
Locomotion_1,X5,32.522,0.0
Locomotion_1,X5,32.655,0.0
Locomotion_1,X5,32.788,0.0
Locomotion_1,X5,32.92,0.0
Locomotion_1,X5,33.053,0.0
Locomotion_1,X5,33.186,0.0
Locomotion_1,X5,33.319,0.0
Locomotion_1,X5,33.451,0.0
Locomotion_1,X5,33.584,0.0
Locomotion_1,X5,33.717,0.0
Locomotion_1,X5,33.85,0.0
Locomotion_1,X5,33.982,0.0
Locomotion_1,X5,34.115,0.0
Locomotion_1,X5,34.248,0.0
Locomotion_1,X5,34.381,0.0
Locomotion_1,X5,34.513,0.0
Locomotion_1,X5,34.646,0.0
Locomotion_1,X5,34.779,0.0
Locomotion_1,X5,34.912,0.0
Locomotion_1,X5,35.044,0.0
Locomotion_1,X5,35.177,0.0
Locomotion_1,X5,35.31,0.0
Locomotion_1,X5,35.442,0.0
Locomotion_1,X5,35.575,0.0
Locomotion_1,X5,35.708,0.0
Locomotion_1,X5,35.841,0.0
Locomotion_1,X5,35.973,0.0
Locomotion_1,X5,36.106,0.0
Locomotion_1,X5,36.239,0.0
Locomotion_1,X5,36.372,0.0
Locomotion_1,X5,36.504,0.0
Locomotion_1,X5,36.637,0.0
Locomotion_1,X5,36.77,0.0
Locomotion_1,X5,36.903,0.0
Locomotion_1,X5,37.035,0.0
Locomotion_1,X5,37.168,0.0
Locomotion_1,X5,37.301,0.0
Locomotion_1,X5,37.434,0.0
Locomotion_1,X5,37.566,0.0
Locomotion_1,X5,37.699,0.0
Locomotion_1,X5,37.832,0.0
Locomotion_1,X5,37.965,0.0
Locomotion_1,X5,38.097,0.0
Locomotion_1,X5,38.23,0.0
Locomotion_1,X5,38.363,0.0
Locomotion_1,X5,38.496,0.0
Locomotion_1,X5,38.628,0.0
Locomotion_1,X5,38.761,0.0
Locomotion_1,X5,38.894,0.0
Locomotion_1,X5,39.027,0.0
Locomotion_1,X5,39.159,0.0
Locomotion_1,X5,39.292,0.0
Locomotion_1,X5,39.425,0.0
Locomotion_1,X5,39.558,0.0
Locomotion_1,X5,39.69,0.0
Locomotion_1,X5,39.823,0.0
Locomotion_1,X5,39.956,0.0
Locomotion_1,X5,40.088,0.0
Locomotion_1,X5,40.221,0.0
Locomotion_1,X5,40.354,0.0
Locomotion_1,X5,40.487,0.0
Locomotion_1,X5,40.619,0.0
Locomotion_1,X5,40.752,0.0
Locomotion_1,X5,40.885,0.0
Locomotion_1,X5,41.018,0.0
Locomotion_1,X5,41.15,0.0
Locomotion_1,X5,41.283,0.0
Locomotion_1,X5,41.416,0.0
Locomotion_1,X5,41.549,0.0
Locomotion_1,X5,41.681,0.0
Locomotion_1,X5,41.814,0.0
Locomotion_1,X5,41.947,0.0
Locomotion_1,X5,42.08,0.0
Locomotion_1,X5,42.212,0.0
Locomotion_1,X5,42.345,0.0
Locomotion_1,X5,42.478,0.0
Locomotion_1,X5,42.611,0.0
Locomotion_1,X5,42.743,0.0
Locomotion_1,X5,42.876,0.0
Locomotion_1,X5,43.009,0.0
Locomotion_1,X5,43.142,0.0
Locomotion_1,X5,43.274,0.0
Locomotion_1,X5,43.407,0.0
Locomotion_1,X5,43.54,0.0
Locomotion_1,X5,43.673,0.0
Locomotion_1,X5,43.805,0.0
Locomotion_1,X5,43.938,0.0
Locomotion_1,X5,44.071,0.0
Locomotion_1,X5,44.204,0.0
Locomotion_1,X5,44.336,0.0
Locomotion_1,X5,44.469,0.0
Locomotion_1,X5,44.602,0.0
Locomotion_1,X5,44.735,0.0
Locomotion_1,X5,44.867,0.0
Locomotion_1,X5,45.0,0.0
Locomotion_1,X5,45.133,0.0
Locomotion_1,X5,45.265,0.0
Locomotion_1,X5,45.398,0.0
Locomotion_1,X5,45.531,0.0
Locomotion_1,X5,45.664,0.0
Locomotion_1,X5,45.796,0.0
Locomotion_1,X5,45.929,0.0
Locomotion_1,X5,46.062,0.0
Locomotion_1,X5,46.195,0.0
Locomotion_1,X5,46.327,0.0
Locomotion_1,X5,46.46,0.0
Locomotion_1,X5,46.593,0.0
Locomotion_1,X5,46.726,0.0
Locomotion_1,X5,46.858,0.0
Locomotion_1,X5,46.991,0.0
Locomotion_1,X5,47.124,0.0
Locomotion_1,X5,47.257,0.0
Locomotion_1,X5,47.389,0.0
Locomotion_1,X5,47.522,0.0
Locomotion_1,X5,47.655,0.0
Locomotion_1,X5,47.788,0.0
Locomotion_1,X5,47.92,0.0
Locomotion_1,X5,48.053,0.0
Locomotion_1,X5,48.186,0.0
Locomotion_1,X5,48.319,0.0
Locomotion_1,X5,48.451,0.0
Locomotion_1,X5,48.584,0.0
Locomotion_1,X5,48.717,0.0
Locomotion_1,X5,48.85,0.0
Locomotion_1,X5,48.982,0.0
Locomotion_1,X5,49.115,0.0
Locomotion_1,X5,49.248,0.0
Locomotion_1,X5,49.381,0.0
Locomotion_1,X5,49.513,0.0
Locomotion_1,X5,49.646,0.0
Locomotion_1,X5,49.779,0.0
Locomotion_1,X5,49.912,0.0
Locomotion_1,X5,50.044,0.0
Locomotion_1,X5,50.177,0.0
Locomotion_1,X5,50.31,0.0
Locomotion_1,X5,50.442,0.0
Locomotion_1,X5,50.575,0.0
Locomotion_1,X5,50.708,0.0
Locomotion_1,X5,50.841,0.0
Locomotion_1,X5,50.973,0.0
Locomotion_1,X5,51.106,0.0
Locomotion_1,X5,51.239,0.0
Locomotion_1,X5,51.372,0.0
Locomotion_1,X5,51.504,0.0
Locomotion_1,X5,51.637,0.0
Locomotion_1,X5,51.77,0.0
Locomotion_1,X5,51.903,0.0
Locomotion_1,X5,52.035,0.0
Locomotion_1,X5,52.168,0.0
Locomotion_1,X5,52.301,0.0
Locomotion_1,X5,52.434,0.0
Locomotion_1,X5,52.566,0.0
Locomotion_1,X5,52.699,0.0
Locomotion_1,X5,52.832,0.0
Locomotion_1,X5,52.965,0.0
Locomotion_1,X5,53.097,0.0
Locomotion_1,X5,53.23,0.0
Locomotion_1,X5,53.363,0.0
Locomotion_1,X5,53.496,0.0
Locomotion_1,X5,53.628,0.0
Locomotion_1,X5,53.761,0.0
Locomotion_1,X5,53.894,0.0
Locomotion_1,X5,54.027,0.0
Locomotion_1,X5,54.159,0.0
Locomotion_1,X5,54.292,0.0
Locomotion_1,X5,54.425,0.0
Locomotion_1,X5,54.558,0.0
Locomotion_1,X5,54.69,0.0
Locomotion_1,X5,54.823,0.0
Locomotion_1,X5,54.956,0.0
Locomotion_1,X5,55.088,0.0
Locomotion_1,X5,55.221,0.0
Locomotion_1,X5,55.354,0.0
Locomotion_1,X5,55.487,0.0
Locomotion_1,X5,55.619,0.0
Locomotion_1,X5,55.752,0.0
Locomotion_1,X5,55.885,0.0
Locomotion_1,X5,56.018,0.0
Locomotion_1,X5,56.15,0.0
Locomotion_1,X5,56.283,0.0
Locomotion_1,X5,56.416,0.0
Locomotion_1,X5,56.549,0.0
Locomotion_1,X5,56.681,0.0
Locomotion_1,X5,56.814,0.0
Locomotion_1,X5,56.947,0.0
Locomotion_1,X5,57.08,0.0
Locomotion_1,X5,57.212,0.0
Locomotion_1,X5,57.345,0.0
Locomotion_1,X5,57.478,0.0
Locomotion_1,X5,57.611,0.0
Locomotion_1,X5,57.743,0.0
Locomotion_1,X5,57.876,0.0
Locomotion_1,X5,58.009,0.0
Locomotion_1,X5,58.142,0.0
Locomotion_1,X5,58.274,0.0
Locomotion_1,X5,58.407,0.0
Locomotion_1,X5,58.54,0.0
Locomotion_1,X5,58.673,0.0
Locomotion_1,X5,58.805,0.0
Locomotion_1,X5,58.938,0.0
Locomotion_1,X5,59.071,0.0
Locomotion_1,X5,59.204,0.0
Locomotion_1,X5,59.336,0.0
Locomotion_1,X5,59.469,0.0
Locomotion_1,X5,59.602,0.0
Locomotion_1,X5,59.735,0.0
Locomotion_1,X5,59.867,0.0
Locomotion_1,X5,60.0,0.0
Locomotion_1,X5,60.133,0.0
Locomotion_1,X5,60.265,0.0
Locomotion_1,X5,60.398,0.0
Locomotion_1,X5,60.531,0.0
Locomotion_1,X5,60.664,0.0
Locomotion_1,X5,60.796,0.0
Locomotion_1,X5,60.929,0.0
Locomotion_1,X5,61.062,0.0
Locomotion_1,X5,61.195,0.0
Locomotion_1,X5,61.327,0.0
Locomotion_1,X5,61.46,0.0
Locomotion_1,X5,61.593,0.0
Locomotion_1,X5,61.726,0.0
Locomotion_1,X5,61.858,0.0
Locomotion_1,X5,61.991,0.0
Locomotion_1,X5,62.124,0.0
Locomotion_1,X5,62.257,0.0
Locomotion_1,X5,62.389,0.0
Locomotion_1,X5,62.522,0.0
Locomotion_1,X5,62.655,0.0
Locomotion_1,X5,62.788,0.0
Locomotion_1,X5,62.92,0.0
Locomotion_1,X5,63.053,0.0
Locomotion_1,X5,63.186,0.0
Locomotion_1,X5,63.319,0.0
Locomotion_1,X5,63.451,0.0
Locomotion_1,X5,63.584,0.0
Locomotion_1,X5,63.717,0.0
Locomotion_1,X5,63.85,0.0
Locomotion_1,X5,63.982,0.0
Locomotion_1,X5,64.115,0.0
Locomotion_1,X5,64.248,0.0
Locomotion_1,X5,64.381,0.0
Locomotion_1,X5,64.513,0.0
Locomotion_1,X5,64.646,0.0
Locomotion_1,X5,64.779,0.0
Locomotion_1,X5,64.912,0.0
Locomotion_1,X5,65.044,0.0
Locomotion_1,X5,65.177,0.0
Locomotion_1,X5,65.31,0.0
Locomotion_1,X5,65.442,0.0
Locomotion_1,X5,65.575,0.0
Locomotion_1,X5,65.708,0.0
Locomotion_1,X5,65.841,0.0
Locomotion_1,X5,65.973,0.0
Locomotion_1,X5,66.106,0.0
Locomotion_1,X5,66.239,0.0
Locomotion_1,X5,66.372,0.0
Locomotion_1,X5,66.504,0.0
Locomotion_1,X5,66.637,0.0
Locomotion_1,X5,66.77,0.0
Locomotion_1,X5,66.903,0.0
Locomotion_1,X5,67.035,0.0
Locomotion_1,X5,67.168,0.0
Locomotion_1,X5,67.301,0.0
Locomotion_1,X5,67.434,0.0
Locomotion_1,X5,67.566,0.0
Locomotion_1,X5,67.699,0.0
Locomotion_1,X5,67.832,0.0
Locomotion_1,X5,67.965,0.0
Locomotion_1,X5,68.097,0.0
Locomotion_1,X5,68.23,0.0
Locomotion_1,X5,68.363,0.0
Locomotion_1,X5,68.496,0.0
Locomotion_1,X5,68.628,0.0
Locomotion_1,X5,68.761,0.0
Locomotion_1,X5,68.894,0.0
Locomotion_1,X5,69.027,0.0
Locomotion_1,X5,69.159,0.0
Locomotion_1,X5,69.292,0.0
Locomotion_1,X5,69.425,0.0
Locomotion_1,X5,69.558,0.0
Locomotion_1,X5,69.69,0.0
Locomotion_1,X5,69.823,0.0
Locomotion_1,X5,69.956,0.0
Locomotion_1,X5,70.088,0.0
Locomotion_1,X5,70.221,0.0
Locomotion_1,X5,70.354,0.0
Locomotion_1,X5,70.487,0.0
Locomotion_1,X5,70.619,0.0
Locomotion_1,X5,70.752,0.0
Locomotion_1,X5,70.885,0.0
Locomotion_1,X5,71.018,0.0
Locomotion_1,X5,71.15,0.0
Locomotion_1,X5,71.283,0.0
Locomotion_1,X5,71.416,0.0
Locomotion_1,X5,71.549,0.0
Locomotion_1,X5,71.681,0.0
Locomotion_1,X5,71.814,0.0
Locomotion_1,X5,71.947,0.0
Locomotion_1,X5,72.08,0.0
Locomotion_1,X5,72.212,0.0
Locomotion_1,X5,72.345,0.0
Locomotion_1,X5,72.478,0.0
Locomotion_1,X5,72.611,0.0
Locomotion_1,X5,72.743,0.0
Locomotion_1,X5,72.876,0.0
Locomotion_1,X5,73.009,0.0
Locomotion_1,X5,73.142,0.0
Locomotion_1,X5,73.274,0.0
Locomotion_1,X5,73.407,0.0
Locomotion_1,X5,73.54,0.0
Locomotion_1,X5,73.673,0.0
Locomotion_1,X5,73.805,0.0
Locomotion_1,X5,73.938,0.0
Locomotion_1,X5,74.071,0.0
Locomotion_1,X5,74.204,0.0
Locomotion_1,X5,74.336,0.0
Locomotion_1,X5,74.469,0.0
Locomotion_1,X5,74.602,0.0
Locomotion_1,X5,74.735,0.0
Locomotion_1,X5,74.867,0.0
Locomotion_1,X5,75.0,0.0
Locomotion_1,X5,75.133,0.0
Locomotion_1,X5,75.265,0.0
Locomotion_1,X5,75.398,0.0
Locomotion_1,X5,75.531,0.0
Locomotion_1,X5,75.664,0.0
Locomotion_1,X5,75.796,0.0
Locomotion_1,X5,75.929,0.0
Locomotion_1,X5,76.062,0.0
Locomotion_1,X5,76.195,0.0
Locomotion_1,X5,76.327,0.0
Locomotion_1,X5,76.46,0.0
Locomotion_1,X5,76.593,0.0
Locomotion_1,X5,76.726,0.0
Locomotion_1,X5,76.858,0.0
Locomotion_1,X5,76.991,0.0
Locomotion_1,X5,77.124,0.0
Locomotion_1,X5,77.257,0.0
Locomotion_1,X5,77.389,0.0
Locomotion_1,X5,77.522,0.0
Locomotion_1,X5,77.655,0.0
Locomotion_1,X5,77.788,0.0
Locomotion_1,X5,77.92,0.0
Locomotion_1,X5,78.053,0.0
Locomotion_1,X5,78.186,0.0
Locomotion_1,X5,78.319,0.0
Locomotion_1,X5,78.451,0.0
Locomotion_1,X5,78.584,0.0
Locomotion_1,X5,78.717,0.0
Locomotion_1,X5,78.85,0.0
Locomotion_1,X5,78.982,0.0
Locomotion_1,X5,79.115,0.0
Locomotion_1,X5,79.248,0.0
Locomotion_1,X5,79.381,0.0
Locomotion_1,X5,79.513,0.0
Locomotion_1,X5,79.646,0.0
Locomotion_1,X5,79.779,0.0
Locomotion_1,X5,79.912,0.0
Locomotion_1,X5,80.044,0.0
Locomotion_1,X5,80.177,0.0
Locomotion_1,X5,80.31,0.0
Locomotion_1,X5,80.442,0.0
Locomotion_1,X5,80.575,0.0
Locomotion_1,X5,80.708,0.0
Locomotion_1,X5,80.841,0.0
Locomotion_1,X5,80.973,0.0
Locomotion_1,X5,81.106,0.0
Locomotion_1,X5,81.239,0.0
Locomotion_1,X5,81.372,0.0
Locomotion_1,X5,81.504,0.0
Locomotion_1,X5,81.637,0.0
Locomotion_1,X5,81.77,0.0
Locomotion_1,X5,81.903,0.0
Locomotion_1,X5,82.035,0.0
Locomotion_1,X5,82.168,0.0
Locomotion_1,X5,82.301,0.0
Locomotion_1,X5,82.434,0.0
Locomotion_1,X5,82.566,0.0
Locomotion_1,X5,82.699,0.0
Locomotion_1,X5,82.832,0.0
Locomotion_1,X5,82.965,0.0
Locomotion_1,X5,83.097,0.0
Locomotion_1,X5,83.23,0.0
Locomotion_1,X5,83.363,0.0
Locomotion_1,X5,83.496,0.0
Locomotion_1,X5,83.628,0.0
Locomotion_1,X5,83.761,0.0
Locomotion_1,X5,83.894,0.0
Locomotion_1,X5,84.027,0.0
Locomotion_1,X5,84.159,0.0
Locomotion_1,X5,84.292,0.0
Locomotion_1,X5,84.425,0.0
Locomotion_1,X5,84.558,0.0
Locomotion_1,X5,84.69,0.0
Locomotion_1,X5,84.823,0.0
Locomotion_1,X5,84.956,0.0
Locomotion_1,X5,85.088,0.0
Locomotion_1,X5,85.221,0.0
Locomotion_1,X5,85.354,0.0
Locomotion_1,X5,85.487,0.0
Locomotion_1,X5,85.619,0.0
Locomotion_1,X5,85.752,0.0
Locomotion_1,X5,85.885,0.0
Locomotion_1,X5,86.018,0.0
Locomotion_1,X5,86.15,0.0
Locomotion_1,X5,86.283,0.0
Locomotion_1,X5,86.416,0.0
Locomotion_1,X5,86.549,0.0
Locomotion_1,X5,86.681,0.0
Locomotion_1,X5,86.814,0.0
Locomotion_1,X5,86.947,0.0
Locomotion_1,X5,87.08,0.0
Locomotion_1,X5,87.212,0.0
Locomotion_1,X5,87.345,0.0
Locomotion_1,X5,87.478,0.0
Locomotion_1,X5,87.611,0.0
Locomotion_1,X5,87.743,0.0
Locomotion_1,X5,87.876,0.0
Locomotion_1,X5,88.009,0.0
Locomotion_1,X5,88.142,0.0
Locomotion_1,X5,88.274,0.0
Locomotion_1,X5,88.407,0.0
Locomotion_1,X5,88.54,0.0
Locomotion_1,X5,88.673,0.0
Locomotion_1,X5,88.805,0.0
Locomotion_1,X5,88.938,0.0
Locomotion_1,X5,89.071,0.0
Locomotion_1,X5,89.204,0.0
Locomotion_1,X5,89.336,0.0
Locomotion_1,X5,89.469,0.0
Locomotion_1,X5,89.602,0.0
Locomotion_1,X5,89.735,0.0
Locomotion_1,X5,89.867,0.0
Locomotion_1,X5,90.0,0.0
Locomotion_1,X5,90.133,0.0
Locomotion_1,X5,90.265,0.0
Locomotion_1,X5,90.398,0.0
Locomotion_1,X5,90.531,0.0
Locomotion_1,X5,90.664,0.0
Locomotion_1,X5,90.796,0.0
Locomotion_1,X5,90.929,0.0
Locomotion_1,X5,91.062,0.0
Locomotion_1,X5,91.195,0.0
Locomotion_1,X5,91.327,0.0
Locomotion_1,X5,91.46,0.0
Locomotion_1,X5,91.593,0.0
Locomotion_1,X5,91.726,0.0
Locomotion_1,X5,91.858,0.0
Locomotion_1,X5,91.991,0.0
Locomotion_1,X5,92.124,0.0
Locomotion_1,X5,92.257,0.0
Locomotion_1,X5,92.389,0.0
Locomotion_1,X5,92.522,0.0
Locomotion_1,X5,92.655,0.0
Locomotion_1,X5,92.788,0.0
Locomotion_1,X5,92.92,0.0
Locomotion_1,X5,93.053,0.0
Locomotion_1,X5,93.186,0.0
Locomotion_1,X5,93.319,0.0
Locomotion_1,X5,93.451,0.0
Locomotion_1,X5,93.584,0.0
Locomotion_1,X5,93.717,0.0
Locomotion_1,X5,93.85,0.0
Locomotion_1,X5,93.982,0.0
Locomotion_1,X5,94.115,0.0
Locomotion_1,X5,94.248,0.0
Locomotion_1,X5,94.381,0.0
Locomotion_1,X5,94.513,0.0
Locomotion_1,X5,94.646,0.0
Locomotion_1,X5,94.779,0.0
Locomotion_1,X5,94.912,0.0
Locomotion_1,X5,95.044,0.0
Locomotion_1,X5,95.177,0.0
Locomotion_1,X5,95.31,0.0
Locomotion_1,X5,95.442,0.0
Locomotion_1,X5,95.575,0.0
Locomotion_1,X5,95.708,0.0
Locomotion_1,X5,95.841,0.0
Locomotion_1,X5,95.973,0.0
Locomotion_1,X5,96.106,0.0
Locomotion_1,X5,96.239,0.0
Locomotion_1,X5,96.372,0.0
Locomotion_1,X5,96.504,0.0
Locomotion_1,X5,96.637,0.0
Locomotion_1,X5,96.77,0.0549
Locomotion_1,X5,96.903,1.0
Locomotion_1,X6,0.0,1.0
Locomotion_1,X6,0.133,0.0549
Locomotion_1,X6,0.265,0.0
Locomotion_1,X6,0.398,0.0
Locomotion_1,X6,0.531,0.0
Locomotion_1,X6,0.664,0.0
Locomotion_1,X6,0.796,0.0
Locomotion_1,X6,0.929,0.0
Locomotion_1,X6,1.062,0.0
Locomotion_1,X6,1.195,0.0
Locomotion_1,X6,1.327,0.0
Locomotion_1,X6,1.46,0.0
Locomotion_1,X6,1.593,0.0
Locomotion_1,X6,1.726,0.0
Locomotion_1,X6,1.858,0.0
Locomotion_1,X6,1.991,0.0
Locomotion_1,X6,2.124,0.0
Locomotion_1,X6,2.257,0.0
Locomotion_1,X6,2.389,0.0
Locomotion_1,X6,2.522,0.0
Locomotion_1,X6,2.655,0.0
Locomotion_1,X6,2.788,0.0
Locomotion_1,X6,2.92,0.0
Locomotion_1,X6,3.053,0.0
Locomotion_1,X6,3.186,0.0
Locomotion_1,X6,3.319,0.0
Locomotion_1,X6,3.451,0.0
Locomotion_1,X6,3.584,0.0
Locomotion_1,X6,3.717,0.0
Locomotion_1,X6,3.85,0.0
Locomotion_1,X6,3.982,0.0
Locomotion_1,X6,4.115,0.0
Locomotion_1,X6,4.248,0.0
Locomotion_1,X6,4.381,0.0
Locomotion_1,X6,4.513,0.0
Locomotion_1,X6,4.646,0.0
Locomotion_1,X6,4.779,0.0
Locomotion_1,X6,4.912,0.0
Locomotion_1,X6,5.044,0.0
Locomotion_1,X6,5.177,0.0
Locomotion_1,X6,5.31,0.0
Locomotion_1,X6,5.442,0.0
Locomotion_1,X6,5.575,0.0
Locomotion_1,X6,5.708,0.0
Locomotion_1,X6,5.841,0.0
Locomotion_1,X6,5.973,0.0
Locomotion_1,X6,6.106,0.0
Locomotion_1,X6,6.239,0.0
Locomotion_1,X6,6.372,0.0
Locomotion_1,X6,6.504,0.0
Locomotion_1,X6,6.637,0.0
Locomotion_1,X6,6.77,0.0
Locomotion_1,X6,6.903,0.0
Locomotion_1,X6,7.035,0.0
Locomotion_1,X6,7.168,0.0
Locomotion_1,X6,7.301,0.0
Locomotion_1,X6,7.434,0.0
Locomotion_1,X6,7.566,0.0
Locomotion_1,X6,7.699,0.0
Locomotion_1,X6,7.832,0.0
Locomotion_1,X6,7.965,0.0
Locomotion_1,X6,8.097,0.0
Locomotion_1,X6,8.23,0.0
Locomotion_1,X6,8.363,0.0
Locomotion_1,X6,8.496,0.0
Locomotion_1,X6,8.628,0.0
Locomotion_1,X6,8.761,0.0
Locomotion_1,X6,8.894,0.0
Locomotion_1,X6,9.027,0.0
Locomotion_1,X6,9.159,0.0
Locomotion_1,X6,9.292,0.0
Locomotion_1,X6,9.425,0.0
Locomotion_1,X6,9.558,0.0
Locomotion_1,X6,9.69,0.0
Locomotion_1,X6,9.823,0.0
Locomotion_1,X6,9.956,0.0
Locomotion_1,X6,10.088,0.0
Locomotion_1,X6,10.221,0.0
Locomotion_1,X6,10.354,0.0
Locomotion_1,X6,10.487,0.0
Locomotion_1,X6,10.619,0.0
Locomotion_1,X6,10.752,0.0
Locomotion_1,X6,10.885,0.0
Locomotion_1,X6,11.018,0.0
Locomotion_1,X6,11.15,0.0
Locomotion_1,X6,11.283,0.0
Locomotion_1,X6,11.416,0.0
Locomotion_1,X6,11.549,0.0
Locomotion_1,X6,11.681,0.0
Locomotion_1,X6,11.814,0.0
Locomotion_1,X6,11.947,0.0
Locomotion_1,X6,12.08,0.0
Locomotion_1,X6,12.212,0.0
Locomotion_1,X6,12.345,0.0
Locomotion_1,X6,12.478,0.0
Locomotion_1,X6,12.611,0.0
Locomotion_1,X6,12.743,0.0
Locomotion_1,X6,12.876,0.0
Locomotion_1,X6,13.009,0.0
Locomotion_1,X6,13.142,0.0
Locomotion_1,X6,13.274,0.0
Locomotion_1,X6,13.407,0.0
Locomotion_1,X6,13.54,0.0
Locomotion_1,X6,13.673,0.0
Locomotion_1,X6,13.805,0.0
Locomotion_1,X6,13.938,0.0
Locomotion_1,X6,14.071,0.0
Locomotion_1,X6,14.204,0.0
Locomotion_1,X6,14.336,0.0
Locomotion_1,X6,14.469,0.0
Locomotion_1,X6,14.602,0.0
Locomotion_1,X6,14.735,0.0
Locomotion_1,X6,14.867,0.0
Locomotion_1,X6,15.0,0.0
Locomotion_1,X6,15.133,0.0
Locomotion_1,X6,15.265,0.0
Locomotion_1,X6,15.398,0.0
Locomotion_1,X6,15.531,0.0
Locomotion_1,X6,15.664,0.0
Locomotion_1,X6,15.796,0.0
Locomotion_1,X6,15.929,0.0
Locomotion_1,X6,16.062,0.0
Locomotion_1,X6,16.195,0.0
Locomotion_1,X6,16.327,0.0
Locomotion_1,X6,16.46,0.0
Locomotion_1,X6,16.593,0.0
Locomotion_1,X6,16.726,0.0
Locomotion_1,X6,16.858,0.0
Locomotion_1,X6,16.991,0.0
Locomotion_1,X6,17.124,0.0
Locomotion_1,X6,17.257,0.0
Locomotion_1,X6,17.389,0.0
Locomotion_1,X6,17.522,0.0
Locomotion_1,X6,17.655,0.0
Locomotion_1,X6,17.788,0.0
Locomotion_1,X6,17.92,0.0
Locomotion_1,X6,18.053,0.0
Locomotion_1,X6,18.186,0.0
Locomotion_1,X6,18.319,0.0
Locomotion_1,X6,18.451,0.0
Locomotion_1,X6,18.584,0.0
Locomotion_1,X6,18.717,0.0
Locomotion_1,X6,18.85,0.0
Locomotion_1,X6,18.982,0.0
Locomotion_1,X6,19.115,0.0
Locomotion_1,X6,19.248,0.0
Locomotion_1,X6,19.381,0.0
Locomotion_1,X6,19.513,0.0
Locomotion_1,X6,19.646,0.0
Locomotion_1,X6,19.779,0.0
Locomotion_1,X6,19.912,0.0
Locomotion_1,X6,20.044,0.0
Locomotion_1,X6,20.177,0.0
Locomotion_1,X6,20.31,0.0
Locomotion_1,X6,20.442,0.0
Locomotion_1,X6,20.575,0.0
Locomotion_1,X6,20.708,0.0
Locomotion_1,X6,20.841,0.0
Locomotion_1,X6,20.973,0.0
Locomotion_1,X6,21.106,0.0
Locomotion_1,X6,21.239,0.0
Locomotion_1,X6,21.372,0.0
Locomotion_1,X6,21.504,0.0
Locomotion_1,X6,21.637,0.0
Locomotion_1,X6,21.77,0.0
Locomotion_1,X6,21.903,0.0
Locomotion_1,X6,22.035,0.0
Locomotion_1,X6,22.168,0.0
Locomotion_1,X6,22.301,0.0
Locomotion_1,X6,22.434,0.0
Locomotion_1,X6,22.566,0.0
Locomotion_1,X6,22.699,0.0
Locomotion_1,X6,22.832,0.0
Locomotion_1,X6,22.965,0.0
Locomotion_1,X6,23.097,0.0
Locomotion_1,X6,23.23,0.0
Locomotion_1,X6,23.363,0.0
Locomotion_1,X6,23.496,0.0
Locomotion_1,X6,23.628,0.0
Locomotion_1,X6,23.761,0.0
Locomotion_1,X6,23.894,0.0
Locomotion_1,X6,24.027,0.0
Locomotion_1,X6,24.159,0.0
Locomotion_1,X6,24.292,0.0
Locomotion_1,X6,24.425,0.0
Locomotion_1,X6,24.558,0.0
Locomotion_1,X6,24.69,0.0
Locomotion_1,X6,24.823,0.0
Locomotion_1,X6,24.956,0.0
Locomotion_1,X6,25.088,0.0
Locomotion_1,X6,25.221,0.0
Locomotion_1,X6,25.354,0.0
Locomotion_1,X6,25.487,0.0
Locomotion_1,X6,25.619,0.0
Locomotion_1,X6,25.752,0.0
Locomotion_1,X6,25.885,0.0
Locomotion_1,X6,26.018,0.0
Locomotion_1,X6,26.15,0.0
Locomotion_1,X6,26.283,0.0
Locomotion_1,X6,26.416,0.0
Locomotion_1,X6,26.549,0.0
Locomotion_1,X6,26.681,0.0
Locomotion_1,X6,26.814,0.0
Locomotion_1,X6,26.947,0.0
Locomotion_1,X6,27.08,0.0
Locomotion_1,X6,27.212,0.0
Locomotion_1,X6,27.345,0.0
Locomotion_1,X6,27.478,0.0
Locomotion_1,X6,27.611,0.0
Locomotion_1,X6,27.743,0.0
Locomotion_1,X6,27.876,0.0
Locomotion_1,X6,28.009,0.0
Locomotion_1,X6,28.142,0.0
Locomotion_1,X6,28.274,0.0
Locomotion_1,X6,28.407,0.0
Locomotion_1,X6,28.54,0.0
Locomotion_1,X6,28.673,0.0
Locomotion_1,X6,28.805,0.0
Locomotion_1,X6,28.938,0.0
Locomotion_1,X6,29.071,0.0
Locomotion_1,X6,29.204,0.0
Locomotion_1,X6,29.336,0.0
Locomotion_1,X6,29.469,0.0
Locomotion_1,X6,29.602,0.0
Locomotion_1,X6,29.735,0.0
Locomotion_1,X6,29.867,0.0
Locomotion_1,X6,30.0,0.0
Locomotion_1,X6,30.133,0.0
Locomotion_1,X6,30.265,0.0
Locomotion_1,X6,30.398,0.0
Locomotion_1,X6,30.531,0.0
Locomotion_1,X6,30.664,0.0
Locomotion_1,X6,30.796,0.0
Locomotion_1,X6,30.929,0.0
Locomotion_1,X6,31.062,0.0
Locomotion_1,X6,31.195,0.0
Locomotion_1,X6,31.327,0.0
Locomotion_1,X6,31.46,0.0
Locomotion_1,X6,31.593,0.0
Locomotion_1,X6,31.726,0.0
Locomotion_1,X6,31.858,0.0
Locomotion_1,X6,31.991,0.0
Locomotion_1,X6,32.124,0.0
Locomotion_1,X6,32.257,0.0
Locomotion_1,X6,32.389,0.0
Locomotion_1,X6,32.522,0.0
Locomotion_1,X6,32.655,0.0
Locomotion_1,X6,32.788,0.0
Locomotion_1,X6,32.92,0.0
Locomotion_1,X6,33.053,0.0
Locomotion_1,X6,33.186,0.0
Locomotion_1,X6,33.319,0.0
Locomotion_1,X6,33.451,0.0
Locomotion_1,X6,33.584,0.0
Locomotion_1,X6,33.717,0.0
Locomotion_1,X6,33.85,0.0
Locomotion_1,X6,33.982,0.0
Locomotion_1,X6,34.115,0.0
Locomotion_1,X6,34.248,0.0
Locomotion_1,X6,34.381,0.0
Locomotion_1,X6,34.513,0.0
Locomotion_1,X6,34.646,0.0
Locomotion_1,X6,34.779,0.0
Locomotion_1,X6,34.912,0.0
Locomotion_1,X6,35.044,0.0
Locomotion_1,X6,35.177,0.0
Locomotion_1,X6,35.31,0.0
Locomotion_1,X6,35.442,0.0
Locomotion_1,X6,35.575,0.0
Locomotion_1,X6,35.708,0.0
Locomotion_1,X6,35.841,0.0
Locomotion_1,X6,35.973,0.0
Locomotion_1,X6,36.106,0.0
Locomotion_1,X6,36.239,0.0
Locomotion_1,X6,36.372,0.0
Locomotion_1,X6,36.504,0.0
Locomotion_1,X6,36.637,0.0
Locomotion_1,X6,36.77,0.0
Locomotion_1,X6,36.903,0.0
Locomotion_1,X6,37.035,0.0
Locomotion_1,X6,37.168,0.0
Locomotion_1,X6,37.301,0.0
Locomotion_1,X6,37.434,0.0
Locomotion_1,X6,37.566,0.0
Locomotion_1,X6,37.699,0.0
Locomotion_1,X6,37.832,0.0
Locomotion_1,X6,37.965,0.0
Locomotion_1,X6,38.097,0.0
Locomotion_1,X6,38.23,0.0
Locomotion_1,X6,38.363,0.0
Locomotion_1,X6,38.496,0.0
Locomotion_1,X6,38.628,0.0
Locomotion_1,X6,38.761,0.0
Locomotion_1,X6,38.894,0.0
Locomotion_1,X6,39.027,0.0
Locomotion_1,X6,39.159,0.0
Locomotion_1,X6,39.292,0.0
Locomotion_1,X6,39.425,0.0
Locomotion_1,X6,39.558,0.0
Locomotion_1,X6,39.69,0.0
Locomotion_1,X6,39.823,0.0
Locomotion_1,X6,39.956,0.0
Locomotion_1,X6,40.088,0.0
Locomotion_1,X6,40.221,0.0
Locomotion_1,X6,40.354,0.0
Locomotion_1,X6,40.487,0.0
Locomotion_1,X6,40.619,0.0
Locomotion_1,X6,40.752,0.0
Locomotion_1,X6,40.885,0.0
Locomotion_1,X6,41.018,0.0
Locomotion_1,X6,41.15,0.0
Locomotion_1,X6,41.283,0.0
Locomotion_1,X6,41.416,0.0
Locomotion_1,X6,41.549,0.0
Locomotion_1,X6,41.681,0.0
Locomotion_1,X6,41.814,0.0
Locomotion_1,X6,41.947,0.0
Locomotion_1,X6,42.08,0.0
Locomotion_1,X6,42.212,0.0
Locomotion_1,X6,42.345,0.0
Locomotion_1,X6,42.478,0.0
Locomotion_1,X6,42.611,0.0
Locomotion_1,X6,42.743,0.0
Locomotion_1,X6,42.876,0.0
Locomotion_1,X6,43.009,0.0
Locomotion_1,X6,43.142,0.0
Locomotion_1,X6,43.274,0.0
Locomotion_1,X6,43.407,0.0
Locomotion_1,X6,43.54,0.0
Locomotion_1,X6,43.673,0.0
Locomotion_1,X6,43.805,0.0
Locomotion_1,X6,43.938,0.0
Locomotion_1,X6,44.071,0.0
Locomotion_1,X6,44.204,0.0
Locomotion_1,X6,44.336,0.0
Locomotion_1,X6,44.469,0.0
Locomotion_1,X6,44.602,0.0
Locomotion_1,X6,44.735,0.0
Locomotion_1,X6,44.867,0.0
Locomotion_1,X6,45.0,0.0
Locomotion_1,X6,45.133,0.0
Locomotion_1,X6,45.265,0.0
Locomotion_1,X6,45.398,0.0
Locomotion_1,X6,45.531,0.0
Locomotion_1,X6,45.664,0.0
Locomotion_1,X6,45.796,0.0
Locomotion_1,X6,45.929,0.0
Locomotion_1,X6,46.062,0.0
Locomotion_1,X6,46.195,0.0
Locomotion_1,X6,46.327,0.0
Locomotion_1,X6,46.46,0.0
Locomotion_1,X6,46.593,0.0
Locomotion_1,X6,46.726,0.0
Locomotion_1,X6,46.858,0.0
Locomotion_1,X6,46.991,0.0
Locomotion_1,X6,47.124,0.0
Locomotion_1,X6,47.257,0.0
Locomotion_1,X6,47.389,0.0
Locomotion_1,X6,47.522,0.0
Locomotion_1,X6,47.655,0.0
Locomotion_1,X6,47.788,0.0
Locomotion_1,X6,47.92,0.0
Locomotion_1,X6,48.053,0.0
Locomotion_1,X6,48.186,0.0
Locomotion_1,X6,48.319,0.0
Locomotion_1,X6,48.451,0.0
Locomotion_1,X6,48.584,0.0
Locomotion_1,X6,48.717,0.0
Locomotion_1,X6,48.85,0.0
Locomotion_1,X6,48.982,0.0
Locomotion_1,X6,49.115,0.0
Locomotion_1,X6,49.248,0.0
Locomotion_1,X6,49.381,0.0
Locomotion_1,X6,49.513,0.0
Locomotion_1,X6,49.646,0.0
Locomotion_1,X6,49.779,0.0
Locomotion_1,X6,49.912,0.0
Locomotion_1,X6,50.044,0.0
Locomotion_1,X6,50.177,0.0
Locomotion_1,X6,50.31,0.0
Locomotion_1,X6,50.442,0.0
Locomotion_1,X6,50.575,0.0
Locomotion_1,X6,50.708,0.0
Locomotion_1,X6,50.841,0.0
Locomotion_1,X6,50.973,0.0
Locomotion_1,X6,51.106,0.0
Locomotion_1,X6,51.239,0.0
Locomotion_1,X6,51.372,0.0
Locomotion_1,X6,51.504,0.0
Locomotion_1,X6,51.637,0.0
Locomotion_1,X6,51.77,0.0
Locomotion_1,X6,51.903,0.0
Locomotion_1,X6,52.035,0.0
Locomotion_1,X6,52.168,0.0
Locomotion_1,X6,52.301,0.0
Locomotion_1,X6,52.434,0.0
Locomotion_1,X6,52.566,0.0
Locomotion_1,X6,52.699,0.0
Locomotion_1,X6,52.832,0.0
Locomotion_1,X6,52.965,0.0
Locomotion_1,X6,53.097,0.0
Locomotion_1,X6,53.23,0.0
Locomotion_1,X6,53.363,0.0
Locomotion_1,X6,53.496,0.0
Locomotion_1,X6,53.628,0.0
Locomotion_1,X6,53.761,0.0
Locomotion_1,X6,53.894,0.0
Locomotion_1,X6,54.027,0.0
Locomotion_1,X6,54.159,0.0
Locomotion_1,X6,54.292,0.0
Locomotion_1,X6,54.425,0.0
Locomotion_1,X6,54.558,0.0
Locomotion_1,X6,54.69,0.0
Locomotion_1,X6,54.823,0.0
Locomotion_1,X6,54.956,0.0
Locomotion_1,X6,55.088,0.0
Locomotion_1,X6,55.221,0.0
Locomotion_1,X6,55.354,0.0
Locomotion_1,X6,55.487,0.0
Locomotion_1,X6,55.619,0.0
Locomotion_1,X6,55.752,0.0
Locomotion_1,X6,55.885,0.0
Locomotion_1,X6,56.018,0.0
Locomotion_1,X6,56.15,0.0
Locomotion_1,X6,56.283,0.0
Locomotion_1,X6,56.416,0.0
Locomotion_1,X6,56.549,0.0
Locomotion_1,X6,56.681,0.0
Locomotion_1,X6,56.814,0.0
Locomotion_1,X6,56.947,0.0
Locomotion_1,X6,57.08,0.0
Locomotion_1,X6,57.212,0.0
Locomotion_1,X6,57.345,0.0
Locomotion_1,X6,57.478,0.0
Locomotion_1,X6,57.611,0.0
Locomotion_1,X6,57.743,0.0
Locomotion_1,X6,57.876,0.0
Locomotion_1,X6,58.009,0.0
Locomotion_1,X6,58.142,0.0
Locomotion_1,X6,58.274,0.0
Locomotion_1,X6,58.407,0.0
Locomotion_1,X6,58.54,0.0
Locomotion_1,X6,58.673,0.0
Locomotion_1,X6,58.805,0.0
Locomotion_1,X6,58.938,0.0
Locomotion_1,X6,59.071,0.0
Locomotion_1,X6,59.204,0.0
Locomotion_1,X6,59.336,0.0
Locomotion_1,X6,59.469,0.0
Locomotion_1,X6,59.602,0.0
Locomotion_1,X6,59.735,0.0
Locomotion_1,X6,59.867,0.0
Locomotion_1,X6,60.0,0.0
Locomotion_1,X6,60.133,0.0
Locomotion_1,X6,60.265,0.0
Locomotion_1,X6,60.398,0.0
Locomotion_1,X6,60.531,0.0
Locomotion_1,X6,60.664,0.0
Locomotion_1,X6,60.796,0.0
Locomotion_1,X6,60.929,0.0
Locomotion_1,X6,61.062,0.0
Locomotion_1,X6,61.195,0.0
Locomotion_1,X6,61.327,0.0
Locomotion_1,X6,61.46,0.0
Locomotion_1,X6,61.593,0.0
Locomotion_1,X6,61.726,0.0
Locomotion_1,X6,61.858,0.0
Locomotion_1,X6,61.991,0.0
Locomotion_1,X6,62.124,0.0
Locomotion_1,X6,62.257,0.0
Locomotion_1,X6,62.389,0.0
Locomotion_1,X6,62.522,0.0
Locomotion_1,X6,62.655,0.0
Locomotion_1,X6,62.788,0.0
Locomotion_1,X6,62.92,0.0
Locomotion_1,X6,63.053,0.0
Locomotion_1,X6,63.186,0.0
Locomotion_1,X6,63.319,0.0
Locomotion_1,X6,63.451,0.0
Locomotion_1,X6,63.584,0.0
Locomotion_1,X6,63.717,0.0
Locomotion_1,X6,63.85,0.0
Locomotion_1,X6,63.982,0.0
Locomotion_1,X6,64.115,0.0
Locomotion_1,X6,64.248,0.0
Locomotion_1,X6,64.381,0.0
Locomotion_1,X6,64.513,0.0
Locomotion_1,X6,64.646,0.0
Locomotion_1,X6,64.779,0.0
Locomotion_1,X6,64.912,0.0
Locomotion_1,X6,65.044,0.0
Locomotion_1,X6,65.177,0.0
Locomotion_1,X6,65.31,0.0
Locomotion_1,X6,65.442,0.0
Locomotion_1,X6,65.575,0.0
Locomotion_1,X6,65.708,0.0
Locomotion_1,X6,65.841,0.0
Locomotion_1,X6,65.973,0.0
Locomotion_1,X6,66.106,0.0
Locomotion_1,X6,66.239,0.0
Locomotion_1,X6,66.372,0.0
Locomotion_1,X6,66.504,0.0
Locomotion_1,X6,66.637,0.0
Locomotion_1,X6,66.77,0.0
Locomotion_1,X6,66.903,0.0
Locomotion_1,X6,67.035,0.0
Locomotion_1,X6,67.168,0.0
Locomotion_1,X6,67.301,0.0
Locomotion_1,X6,67.434,0.0
Locomotion_1,X6,67.566,0.0
Locomotion_1,X6,67.699,0.0
Locomotion_1,X6,67.832,0.0
Locomotion_1,X6,67.965,0.0
Locomotion_1,X6,68.097,0.0
Locomotion_1,X6,68.23,0.0
Locomotion_1,X6,68.363,0.0
Locomotion_1,X6,68.496,0.0
Locomotion_1,X6,68.628,0.0
Locomotion_1,X6,68.761,0.0
Locomotion_1,X6,68.894,0.0
Locomotion_1,X6,69.027,0.0
Locomotion_1,X6,69.159,0.0
Locomotion_1,X6,69.292,0.0
Locomotion_1,X6,69.425,0.0
Locomotion_1,X6,69.558,0.0
Locomotion_1,X6,69.69,0.0
Locomotion_1,X6,69.823,0.0
Locomotion_1,X6,69.956,0.0
Locomotion_1,X6,70.088,0.0
Locomotion_1,X6,70.221,0.0
Locomotion_1,X6,70.354,0.0
Locomotion_1,X6,70.487,0.0
Locomotion_1,X6,70.619,0.0
Locomotion_1,X6,70.752,0.0
Locomotion_1,X6,70.885,0.0
Locomotion_1,X6,71.018,0.0
Locomotion_1,X6,71.15,0.0
Locomotion_1,X6,71.283,0.0
Locomotion_1,X6,71.416,0.0
Locomotion_1,X6,71.549,0.0
Locomotion_1,X6,71.681,0.0
Locomotion_1,X6,71.814,0.0
Locomotion_1,X6,71.947,0.0
Locomotion_1,X6,72.08,0.0
Locomotion_1,X6,72.212,0.0
Locomotion_1,X6,72.345,0.0
Locomotion_1,X6,72.478,0.0
Locomotion_1,X6,72.611,0.0
Locomotion_1,X6,72.743,0.0
Locomotion_1,X6,72.876,0.0
Locomotion_1,X6,73.009,0.0
Locomotion_1,X6,73.142,0.0
Locomotion_1,X6,73.274,0.0
Locomotion_1,X6,73.407,0.0
Locomotion_1,X6,73.54,0.0
Locomotion_1,X6,73.673,0.0
Locomotion_1,X6,73.805,0.0
Locomotion_1,X6,73.938,0.0
Locomotion_1,X6,74.071,0.0
Locomotion_1,X6,74.204,0.0
Locomotion_1,X6,74.336,0.0
Locomotion_1,X6,74.469,0.0
Locomotion_1,X6,74.602,0.0
Locomotion_1,X6,74.735,0.0
Locomotion_1,X6,74.867,0.0
Locomotion_1,X6,75.0,0.0
Locomotion_1,X6,75.133,0.0
Locomotion_1,X6,75.265,0.0
Locomotion_1,X6,75.398,0.0
Locomotion_1,X6,75.531,0.0
Locomotion_1,X6,75.664,0.0
Locomotion_1,X6,75.796,0.0
Locomotion_1,X6,75.929,0.0
Locomotion_1,X6,76.062,0.0
Locomotion_1,X6,76.195,0.0
Locomotion_1,X6,76.327,0.0
Locomotion_1,X6,76.46,0.0
Locomotion_1,X6,76.593,0.0
Locomotion_1,X6,76.726,0.0
Locomotion_1,X6,76.858,0.0
Locomotion_1,X6,76.991,0.0
Locomotion_1,X6,77.124,0.0
Locomotion_1,X6,77.257,0.0
Locomotion_1,X6,77.389,0.0
Locomotion_1,X6,77.522,0.0
Locomotion_1,X6,77.655,0.0
Locomotion_1,X6,77.788,0.0
Locomotion_1,X6,77.92,0.0
Locomotion_1,X6,78.053,0.0
Locomotion_1,X6,78.186,0.0
Locomotion_1,X6,78.319,0.0
Locomotion_1,X6,78.451,0.0
Locomotion_1,X6,78.584,0.0
Locomotion_1,X6,78.717,0.0
Locomotion_1,X6,78.85,0.0
Locomotion_1,X6,78.982,0.0
Locomotion_1,X6,79.115,0.0
Locomotion_1,X6,79.248,0.0
Locomotion_1,X6,79.381,0.0
Locomotion_1,X6,79.513,0.0
Locomotion_1,X6,79.646,0.0
Locomotion_1,X6,79.779,0.0
Locomotion_1,X6,79.912,0.0
Locomotion_1,X6,80.044,0.0
Locomotion_1,X6,80.177,0.0
Locomotion_1,X6,80.31,0.0
Locomotion_1,X6,80.442,0.0
Locomotion_1,X6,80.575,0.0
Locomotion_1,X6,80.708,0.0
Locomotion_1,X6,80.841,0.0
Locomotion_1,X6,80.973,0.0
Locomotion_1,X6,81.106,0.0
Locomotion_1,X6,81.239,0.0
Locomotion_1,X6,81.372,0.0
Locomotion_1,X6,81.504,0.0
Locomotion_1,X6,81.637,0.0
Locomotion_1,X6,81.77,0.0
Locomotion_1,X6,81.903,0.0
Locomotion_1,X6,82.035,0.0
Locomotion_1,X6,82.168,0.0
Locomotion_1,X6,82.301,0.0
Locomotion_1,X6,82.434,0.0
Locomotion_1,X6,82.566,0.0
Locomotion_1,X6,82.699,0.0
Locomotion_1,X6,82.832,0.0
Locomotion_1,X6,82.965,0.0
Locomotion_1,X6,83.097,0.0
Locomotion_1,X6,83.23,0.0
Locomotion_1,X6,83.363,0.0
Locomotion_1,X6,83.496,0.0
Locomotion_1,X6,83.628,0.0
Locomotion_1,X6,83.761,0.0
Locomotion_1,X6,83.894,0.0
Locomotion_1,X6,84.027,0.0
Locomotion_1,X6,84.159,0.0
Locomotion_1,X6,84.292,0.0
Locomotion_1,X6,84.425,0.0
Locomotion_1,X6,84.558,0.0
Locomotion_1,X6,84.69,0.0
Locomotion_1,X6,84.823,0.0
Locomotion_1,X6,84.956,0.0
Locomotion_1,X6,85.088,0.0
Locomotion_1,X6,85.221,0.0
Locomotion_1,X6,85.354,0.0
Locomotion_1,X6,85.487,0.0
Locomotion_1,X6,85.619,0.0
Locomotion_1,X6,85.752,0.0
Locomotion_1,X6,85.885,0.0
Locomotion_1,X6,86.018,0.0
Locomotion_1,X6,86.15,0.0
Locomotion_1,X6,86.283,0.0
Locomotion_1,X6,86.416,0.0
Locomotion_1,X6,86.549,0.0
Locomotion_1,X6,86.681,0.0
Locomotion_1,X6,86.814,0.0
Locomotion_1,X6,86.947,0.0
Locomotion_1,X6,87.08,0.0
Locomotion_1,X6,87.212,0.0
Locomotion_1,X6,87.345,0.0
Locomotion_1,X6,87.478,0.0
Locomotion_1,X6,87.611,0.0
Locomotion_1,X6,87.743,0.0
Locomotion_1,X6,87.876,0.0
Locomotion_1,X6,88.009,0.0
Locomotion_1,X6,88.142,0.0
Locomotion_1,X6,88.274,0.0
Locomotion_1,X6,88.407,0.0
Locomotion_1,X6,88.54,0.0
Locomotion_1,X6,88.673,0.0
Locomotion_1,X6,88.805,0.0
Locomotion_1,X6,88.938,0.0
Locomotion_1,X6,89.071,0.0
Locomotion_1,X6,89.204,0.0
Locomotion_1,X6,89.336,0.0
Locomotion_1,X6,89.469,0.0
Locomotion_1,X6,89.602,0.0
Locomotion_1,X6,89.735,0.0
Locomotion_1,X6,89.867,0.0
Locomotion_1,X6,90.0,0.0
Locomotion_1,X6,90.133,0.0
Locomotion_1,X6,90.265,0.0
Locomotion_1,X6,90.398,0.0
Locomotion_1,X6,90.531,0.0
Locomotion_1,X6,90.664,0.0
Locomotion_1,X6,90.796,0.0
Locomotion_1,X6,90.929,0.0
Locomotion_1,X6,91.062,0.0
Locomotion_1,X6,91.195,0.0
Locomotion_1,X6,91.327,0.0
Locomotion_1,X6,91.46,0.0
Locomotion_1,X6,91.593,0.0
Locomotion_1,X6,91.726,0.0
Locomotion_1,X6,91.858,0.0
Locomotion_1,X6,91.991,0.0
Locomotion_1,X6,92.124,0.0
Locomotion_1,X6,92.257,0.0
Locomotion_1,X6,92.389,0.0
Locomotion_1,X6,92.522,0.0
Locomotion_1,X6,92.655,0.0
Locomotion_1,X6,92.788,0.0
Locomotion_1,X6,92.92,0.0
Locomotion_1,X6,93.053,0.0
Locomotion_1,X6,93.186,0.0
Locomotion_1,X6,93.319,0.0
Locomotion_1,X6,93.451,0.0
Locomotion_1,X6,93.584,0.0
Locomotion_1,X6,93.717,0.0
Locomotion_1,X6,93.85,0.0
Locomotion_1,X6,93.982,0.0
Locomotion_1,X6,94.115,0.0
Locomotion_1,X6,94.248,0.0
Locomotion_1,X6,94.381,0.0
Locomotion_1,X6,94.513,0.0
Locomotion_1,X6,94.646,0.0
Locomotion_1,X6,94.779,0.0
Locomotion_1,X6,94.912,0.0
Locomotion_1,X6,95.044,0.0
Locomotion_1,X6,95.177,0.0
Locomotion_1,X6,95.31,0.0
Locomotion_1,X6,95.442,0.0
Locomotion_1,X6,95.575,0.0
Locomotion_1,X6,95.708,0.0
Locomotion_1,X6,95.841,0.0
Locomotion_1,X6,95.973,0.0
Locomotion_1,X6,96.106,0.0
Locomotion_1,X6,96.239,0.0
Locomotion_1,X6,96.372,0.0
Locomotion_1,X6,96.504,0.0
Locomotion_1,X6,96.637,0.0
Locomotion_1,X6,96.77,0.0549
Locomotion_1,X6,96.903,1.0
Locomotion_1,X7,0.0,1.0
Locomotion_1,X7,0.133,0.0549
Locomotion_1,X7,0.265,0.0
Locomotion_1,X7,0.398,0.0
Locomotion_1,X7,0.531,0.0
Locomotion_1,X7,0.664,0.0
Locomotion_1,X7,0.796,0.0
Locomotion_1,X7,0.929,0.0
Locomotion_1,X7,1.062,0.0
Locomotion_1,X7,1.195,0.0
Locomotion_1,X7,1.327,0.0
Locomotion_1,X7,1.46,0.0
Locomotion_1,X7,1.593,0.0
Locomotion_1,X7,1.726,0.0
Locomotion_1,X7,1.858,0.0
Locomotion_1,X7,1.991,0.0
Locomotion_1,X7,2.124,0.0
Locomotion_1,X7,2.257,0.0
Locomotion_1,X7,2.389,0.0
Locomotion_1,X7,2.522,0.0
Locomotion_1,X7,2.655,0.0
Locomotion_1,X7,2.788,0.0
Locomotion_1,X7,2.92,0.0
Locomotion_1,X7,3.053,0.0
Locomotion_1,X7,3.186,0.0
Locomotion_1,X7,3.319,0.0
Locomotion_1,X7,3.451,0.0
Locomotion_1,X7,3.584,0.0
Locomotion_1,X7,3.717,0.0
Locomotion_1,X7,3.85,0.0
Locomotion_1,X7,3.982,0.0
Locomotion_1,X7,4.115,0.0
Locomotion_1,X7,4.248,0.0
Locomotion_1,X7,4.381,0.0
Locomotion_1,X7,4.513,0.0
Locomotion_1,X7,4.646,0.0
Locomotion_1,X7,4.779,0.0
Locomotion_1,X7,4.912,0.0
Locomotion_1,X7,5.044,0.0
Locomotion_1,X7,5.177,0.0
Locomotion_1,X7,5.31,0.0
Locomotion_1,X7,5.442,0.0
Locomotion_1,X7,5.575,0.0
Locomotion_1,X7,5.708,0.0
Locomotion_1,X7,5.841,0.0
Locomotion_1,X7,5.973,0.0
Locomotion_1,X7,6.106,0.0
Locomotion_1,X7,6.239,0.0
Locomotion_1,X7,6.372,0.0
Locomotion_1,X7,6.504,0.0
Locomotion_1,X7,6.637,0.0
Locomotion_1,X7,6.77,0.0
Locomotion_1,X7,6.903,0.0
Locomotion_1,X7,7.035,0.0
Locomotion_1,X7,7.168,0.0
Locomotion_1,X7,7.301,0.0
Locomotion_1,X7,7.434,0.0
Locomotion_1,X7,7.566,0.0
Locomotion_1,X7,7.699,0.0
Locomotion_1,X7,7.832,0.0
Locomotion_1,X7,7.965,0.0
Locomotion_1,X7,8.097,0.0
Locomotion_1,X7,8.23,0.0
Locomotion_1,X7,8.363,0.0
Locomotion_1,X7,8.496,0.0
Locomotion_1,X7,8.628,0.0
Locomotion_1,X7,8.761,0.0
Locomotion_1,X7,8.894,0.0
Locomotion_1,X7,9.027,0.0
Locomotion_1,X7,9.159,0.0
Locomotion_1,X7,9.292,0.0
Locomotion_1,X7,9.425,0.0
Locomotion_1,X7,9.558,0.0
Locomotion_1,X7,9.69,0.0
Locomotion_1,X7,9.823,0.0
Locomotion_1,X7,9.956,0.0
Locomotion_1,X7,10.088,0.0
Locomotion_1,X7,10.221,0.0
Locomotion_1,X7,10.354,0.0
Locomotion_1,X7,10.487,0.0
Locomotion_1,X7,10.619,0.0
Locomotion_1,X7,10.752,0.0
Locomotion_1,X7,10.885,0.0
Locomotion_1,X7,11.018,0.0
Locomotion_1,X7,11.15,0.0
Locomotion_1,X7,11.283,0.0
Locomotion_1,X7,11.416,0.0
Locomotion_1,X7,11.549,0.0
Locomotion_1,X7,11.681,0.0
Locomotion_1,X7,11.814,0.0
Locomotion_1,X7,11.947,0.0
Locomotion_1,X7,12.08,0.0
Locomotion_1,X7,12.212,0.0
Locomotion_1,X7,12.345,0.0
Locomotion_1,X7,12.478,0.0
Locomotion_1,X7,12.611,0.0
Locomotion_1,X7,12.743,0.0
Locomotion_1,X7,12.876,0.0
Locomotion_1,X7,13.009,0.0
Locomotion_1,X7,13.142,0.0
Locomotion_1,X7,13.274,0.0
Locomotion_1,X7,13.407,0.0
Locomotion_1,X7,13.54,0.0
Locomotion_1,X7,13.673,0.0
Locomotion_1,X7,13.805,0.0
Locomotion_1,X7,13.938,0.0
Locomotion_1,X7,14.071,0.0
Locomotion_1,X7,14.204,0.0
Locomotion_1,X7,14.336,0.0
Locomotion_1,X7,14.469,0.0
Locomotion_1,X7,14.602,0.0
Locomotion_1,X7,14.735,0.0
Locomotion_1,X7,14.867,0.0
Locomotion_1,X7,15.0,0.0
Locomotion_1,X7,15.133,0.0
Locomotion_1,X7,15.265,0.0
Locomotion_1,X7,15.398,0.0
Locomotion_1,X7,15.531,0.0
Locomotion_1,X7,15.664,0.0
Locomotion_1,X7,15.796,0.0
Locomotion_1,X7,15.929,0.0
Locomotion_1,X7,16.062,0.0
Locomotion_1,X7,16.195,0.0
Locomotion_1,X7,16.327,0.0
Locomotion_1,X7,16.46,0.0
Locomotion_1,X7,16.593,0.0
Locomotion_1,X7,16.726,0.0
Locomotion_1,X7,16.858,0.0
Locomotion_1,X7,16.991,0.0
Locomotion_1,X7,17.124,0.0
Locomotion_1,X7,17.257,0.0
Locomotion_1,X7,17.389,0.0
Locomotion_1,X7,17.522,0.0
Locomotion_1,X7,17.655,0.0
Locomotion_1,X7,17.788,0.0
Locomotion_1,X7,17.92,0.0
Locomotion_1,X7,18.053,0.0
Locomotion_1,X7,18.186,0.0
Locomotion_1,X7,18.319,0.0
Locomotion_1,X7,18.451,0.0
Locomotion_1,X7,18.584,0.0
Locomotion_1,X7,18.717,0.0
Locomotion_1,X7,18.85,0.0
Locomotion_1,X7,18.982,0.0
Locomotion_1,X7,19.115,0.0
Locomotion_1,X7,19.248,0.0
Locomotion_1,X7,19.381,0.0
Locomotion_1,X7,19.513,0.0
Locomotion_1,X7,19.646,0.0
Locomotion_1,X7,19.779,0.0
Locomotion_1,X7,19.912,0.0
Locomotion_1,X7,20.044,0.0
Locomotion_1,X7,20.177,0.0
Locomotion_1,X7,20.31,0.0
Locomotion_1,X7,20.442,0.0
Locomotion_1,X7,20.575,0.0
Locomotion_1,X7,20.708,0.0
Locomotion_1,X7,20.841,0.0
Locomotion_1,X7,20.973,0.0
Locomotion_1,X7,21.106,0.0
Locomotion_1,X7,21.239,0.0
Locomotion_1,X7,21.372,0.0
Locomotion_1,X7,21.504,0.0
Locomotion_1,X7,21.637,0.0
Locomotion_1,X7,21.77,0.0
Locomotion_1,X7,21.903,0.0
Locomotion_1,X7,22.035,0.0
Locomotion_1,X7,22.168,0.0
Locomotion_1,X7,22.301,0.0
Locomotion_1,X7,22.434,0.0
Locomotion_1,X7,22.566,0.0
Locomotion_1,X7,22.699,0.0
Locomotion_1,X7,22.832,0.0
Locomotion_1,X7,22.965,0.0
Locomotion_1,X7,23.097,0.0
Locomotion_1,X7,23.23,0.0
Locomotion_1,X7,23.363,0.0
Locomotion_1,X7,23.496,0.0
Locomotion_1,X7,23.628,0.0
Locomotion_1,X7,23.761,0.0
Locomotion_1,X7,23.894,0.0
Locomotion_1,X7,24.027,0.0
Locomotion_1,X7,24.159,0.0
Locomotion_1,X7,24.292,0.0
Locomotion_1,X7,24.425,0.0
Locomotion_1,X7,24.558,0.0
Locomotion_1,X7,24.69,0.0
Locomotion_1,X7,24.823,0.0
Locomotion_1,X7,24.956,0.0
Locomotion_1,X7,25.088,0.0
Locomotion_1,X7,25.221,0.0
Locomotion_1,X7,25.354,0.0
Locomotion_1,X7,25.487,0.0
Locomotion_1,X7,25.619,0.0
Locomotion_1,X7,25.752,0.0
Locomotion_1,X7,25.885,0.0
Locomotion_1,X7,26.018,0.0
Locomotion_1,X7,26.15,0.0
Locomotion_1,X7,26.283,0.0
Locomotion_1,X7,26.416,0.0
Locomotion_1,X7,26.549,0.0
Locomotion_1,X7,26.681,0.0
Locomotion_1,X7,26.814,0.0
Locomotion_1,X7,26.947,0.0
Locomotion_1,X7,27.08,0.0
Locomotion_1,X7,27.212,0.0
Locomotion_1,X7,27.345,0.0
Locomotion_1,X7,27.478,0.0
Locomotion_1,X7,27.611,0.0
Locomotion_1,X7,27.743,0.0
Locomotion_1,X7,27.876,0.0
Locomotion_1,X7,28.009,0.0
Locomotion_1,X7,28.142,0.0
Locomotion_1,X7,28.274,0.0
Locomotion_1,X7,28.407,0.0
Locomotion_1,X7,28.54,0.0
Locomotion_1,X7,28.673,0.0
Locomotion_1,X7,28.805,0.0
Locomotion_1,X7,28.938,0.0
Locomotion_1,X7,29.071,0.0
Locomotion_1,X7,29.204,0.0
Locomotion_1,X7,29.336,0.0
Locomotion_1,X7,29.469,0.0
Locomotion_1,X7,29.602,0.0
Locomotion_1,X7,29.735,0.0
Locomotion_1,X7,29.867,0.0
Locomotion_1,X7,30.0,0.0
Locomotion_1,X7,30.133,0.0
Locomotion_1,X7,30.265,0.0
Locomotion_1,X7,30.398,0.0
Locomotion_1,X7,30.531,0.0
Locomotion_1,X7,30.664,0.0
Locomotion_1,X7,30.796,0.0
Locomotion_1,X7,30.929,0.0
Locomotion_1,X7,31.062,0.0
Locomotion_1,X7,31.195,0.0
Locomotion_1,X7,31.327,0.0
Locomotion_1,X7,31.46,0.0
Locomotion_1,X7,31.593,0.0
Locomotion_1,X7,31.726,0.0
Locomotion_1,X7,31.858,0.0
Locomotion_1,X7,31.991,0.0
Locomotion_1,X7,32.124,0.0
Locomotion_1,X7,32.257,0.0
Locomotion_1,X7,32.389,0.0
Locomotion_1,X7,32.522,0.0
Locomotion_1,X7,32.655,0.0
Locomotion_1,X7,32.788,0.0
Locomotion_1,X7,32.92,0.0
Locomotion_1,X7,33.053,0.0
Locomotion_1,X7,33.186,0.0
Locomotion_1,X7,33.319,0.0
Locomotion_1,X7,33.451,0.0
Locomotion_1,X7,33.584,0.0
Locomotion_1,X7,33.717,0.0
Locomotion_1,X7,33.85,0.0
Locomotion_1,X7,33.982,0.0
Locomotion_1,X7,34.115,0.0
Locomotion_1,X7,34.248,0.0
Locomotion_1,X7,34.381,0.0
Locomotion_1,X7,34.513,0.0
Locomotion_1,X7,34.646,0.0
Locomotion_1,X7,34.779,0.0
Locomotion_1,X7,34.912,0.0
Locomotion_1,X7,35.044,0.0
Locomotion_1,X7,35.177,0.0
Locomotion_1,X7,35.31,0.0
Locomotion_1,X7,35.442,0.0
Locomotion_1,X7,35.575,0.0
Locomotion_1,X7,35.708,0.0
Locomotion_1,X7,35.841,0.0
Locomotion_1,X7,35.973,0.0
Locomotion_1,X7,36.106,0.0
Locomotion_1,X7,36.239,0.0
Locomotion_1,X7,36.372,0.0
Locomotion_1,X7,36.504,0.0
Locomotion_1,X7,36.637,0.0
Locomotion_1,X7,36.77,0.0
Locomotion_1,X7,36.903,0.0
Locomotion_1,X7,37.035,0.0
Locomotion_1,X7,37.168,0.0
Locomotion_1,X7,37.301,0.0
Locomotion_1,X7,37.434,0.0
Locomotion_1,X7,37.566,0.0
Locomotion_1,X7,37.699,0.0
Locomotion_1,X7,37.832,0.0
Locomotion_1,X7,37.965,0.0
Locomotion_1,X7,38.097,0.0
Locomotion_1,X7,38.23,0.0
Locomotion_1,X7,38.363,0.0
Locomotion_1,X7,38.496,0.0
Locomotion_1,X7,38.628,0.0
Locomotion_1,X7,38.761,0.0
Locomotion_1,X7,38.894,0.0
Locomotion_1,X7,39.027,0.0
Locomotion_1,X7,39.159,0.0
Locomotion_1,X7,39.292,0.0
Locomotion_1,X7,39.425,0.0
Locomotion_1,X7,39.558,0.0
Locomotion_1,X7,39.69,0.0
Locomotion_1,X7,39.823,0.0
Locomotion_1,X7,39.956,0.0
Locomotion_1,X7,40.088,0.0
Locomotion_1,X7,40.221,0.0
Locomotion_1,X7,40.354,0.0
Locomotion_1,X7,40.487,0.0
Locomotion_1,X7,40.619,0.0
Locomotion_1,X7,40.752,0.0
Locomotion_1,X7,40.885,0.0
Locomotion_1,X7,41.018,0.0
Locomotion_1,X7,41.15,0.0
Locomotion_1,X7,41.283,0.0
Locomotion_1,X7,41.416,0.0
Locomotion_1,X7,41.549,0.0
Locomotion_1,X7,41.681,0.0
Locomotion_1,X7,41.814,0.0
Locomotion_1,X7,41.947,0.0
Locomotion_1,X7,42.08,0.0
Locomotion_1,X7,42.212,0.0
Locomotion_1,X7,42.345,0.0
Locomotion_1,X7,42.478,0.0
Locomotion_1,X7,42.611,0.0
Locomotion_1,X7,42.743,0.0
Locomotion_1,X7,42.876,0.0
Locomotion_1,X7,43.009,0.0
Locomotion_1,X7,43.142,0.0
Locomotion_1,X7,43.274,0.0
Locomotion_1,X7,43.407,0.0
Locomotion_1,X7,43.54,0.0
Locomotion_1,X7,43.673,0.0
Locomotion_1,X7,43.805,0.0
Locomotion_1,X7,43.938,0.0
Locomotion_1,X7,44.071,0.0
Locomotion_1,X7,44.204,0.0
Locomotion_1,X7,44.336,0.0
Locomotion_1,X7,44.469,0.0
Locomotion_1,X7,44.602,0.0
Locomotion_1,X7,44.735,0.0
Locomotion_1,X7,44.867,0.0
Locomotion_1,X7,45.0,0.0
Locomotion_1,X7,45.133,0.0
Locomotion_1,X7,45.265,0.0
Locomotion_1,X7,45.398,0.0
Locomotion_1,X7,45.531,0.0
Locomotion_1,X7,45.664,0.0
Locomotion_1,X7,45.796,0.0
Locomotion_1,X7,45.929,0.0
Locomotion_1,X7,46.062,0.0
Locomotion_1,X7,46.195,0.0
Locomotion_1,X7,46.327,0.0
Locomotion_1,X7,46.46,0.0
Locomotion_1,X7,46.593,0.0
Locomotion_1,X7,46.726,0.0
Locomotion_1,X7,46.858,0.0
Locomotion_1,X7,46.991,0.0
Locomotion_1,X7,47.124,0.0
Locomotion_1,X7,47.257,0.0
Locomotion_1,X7,47.389,0.0
Locomotion_1,X7,47.522,0.0
Locomotion_1,X7,47.655,0.0
Locomotion_1,X7,47.788,0.0
Locomotion_1,X7,47.92,0.0
Locomotion_1,X7,48.053,0.0
Locomotion_1,X7,48.186,0.0
Locomotion_1,X7,48.319,0.0
Locomotion_1,X7,48.451,0.0
Locomotion_1,X7,48.584,0.0
Locomotion_1,X7,48.717,0.0
Locomotion_1,X7,48.85,0.0
Locomotion_1,X7,48.982,0.0
Locomotion_1,X7,49.115,0.0
Locomotion_1,X7,49.248,0.0
Locomotion_1,X7,49.381,0.0
Locomotion_1,X7,49.513,0.0
Locomotion_1,X7,49.646,0.0
Locomotion_1,X7,49.779,0.0
Locomotion_1,X7,49.912,0.0
Locomotion_1,X7,50.044,0.0
Locomotion_1,X7,50.177,0.0
Locomotion_1,X7,50.31,0.0
Locomotion_1,X7,50.442,0.0
Locomotion_1,X7,50.575,0.0
Locomotion_1,X7,50.708,0.0
Locomotion_1,X7,50.841,0.0
Locomotion_1,X7,50.973,0.0
Locomotion_1,X7,51.106,0.0
Locomotion_1,X7,51.239,0.0
Locomotion_1,X7,51.372,0.0
Locomotion_1,X7,51.504,0.0
Locomotion_1,X7,51.637,0.0
Locomotion_1,X7,51.77,0.0
Locomotion_1,X7,51.903,0.0
Locomotion_1,X7,52.035,0.0
Locomotion_1,X7,52.168,0.0
Locomotion_1,X7,52.301,0.0
Locomotion_1,X7,52.434,0.0
Locomotion_1,X7,52.566,0.0
Locomotion_1,X7,52.699,0.0
Locomotion_1,X7,52.832,0.0
Locomotion_1,X7,52.965,0.0
Locomotion_1,X7,53.097,0.0
Locomotion_1,X7,53.23,0.0
Locomotion_1,X7,53.363,0.0
Locomotion_1,X7,53.496,0.0
Locomotion_1,X7,53.628,0.0
Locomotion_1,X7,53.761,0.0
Locomotion_1,X7,53.894,0.0
Locomotion_1,X7,54.027,0.0
Locomotion_1,X7,54.159,0.0
Locomotion_1,X7,54.292,0.0
Locomotion_1,X7,54.425,0.0
Locomotion_1,X7,54.558,0.0
Locomotion_1,X7,54.69,0.0
Locomotion_1,X7,54.823,0.0
Locomotion_1,X7,54.956,0.0
Locomotion_1,X7,55.088,0.0
Locomotion_1,X7,55.221,0.0
Locomotion_1,X7,55.354,0.0
Locomotion_1,X7,55.487,0.0
Locomotion_1,X7,55.619,0.0
Locomotion_1,X7,55.752,0.0
Locomotion_1,X7,55.885,0.0
Locomotion_1,X7,56.018,0.0
Locomotion_1,X7,56.15,0.0
Locomotion_1,X7,56.283,0.0
Locomotion_1,X7,56.416,0.0
Locomotion_1,X7,56.549,0.0
Locomotion_1,X7,56.681,0.0
Locomotion_1,X7,56.814,0.0
Locomotion_1,X7,56.947,0.0
Locomotion_1,X7,57.08,0.0
Locomotion_1,X7,57.212,0.0
Locomotion_1,X7,57.345,0.0
Locomotion_1,X7,57.478,0.0
Locomotion_1,X7,57.611,0.0
Locomotion_1,X7,57.743,0.0
Locomotion_1,X7,57.876,0.0
Locomotion_1,X7,58.009,0.0
Locomotion_1,X7,58.142,0.0
Locomotion_1,X7,58.274,0.0
Locomotion_1,X7,58.407,0.0
Locomotion_1,X7,58.54,0.0
Locomotion_1,X7,58.673,0.0
Locomotion_1,X7,58.805,0.0
Locomotion_1,X7,58.938,0.0
Locomotion_1,X7,59.071,0.0
Locomotion_1,X7,59.204,0.0
Locomotion_1,X7,59.336,0.0
Locomotion_1,X7,59.469,0.0
Locomotion_1,X7,59.602,0.0
Locomotion_1,X7,59.735,0.0
Locomotion_1,X7,59.867,0.0
Locomotion_1,X7,60.0,0.0
Locomotion_1,X7,60.133,0.0
Locomotion_1,X7,60.265,0.0
Locomotion_1,X7,60.398,0.0
Locomotion_1,X7,60.531,0.0
Locomotion_1,X7,60.664,0.0
Locomotion_1,X7,60.796,0.0
Locomotion_1,X7,60.929,0.0
Locomotion_1,X7,61.062,0.0
Locomotion_1,X7,61.195,0.0
Locomotion_1,X7,61.327,0.0
Locomotion_1,X7,61.46,0.0
Locomotion_1,X7,61.593,0.0
Locomotion_1,X7,61.726,0.0
Locomotion_1,X7,61.858,0.0
Locomotion_1,X7,61.991,0.0
Locomotion_1,X7,62.124,0.0
Locomotion_1,X7,62.257,0.0
Locomotion_1,X7,62.389,0.0
Locomotion_1,X7,62.522,0.0
Locomotion_1,X7,62.655,0.0
Locomotion_1,X7,62.788,0.0
Locomotion_1,X7,62.92,0.0
Locomotion_1,X7,63.053,0.0
Locomotion_1,X7,63.186,0.0
Locomotion_1,X7,63.319,0.0
Locomotion_1,X7,63.451,0.0
Locomotion_1,X7,63.584,0.0
Locomotion_1,X7,63.717,0.0
Locomotion_1,X7,63.85,0.0
Locomotion_1,X7,63.982,0.0
Locomotion_1,X7,64.115,0.0
Locomotion_1,X7,64.248,0.0
Locomotion_1,X7,64.381,0.0
Locomotion_1,X7,64.513,0.0
Locomotion_1,X7,64.646,0.0
Locomotion_1,X7,64.779,0.0
Locomotion_1,X7,64.912,0.0
Locomotion_1,X7,65.044,0.0
Locomotion_1,X7,65.177,0.0
Locomotion_1,X7,65.31,0.0
Locomotion_1,X7,65.442,0.0
Locomotion_1,X7,65.575,0.0
Locomotion_1,X7,65.708,0.0
Locomotion_1,X7,65.841,0.0
Locomotion_1,X7,65.973,0.0
Locomotion_1,X7,66.106,0.0
Locomotion_1,X7,66.239,0.0
Locomotion_1,X7,66.372,0.0
Locomotion_1,X7,66.504,0.0
Locomotion_1,X7,66.637,0.0
Locomotion_1,X7,66.77,0.0
Locomotion_1,X7,66.903,0.0
Locomotion_1,X7,67.035,0.0
Locomotion_1,X7,67.168,0.0
Locomotion_1,X7,67.301,0.0
Locomotion_1,X7,67.434,0.0
Locomotion_1,X7,67.566,0.0
Locomotion_1,X7,67.699,0.0
Locomotion_1,X7,67.832,0.0
Locomotion_1,X7,67.965,0.0
Locomotion_1,X7,68.097,0.0
Locomotion_1,X7,68.23,0.0
Locomotion_1,X7,68.363,0.0
Locomotion_1,X7,68.496,0.0
Locomotion_1,X7,68.628,0.0
Locomotion_1,X7,68.761,0.0
Locomotion_1,X7,68.894,0.0
Locomotion_1,X7,69.027,0.0
Locomotion_1,X7,69.159,0.0
Locomotion_1,X7,69.292,0.0
Locomotion_1,X7,69.425,0.0
Locomotion_1,X7,69.558,0.0
Locomotion_1,X7,69.69,0.0
Locomotion_1,X7,69.823,0.0
Locomotion_1,X7,69.956,0.0
Locomotion_1,X7,70.088,0.0
Locomotion_1,X7,70.221,0.0
Locomotion_1,X7,70.354,0.0
Locomotion_1,X7,70.487,0.0
Locomotion_1,X7,70.619,0.0
Locomotion_1,X7,70.752,0.0
Locomotion_1,X7,70.885,0.0
Locomotion_1,X7,71.018,0.0
Locomotion_1,X7,71.15,0.0
Locomotion_1,X7,71.283,0.0
Locomotion_1,X7,71.416,0.0
Locomotion_1,X7,71.549,0.0
Locomotion_1,X7,71.681,0.0
Locomotion_1,X7,71.814,0.0
Locomotion_1,X7,71.947,0.0
Locomotion_1,X7,72.08,0.0
Locomotion_1,X7,72.212,0.0
Locomotion_1,X7,72.345,0.0
Locomotion_1,X7,72.478,0.0
Locomotion_1,X7,72.611,0.0
Locomotion_1,X7,72.743,0.0
Locomotion_1,X7,72.876,0.0
Locomotion_1,X7,73.009,0.0
Locomotion_1,X7,73.142,0.0
Locomotion_1,X7,73.274,0.0
Locomotion_1,X7,73.407,0.0
Locomotion_1,X7,73.54,0.0
Locomotion_1,X7,73.673,0.0
Locomotion_1,X7,73.805,0.0
Locomotion_1,X7,73.938,0.0
Locomotion_1,X7,74.071,0.0
Locomotion_1,X7,74.204,0.0
Locomotion_1,X7,74.336,0.0
Locomotion_1,X7,74.469,0.0
Locomotion_1,X7,74.602,0.0
Locomotion_1,X7,74.735,0.0
Locomotion_1,X7,74.867,0.0
Locomotion_1,X7,75.0,0.0
Locomotion_1,X7,75.133,0.0
Locomotion_1,X7,75.265,0.0
Locomotion_1,X7,75.398,0.0
Locomotion_1,X7,75.531,0.0
Locomotion_1,X7,75.664,0.0
Locomotion_1,X7,75.796,0.0
Locomotion_1,X7,75.929,0.0
Locomotion_1,X7,76.062,0.0
Locomotion_1,X7,76.195,0.0
Locomotion_1,X7,76.327,0.0
Locomotion_1,X7,76.46,0.0
Locomotion_1,X7,76.593,0.0
Locomotion_1,X7,76.726,0.0
Locomotion_1,X7,76.858,0.0
Locomotion_1,X7,76.991,0.0
Locomotion_1,X7,77.124,0.0
Locomotion_1,X7,77.257,0.0
Locomotion_1,X7,77.389,0.0
Locomotion_1,X7,77.522,0.0
Locomotion_1,X7,77.655,0.0
Locomotion_1,X7,77.788,0.0
Locomotion_1,X7,77.92,0.0
Locomotion_1,X7,78.053,0.0
Locomotion_1,X7,78.186,0.0
Locomotion_1,X7,78.319,0.0
Locomotion_1,X7,78.451,0.0
Locomotion_1,X7,78.584,0.0
Locomotion_1,X7,78.717,0.0
Locomotion_1,X7,78.85,0.0
Locomotion_1,X7,78.982,0.0
Locomotion_1,X7,79.115,0.0
Locomotion_1,X7,79.248,0.0
Locomotion_1,X7,79.381,0.0
Locomotion_1,X7,79.513,0.0
Locomotion_1,X7,79.646,0.0
Locomotion_1,X7,79.779,0.0
Locomotion_1,X7,79.912,0.0
Locomotion_1,X7,80.044,0.0
Locomotion_1,X7,80.177,0.0
Locomotion_1,X7,80.31,0.0
Locomotion_1,X7,80.442,0.0
Locomotion_1,X7,80.575,0.0
Locomotion_1,X7,80.708,0.0
Locomotion_1,X7,80.841,0.0
Locomotion_1,X7,80.973,0.0
Locomotion_1,X7,81.106,0.0
Locomotion_1,X7,81.239,0.0
Locomotion_1,X7,81.372,0.0
Locomotion_1,X7,81.504,0.0
Locomotion_1,X7,81.637,0.0
Locomotion_1,X7,81.77,0.0
Locomotion_1,X7,81.903,0.0
Locomotion_1,X7,82.035,0.0
Locomotion_1,X7,82.168,0.0
Locomotion_1,X7,82.301,0.0
Locomotion_1,X7,82.434,0.0
Locomotion_1,X7,82.566,0.0
Locomotion_1,X7,82.699,0.0
Locomotion_1,X7,82.832,0.0
Locomotion_1,X7,82.965,0.0
Locomotion_1,X7,83.097,0.0
Locomotion_1,X7,83.23,0.0
Locomotion_1,X7,83.363,0.0
Locomotion_1,X7,83.496,0.0
Locomotion_1,X7,83.628,0.0
Locomotion_1,X7,83.761,0.0
Locomotion_1,X7,83.894,0.0
Locomotion_1,X7,84.027,0.0
Locomotion_1,X7,84.159,0.0
Locomotion_1,X7,84.292,0.0
Locomotion_1,X7,84.425,0.0
Locomotion_1,X7,84.558,0.0
Locomotion_1,X7,84.69,0.0
Locomotion_1,X7,84.823,0.0
Locomotion_1,X7,84.956,0.0
Locomotion_1,X7,85.088,0.0
Locomotion_1,X7,85.221,0.0
Locomotion_1,X7,85.354,0.0
Locomotion_1,X7,85.487,0.0
Locomotion_1,X7,85.619,0.0
Locomotion_1,X7,85.752,0.0
Locomotion_1,X7,85.885,0.0
Locomotion_1,X7,86.018,0.0
Locomotion_1,X7,86.15,0.0
Locomotion_1,X7,86.283,0.0
Locomotion_1,X7,86.416,0.0
Locomotion_1,X7,86.549,0.0
Locomotion_1,X7,86.681,0.0
Locomotion_1,X7,86.814,0.0
Locomotion_1,X7,86.947,0.0
Locomotion_1,X7,87.08,0.0
Locomotion_1,X7,87.212,0.0
Locomotion_1,X7,87.345,0.0
Locomotion_1,X7,87.478,0.0
Locomotion_1,X7,87.611,0.0
Locomotion_1,X7,87.743,0.0
Locomotion_1,X7,87.876,0.0
Locomotion_1,X7,88.009,0.0
Locomotion_1,X7,88.142,0.0
Locomotion_1,X7,88.274,0.0
Locomotion_1,X7,88.407,0.0
Locomotion_1,X7,88.54,0.0
Locomotion_1,X7,88.673,0.0
Locomotion_1,X7,88.805,0.0
Locomotion_1,X7,88.938,0.0
Locomotion_1,X7,89.071,0.0
Locomotion_1,X7,89.204,0.0
Locomotion_1,X7,89.336,0.0
Locomotion_1,X7,89.469,0.0
Locomotion_1,X7,89.602,0.0
Locomotion_1,X7,89.735,0.0
Locomotion_1,X7,89.867,0.0
Locomotion_1,X7,90.0,0.0
Locomotion_1,X7,90.133,0.0
Locomotion_1,X7,90.265,0.0
Locomotion_1,X7,90.398,0.0
Locomotion_1,X7,90.531,0.0
Locomotion_1,X7,90.664,0.0
Locomotion_1,X7,90.796,0.0
Locomotion_1,X7,90.929,0.0
Locomotion_1,X7,91.062,0.0
Locomotion_1,X7,91.195,0.0
Locomotion_1,X7,91.327,0.0
Locomotion_1,X7,91.46,0.0
Locomotion_1,X7,91.593,0.0
Locomotion_1,X7,91.726,0.0
Locomotion_1,X7,91.858,0.0
Locomotion_1,X7,91.991,0.0
Locomotion_1,X7,92.124,0.0
Locomotion_1,X7,92.257,0.0
Locomotion_1,X7,92.389,0.0
Locomotion_1,X7,92.522,0.0
Locomotion_1,X7,92.655,0.0
Locomotion_1,X7,92.788,0.0
Locomotion_1,X7,92.92,0.0
Locomotion_1,X7,93.053,0.0
Locomotion_1,X7,93.186,0.0
Locomotion_1,X7,93.319,0.0
Locomotion_1,X7,93.451,0.0
Locomotion_1,X7,93.584,0.0
Locomotion_1,X7,93.717,0.0
Locomotion_1,X7,93.85,0.0
Locomotion_1,X7,93.982,0.0
Locomotion_1,X7,94.115,0.0
Locomotion_1,X7,94.248,0.0
Locomotion_1,X7,94.381,0.0
Locomotion_1,X7,94.513,0.0
Locomotion_1,X7,94.646,0.0
Locomotion_1,X7,94.779,0.0
Locomotion_1,X7,94.912,0.0
Locomotion_1,X7,95.044,0.0
Locomotion_1,X7,95.177,0.0
Locomotion_1,X7,95.31,0.0
Locomotion_1,X7,95.442,0.0
Locomotion_1,X7,95.575,0.0
Locomotion_1,X7,95.708,0.0
Locomotion_1,X7,95.841,0.0
Locomotion_1,X7,95.973,0.0
Locomotion_1,X7,96.106,0.0
Locomotion_1,X7,96.239,0.0
Locomotion_1,X7,96.372,0.0
Locomotion_1,X7,96.504,0.0
Locomotion_1,X7,96.637,0.0
Locomotion_1,X7,96.77,0.0549
Locomotion_1,X7,96.903,1.0
Locomotion_1,X8,0.0,1.0
Locomotion_1,X8,0.133,0.0549
Locomotion_1,X8,0.265,0.0
Locomotion_1,X8,0.398,0.0
Locomotion_1,X8,0.531,0.0
Locomotion_1,X8,0.664,0.0
Locomotion_1,X8,0.796,0.0
Locomotion_1,X8,0.929,0.0
Locomotion_1,X8,1.062,0.0
Locomotion_1,X8,1.195,0.0
Locomotion_1,X8,1.327,0.0
Locomotion_1,X8,1.46,0.0
Locomotion_1,X8,1.593,0.0
Locomotion_1,X8,1.726,0.0
Locomotion_1,X8,1.858,0.0
Locomotion_1,X8,1.991,0.0
Locomotion_1,X8,2.124,0.0
Locomotion_1,X8,2.257,0.0
Locomotion_1,X8,2.389,0.0
Locomotion_1,X8,2.522,0.0
Locomotion_1,X8,2.655,0.0
Locomotion_1,X8,2.788,0.0
Locomotion_1,X8,2.92,0.0
Locomotion_1,X8,3.053,0.0
Locomotion_1,X8,3.186,0.0
Locomotion_1,X8,3.319,0.0
Locomotion_1,X8,3.451,0.0
Locomotion_1,X8,3.584,0.0
Locomotion_1,X8,3.717,0.0
Locomotion_1,X8,3.85,0.0
Locomotion_1,X8,3.982,0.0
Locomotion_1,X8,4.115,0.0
Locomotion_1,X8,4.248,0.0
Locomotion_1,X8,4.381,0.0
Locomotion_1,X8,4.513,0.0
Locomotion_1,X8,4.646,0.0
Locomotion_1,X8,4.779,0.0
Locomotion_1,X8,4.912,0.0
Locomotion_1,X8,5.044,0.0
Locomotion_1,X8,5.177,0.0
Locomotion_1,X8,5.31,0.0
Locomotion_1,X8,5.442,0.0
Locomotion_1,X8,5.575,0.0
Locomotion_1,X8,5.708,0.0
Locomotion_1,X8,5.841,0.0
Locomotion_1,X8,5.973,0.0
Locomotion_1,X8,6.106,0.0
Locomotion_1,X8,6.239,0.0
Locomotion_1,X8,6.372,0.0
Locomotion_1,X8,6.504,0.0
Locomotion_1,X8,6.637,0.0
Locomotion_1,X8,6.77,0.0
Locomotion_1,X8,6.903,0.0
Locomotion_1,X8,7.035,0.0
Locomotion_1,X8,7.168,0.0
Locomotion_1,X8,7.301,0.0
Locomotion_1,X8,7.434,0.0
Locomotion_1,X8,7.566,0.0
Locomotion_1,X8,7.699,0.0
Locomotion_1,X8,7.832,0.0
Locomotion_1,X8,7.965,0.0
Locomotion_1,X8,8.097,0.0
Locomotion_1,X8,8.23,0.0
Locomotion_1,X8,8.363,0.0
Locomotion_1,X8,8.496,0.0
Locomotion_1,X8,8.628,0.0
Locomotion_1,X8,8.761,0.0
Locomotion_1,X8,8.894,0.0
Locomotion_1,X8,9.027,0.0
Locomotion_1,X8,9.159,0.0
Locomotion_1,X8,9.292,0.0
Locomotion_1,X8,9.425,0.0
Locomotion_1,X8,9.558,0.0
Locomotion_1,X8,9.69,0.0
Locomotion_1,X8,9.823,0.0
Locomotion_1,X8,9.956,0.0
Locomotion_1,X8,10.088,0.0
Locomotion_1,X8,10.221,0.0
Locomotion_1,X8,10.354,0.0
Locomotion_1,X8,10.487,0.0
Locomotion_1,X8,10.619,0.0
Locomotion_1,X8,10.752,0.0
Locomotion_1,X8,10.885,0.0
Locomotion_1,X8,11.018,0.0
Locomotion_1,X8,11.15,0.0
Locomotion_1,X8,11.283,0.0
Locomotion_1,X8,11.416,0.0
Locomotion_1,X8,11.549,0.0
Locomotion_1,X8,11.681,0.0
Locomotion_1,X8,11.814,0.0
Locomotion_1,X8,11.947,0.0
Locomotion_1,X8,12.08,0.0
Locomotion_1,X8,12.212,0.0
Locomotion_1,X8,12.345,0.0
Locomotion_1,X8,12.478,0.0
Locomotion_1,X8,12.611,0.0
Locomotion_1,X8,12.743,0.0
Locomotion_1,X8,12.876,0.0
Locomotion_1,X8,13.009,0.0
Locomotion_1,X8,13.142,0.0
Locomotion_1,X8,13.274,0.0
Locomotion_1,X8,13.407,0.0
Locomotion_1,X8,13.54,0.0
Locomotion_1,X8,13.673,0.0
Locomotion_1,X8,13.805,0.0
Locomotion_1,X8,13.938,0.0
Locomotion_1,X8,14.071,0.0
Locomotion_1,X8,14.204,0.0
Locomotion_1,X8,14.336,0.0
Locomotion_1,X8,14.469,0.0
Locomotion_1,X8,14.602,0.0
Locomotion_1,X8,14.735,0.0
Locomotion_1,X8,14.867,0.0
Locomotion_1,X8,15.0,0.0
Locomotion_1,X8,15.133,0.0
Locomotion_1,X8,15.265,0.0
Locomotion_1,X8,15.398,0.0
Locomotion_1,X8,15.531,0.0
Locomotion_1,X8,15.664,0.0
Locomotion_1,X8,15.796,0.0
Locomotion_1,X8,15.929,0.0
Locomotion_1,X8,16.062,0.0
Locomotion_1,X8,16.195,0.0
Locomotion_1,X8,16.327,0.0
Locomotion_1,X8,16.46,0.0
Locomotion_1,X8,16.593,0.0
Locomotion_1,X8,16.726,0.0
Locomotion_1,X8,16.858,0.0
Locomotion_1,X8,16.991,0.0
Locomotion_1,X8,17.124,0.0
Locomotion_1,X8,17.257,0.0
Locomotion_1,X8,17.389,0.0
Locomotion_1,X8,17.522,0.0
Locomotion_1,X8,17.655,0.0
Locomotion_1,X8,17.788,0.0
Locomotion_1,X8,17.92,0.0
Locomotion_1,X8,18.053,0.0
Locomotion_1,X8,18.186,0.0
Locomotion_1,X8,18.319,0.0
Locomotion_1,X8,18.451,0.0
Locomotion_1,X8,18.584,0.0
Locomotion_1,X8,18.717,0.0
Locomotion_1,X8,18.85,0.0
Locomotion_1,X8,18.982,0.0
Locomotion_1,X8,19.115,0.0
Locomotion_1,X8,19.248,0.0
Locomotion_1,X8,19.381,0.0
Locomotion_1,X8,19.513,0.0
Locomotion_1,X8,19.646,0.0
Locomotion_1,X8,19.779,0.0
Locomotion_1,X8,19.912,0.0
Locomotion_1,X8,20.044,0.0
Locomotion_1,X8,20.177,0.0
Locomotion_1,X8,20.31,0.0
Locomotion_1,X8,20.442,0.0
Locomotion_1,X8,20.575,0.0
Locomotion_1,X8,20.708,0.0
Locomotion_1,X8,20.841,0.0
Locomotion_1,X8,20.973,0.0
Locomotion_1,X8,21.106,0.0
Locomotion_1,X8,21.239,0.0
Locomotion_1,X8,21.372,0.0
Locomotion_1,X8,21.504,0.0
Locomotion_1,X8,21.637,0.0
Locomotion_1,X8,21.77,0.0
Locomotion_1,X8,21.903,0.0
Locomotion_1,X8,22.035,0.0
Locomotion_1,X8,22.168,0.0
Locomotion_1,X8,22.301,0.0
Locomotion_1,X8,22.434,0.0
Locomotion_1,X8,22.566,0.0
Locomotion_1,X8,22.699,0.0
Locomotion_1,X8,22.832,0.0
Locomotion_1,X8,22.965,0.0
Locomotion_1,X8,23.097,0.0
Locomotion_1,X8,23.23,0.0
Locomotion_1,X8,23.363,0.0
Locomotion_1,X8,23.496,0.0
Locomotion_1,X8,23.628,0.0
Locomotion_1,X8,23.761,0.0
Locomotion_1,X8,23.894,0.0
Locomotion_1,X8,24.027,0.0
Locomotion_1,X8,24.159,0.0
Locomotion_1,X8,24.292,0.0
Locomotion_1,X8,24.425,0.0
Locomotion_1,X8,24.558,0.0
Locomotion_1,X8,24.69,0.0
Locomotion_1,X8,24.823,0.0
Locomotion_1,X8,24.956,0.0
Locomotion_1,X8,25.088,0.0
Locomotion_1,X8,25.221,0.0
Locomotion_1,X8,25.354,0.0
Locomotion_1,X8,25.487,0.0
Locomotion_1,X8,25.619,0.0
Locomotion_1,X8,25.752,0.0
Locomotion_1,X8,25.885,0.0
Locomotion_1,X8,26.018,0.0
Locomotion_1,X8,26.15,0.0
Locomotion_1,X8,26.283,0.0
Locomotion_1,X8,26.416,0.0
Locomotion_1,X8,26.549,0.0
Locomotion_1,X8,26.681,0.0
Locomotion_1,X8,26.814,0.0
Locomotion_1,X8,26.947,0.0
Locomotion_1,X8,27.08,0.0
Locomotion_1,X8,27.212,0.0
Locomotion_1,X8,27.345,0.0
Locomotion_1,X8,27.478,0.0
Locomotion_1,X8,27.611,0.0
Locomotion_1,X8,27.743,0.0
Locomotion_1,X8,27.876,0.0
Locomotion_1,X8,28.009,0.0
Locomotion_1,X8,28.142,0.0
Locomotion_1,X8,28.274,0.0
Locomotion_1,X8,28.407,0.0
Locomotion_1,X8,28.54,0.0
Locomotion_1,X8,28.673,0.0
Locomotion_1,X8,28.805,0.0
Locomotion_1,X8,28.938,0.0
Locomotion_1,X8,29.071,0.0
Locomotion_1,X8,29.204,0.0
Locomotion_1,X8,29.336,0.0
Locomotion_1,X8,29.469,0.0
Locomotion_1,X8,29.602,0.0
Locomotion_1,X8,29.735,0.0
Locomotion_1,X8,29.867,0.0
Locomotion_1,X8,30.0,0.0
Locomotion_1,X8,30.133,0.0
Locomotion_1,X8,30.265,0.0
Locomotion_1,X8,30.398,0.0
Locomotion_1,X8,30.531,0.0
Locomotion_1,X8,30.664,0.0
Locomotion_1,X8,30.796,0.0
Locomotion_1,X8,30.929,0.0
Locomotion_1,X8,31.062,0.0
Locomotion_1,X8,31.195,0.0
Locomotion_1,X8,31.327,0.0
Locomotion_1,X8,31.46,0.0
Locomotion_1,X8,31.593,0.0
Locomotion_1,X8,31.726,0.0
Locomotion_1,X8,31.858,0.0
Locomotion_1,X8,31.991,0.0
Locomotion_1,X8,32.124,0.0
Locomotion_1,X8,32.257,0.0
Locomotion_1,X8,32.389,0.0
Locomotion_1,X8,32.522,0.0
Locomotion_1,X8,32.655,0.0
Locomotion_1,X8,32.788,0.0
Locomotion_1,X8,32.92,0.0
Locomotion_1,X8,33.053,0.0
Locomotion_1,X8,33.186,0.0
Locomotion_1,X8,33.319,0.0
Locomotion_1,X8,33.451,0.0
Locomotion_1,X8,33.584,0.0
Locomotion_1,X8,33.717,0.0
Locomotion_1,X8,33.85,0.0
Locomotion_1,X8,33.982,0.0
Locomotion_1,X8,34.115,0.0
Locomotion_1,X8,34.248,0.0
Locomotion_1,X8,34.381,0.0
Locomotion_1,X8,34.513,0.0
Locomotion_1,X8,34.646,0.0
Locomotion_1,X8,34.779,0.0
Locomotion_1,X8,34.912,0.0
Locomotion_1,X8,35.044,0.0
Locomotion_1,X8,35.177,0.0
Locomotion_1,X8,35.31,0.0
Locomotion_1,X8,35.442,0.0
Locomotion_1,X8,35.575,0.0
Locomotion_1,X8,35.708,0.0
Locomotion_1,X8,35.841,0.0
Locomotion_1,X8,35.973,0.0
Locomotion_1,X8,36.106,0.0
Locomotion_1,X8,36.239,0.0
Locomotion_1,X8,36.372,0.0
Locomotion_1,X8,36.504,0.0
Locomotion_1,X8,36.637,0.0
Locomotion_1,X8,36.77,0.0
Locomotion_1,X8,36.903,0.0
Locomotion_1,X8,37.035,0.0
Locomotion_1,X8,37.168,0.0
Locomotion_1,X8,37.301,0.0
Locomotion_1,X8,37.434,0.0
Locomotion_1,X8,37.566,0.0
Locomotion_1,X8,37.699,0.0
Locomotion_1,X8,37.832,0.0
Locomotion_1,X8,37.965,0.0
Locomotion_1,X8,38.097,0.0
Locomotion_1,X8,38.23,0.0
Locomotion_1,X8,38.363,0.0
Locomotion_1,X8,38.496,0.0
Locomotion_1,X8,38.628,0.0
Locomotion_1,X8,38.761,0.0
Locomotion_1,X8,38.894,0.0
Locomotion_1,X8,39.027,0.0
Locomotion_1,X8,39.159,0.0
Locomotion_1,X8,39.292,0.0
Locomotion_1,X8,39.425,0.0
Locomotion_1,X8,39.558,0.0
Locomotion_1,X8,39.69,0.0
Locomotion_1,X8,39.823,0.0
Locomotion_1,X8,39.956,0.0
Locomotion_1,X8,40.088,0.0
Locomotion_1,X8,40.221,0.0
Locomotion_1,X8,40.354,0.0
Locomotion_1,X8,40.487,0.0
Locomotion_1,X8,40.619,0.0
Locomotion_1,X8,40.752,0.0
Locomotion_1,X8,40.885,0.0
Locomotion_1,X8,41.018,0.0
Locomotion_1,X8,41.15,0.0
Locomotion_1,X8,41.283,0.0
Locomotion_1,X8,41.416,0.0
Locomotion_1,X8,41.549,0.0
Locomotion_1,X8,41.681,0.0
Locomotion_1,X8,41.814,0.0
Locomotion_1,X8,41.947,0.0
Locomotion_1,X8,42.08,0.0
Locomotion_1,X8,42.212,0.0
Locomotion_1,X8,42.345,0.0
Locomotion_1,X8,42.478,0.0
Locomotion_1,X8,42.611,0.0
Locomotion_1,X8,42.743,0.0
Locomotion_1,X8,42.876,0.0
Locomotion_1,X8,43.009,0.0
Locomotion_1,X8,43.142,0.0
Locomotion_1,X8,43.274,0.0
Locomotion_1,X8,43.407,0.0
Locomotion_1,X8,43.54,0.0
Locomotion_1,X8,43.673,0.0
Locomotion_1,X8,43.805,0.0
Locomotion_1,X8,43.938,0.0
Locomotion_1,X8,44.071,0.0
Locomotion_1,X8,44.204,0.0
Locomotion_1,X8,44.336,0.0
Locomotion_1,X8,44.469,0.0
Locomotion_1,X8,44.602,0.0
Locomotion_1,X8,44.735,0.0
Locomotion_1,X8,44.867,0.0
Locomotion_1,X8,45.0,0.0
Locomotion_1,X8,45.133,0.0
Locomotion_1,X8,45.265,0.0
Locomotion_1,X8,45.398,0.0
Locomotion_1,X8,45.531,0.0
Locomotion_1,X8,45.664,0.0
Locomotion_1,X8,45.796,0.0
Locomotion_1,X8,45.929,0.0
Locomotion_1,X8,46.062,0.0
Locomotion_1,X8,46.195,0.0
Locomotion_1,X8,46.327,0.0
Locomotion_1,X8,46.46,0.0
Locomotion_1,X8,46.593,0.0
Locomotion_1,X8,46.726,0.0
Locomotion_1,X8,46.858,0.0
Locomotion_1,X8,46.991,0.0
Locomotion_1,X8,47.124,0.0
Locomotion_1,X8,47.257,0.0
Locomotion_1,X8,47.389,0.0
Locomotion_1,X8,47.522,0.0
Locomotion_1,X8,47.655,0.0
Locomotion_1,X8,47.788,0.0
Locomotion_1,X8,47.92,0.0
Locomotion_1,X8,48.053,0.0
Locomotion_1,X8,48.186,0.0
Locomotion_1,X8,48.319,0.0
Locomotion_1,X8,48.451,0.0
Locomotion_1,X8,48.584,0.0
Locomotion_1,X8,48.717,0.0
Locomotion_1,X8,48.85,0.0
Locomotion_1,X8,48.982,0.0
Locomotion_1,X8,49.115,0.0
Locomotion_1,X8,49.248,0.0
Locomotion_1,X8,49.381,0.0
Locomotion_1,X8,49.513,0.0
Locomotion_1,X8,49.646,0.0
Locomotion_1,X8,49.779,0.0
Locomotion_1,X8,49.912,0.0
Locomotion_1,X8,50.044,0.0
Locomotion_1,X8,50.177,0.0
Locomotion_1,X8,50.31,0.0
Locomotion_1,X8,50.442,0.0
Locomotion_1,X8,50.575,0.0
Locomotion_1,X8,50.708,0.0
Locomotion_1,X8,50.841,0.0
Locomotion_1,X8,50.973,0.0
Locomotion_1,X8,51.106,0.0
Locomotion_1,X8,51.239,0.0
Locomotion_1,X8,51.372,0.0
Locomotion_1,X8,51.504,0.0
Locomotion_1,X8,51.637,0.0
Locomotion_1,X8,51.77,0.0
Locomotion_1,X8,51.903,0.0
Locomotion_1,X8,52.035,0.0
Locomotion_1,X8,52.168,0.0
Locomotion_1,X8,52.301,0.0
Locomotion_1,X8,52.434,0.0
Locomotion_1,X8,52.566,0.0
Locomotion_1,X8,52.699,0.0
Locomotion_1,X8,52.832,0.0
Locomotion_1,X8,52.965,0.0
Locomotion_1,X8,53.097,0.0
Locomotion_1,X8,53.23,0.0
Locomotion_1,X8,53.363,0.0
Locomotion_1,X8,53.496,0.0
Locomotion_1,X8,53.628,0.0
Locomotion_1,X8,53.761,0.0
Locomotion_1,X8,53.894,0.0
Locomotion_1,X8,54.027,0.0
Locomotion_1,X8,54.159,0.0
Locomotion_1,X8,54.292,0.0
Locomotion_1,X8,54.425,0.0
Locomotion_1,X8,54.558,0.0
Locomotion_1,X8,54.69,0.0
Locomotion_1,X8,54.823,0.0
Locomotion_1,X8,54.956,0.0
Locomotion_1,X8,55.088,0.0
Locomotion_1,X8,55.221,0.0
Locomotion_1,X8,55.354,0.0
Locomotion_1,X8,55.487,0.0
Locomotion_1,X8,55.619,0.0
Locomotion_1,X8,55.752,0.0
Locomotion_1,X8,55.885,0.0
Locomotion_1,X8,56.018,0.0
Locomotion_1,X8,56.15,0.0
Locomotion_1,X8,56.283,0.0
Locomotion_1,X8,56.416,0.0
Locomotion_1,X8,56.549,0.0
Locomotion_1,X8,56.681,0.0
Locomotion_1,X8,56.814,0.0
Locomotion_1,X8,56.947,0.0
Locomotion_1,X8,57.08,0.0
Locomotion_1,X8,57.212,0.0
Locomotion_1,X8,57.345,0.0
Locomotion_1,X8,57.478,0.0
Locomotion_1,X8,57.611,0.0
Locomotion_1,X8,57.743,0.0
Locomotion_1,X8,57.876,0.0
Locomotion_1,X8,58.009,0.0
Locomotion_1,X8,58.142,0.0
Locomotion_1,X8,58.274,0.0
Locomotion_1,X8,58.407,0.0
Locomotion_1,X8,58.54,0.0
Locomotion_1,X8,58.673,0.0
Locomotion_1,X8,58.805,0.0
Locomotion_1,X8,58.938,0.0
Locomotion_1,X8,59.071,0.0
Locomotion_1,X8,59.204,0.0
Locomotion_1,X8,59.336,0.0
Locomotion_1,X8,59.469,0.0
Locomotion_1,X8,59.602,0.0
Locomotion_1,X8,59.735,0.0
Locomotion_1,X8,59.867,0.0
Locomotion_1,X8,60.0,0.0
Locomotion_1,X8,60.133,0.0
Locomotion_1,X8,60.265,0.0
Locomotion_1,X8,60.398,0.0
Locomotion_1,X8,60.531,0.0
Locomotion_1,X8,60.664,0.0
Locomotion_1,X8,60.796,0.0
Locomotion_1,X8,60.929,0.0
Locomotion_1,X8,61.062,0.0
Locomotion_1,X8,61.195,0.0
Locomotion_1,X8,61.327,0.0
Locomotion_1,X8,61.46,0.0
Locomotion_1,X8,61.593,0.0
Locomotion_1,X8,61.726,0.0
Locomotion_1,X8,61.858,0.0
Locomotion_1,X8,61.991,0.0
Locomotion_1,X8,62.124,0.0
Locomotion_1,X8,62.257,0.0
Locomotion_1,X8,62.389,0.0
Locomotion_1,X8,62.522,0.0
Locomotion_1,X8,62.655,0.0
Locomotion_1,X8,62.788,0.0
Locomotion_1,X8,62.92,0.0
Locomotion_1,X8,63.053,0.0
Locomotion_1,X8,63.186,0.0
Locomotion_1,X8,63.319,0.0
Locomotion_1,X8,63.451,0.0
Locomotion_1,X8,63.584,0.0
Locomotion_1,X8,63.717,0.0
Locomotion_1,X8,63.85,0.0
Locomotion_1,X8,63.982,0.0
Locomotion_1,X8,64.115,0.0
Locomotion_1,X8,64.248,0.0
Locomotion_1,X8,64.381,0.0
Locomotion_1,X8,64.513,0.0
Locomotion_1,X8,64.646,0.0
Locomotion_1,X8,64.779,0.0
Locomotion_1,X8,64.912,0.0
Locomotion_1,X8,65.044,0.0
Locomotion_1,X8,65.177,0.0
Locomotion_1,X8,65.31,0.0
Locomotion_1,X8,65.442,0.0
Locomotion_1,X8,65.575,0.0
Locomotion_1,X8,65.708,0.0
Locomotion_1,X8,65.841,0.0
Locomotion_1,X8,65.973,0.0
Locomotion_1,X8,66.106,0.0
Locomotion_1,X8,66.239,0.0
Locomotion_1,X8,66.372,0.0
Locomotion_1,X8,66.504,0.0
Locomotion_1,X8,66.637,0.0
Locomotion_1,X8,66.77,0.0
Locomotion_1,X8,66.903,0.0
Locomotion_1,X8,67.035,0.0
Locomotion_1,X8,67.168,0.0
Locomotion_1,X8,67.301,0.0
Locomotion_1,X8,67.434,0.0
Locomotion_1,X8,67.566,0.0
Locomotion_1,X8,67.699,0.0
Locomotion_1,X8,67.832,0.0
Locomotion_1,X8,67.965,0.0
Locomotion_1,X8,68.097,0.0
Locomotion_1,X8,68.23,0.0
Locomotion_1,X8,68.363,0.0
Locomotion_1,X8,68.496,0.0
Locomotion_1,X8,68.628,0.0
Locomotion_1,X8,68.761,0.0
Locomotion_1,X8,68.894,0.0
Locomotion_1,X8,69.027,0.0
Locomotion_1,X8,69.159,0.0
Locomotion_1,X8,69.292,0.0
Locomotion_1,X8,69.425,0.0
Locomotion_1,X8,69.558,0.0
Locomotion_1,X8,69.69,0.0
Locomotion_1,X8,69.823,0.0
Locomotion_1,X8,69.956,0.0
Locomotion_1,X8,70.088,0.0
Locomotion_1,X8,70.221,0.0
Locomotion_1,X8,70.354,0.0
Locomotion_1,X8,70.487,0.0
Locomotion_1,X8,70.619,0.0
Locomotion_1,X8,70.752,0.0
Locomotion_1,X8,70.885,0.0
Locomotion_1,X8,71.018,0.0
Locomotion_1,X8,71.15,0.0
Locomotion_1,X8,71.283,0.0
Locomotion_1,X8,71.416,0.0
Locomotion_1,X8,71.549,0.0
Locomotion_1,X8,71.681,0.0
Locomotion_1,X8,71.814,0.0
Locomotion_1,X8,71.947,0.0
Locomotion_1,X8,72.08,0.0
Locomotion_1,X8,72.212,0.0
Locomotion_1,X8,72.345,0.0
Locomotion_1,X8,72.478,0.0
Locomotion_1,X8,72.611,0.0
Locomotion_1,X8,72.743,0.0
Locomotion_1,X8,72.876,0.0
Locomotion_1,X8,73.009,0.0
Locomotion_1,X8,73.142,0.0
Locomotion_1,X8,73.274,0.0
Locomotion_1,X8,73.407,0.0
Locomotion_1,X8,73.54,0.0
Locomotion_1,X8,73.673,0.0
Locomotion_1,X8,73.805,0.0
Locomotion_1,X8,73.938,0.0
Locomotion_1,X8,74.071,0.0
Locomotion_1,X8,74.204,0.0
Locomotion_1,X8,74.336,0.0
Locomotion_1,X8,74.469,0.0
Locomotion_1,X8,74.602,0.0
Locomotion_1,X8,74.735,0.0
Locomotion_1,X8,74.867,0.0
Locomotion_1,X8,75.0,0.0
Locomotion_1,X8,75.133,0.0
Locomotion_1,X8,75.265,0.0
Locomotion_1,X8,75.398,0.0
Locomotion_1,X8,75.531,0.0
Locomotion_1,X8,75.664,0.0
Locomotion_1,X8,75.796,0.0
Locomotion_1,X8,75.929,0.0
Locomotion_1,X8,76.062,0.0
Locomotion_1,X8,76.195,0.0
Locomotion_1,X8,76.327,0.0
Locomotion_1,X8,76.46,0.0
Locomotion_1,X8,76.593,0.0
Locomotion_1,X8,76.726,0.0
Locomotion_1,X8,76.858,0.0
Locomotion_1,X8,76.991,0.0
Locomotion_1,X8,77.124,0.0
Locomotion_1,X8,77.257,0.0
Locomotion_1,X8,77.389,0.0
Locomotion_1,X8,77.522,0.0
Locomotion_1,X8,77.655,0.0
Locomotion_1,X8,77.788,0.0
Locomotion_1,X8,77.92,0.0
Locomotion_1,X8,78.053,0.0
Locomotion_1,X8,78.186,0.0
Locomotion_1,X8,78.319,0.0
Locomotion_1,X8,78.451,0.0
Locomotion_1,X8,78.584,0.0
Locomotion_1,X8,78.717,0.0
Locomotion_1,X8,78.85,0.0
Locomotion_1,X8,78.982,0.0
Locomotion_1,X8,79.115,0.0
Locomotion_1,X8,79.248,0.0
Locomotion_1,X8,79.381,0.0
Locomotion_1,X8,79.513,0.0
Locomotion_1,X8,79.646,0.0
Locomotion_1,X8,79.779,0.0
Locomotion_1,X8,79.912,0.0
Locomotion_1,X8,80.044,0.0
Locomotion_1,X8,80.177,0.0
Locomotion_1,X8,80.31,0.0
Locomotion_1,X8,80.442,0.0
Locomotion_1,X8,80.575,0.0
Locomotion_1,X8,80.708,0.0
Locomotion_1,X8,80.841,0.0
Locomotion_1,X8,80.973,0.0
Locomotion_1,X8,81.106,0.0
Locomotion_1,X8,81.239,0.0
Locomotion_1,X8,81.372,0.0
Locomotion_1,X8,81.504,0.0
Locomotion_1,X8,81.637,0.0
Locomotion_1,X8,81.77,0.0
Locomotion_1,X8,81.903,0.0
Locomotion_1,X8,82.035,0.0
Locomotion_1,X8,82.168,0.0
Locomotion_1,X8,82.301,0.0
Locomotion_1,X8,82.434,0.0
Locomotion_1,X8,82.566,0.0
Locomotion_1,X8,82.699,0.0
Locomotion_1,X8,82.832,0.0
Locomotion_1,X8,82.965,0.0
Locomotion_1,X8,83.097,0.0
Locomotion_1,X8,83.23,0.0
Locomotion_1,X8,83.363,0.0
Locomotion_1,X8,83.496,0.0
Locomotion_1,X8,83.628,0.0
Locomotion_1,X8,83.761,0.0
Locomotion_1,X8,83.894,0.0
Locomotion_1,X8,84.027,0.0
Locomotion_1,X8,84.159,0.0
Locomotion_1,X8,84.292,0.0
Locomotion_1,X8,84.425,0.0
Locomotion_1,X8,84.558,0.0
Locomotion_1,X8,84.69,0.0
Locomotion_1,X8,84.823,0.0
Locomotion_1,X8,84.956,0.0
Locomotion_1,X8,85.088,0.0
Locomotion_1,X8,85.221,0.0
Locomotion_1,X8,85.354,0.0
Locomotion_1,X8,85.487,0.0
Locomotion_1,X8,85.619,0.0
Locomotion_1,X8,85.752,0.0
Locomotion_1,X8,85.885,0.0
Locomotion_1,X8,86.018,0.0
Locomotion_1,X8,86.15,0.0
Locomotion_1,X8,86.283,0.0
Locomotion_1,X8,86.416,0.0
Locomotion_1,X8,86.549,0.0
Locomotion_1,X8,86.681,0.0
Locomotion_1,X8,86.814,0.0
Locomotion_1,X8,86.947,0.0
Locomotion_1,X8,87.08,0.0
Locomotion_1,X8,87.212,0.0
Locomotion_1,X8,87.345,0.0
Locomotion_1,X8,87.478,0.0
Locomotion_1,X8,87.611,0.0
Locomotion_1,X8,87.743,0.0
Locomotion_1,X8,87.876,0.0
Locomotion_1,X8,88.009,0.0
Locomotion_1,X8,88.142,0.0
Locomotion_1,X8,88.274,0.0
Locomotion_1,X8,88.407,0.0
Locomotion_1,X8,88.54,0.0
Locomotion_1,X8,88.673,0.0
Locomotion_1,X8,88.805,0.0
Locomotion_1,X8,88.938,0.0
Locomotion_1,X8,89.071,0.0
Locomotion_1,X8,89.204,0.0
Locomotion_1,X8,89.336,0.0
Locomotion_1,X8,89.469,0.0
Locomotion_1,X8,89.602,0.0
Locomotion_1,X8,89.735,0.0
Locomotion_1,X8,89.867,0.0
Locomotion_1,X8,90.0,0.0
Locomotion_1,X8,90.133,0.0
Locomotion_1,X8,90.265,0.0
Locomotion_1,X8,90.398,0.0
Locomotion_1,X8,90.531,0.0
Locomotion_1,X8,90.664,0.0
Locomotion_1,X8,90.796,0.0
Locomotion_1,X8,90.929,0.0
Locomotion_1,X8,91.062,0.0
Locomotion_1,X8,91.195,0.0
Locomotion_1,X8,91.327,0.0
Locomotion_1,X8,91.46,0.0
Locomotion_1,X8,91.593,0.0
Locomotion_1,X8,91.726,0.0
Locomotion_1,X8,91.858,0.0
Locomotion_1,X8,91.991,0.0
Locomotion_1,X8,92.124,0.0
Locomotion_1,X8,92.257,0.0
Locomotion_1,X8,92.389,0.0
Locomotion_1,X8,92.522,0.0
Locomotion_1,X8,92.655,0.0
Locomotion_1,X8,92.788,0.0
Locomotion_1,X8,92.92,0.0
Locomotion_1,X8,93.053,0.0
Locomotion_1,X8,93.186,0.0
Locomotion_1,X8,93.319,0.0
Locomotion_1,X8,93.451,0.0
Locomotion_1,X8,93.584,0.0
Locomotion_1,X8,93.717,0.0
Locomotion_1,X8,93.85,0.0
Locomotion_1,X8,93.982,0.0
Locomotion_1,X8,94.115,0.0
Locomotion_1,X8,94.248,0.0
Locomotion_1,X8,94.381,0.0
Locomotion_1,X8,94.513,0.0
Locomotion_1,X8,94.646,0.0
Locomotion_1,X8,94.779,0.0
Locomotion_1,X8,94.912,0.0
Locomotion_1,X8,95.044,0.0
Locomotion_1,X8,95.177,0.0
Locomotion_1,X8,95.31,0.0
Locomotion_1,X8,95.442,0.0
Locomotion_1,X8,95.575,0.0
Locomotion_1,X8,95.708,0.0
Locomotion_1,X8,95.841,0.0
Locomotion_1,X8,95.973,0.0
Locomotion_1,X8,96.106,0.0
Locomotion_1,X8,96.239,0.0
Locomotion_1,X8,96.372,0.0
Locomotion_1,X8,96.504,0.0
Locomotion_1,X8,96.637,0.0
Locomotion_1,X8,96.77,0.0549
Locomotion_1,X8,96.903,1.0
Locomotion_1,X9,0.0,1.0
Locomotion_1,X9,0.133,0.0549
Locomotion_1,X9,0.265,0.0
Locomotion_1,X9,0.398,0.0
Locomotion_1,X9,0.531,0.0
Locomotion_1,X9,0.664,0.0
Locomotion_1,X9,0.796,0.0
Locomotion_1,X9,0.929,0.0
Locomotion_1,X9,1.062,0.0
Locomotion_1,X9,1.195,0.0
Locomotion_1,X9,1.327,0.0
Locomotion_1,X9,1.46,0.0
Locomotion_1,X9,1.593,0.0
Locomotion_1,X9,1.726,0.0
Locomotion_1,X9,1.858,0.0
Locomotion_1,X9,1.991,0.0
Locomotion_1,X9,2.124,0.0
Locomotion_1,X9,2.257,0.0
Locomotion_1,X9,2.389,0.0
Locomotion_1,X9,2.522,0.0
Locomotion_1,X9,2.655,0.0
Locomotion_1,X9,2.788,0.0
Locomotion_1,X9,2.92,0.0
Locomotion_1,X9,3.053,0.0
Locomotion_1,X9,3.186,0.0
Locomotion_1,X9,3.319,0.0
Locomotion_1,X9,3.451,0.0
Locomotion_1,X9,3.584,0.0
Locomotion_1,X9,3.717,0.0
Locomotion_1,X9,3.85,0.0
Locomotion_1,X9,3.982,0.0
Locomotion_1,X9,4.115,0.0
Locomotion_1,X9,4.248,0.0
Locomotion_1,X9,4.381,0.0
Locomotion_1,X9,4.513,0.0
Locomotion_1,X9,4.646,0.0
Locomotion_1,X9,4.779,0.0
Locomotion_1,X9,4.912,0.0
Locomotion_1,X9,5.044,0.0
Locomotion_1,X9,5.177,0.0
Locomotion_1,X9,5.31,0.0
Locomotion_1,X9,5.442,0.0
Locomotion_1,X9,5.575,0.0
Locomotion_1,X9,5.708,0.0
Locomotion_1,X9,5.841,0.0
Locomotion_1,X9,5.973,0.0
Locomotion_1,X9,6.106,0.0
Locomotion_1,X9,6.239,0.0
Locomotion_1,X9,6.372,0.0
Locomotion_1,X9,6.504,0.0
Locomotion_1,X9,6.637,0.0
Locomotion_1,X9,6.77,0.0
Locomotion_1,X9,6.903,0.0
Locomotion_1,X9,7.035,0.0
Locomotion_1,X9,7.168,0.0
Locomotion_1,X9,7.301,0.0
Locomotion_1,X9,7.434,0.0
Locomotion_1,X9,7.566,0.0
Locomotion_1,X9,7.699,0.0
Locomotion_1,X9,7.832,0.0
Locomotion_1,X9,7.965,0.0
Locomotion_1,X9,8.097,0.0
Locomotion_1,X9,8.23,0.0
Locomotion_1,X9,8.363,0.0
Locomotion_1,X9,8.496,0.0
Locomotion_1,X9,8.628,0.0
Locomotion_1,X9,8.761,0.0
Locomotion_1,X9,8.894,0.0
Locomotion_1,X9,9.027,0.0
Locomotion_1,X9,9.159,0.0
Locomotion_1,X9,9.292,0.0
Locomotion_1,X9,9.425,0.0
Locomotion_1,X9,9.558,0.0
Locomotion_1,X9,9.69,0.0
Locomotion_1,X9,9.823,0.0
Locomotion_1,X9,9.956,0.0
Locomotion_1,X9,10.088,0.0
Locomotion_1,X9,10.221,0.0
Locomotion_1,X9,10.354,0.0
Locomotion_1,X9,10.487,0.0
Locomotion_1,X9,10.619,0.0
Locomotion_1,X9,10.752,0.0
Locomotion_1,X9,10.885,0.0
Locomotion_1,X9,11.018,0.0
Locomotion_1,X9,11.15,0.0
Locomotion_1,X9,11.283,0.0
Locomotion_1,X9,11.416,0.0
Locomotion_1,X9,11.549,0.0
Locomotion_1,X9,11.681,0.0
Locomotion_1,X9,11.814,0.0
Locomotion_1,X9,11.947,0.0
Locomotion_1,X9,12.08,0.0
Locomotion_1,X9,12.212,0.0
Locomotion_1,X9,12.345,0.0
Locomotion_1,X9,12.478,0.0
Locomotion_1,X9,12.611,0.0
Locomotion_1,X9,12.743,0.0
Locomotion_1,X9,12.876,0.0
Locomotion_1,X9,13.009,0.0
Locomotion_1,X9,13.142,0.0
Locomotion_1,X9,13.274,0.0
Locomotion_1,X9,13.407,0.0
Locomotion_1,X9,13.54,0.0
Locomotion_1,X9,13.673,0.0
Locomotion_1,X9,13.805,0.0
Locomotion_1,X9,13.938,0.0
Locomotion_1,X9,14.071,0.0
Locomotion_1,X9,14.204,0.0
Locomotion_1,X9,14.336,0.0
Locomotion_1,X9,14.469,0.0
Locomotion_1,X9,14.602,0.0
Locomotion_1,X9,14.735,0.0
Locomotion_1,X9,14.867,0.0
Locomotion_1,X9,15.0,0.0
Locomotion_1,X9,15.133,0.0
Locomotion_1,X9,15.265,0.0
Locomotion_1,X9,15.398,0.0
Locomotion_1,X9,15.531,0.0
Locomotion_1,X9,15.664,0.0
Locomotion_1,X9,15.796,0.0
Locomotion_1,X9,15.929,0.0
Locomotion_1,X9,16.062,0.0
Locomotion_1,X9,16.195,0.0
Locomotion_1,X9,16.327,0.0
Locomotion_1,X9,16.46,0.0
Locomotion_1,X9,16.593,0.0
Locomotion_1,X9,16.726,0.0
Locomotion_1,X9,16.858,0.0
Locomotion_1,X9,16.991,0.0
Locomotion_1,X9,17.124,0.0
Locomotion_1,X9,17.257,0.0
Locomotion_1,X9,17.389,0.0
Locomotion_1,X9,17.522,0.0
Locomotion_1,X9,17.655,0.0
Locomotion_1,X9,17.788,0.0
Locomotion_1,X9,17.92,0.0
Locomotion_1,X9,18.053,0.0
Locomotion_1,X9,18.186,0.0
Locomotion_1,X9,18.319,0.0
Locomotion_1,X9,18.451,0.0
Locomotion_1,X9,18.584,0.0
Locomotion_1,X9,18.717,0.0
Locomotion_1,X9,18.85,0.0
Locomotion_1,X9,18.982,0.0
Locomotion_1,X9,19.115,0.0
Locomotion_1,X9,19.248,0.0
Locomotion_1,X9,19.381,0.0
Locomotion_1,X9,19.513,0.0
Locomotion_1,X9,19.646,0.0
Locomotion_1,X9,19.779,0.0
Locomotion_1,X9,19.912,0.0
Locomotion_1,X9,20.044,0.0
Locomotion_1,X9,20.177,0.0
Locomotion_1,X9,20.31,0.0
Locomotion_1,X9,20.442,0.0
Locomotion_1,X9,20.575,0.0
Locomotion_1,X9,20.708,0.0
Locomotion_1,X9,20.841,0.0
Locomotion_1,X9,20.973,0.0
Locomotion_1,X9,21.106,0.0
Locomotion_1,X9,21.239,0.0
Locomotion_1,X9,21.372,0.0
Locomotion_1,X9,21.504,0.0
Locomotion_1,X9,21.637,0.0
Locomotion_1,X9,21.77,0.0
Locomotion_1,X9,21.903,0.0
Locomotion_1,X9,22.035,0.0
Locomotion_1,X9,22.168,0.0
Locomotion_1,X9,22.301,0.0
Locomotion_1,X9,22.434,0.0
Locomotion_1,X9,22.566,0.0
Locomotion_1,X9,22.699,0.0
Locomotion_1,X9,22.832,0.0
Locomotion_1,X9,22.965,0.0
Locomotion_1,X9,23.097,0.0
Locomotion_1,X9,23.23,0.0
Locomotion_1,X9,23.363,0.0
Locomotion_1,X9,23.496,0.0
Locomotion_1,X9,23.628,0.0
Locomotion_1,X9,23.761,0.0
Locomotion_1,X9,23.894,0.0
Locomotion_1,X9,24.027,0.0
Locomotion_1,X9,24.159,0.0
Locomotion_1,X9,24.292,0.0
Locomotion_1,X9,24.425,0.0
Locomotion_1,X9,24.558,0.0
Locomotion_1,X9,24.69,0.0
Locomotion_1,X9,24.823,0.0
Locomotion_1,X9,24.956,0.0
Locomotion_1,X9,25.088,0.0
Locomotion_1,X9,25.221,0.0
Locomotion_1,X9,25.354,0.0
Locomotion_1,X9,25.487,0.0
Locomotion_1,X9,25.619,0.0
Locomotion_1,X9,25.752,0.0
Locomotion_1,X9,25.885,0.0
Locomotion_1,X9,26.018,0.0
Locomotion_1,X9,26.15,0.0
Locomotion_1,X9,26.283,0.0
Locomotion_1,X9,26.416,0.0
Locomotion_1,X9,26.549,0.0
Locomotion_1,X9,26.681,0.0
Locomotion_1,X9,26.814,0.0
Locomotion_1,X9,26.947,0.0
Locomotion_1,X9,27.08,0.0
Locomotion_1,X9,27.212,0.0
Locomotion_1,X9,27.345,0.0
Locomotion_1,X9,27.478,0.0
Locomotion_1,X9,27.611,0.0
Locomotion_1,X9,27.743,0.0
Locomotion_1,X9,27.876,0.0
Locomotion_1,X9,28.009,0.0
Locomotion_1,X9,28.142,0.0
Locomotion_1,X9,28.274,0.0
Locomotion_1,X9,28.407,0.0
Locomotion_1,X9,28.54,0.0
Locomotion_1,X9,28.673,0.0
Locomotion_1,X9,28.805,0.0
Locomotion_1,X9,28.938,0.0
Locomotion_1,X9,29.071,0.0
Locomotion_1,X9,29.204,0.0
Locomotion_1,X9,29.336,0.0
Locomotion_1,X9,29.469,0.0
Locomotion_1,X9,29.602,0.0
Locomotion_1,X9,29.735,0.0
Locomotion_1,X9,29.867,0.0
Locomotion_1,X9,30.0,0.0
Locomotion_1,X9,30.133,0.0
Locomotion_1,X9,30.265,0.0
Locomotion_1,X9,30.398,0.0
Locomotion_1,X9,30.531,0.0
Locomotion_1,X9,30.664,0.0
Locomotion_1,X9,30.796,0.0
Locomotion_1,X9,30.929,0.0
Locomotion_1,X9,31.062,0.0
Locomotion_1,X9,31.195,0.0
Locomotion_1,X9,31.327,0.0
Locomotion_1,X9,31.46,0.0
Locomotion_1,X9,31.593,0.0
Locomotion_1,X9,31.726,0.0
Locomotion_1,X9,31.858,0.0
Locomotion_1,X9,31.991,0.0
Locomotion_1,X9,32.124,0.0
Locomotion_1,X9,32.257,0.0
Locomotion_1,X9,32.389,0.0
Locomotion_1,X9,32.522,0.0
Locomotion_1,X9,32.655,0.0
Locomotion_1,X9,32.788,0.0
Locomotion_1,X9,32.92,0.0
Locomotion_1,X9,33.053,0.0
Locomotion_1,X9,33.186,0.0
Locomotion_1,X9,33.319,0.0
Locomotion_1,X9,33.451,0.0
Locomotion_1,X9,33.584,0.0
Locomotion_1,X9,33.717,0.0
Locomotion_1,X9,33.85,0.0
Locomotion_1,X9,33.982,0.0
Locomotion_1,X9,34.115,0.0
Locomotion_1,X9,34.248,0.0
Locomotion_1,X9,34.381,0.0
Locomotion_1,X9,34.513,0.0
Locomotion_1,X9,34.646,0.0
Locomotion_1,X9,34.779,0.0
Locomotion_1,X9,34.912,0.0
Locomotion_1,X9,35.044,0.0
Locomotion_1,X9,35.177,0.0
Locomotion_1,X9,35.31,0.0
Locomotion_1,X9,35.442,0.0
Locomotion_1,X9,35.575,0.0
Locomotion_1,X9,35.708,0.0
Locomotion_1,X9,35.841,0.0
Locomotion_1,X9,35.973,0.0
Locomotion_1,X9,36.106,0.0
Locomotion_1,X9,36.239,0.0
Locomotion_1,X9,36.372,0.0
Locomotion_1,X9,36.504,0.0
Locomotion_1,X9,36.637,0.0
Locomotion_1,X9,36.77,0.0
Locomotion_1,X9,36.903,0.0
Locomotion_1,X9,37.035,0.0
Locomotion_1,X9,37.168,0.0
Locomotion_1,X9,37.301,0.0
Locomotion_1,X9,37.434,0.0
Locomotion_1,X9,37.566,0.0
Locomotion_1,X9,37.699,0.0
Locomotion_1,X9,37.832,0.0
Locomotion_1,X9,37.965,0.0
Locomotion_1,X9,38.097,0.0
Locomotion_1,X9,38.23,0.0
Locomotion_1,X9,38.363,0.0
Locomotion_1,X9,38.496,0.0
Locomotion_1,X9,38.628,0.0
Locomotion_1,X9,38.761,0.0
Locomotion_1,X9,38.894,0.0
Locomotion_1,X9,39.027,0.0
Locomotion_1,X9,39.159,0.0
Locomotion_1,X9,39.292,0.0
Locomotion_1,X9,39.425,0.0
Locomotion_1,X9,39.558,0.0
Locomotion_1,X9,39.69,0.0
Locomotion_1,X9,39.823,0.0
Locomotion_1,X9,39.956,0.0
Locomotion_1,X9,40.088,0.0
Locomotion_1,X9,40.221,0.0
Locomotion_1,X9,40.354,0.0
Locomotion_1,X9,40.487,0.0
Locomotion_1,X9,40.619,0.0
Locomotion_1,X9,40.752,0.0
Locomotion_1,X9,40.885,0.0
Locomotion_1,X9,41.018,0.0
Locomotion_1,X9,41.15,0.0
Locomotion_1,X9,41.283,0.0
Locomotion_1,X9,41.416,0.0
Locomotion_1,X9,41.549,0.0
Locomotion_1,X9,41.681,0.0
Locomotion_1,X9,41.814,0.0
Locomotion_1,X9,41.947,0.0
Locomotion_1,X9,42.08,0.0
Locomotion_1,X9,42.212,0.0
Locomotion_1,X9,42.345,0.0
Locomotion_1,X9,42.478,0.0
Locomotion_1,X9,42.611,0.0
Locomotion_1,X9,42.743,0.0
Locomotion_1,X9,42.876,0.0
Locomotion_1,X9,43.009,0.0
Locomotion_1,X9,43.142,0.0
Locomotion_1,X9,43.274,0.0
Locomotion_1,X9,43.407,0.0
Locomotion_1,X9,43.54,0.0
Locomotion_1,X9,43.673,0.0
Locomotion_1,X9,43.805,0.0
Locomotion_1,X9,43.938,0.0
Locomotion_1,X9,44.071,0.0
Locomotion_1,X9,44.204,0.0
Locomotion_1,X9,44.336,0.0
Locomotion_1,X9,44.469,0.0
Locomotion_1,X9,44.602,0.0
Locomotion_1,X9,44.735,0.0
Locomotion_1,X9,44.867,0.0
Locomotion_1,X9,45.0,0.0
Locomotion_1,X9,45.133,0.0
Locomotion_1,X9,45.265,0.0
Locomotion_1,X9,45.398,0.0
Locomotion_1,X9,45.531,0.0
Locomotion_1,X9,45.664,0.0
Locomotion_1,X9,45.796,0.0
Locomotion_1,X9,45.929,0.0
Locomotion_1,X9,46.062,0.0
Locomotion_1,X9,46.195,0.0
Locomotion_1,X9,46.327,0.0
Locomotion_1,X9,46.46,0.0
Locomotion_1,X9,46.593,0.0
Locomotion_1,X9,46.726,0.0
Locomotion_1,X9,46.858,0.0
Locomotion_1,X9,46.991,0.0
Locomotion_1,X9,47.124,0.0
Locomotion_1,X9,47.257,0.0
Locomotion_1,X9,47.389,0.0
Locomotion_1,X9,47.522,0.0
Locomotion_1,X9,47.655,0.0
Locomotion_1,X9,47.788,0.0
Locomotion_1,X9,47.92,0.0
Locomotion_1,X9,48.053,0.0
Locomotion_1,X9,48.186,0.0
Locomotion_1,X9,48.319,0.0
Locomotion_1,X9,48.451,0.0
Locomotion_1,X9,48.584,0.0
Locomotion_1,X9,48.717,0.0
Locomotion_1,X9,48.85,0.0
Locomotion_1,X9,48.982,0.0
Locomotion_1,X9,49.115,0.0
Locomotion_1,X9,49.248,0.0
Locomotion_1,X9,49.381,0.0
Locomotion_1,X9,49.513,0.0
Locomotion_1,X9,49.646,0.0
Locomotion_1,X9,49.779,0.0
Locomotion_1,X9,49.912,0.0
Locomotion_1,X9,50.044,0.0
Locomotion_1,X9,50.177,0.0
Locomotion_1,X9,50.31,0.0
Locomotion_1,X9,50.442,0.0
Locomotion_1,X9,50.575,0.0
Locomotion_1,X9,50.708,0.0
Locomotion_1,X9,50.841,0.0
Locomotion_1,X9,50.973,0.0
Locomotion_1,X9,51.106,0.0
Locomotion_1,X9,51.239,0.0
Locomotion_1,X9,51.372,0.0
Locomotion_1,X9,51.504,0.0
Locomotion_1,X9,51.637,0.0
Locomotion_1,X9,51.77,0.0
Locomotion_1,X9,51.903,0.0
Locomotion_1,X9,52.035,0.0
Locomotion_1,X9,52.168,0.0
Locomotion_1,X9,52.301,0.0
Locomotion_1,X9,52.434,0.0
Locomotion_1,X9,52.566,0.0
Locomotion_1,X9,52.699,0.0
Locomotion_1,X9,52.832,0.0
Locomotion_1,X9,52.965,0.0
Locomotion_1,X9,53.097,0.0
Locomotion_1,X9,53.23,0.0
Locomotion_1,X9,53.363,0.0
Locomotion_1,X9,53.496,0.0
Locomotion_1,X9,53.628,0.0
Locomotion_1,X9,53.761,0.0
Locomotion_1,X9,53.894,0.0
Locomotion_1,X9,54.027,0.0
Locomotion_1,X9,54.159,0.0
Locomotion_1,X9,54.292,0.0
Locomotion_1,X9,54.425,0.0
Locomotion_1,X9,54.558,0.0
Locomotion_1,X9,54.69,0.0
Locomotion_1,X9,54.823,0.0
Locomotion_1,X9,54.956,0.0
Locomotion_1,X9,55.088,0.0
Locomotion_1,X9,55.221,0.0
Locomotion_1,X9,55.354,0.0
Locomotion_1,X9,55.487,0.0
Locomotion_1,X9,55.619,0.0
Locomotion_1,X9,55.752,0.0
Locomotion_1,X9,55.885,0.0
Locomotion_1,X9,56.018,0.0
Locomotion_1,X9,56.15,0.0
Locomotion_1,X9,56.283,0.0
Locomotion_1,X9,56.416,0.0
Locomotion_1,X9,56.549,0.0
Locomotion_1,X9,56.681,0.0
Locomotion_1,X9,56.814,0.0
Locomotion_1,X9,56.947,0.0
Locomotion_1,X9,57.08,0.0
Locomotion_1,X9,57.212,0.0
Locomotion_1,X9,57.345,0.0
Locomotion_1,X9,57.478,0.0
Locomotion_1,X9,57.611,0.0
Locomotion_1,X9,57.743,0.0
Locomotion_1,X9,57.876,0.0
Locomotion_1,X9,58.009,0.0
Locomotion_1,X9,58.142,0.0
Locomotion_1,X9,58.274,0.0
Locomotion_1,X9,58.407,0.0
Locomotion_1,X9,58.54,0.0
Locomotion_1,X9,58.673,0.0
Locomotion_1,X9,58.805,0.0
Locomotion_1,X9,58.938,0.0
Locomotion_1,X9,59.071,0.0
Locomotion_1,X9,59.204,0.0
Locomotion_1,X9,59.336,0.0
Locomotion_1,X9,59.469,0.0
Locomotion_1,X9,59.602,0.0
Locomotion_1,X9,59.735,0.0
Locomotion_1,X9,59.867,0.0
Locomotion_1,X9,60.0,0.0
Locomotion_1,X9,60.133,0.0
Locomotion_1,X9,60.265,0.0
Locomotion_1,X9,60.398,0.0
Locomotion_1,X9,60.531,0.0
Locomotion_1,X9,60.664,0.0
Locomotion_1,X9,60.796,0.0
Locomotion_1,X9,60.929,0.0
Locomotion_1,X9,61.062,0.0
Locomotion_1,X9,61.195,0.0
Locomotion_1,X9,61.327,0.0
Locomotion_1,X9,61.46,0.0
Locomotion_1,X9,61.593,0.0
Locomotion_1,X9,61.726,0.0
Locomotion_1,X9,61.858,0.0
Locomotion_1,X9,61.991,0.0
Locomotion_1,X9,62.124,0.0
Locomotion_1,X9,62.257,0.0
Locomotion_1,X9,62.389,0.0
Locomotion_1,X9,62.522,0.0
Locomotion_1,X9,62.655,0.0
Locomotion_1,X9,62.788,0.0
Locomotion_1,X9,62.92,0.0
Locomotion_1,X9,63.053,0.0
Locomotion_1,X9,63.186,0.0
Locomotion_1,X9,63.319,0.0
Locomotion_1,X9,63.451,0.0
Locomotion_1,X9,63.584,0.0
Locomotion_1,X9,63.717,0.0
Locomotion_1,X9,63.85,0.0
Locomotion_1,X9,63.982,0.0
Locomotion_1,X9,64.115,0.0
Locomotion_1,X9,64.248,0.0
Locomotion_1,X9,64.381,0.0
Locomotion_1,X9,64.513,0.0
Locomotion_1,X9,64.646,0.0
Locomotion_1,X9,64.779,0.0
Locomotion_1,X9,64.912,0.0
Locomotion_1,X9,65.044,0.0
Locomotion_1,X9,65.177,0.0
Locomotion_1,X9,65.31,0.0
Locomotion_1,X9,65.442,0.0
Locomotion_1,X9,65.575,0.0
Locomotion_1,X9,65.708,0.0
Locomotion_1,X9,65.841,0.0
Locomotion_1,X9,65.973,0.0
Locomotion_1,X9,66.106,0.0
Locomotion_1,X9,66.239,0.0
Locomotion_1,X9,66.372,0.0
Locomotion_1,X9,66.504,0.0
Locomotion_1,X9,66.637,0.0
Locomotion_1,X9,66.77,0.0
Locomotion_1,X9,66.903,0.0
Locomotion_1,X9,67.035,0.0
Locomotion_1,X9,67.168,0.0
Locomotion_1,X9,67.301,0.0
Locomotion_1,X9,67.434,0.0
Locomotion_1,X9,67.566,0.0
Locomotion_1,X9,67.699,0.0
Locomotion_1,X9,67.832,0.0
Locomotion_1,X9,67.965,0.0
Locomotion_1,X9,68.097,0.0
Locomotion_1,X9,68.23,0.0
Locomotion_1,X9,68.363,0.0
Locomotion_1,X9,68.496,0.0
Locomotion_1,X9,68.628,0.0
Locomotion_1,X9,68.761,0.0
Locomotion_1,X9,68.894,0.0
Locomotion_1,X9,69.027,0.0
Locomotion_1,X9,69.159,0.0
Locomotion_1,X9,69.292,0.0
Locomotion_1,X9,69.425,0.0
Locomotion_1,X9,69.558,0.0
Locomotion_1,X9,69.69,0.0
Locomotion_1,X9,69.823,0.0
Locomotion_1,X9,69.956,0.0
Locomotion_1,X9,70.088,0.0
Locomotion_1,X9,70.221,0.0
Locomotion_1,X9,70.354,0.0
Locomotion_1,X9,70.487,0.0
Locomotion_1,X9,70.619,0.0
Locomotion_1,X9,70.752,0.0
Locomotion_1,X9,70.885,0.0
Locomotion_1,X9,71.018,0.0
Locomotion_1,X9,71.15,0.0
Locomotion_1,X9,71.283,0.0
Locomotion_1,X9,71.416,0.0
Locomotion_1,X9,71.549,0.0
Locomotion_1,X9,71.681,0.0
Locomotion_1,X9,71.814,0.0
Locomotion_1,X9,71.947,0.0
Locomotion_1,X9,72.08,0.0
Locomotion_1,X9,72.212,0.0
Locomotion_1,X9,72.345,0.0
Locomotion_1,X9,72.478,0.0
Locomotion_1,X9,72.611,0.0
Locomotion_1,X9,72.743,0.0
Locomotion_1,X9,72.876,0.0
Locomotion_1,X9,73.009,0.0
Locomotion_1,X9,73.142,0.0
Locomotion_1,X9,73.274,0.0
Locomotion_1,X9,73.407,0.0
Locomotion_1,X9,73.54,0.0
Locomotion_1,X9,73.673,0.0
Locomotion_1,X9,73.805,0.0
Locomotion_1,X9,73.938,0.0
Locomotion_1,X9,74.071,0.0
Locomotion_1,X9,74.204,0.0
Locomotion_1,X9,74.336,0.0
Locomotion_1,X9,74.469,0.0
Locomotion_1,X9,74.602,0.0
Locomotion_1,X9,74.735,0.0
Locomotion_1,X9,74.867,0.0
Locomotion_1,X9,75.0,0.0
Locomotion_1,X9,75.133,0.0
Locomotion_1,X9,75.265,0.0
Locomotion_1,X9,75.398,0.0
Locomotion_1,X9,75.531,0.0
Locomotion_1,X9,75.664,0.0
Locomotion_1,X9,75.796,0.0
Locomotion_1,X9,75.929,0.0
Locomotion_1,X9,76.062,0.0
Locomotion_1,X9,76.195,0.0
Locomotion_1,X9,76.327,0.0
Locomotion_1,X9,76.46,0.0
Locomotion_1,X9,76.593,0.0
Locomotion_1,X9,76.726,0.0
Locomotion_1,X9,76.858,0.0
Locomotion_1,X9,76.991,0.0
Locomotion_1,X9,77.124,0.0
Locomotion_1,X9,77.257,0.0
Locomotion_1,X9,77.389,0.0
Locomotion_1,X9,77.522,0.0
Locomotion_1,X9,77.655,0.0
Locomotion_1,X9,77.788,0.0
Locomotion_1,X9,77.92,0.0
Locomotion_1,X9,78.053,0.0
Locomotion_1,X9,78.186,0.0
Locomotion_1,X9,78.319,0.0
Locomotion_1,X9,78.451,0.0
Locomotion_1,X9,78.584,0.0
Locomotion_1,X9,78.717,0.0
Locomotion_1,X9,78.85,0.0
Locomotion_1,X9,78.982,0.0
Locomotion_1,X9,79.115,0.0
Locomotion_1,X9,79.248,0.0
Locomotion_1,X9,79.381,0.0
Locomotion_1,X9,79.513,0.0
Locomotion_1,X9,79.646,0.0
Locomotion_1,X9,79.779,0.0
Locomotion_1,X9,79.912,0.0
Locomotion_1,X9,80.044,0.0
Locomotion_1,X9,80.177,0.0
Locomotion_1,X9,80.31,0.0
Locomotion_1,X9,80.442,0.0
Locomotion_1,X9,80.575,0.0
Locomotion_1,X9,80.708,0.0
Locomotion_1,X9,80.841,0.0
Locomotion_1,X9,80.973,0.0
Locomotion_1,X9,81.106,0.0
Locomotion_1,X9,81.239,0.0
Locomotion_1,X9,81.372,0.0
Locomotion_1,X9,81.504,0.0
Locomotion_1,X9,81.637,0.0
Locomotion_1,X9,81.77,0.0
Locomotion_1,X9,81.903,0.0
Locomotion_1,X9,82.035,0.0
Locomotion_1,X9,82.168,0.0
Locomotion_1,X9,82.301,0.0
Locomotion_1,X9,82.434,0.0
Locomotion_1,X9,82.566,0.0
Locomotion_1,X9,82.699,0.0
Locomotion_1,X9,82.832,0.0
Locomotion_1,X9,82.965,0.0
Locomotion_1,X9,83.097,0.0
Locomotion_1,X9,83.23,0.0
Locomotion_1,X9,83.363,0.0
Locomotion_1,X9,83.496,0.0
Locomotion_1,X9,83.628,0.0
Locomotion_1,X9,83.761,0.0
Locomotion_1,X9,83.894,0.0
Locomotion_1,X9,84.027,0.0
Locomotion_1,X9,84.159,0.0
Locomotion_1,X9,84.292,0.0
Locomotion_1,X9,84.425,0.0
Locomotion_1,X9,84.558,0.0
Locomotion_1,X9,84.69,0.0
Locomotion_1,X9,84.823,0.0
Locomotion_1,X9,84.956,0.0
Locomotion_1,X9,85.088,0.0
Locomotion_1,X9,85.221,0.0
Locomotion_1,X9,85.354,0.0
Locomotion_1,X9,85.487,0.0
Locomotion_1,X9,85.619,0.0
Locomotion_1,X9,85.752,0.0
Locomotion_1,X9,85.885,0.0
Locomotion_1,X9,86.018,0.0
Locomotion_1,X9,86.15,0.0
Locomotion_1,X9,86.283,0.0
Locomotion_1,X9,86.416,0.0
Locomotion_1,X9,86.549,0.0
Locomotion_1,X9,86.681,0.0
Locomotion_1,X9,86.814,0.0
Locomotion_1,X9,86.947,0.0
Locomotion_1,X9,87.08,0.0
Locomotion_1,X9,87.212,0.0
Locomotion_1,X9,87.345,0.0
Locomotion_1,X9,87.478,0.0
Locomotion_1,X9,87.611,0.0
Locomotion_1,X9,87.743,0.0
Locomotion_1,X9,87.876,0.0
Locomotion_1,X9,88.009,0.0
Locomotion_1,X9,88.142,0.0
Locomotion_1,X9,88.274,0.0
Locomotion_1,X9,88.407,0.0
Locomotion_1,X9,88.54,0.0
Locomotion_1,X9,88.673,0.0
Locomotion_1,X9,88.805,0.0
Locomotion_1,X9,88.938,0.0
Locomotion_1,X9,89.071,0.0
Locomotion_1,X9,89.204,0.0
Locomotion_1,X9,89.336,0.0
Locomotion_1,X9,89.469,0.0
Locomotion_1,X9,89.602,0.0
Locomotion_1,X9,89.735,0.0
Locomotion_1,X9,89.867,0.0
Locomotion_1,X9,90.0,0.0
Locomotion_1,X9,90.133,0.0
Locomotion_1,X9,90.265,0.0
Locomotion_1,X9,90.398,0.0
Locomotion_1,X9,90.531,0.0
Locomotion_1,X9,90.664,0.0
Locomotion_1,X9,90.796,0.0
Locomotion_1,X9,90.929,0.0
Locomotion_1,X9,91.062,0.0
Locomotion_1,X9,91.195,0.0
Locomotion_1,X9,91.327,0.0
Locomotion_1,X9,91.46,0.0
Locomotion_1,X9,91.593,0.0
Locomotion_1,X9,91.726,0.0
Locomotion_1,X9,91.858,0.0
Locomotion_1,X9,91.991,0.0
Locomotion_1,X9,92.124,0.0
Locomotion_1,X9,92.257,0.0
Locomotion_1,X9,92.389,0.0
Locomotion_1,X9,92.522,0.0
Locomotion_1,X9,92.655,0.0
Locomotion_1,X9,92.788,0.0
Locomotion_1,X9,92.92,0.0
Locomotion_1,X9,93.053,0.0
Locomotion_1,X9,93.186,0.0
Locomotion_1,X9,93.319,0.0
Locomotion_1,X9,93.451,0.0
Locomotion_1,X9,93.584,0.0
Locomotion_1,X9,93.717,0.0
Locomotion_1,X9,93.85,0.0
Locomotion_1,X9,93.982,0.0
Locomotion_1,X9,94.115,0.0
Locomotion_1,X9,94.248,0.0
Locomotion_1,X9,94.381,0.0
Locomotion_1,X9,94.513,0.0
Locomotion_1,X9,94.646,0.0
Locomotion_1,X9,94.779,0.0
Locomotion_1,X9,94.912,0.0
Locomotion_1,X9,95.044,0.0
Locomotion_1,X9,95.177,0.0
Locomotion_1,X9,95.31,0.0
Locomotion_1,X9,95.442,0.0
Locomotion_1,X9,95.575,0.0
Locomotion_1,X9,95.708,0.0
Locomotion_1,X9,95.841,0.0
Locomotion_1,X9,95.973,0.0
Locomotion_1,X9,96.106,0.0
Locomotion_1,X9,96.239,0.0
Locomotion_1,X9,96.372,0.0
Locomotion_1,X9,96.504,0.0
Locomotion_1,X9,96.637,0.0
Locomotion_1,X9,96.77,0.0549
Locomotion_1,X9,96.903,1.0
Locomotion_1,X10,0.0,1.0
Locomotion_1,X10,0.133,0.0549
Locomotion_1,X10,0.265,0.0
Locomotion_1,X10,0.398,0.0
Locomotion_1,X10,0.531,0.0
Locomotion_1,X10,0.664,0.0
Locomotion_1,X10,0.796,0.0
Locomotion_1,X10,0.929,0.0
Locomotion_1,X10,1.062,0.0
Locomotion_1,X10,1.195,0.0
Locomotion_1,X10,1.327,0.0
Locomotion_1,X10,1.46,0.0
Locomotion_1,X10,1.593,0.0
Locomotion_1,X10,1.726,0.0
Locomotion_1,X10,1.858,0.0
Locomotion_1,X10,1.991,0.0
Locomotion_1,X10,2.124,0.0
Locomotion_1,X10,2.257,0.0
Locomotion_1,X10,2.389,0.0
Locomotion_1,X10,2.522,0.0
Locomotion_1,X10,2.655,0.0
Locomotion_1,X10,2.788,0.0
Locomotion_1,X10,2.92,0.0
Locomotion_1,X10,3.053,0.0
Locomotion_1,X10,3.186,0.0
Locomotion_1,X10,3.319,0.0
Locomotion_1,X10,3.451,0.0
Locomotion_1,X10,3.584,0.0
Locomotion_1,X10,3.717,0.0
Locomotion_1,X10,3.85,0.0
Locomotion_1,X10,3.982,0.0
Locomotion_1,X10,4.115,0.0
Locomotion_1,X10,4.248,0.0
Locomotion_1,X10,4.381,0.0
Locomotion_1,X10,4.513,0.0
Locomotion_1,X10,4.646,0.0
Locomotion_1,X10,4.779,0.0
Locomotion_1,X10,4.912,0.0
Locomotion_1,X10,5.044,0.0
Locomotion_1,X10,5.177,0.0
Locomotion_1,X10,5.31,0.0
Locomotion_1,X10,5.442,0.0
Locomotion_1,X10,5.575,0.0
Locomotion_1,X10,5.708,0.0
Locomotion_1,X10,5.841,0.0
Locomotion_1,X10,5.973,0.0
Locomotion_1,X10,6.106,0.0
Locomotion_1,X10,6.239,0.0
Locomotion_1,X10,6.372,0.0
Locomotion_1,X10,6.504,0.0
Locomotion_1,X10,6.637,0.0
Locomotion_1,X10,6.77,0.0
Locomotion_1,X10,6.903,0.0
Locomotion_1,X10,7.035,0.0
Locomotion_1,X10,7.168,0.0
Locomotion_1,X10,7.301,0.0
Locomotion_1,X10,7.434,0.0
Locomotion_1,X10,7.566,0.0
Locomotion_1,X10,7.699,0.0
Locomotion_1,X10,7.832,0.0
Locomotion_1,X10,7.965,0.0
Locomotion_1,X10,8.097,0.0
Locomotion_1,X10,8.23,0.0
Locomotion_1,X10,8.363,0.0
Locomotion_1,X10,8.496,0.0
Locomotion_1,X10,8.628,0.0
Locomotion_1,X10,8.761,0.0
Locomotion_1,X10,8.894,0.0
Locomotion_1,X10,9.027,0.0
Locomotion_1,X10,9.159,0.0
Locomotion_1,X10,9.292,0.0
Locomotion_1,X10,9.425,0.0
Locomotion_1,X10,9.558,0.0
Locomotion_1,X10,9.69,0.0
Locomotion_1,X10,9.823,0.0
Locomotion_1,X10,9.956,0.0
Locomotion_1,X10,10.088,0.0
Locomotion_1,X10,10.221,0.0
Locomotion_1,X10,10.354,0.0
Locomotion_1,X10,10.487,0.0
Locomotion_1,X10,10.619,0.0
Locomotion_1,X10,10.752,0.0
Locomotion_1,X10,10.885,0.0
Locomotion_1,X10,11.018,0.0
Locomotion_1,X10,11.15,0.0
Locomotion_1,X10,11.283,0.0
Locomotion_1,X10,11.416,0.0
Locomotion_1,X10,11.549,0.0
Locomotion_1,X10,11.681,0.0
Locomotion_1,X10,11.814,0.0
Locomotion_1,X10,11.947,0.0
Locomotion_1,X10,12.08,0.0
Locomotion_1,X10,12.212,0.0
Locomotion_1,X10,12.345,0.0
Locomotion_1,X10,12.478,0.0
Locomotion_1,X10,12.611,0.0
Locomotion_1,X10,12.743,0.0
Locomotion_1,X10,12.876,0.0
Locomotion_1,X10,13.009,0.0
Locomotion_1,X10,13.142,0.0
Locomotion_1,X10,13.274,0.0
Locomotion_1,X10,13.407,0.0
Locomotion_1,X10,13.54,0.0
Locomotion_1,X10,13.673,0.0
Locomotion_1,X10,13.805,0.0
Locomotion_1,X10,13.938,0.0
Locomotion_1,X10,14.071,0.0
Locomotion_1,X10,14.204,0.0
Locomotion_1,X10,14.336,0.0
Locomotion_1,X10,14.469,0.0
Locomotion_1,X10,14.602,0.0
Locomotion_1,X10,14.735,0.0
Locomotion_1,X10,14.867,0.0
Locomotion_1,X10,15.0,0.0
Locomotion_1,X10,15.133,0.0
Locomotion_1,X10,15.265,0.0
Locomotion_1,X10,15.398,0.0
Locomotion_1,X10,15.531,0.0
Locomotion_1,X10,15.664,0.0
Locomotion_1,X10,15.796,0.0
Locomotion_1,X10,15.929,0.0
Locomotion_1,X10,16.062,0.0
Locomotion_1,X10,16.195,0.0
Locomotion_1,X10,16.327,0.0
Locomotion_1,X10,16.46,0.0
Locomotion_1,X10,16.593,0.0
Locomotion_1,X10,16.726,0.0
Locomotion_1,X10,16.858,0.0
Locomotion_1,X10,16.991,0.0
Locomotion_1,X10,17.124,0.0
Locomotion_1,X10,17.257,0.0
Locomotion_1,X10,17.389,0.0
Locomotion_1,X10,17.522,0.0
Locomotion_1,X10,17.655,0.0
Locomotion_1,X10,17.788,0.0
Locomotion_1,X10,17.92,0.0
Locomotion_1,X10,18.053,0.0
Locomotion_1,X10,18.186,0.0
Locomotion_1,X10,18.319,0.0
Locomotion_1,X10,18.451,0.0
Locomotion_1,X10,18.584,0.0
Locomotion_1,X10,18.717,0.0
Locomotion_1,X10,18.85,0.0
Locomotion_1,X10,18.982,0.0
Locomotion_1,X10,19.115,0.0
Locomotion_1,X10,19.248,0.0
Locomotion_1,X10,19.381,0.0
Locomotion_1,X10,19.513,0.0
Locomotion_1,X10,19.646,0.0
Locomotion_1,X10,19.779,0.0
Locomotion_1,X10,19.912,0.0
Locomotion_1,X10,20.044,0.0
Locomotion_1,X10,20.177,0.0
Locomotion_1,X10,20.31,0.0
Locomotion_1,X10,20.442,0.0
Locomotion_1,X10,20.575,0.0
Locomotion_1,X10,20.708,0.0
Locomotion_1,X10,20.841,0.0
Locomotion_1,X10,20.973,0.0
Locomotion_1,X10,21.106,0.0
Locomotion_1,X10,21.239,0.0
Locomotion_1,X10,21.372,0.0
Locomotion_1,X10,21.504,0.0
Locomotion_1,X10,21.637,0.0
Locomotion_1,X10,21.77,0.0
Locomotion_1,X10,21.903,0.0
Locomotion_1,X10,22.035,0.0
Locomotion_1,X10,22.168,0.0
Locomotion_1,X10,22.301,0.0
Locomotion_1,X10,22.434,0.0
Locomotion_1,X10,22.566,0.0
Locomotion_1,X10,22.699,0.0
Locomotion_1,X10,22.832,0.0
Locomotion_1,X10,22.965,0.0
Locomotion_1,X10,23.097,0.0
Locomotion_1,X10,23.23,0.0
Locomotion_1,X10,23.363,0.0
Locomotion_1,X10,23.496,0.0
Locomotion_1,X10,23.628,0.0
Locomotion_1,X10,23.761,0.0
Locomotion_1,X10,23.894,0.0
Locomotion_1,X10,24.027,0.0
Locomotion_1,X10,24.159,0.0
Locomotion_1,X10,24.292,0.0
Locomotion_1,X10,24.425,0.0
Locomotion_1,X10,24.558,0.0
Locomotion_1,X10,24.69,0.0
Locomotion_1,X10,24.823,0.0
Locomotion_1,X10,24.956,0.0
Locomotion_1,X10,25.088,0.0
Locomotion_1,X10,25.221,0.0
Locomotion_1,X10,25.354,0.0
Locomotion_1,X10,25.487,0.0
Locomotion_1,X10,25.619,0.0
Locomotion_1,X10,25.752,0.0
Locomotion_1,X10,25.885,0.0
Locomotion_1,X10,26.018,0.0
Locomotion_1,X10,26.15,0.0
Locomotion_1,X10,26.283,0.0
Locomotion_1,X10,26.416,0.0
Locomotion_1,X10,26.549,0.0
Locomotion_1,X10,26.681,0.0
Locomotion_1,X10,26.814,0.0
Locomotion_1,X10,26.947,0.0
Locomotion_1,X10,27.08,0.0
Locomotion_1,X10,27.212,0.0
Locomotion_1,X10,27.345,0.0
Locomotion_1,X10,27.478,0.0
Locomotion_1,X10,27.611,0.0
Locomotion_1,X10,27.743,0.0
Locomotion_1,X10,27.876,0.0
Locomotion_1,X10,28.009,0.0
Locomotion_1,X10,28.142,0.0
Locomotion_1,X10,28.274,0.0
Locomotion_1,X10,28.407,0.0
Locomotion_1,X10,28.54,0.0
Locomotion_1,X10,28.673,0.0
Locomotion_1,X10,28.805,0.0
Locomotion_1,X10,28.938,0.0
Locomotion_1,X10,29.071,0.0
Locomotion_1,X10,29.204,0.0
Locomotion_1,X10,29.336,0.0
Locomotion_1,X10,29.469,0.0
Locomotion_1,X10,29.602,0.0
Locomotion_1,X10,29.735,0.0
Locomotion_1,X10,29.867,0.0
Locomotion_1,X10,30.0,0.0
Locomotion_1,X10,30.133,0.0
Locomotion_1,X10,30.265,0.0
Locomotion_1,X10,30.398,0.0
Locomotion_1,X10,30.531,0.0
Locomotion_1,X10,30.664,0.0
Locomotion_1,X10,30.796,0.0
Locomotion_1,X10,30.929,0.0
Locomotion_1,X10,31.062,0.0
Locomotion_1,X10,31.195,0.0
Locomotion_1,X10,31.327,0.0
Locomotion_1,X10,31.46,0.0
Locomotion_1,X10,31.593,0.0
Locomotion_1,X10,31.726,0.0
Locomotion_1,X10,31.858,0.0
Locomotion_1,X10,31.991,0.0
Locomotion_1,X10,32.124,0.0
Locomotion_1,X10,32.257,0.0
Locomotion_1,X10,32.389,0.0
Locomotion_1,X10,32.522,0.0
Locomotion_1,X10,32.655,0.0
Locomotion_1,X10,32.788,0.0
Locomotion_1,X10,32.92,0.0
Locomotion_1,X10,33.053,0.0
Locomotion_1,X10,33.186,0.0
Locomotion_1,X10,33.319,0.0
Locomotion_1,X10,33.451,0.0
Locomotion_1,X10,33.584,0.0
Locomotion_1,X10,33.717,0.0
Locomotion_1,X10,33.85,0.0
Locomotion_1,X10,33.982,0.0
Locomotion_1,X10,34.115,0.0
Locomotion_1,X10,34.248,0.0
Locomotion_1,X10,34.381,0.0
Locomotion_1,X10,34.513,0.0
Locomotion_1,X10,34.646,0.0
Locomotion_1,X10,34.779,0.0
Locomotion_1,X10,34.912,0.0
Locomotion_1,X10,35.044,0.0
Locomotion_1,X10,35.177,0.0
Locomotion_1,X10,35.31,0.0
Locomotion_1,X10,35.442,0.0
Locomotion_1,X10,35.575,0.0
Locomotion_1,X10,35.708,0.0
Locomotion_1,X10,35.841,0.0
Locomotion_1,X10,35.973,0.0
Locomotion_1,X10,36.106,0.0
Locomotion_1,X10,36.239,0.0
Locomotion_1,X10,36.372,0.0
Locomotion_1,X10,36.504,0.0
Locomotion_1,X10,36.637,0.0
Locomotion_1,X10,36.77,0.0
Locomotion_1,X10,36.903,0.0
Locomotion_1,X10,37.035,0.0
Locomotion_1,X10,37.168,0.0
Locomotion_1,X10,37.301,0.0
Locomotion_1,X10,37.434,0.0
Locomotion_1,X10,37.566,0.0
Locomotion_1,X10,37.699,0.0
Locomotion_1,X10,37.832,0.0
Locomotion_1,X10,37.965,0.0
Locomotion_1,X10,38.097,0.0
Locomotion_1,X10,38.23,0.0
Locomotion_1,X10,38.363,0.0
Locomotion_1,X10,38.496,0.0
Locomotion_1,X10,38.628,0.0
Locomotion_1,X10,38.761,0.0
Locomotion_1,X10,38.894,0.0
Locomotion_1,X10,39.027,0.0
Locomotion_1,X10,39.159,0.0
Locomotion_1,X10,39.292,0.0
Locomotion_1,X10,39.425,0.0
Locomotion_1,X10,39.558,0.0
Locomotion_1,X10,39.69,0.0
Locomotion_1,X10,39.823,0.0
Locomotion_1,X10,39.956,0.0
Locomotion_1,X10,40.088,0.0
Locomotion_1,X10,40.221,0.0
Locomotion_1,X10,40.354,0.0
Locomotion_1,X10,40.487,0.0
Locomotion_1,X10,40.619,0.0
Locomotion_1,X10,40.752,0.0
Locomotion_1,X10,40.885,0.0
Locomotion_1,X10,41.018,0.0
Locomotion_1,X10,41.15,0.0
Locomotion_1,X10,41.283,0.0
Locomotion_1,X10,41.416,0.0
Locomotion_1,X10,41.549,0.0
Locomotion_1,X10,41.681,0.0
Locomotion_1,X10,41.814,0.0
Locomotion_1,X10,41.947,0.0
Locomotion_1,X10,42.08,0.0
Locomotion_1,X10,42.212,0.0
Locomotion_1,X10,42.345,0.0
Locomotion_1,X10,42.478,0.0
Locomotion_1,X10,42.611,0.0
Locomotion_1,X10,42.743,0.0
Locomotion_1,X10,42.876,0.0
Locomotion_1,X10,43.009,0.0
Locomotion_1,X10,43.142,0.0
Locomotion_1,X10,43.274,0.0
Locomotion_1,X10,43.407,0.0
Locomotion_1,X10,43.54,0.0
Locomotion_1,X10,43.673,0.0
Locomotion_1,X10,43.805,0.0
Locomotion_1,X10,43.938,0.0
Locomotion_1,X10,44.071,0.0
Locomotion_1,X10,44.204,0.0
Locomotion_1,X10,44.336,0.0
Locomotion_1,X10,44.469,0.0
Locomotion_1,X10,44.602,0.0
Locomotion_1,X10,44.735,0.0
Locomotion_1,X10,44.867,0.0
Locomotion_1,X10,45.0,0.0
Locomotion_1,X10,45.133,0.0
Locomotion_1,X10,45.265,0.0
Locomotion_1,X10,45.398,0.0
Locomotion_1,X10,45.531,0.0
Locomotion_1,X10,45.664,0.0
Locomotion_1,X10,45.796,0.0
Locomotion_1,X10,45.929,0.0
Locomotion_1,X10,46.062,0.0
Locomotion_1,X10,46.195,0.0
Locomotion_1,X10,46.327,0.0
Locomotion_1,X10,46.46,0.0
Locomotion_1,X10,46.593,0.0
Locomotion_1,X10,46.726,0.0
Locomotion_1,X10,46.858,0.0
Locomotion_1,X10,46.991,0.0
Locomotion_1,X10,47.124,0.0
Locomotion_1,X10,47.257,0.0
Locomotion_1,X10,47.389,0.0
Locomotion_1,X10,47.522,0.0
Locomotion_1,X10,47.655,0.0
Locomotion_1,X10,47.788,0.0
Locomotion_1,X10,47.92,0.0
Locomotion_1,X10,48.053,0.0
Locomotion_1,X10,48.186,0.0
Locomotion_1,X10,48.319,0.0
Locomotion_1,X10,48.451,0.0
Locomotion_1,X10,48.584,0.0
Locomotion_1,X10,48.717,0.0
Locomotion_1,X10,48.85,0.0
Locomotion_1,X10,48.982,0.0
Locomotion_1,X10,49.115,0.0
Locomotion_1,X10,49.248,0.0
Locomotion_1,X10,49.381,0.0
Locomotion_1,X10,49.513,0.0
Locomotion_1,X10,49.646,0.0
Locomotion_1,X10,49.779,0.0
Locomotion_1,X10,49.912,0.0
Locomotion_1,X10,50.044,0.0
Locomotion_1,X10,50.177,0.0
Locomotion_1,X10,50.31,0.0
Locomotion_1,X10,50.442,0.0
Locomotion_1,X10,50.575,0.0
Locomotion_1,X10,50.708,0.0
Locomotion_1,X10,50.841,0.0
Locomotion_1,X10,50.973,0.0
Locomotion_1,X10,51.106,0.0
Locomotion_1,X10,51.239,0.0
Locomotion_1,X10,51.372,0.0
Locomotion_1,X10,51.504,0.0
Locomotion_1,X10,51.637,0.0
Locomotion_1,X10,51.77,0.0
Locomotion_1,X10,51.903,0.0
Locomotion_1,X10,52.035,0.0
Locomotion_1,X10,52.168,0.0
Locomotion_1,X10,52.301,0.0
Locomotion_1,X10,52.434,0.0
Locomotion_1,X10,52.566,0.0
Locomotion_1,X10,52.699,0.0
Locomotion_1,X10,52.832,0.0
Locomotion_1,X10,52.965,0.0
Locomotion_1,X10,53.097,0.0
Locomotion_1,X10,53.23,0.0
Locomotion_1,X10,53.363,0.0
Locomotion_1,X10,53.496,0.0
Locomotion_1,X10,53.628,0.0
Locomotion_1,X10,53.761,0.0
Locomotion_1,X10,53.894,0.0
Locomotion_1,X10,54.027,0.0
Locomotion_1,X10,54.159,0.0
Locomotion_1,X10,54.292,0.0
Locomotion_1,X10,54.425,0.0
Locomotion_1,X10,54.558,0.0
Locomotion_1,X10,54.69,0.0
Locomotion_1,X10,54.823,0.0
Locomotion_1,X10,54.956,0.0
Locomotion_1,X10,55.088,0.0
Locomotion_1,X10,55.221,0.0
Locomotion_1,X10,55.354,0.0
Locomotion_1,X10,55.487,0.0
Locomotion_1,X10,55.619,0.0
Locomotion_1,X10,55.752,0.0
Locomotion_1,X10,55.885,0.0
Locomotion_1,X10,56.018,0.0
Locomotion_1,X10,56.15,0.0
Locomotion_1,X10,56.283,0.0
Locomotion_1,X10,56.416,0.0
Locomotion_1,X10,56.549,0.0
Locomotion_1,X10,56.681,0.0
Locomotion_1,X10,56.814,0.0
Locomotion_1,X10,56.947,0.0
Locomotion_1,X10,57.08,0.0
Locomotion_1,X10,57.212,0.0
Locomotion_1,X10,57.345,0.0
Locomotion_1,X10,57.478,0.0
Locomotion_1,X10,57.611,0.0
Locomotion_1,X10,57.743,0.0
Locomotion_1,X10,57.876,0.0
Locomotion_1,X10,58.009,0.0
Locomotion_1,X10,58.142,0.0
Locomotion_1,X10,58.274,0.0
Locomotion_1,X10,58.407,0.0
Locomotion_1,X10,58.54,0.0
Locomotion_1,X10,58.673,0.0
Locomotion_1,X10,58.805,0.0
Locomotion_1,X10,58.938,0.0
Locomotion_1,X10,59.071,0.0
Locomotion_1,X10,59.204,0.0
Locomotion_1,X10,59.336,0.0
Locomotion_1,X10,59.469,0.0
Locomotion_1,X10,59.602,0.0
Locomotion_1,X10,59.735,0.0
Locomotion_1,X10,59.867,0.0
Locomotion_1,X10,60.0,0.0
Locomotion_1,X10,60.133,0.0
Locomotion_1,X10,60.265,0.0
Locomotion_1,X10,60.398,0.0
Locomotion_1,X10,60.531,0.0
Locomotion_1,X10,60.664,0.0
Locomotion_1,X10,60.796,0.0
Locomotion_1,X10,60.929,0.0
Locomotion_1,X10,61.062,0.0
Locomotion_1,X10,61.195,0.0
Locomotion_1,X10,61.327,0.0
Locomotion_1,X10,61.46,0.0
Locomotion_1,X10,61.593,0.0
Locomotion_1,X10,61.726,0.0
Locomotion_1,X10,61.858,0.0
Locomotion_1,X10,61.991,0.0
Locomotion_1,X10,62.124,0.0
Locomotion_1,X10,62.257,0.0
Locomotion_1,X10,62.389,0.0
Locomotion_1,X10,62.522,0.0
Locomotion_1,X10,62.655,0.0
Locomotion_1,X10,62.788,0.0
Locomotion_1,X10,62.92,0.0
Locomotion_1,X10,63.053,0.0
Locomotion_1,X10,63.186,0.0
Locomotion_1,X10,63.319,0.0
Locomotion_1,X10,63.451,0.0
Locomotion_1,X10,63.584,0.0
Locomotion_1,X10,63.717,0.0
Locomotion_1,X10,63.85,0.0
Locomotion_1,X10,63.982,0.0
Locomotion_1,X10,64.115,0.0
Locomotion_1,X10,64.248,0.0
Locomotion_1,X10,64.381,0.0
Locomotion_1,X10,64.513,0.0
Locomotion_1,X10,64.646,0.0
Locomotion_1,X10,64.779,0.0
Locomotion_1,X10,64.912,0.0
Locomotion_1,X10,65.044,0.0
Locomotion_1,X10,65.177,0.0
Locomotion_1,X10,65.31,0.0
Locomotion_1,X10,65.442,0.0
Locomotion_1,X10,65.575,0.0
Locomotion_1,X10,65.708,0.0
Locomotion_1,X10,65.841,0.0
Locomotion_1,X10,65.973,0.0
Locomotion_1,X10,66.106,0.0
Locomotion_1,X10,66.239,0.0
Locomotion_1,X10,66.372,0.0
Locomotion_1,X10,66.504,0.0
Locomotion_1,X10,66.637,0.0
Locomotion_1,X10,66.77,0.0
Locomotion_1,X10,66.903,0.0
Locomotion_1,X10,67.035,0.0
Locomotion_1,X10,67.168,0.0
Locomotion_1,X10,67.301,0.0
Locomotion_1,X10,67.434,0.0
Locomotion_1,X10,67.566,0.0
Locomotion_1,X10,67.699,0.0
Locomotion_1,X10,67.832,0.0
Locomotion_1,X10,67.965,0.0
Locomotion_1,X10,68.097,0.0
Locomotion_1,X10,68.23,0.0
Locomotion_1,X10,68.363,0.0
Locomotion_1,X10,68.496,0.0
Locomotion_1,X10,68.628,0.0
Locomotion_1,X10,68.761,0.0
Locomotion_1,X10,68.894,0.0
Locomotion_1,X10,69.027,0.0
Locomotion_1,X10,69.159,0.0
Locomotion_1,X10,69.292,0.0
Locomotion_1,X10,69.425,0.0
Locomotion_1,X10,69.558,0.0
Locomotion_1,X10,69.69,0.0
Locomotion_1,X10,69.823,0.0
Locomotion_1,X10,69.956,0.0
Locomotion_1,X10,70.088,0.0
Locomotion_1,X10,70.221,0.0
Locomotion_1,X10,70.354,0.0
Locomotion_1,X10,70.487,0.0
Locomotion_1,X10,70.619,0.0
Locomotion_1,X10,70.752,0.0
Locomotion_1,X10,70.885,0.0
Locomotion_1,X10,71.018,0.0
Locomotion_1,X10,71.15,0.0
Locomotion_1,X10,71.283,0.0
Locomotion_1,X10,71.416,0.0
Locomotion_1,X10,71.549,0.0
Locomotion_1,X10,71.681,0.0
Locomotion_1,X10,71.814,0.0
Locomotion_1,X10,71.947,0.0
Locomotion_1,X10,72.08,0.0
Locomotion_1,X10,72.212,0.0
Locomotion_1,X10,72.345,0.0
Locomotion_1,X10,72.478,0.0
Locomotion_1,X10,72.611,0.0
Locomotion_1,X10,72.743,0.0
Locomotion_1,X10,72.876,0.0
Locomotion_1,X10,73.009,0.0
Locomotion_1,X10,73.142,0.0
Locomotion_1,X10,73.274,0.0
Locomotion_1,X10,73.407,0.0
Locomotion_1,X10,73.54,0.0
Locomotion_1,X10,73.673,0.0
Locomotion_1,X10,73.805,0.0
Locomotion_1,X10,73.938,0.0
Locomotion_1,X10,74.071,0.0
Locomotion_1,X10,74.204,0.0
Locomotion_1,X10,74.336,0.0
Locomotion_1,X10,74.469,0.0
Locomotion_1,X10,74.602,0.0
Locomotion_1,X10,74.735,0.0
Locomotion_1,X10,74.867,0.0
Locomotion_1,X10,75.0,0.0
Locomotion_1,X10,75.133,0.0
Locomotion_1,X10,75.265,0.0
Locomotion_1,X10,75.398,0.0
Locomotion_1,X10,75.531,0.0
Locomotion_1,X10,75.664,0.0
Locomotion_1,X10,75.796,0.0
Locomotion_1,X10,75.929,0.0
Locomotion_1,X10,76.062,0.0
Locomotion_1,X10,76.195,0.0
Locomotion_1,X10,76.327,0.0
Locomotion_1,X10,76.46,0.0
Locomotion_1,X10,76.593,0.0
Locomotion_1,X10,76.726,0.0
Locomotion_1,X10,76.858,0.0
Locomotion_1,X10,76.991,0.0
Locomotion_1,X10,77.124,0.0
Locomotion_1,X10,77.257,0.0
Locomotion_1,X10,77.389,0.0
Locomotion_1,X10,77.522,0.0
Locomotion_1,X10,77.655,0.0
Locomotion_1,X10,77.788,0.0
Locomotion_1,X10,77.92,0.0
Locomotion_1,X10,78.053,0.0
Locomotion_1,X10,78.186,0.0
Locomotion_1,X10,78.319,0.0
Locomotion_1,X10,78.451,0.0
Locomotion_1,X10,78.584,0.0
Locomotion_1,X10,78.717,0.0
Locomotion_1,X10,78.85,0.0
Locomotion_1,X10,78.982,0.0
Locomotion_1,X10,79.115,0.0
Locomotion_1,X10,79.248,0.0
Locomotion_1,X10,79.381,0.0
Locomotion_1,X10,79.513,0.0
Locomotion_1,X10,79.646,0.0
Locomotion_1,X10,79.779,0.0
Locomotion_1,X10,79.912,0.0
Locomotion_1,X10,80.044,0.0
Locomotion_1,X10,80.177,0.0
Locomotion_1,X10,80.31,0.0
Locomotion_1,X10,80.442,0.0
Locomotion_1,X10,80.575,0.0
Locomotion_1,X10,80.708,0.0
Locomotion_1,X10,80.841,0.0
Locomotion_1,X10,80.973,0.0
Locomotion_1,X10,81.106,0.0
Locomotion_1,X10,81.239,0.0
Locomotion_1,X10,81.372,0.0
Locomotion_1,X10,81.504,0.0
Locomotion_1,X10,81.637,0.0
Locomotion_1,X10,81.77,0.0
Locomotion_1,X10,81.903,0.0
Locomotion_1,X10,82.035,0.0
Locomotion_1,X10,82.168,0.0
Locomotion_1,X10,82.301,0.0
Locomotion_1,X10,82.434,0.0
Locomotion_1,X10,82.566,0.0
Locomotion_1,X10,82.699,0.0
Locomotion_1,X10,82.832,0.0
Locomotion_1,X10,82.965,0.0
Locomotion_1,X10,83.097,0.0
Locomotion_1,X10,83.23,0.0
Locomotion_1,X10,83.363,0.0
Locomotion_1,X10,83.496,0.0
Locomotion_1,X10,83.628,0.0
Locomotion_1,X10,83.761,0.0
Locomotion_1,X10,83.894,0.0
Locomotion_1,X10,84.027,0.0
Locomotion_1,X10,84.159,0.0
Locomotion_1,X10,84.292,0.0
Locomotion_1,X10,84.425,0.0
Locomotion_1,X10,84.558,0.0
Locomotion_1,X10,84.69,0.0
Locomotion_1,X10,84.823,0.0
Locomotion_1,X10,84.956,0.0
Locomotion_1,X10,85.088,0.0
Locomotion_1,X10,85.221,0.0
Locomotion_1,X10,85.354,0.0
Locomotion_1,X10,85.487,0.0
Locomotion_1,X10,85.619,0.0
Locomotion_1,X10,85.752,0.0
Locomotion_1,X10,85.885,0.0
Locomotion_1,X10,86.018,0.0
Locomotion_1,X10,86.15,0.0
Locomotion_1,X10,86.283,0.0
Locomotion_1,X10,86.416,0.0
Locomotion_1,X10,86.549,0.0
Locomotion_1,X10,86.681,0.0
Locomotion_1,X10,86.814,0.0
Locomotion_1,X10,86.947,0.0
Locomotion_1,X10,87.08,0.0
Locomotion_1,X10,87.212,0.0
Locomotion_1,X10,87.345,0.0
Locomotion_1,X10,87.478,0.0
Locomotion_1,X10,87.611,0.0
Locomotion_1,X10,87.743,0.0
Locomotion_1,X10,87.876,0.0
Locomotion_1,X10,88.009,0.0
Locomotion_1,X10,88.142,0.0
Locomotion_1,X10,88.274,0.0
Locomotion_1,X10,88.407,0.0
Locomotion_1,X10,88.54,0.0
Locomotion_1,X10,88.673,0.0
Locomotion_1,X10,88.805,0.0
Locomotion_1,X10,88.938,0.0
Locomotion_1,X10,89.071,0.0
Locomotion_1,X10,89.204,0.0
Locomotion_1,X10,89.336,0.0
Locomotion_1,X10,89.469,0.0
Locomotion_1,X10,89.602,0.0
Locomotion_1,X10,89.735,0.0
Locomotion_1,X10,89.867,0.0
Locomotion_1,X10,90.0,0.0
Locomotion_1,X10,90.133,0.0
Locomotion_1,X10,90.265,0.0
Locomotion_1,X10,90.398,0.0
Locomotion_1,X10,90.531,0.0
Locomotion_1,X10,90.664,0.0
Locomotion_1,X10,90.796,0.0
Locomotion_1,X10,90.929,0.0
Locomotion_1,X10,91.062,0.0
Locomotion_1,X10,91.195,0.0
Locomotion_1,X10,91.327,0.0
Locomotion_1,X10,91.46,0.0
Locomotion_1,X10,91.593,0.0
Locomotion_1,X10,91.726,0.0
Locomotion_1,X10,91.858,0.0
Locomotion_1,X10,91.991,0.0
Locomotion_1,X10,92.124,0.0
Locomotion_1,X10,92.257,0.0
Locomotion_1,X10,92.389,0.0
Locomotion_1,X10,92.522,0.0
Locomotion_1,X10,92.655,0.0
Locomotion_1,X10,92.788,0.0
Locomotion_1,X10,92.92,0.0
Locomotion_1,X10,93.053,0.0
Locomotion_1,X10,93.186,0.0
Locomotion_1,X10,93.319,0.0
Locomotion_1,X10,93.451,0.0
Locomotion_1,X10,93.584,0.0
Locomotion_1,X10,93.717,0.0
Locomotion_1,X10,93.85,0.0
Locomotion_1,X10,93.982,0.0
Locomotion_1,X10,94.115,0.0
Locomotion_1,X10,94.248,0.0
Locomotion_1,X10,94.381,0.0
Locomotion_1,X10,94.513,0.0
Locomotion_1,X10,94.646,0.0
Locomotion_1,X10,94.779,0.0
Locomotion_1,X10,94.912,0.0
Locomotion_1,X10,95.044,0.0
Locomotion_1,X10,95.177,0.0
Locomotion_1,X10,95.31,0.0
Locomotion_1,X10,95.442,0.0
Locomotion_1,X10,95.575,0.0
Locomotion_1,X10,95.708,0.0
Locomotion_1,X10,95.841,0.0
Locomotion_1,X10,95.973,0.0
Locomotion_1,X10,96.106,0.0
Locomotion_1,X10,96.239,0.0
Locomotion_1,X10,96.372,0.0
Locomotion_1,X10,96.504,0.0
Locomotion_1,X10,96.637,0.0
Locomotion_1,X10,96.77,0.0549
Locomotion_1,X10,96.903,1.0
Locomotion_1,X11,0.0,1.0
Locomotion_1,X11,0.133,0.0549
Locomotion_1,X11,0.265,0.0
Locomotion_1,X11,0.398,0.0
Locomotion_1,X11,0.531,0.0
Locomotion_1,X11,0.664,0.0
Locomotion_1,X11,0.796,0.0
Locomotion_1,X11,0.929,0.0
Locomotion_1,X11,1.062,0.0
Locomotion_1,X11,1.195,0.0
Locomotion_1,X11,1.327,0.0
Locomotion_1,X11,1.46,0.0
Locomotion_1,X11,1.593,0.0
Locomotion_1,X11,1.726,0.0
Locomotion_1,X11,1.858,0.0
Locomotion_1,X11,1.991,0.0
Locomotion_1,X11,2.124,0.0
Locomotion_1,X11,2.257,0.0
Locomotion_1,X11,2.389,0.0
Locomotion_1,X11,2.522,0.0
Locomotion_1,X11,2.655,0.0
Locomotion_1,X11,2.788,0.0
Locomotion_1,X11,2.92,0.0
Locomotion_1,X11,3.053,0.0
Locomotion_1,X11,3.186,0.0
Locomotion_1,X11,3.319,0.0
Locomotion_1,X11,3.451,0.0
Locomotion_1,X11,3.584,0.0
Locomotion_1,X11,3.717,0.0
Locomotion_1,X11,3.85,0.0
Locomotion_1,X11,3.982,0.0
Locomotion_1,X11,4.115,0.0
Locomotion_1,X11,4.248,0.0
Locomotion_1,X11,4.381,0.0
Locomotion_1,X11,4.513,0.0
Locomotion_1,X11,4.646,0.0
Locomotion_1,X11,4.779,0.0
Locomotion_1,X11,4.912,0.0
Locomotion_1,X11,5.044,0.0
Locomotion_1,X11,5.177,0.0
Locomotion_1,X11,5.31,0.0
Locomotion_1,X11,5.442,0.0
Locomotion_1,X11,5.575,0.0
Locomotion_1,X11,5.708,0.0
Locomotion_1,X11,5.841,0.0
Locomotion_1,X11,5.973,0.0
Locomotion_1,X11,6.106,0.0
Locomotion_1,X11,6.239,0.0
Locomotion_1,X11,6.372,0.0
Locomotion_1,X11,6.504,0.0
Locomotion_1,X11,6.637,0.0
Locomotion_1,X11,6.77,0.0
Locomotion_1,X11,6.903,0.0
Locomotion_1,X11,7.035,0.0
Locomotion_1,X11,7.168,0.0
Locomotion_1,X11,7.301,0.0
Locomotion_1,X11,7.434,0.0
Locomotion_1,X11,7.566,0.0
Locomotion_1,X11,7.699,0.0
Locomotion_1,X11,7.832,0.0
Locomotion_1,X11,7.965,0.0
Locomotion_1,X11,8.097,0.0
Locomotion_1,X11,8.23,0.0
Locomotion_1,X11,8.363,0.0
Locomotion_1,X11,8.496,0.0
Locomotion_1,X11,8.628,0.0
Locomotion_1,X11,8.761,0.0
Locomotion_1,X11,8.894,0.0
Locomotion_1,X11,9.027,0.0
Locomotion_1,X11,9.159,0.0
Locomotion_1,X11,9.292,0.0
Locomotion_1,X11,9.425,0.0
Locomotion_1,X11,9.558,0.0
Locomotion_1,X11,9.69,0.0
Locomotion_1,X11,9.823,0.0
Locomotion_1,X11,9.956,0.0
Locomotion_1,X11,10.088,0.0
Locomotion_1,X11,10.221,0.0
Locomotion_1,X11,10.354,0.0
Locomotion_1,X11,10.487,0.0
Locomotion_1,X11,10.619,0.0
Locomotion_1,X11,10.752,0.0
Locomotion_1,X11,10.885,0.0
Locomotion_1,X11,11.018,0.0
Locomotion_1,X11,11.15,0.0
Locomotion_1,X11,11.283,0.0
Locomotion_1,X11,11.416,0.0
Locomotion_1,X11,11.549,0.0
Locomotion_1,X11,11.681,0.0
Locomotion_1,X11,11.814,0.0
Locomotion_1,X11,11.947,0.0
Locomotion_1,X11,12.08,0.0
Locomotion_1,X11,12.212,0.0
Locomotion_1,X11,12.345,0.0
Locomotion_1,X11,12.478,0.0
Locomotion_1,X11,12.611,0.0
Locomotion_1,X11,12.743,0.0
Locomotion_1,X11,12.876,0.0
Locomotion_1,X11,13.009,0.0
Locomotion_1,X11,13.142,0.0
Locomotion_1,X11,13.274,0.0
Locomotion_1,X11,13.407,0.0
Locomotion_1,X11,13.54,0.0
Locomotion_1,X11,13.673,0.0
Locomotion_1,X11,13.805,0.0
Locomotion_1,X11,13.938,0.0
Locomotion_1,X11,14.071,0.0
Locomotion_1,X11,14.204,0.0
Locomotion_1,X11,14.336,0.0
Locomotion_1,X11,14.469,0.0
Locomotion_1,X11,14.602,0.0
Locomotion_1,X11,14.735,0.0
Locomotion_1,X11,14.867,0.0
Locomotion_1,X11,15.0,0.0
Locomotion_1,X11,15.133,0.0
Locomotion_1,X11,15.265,0.0
Locomotion_1,X11,15.398,0.0
Locomotion_1,X11,15.531,0.0
Locomotion_1,X11,15.664,0.0
Locomotion_1,X11,15.796,0.0
Locomotion_1,X11,15.929,0.0
Locomotion_1,X11,16.062,0.0
Locomotion_1,X11,16.195,0.0
Locomotion_1,X11,16.327,0.0
Locomotion_1,X11,16.46,0.0
Locomotion_1,X11,16.593,0.0
Locomotion_1,X11,16.726,0.0
Locomotion_1,X11,16.858,0.0
Locomotion_1,X11,16.991,0.0
Locomotion_1,X11,17.124,0.0
Locomotion_1,X11,17.257,0.0
Locomotion_1,X11,17.389,0.0
Locomotion_1,X11,17.522,0.0
Locomotion_1,X11,17.655,0.0
Locomotion_1,X11,17.788,0.0
Locomotion_1,X11,17.92,0.0
Locomotion_1,X11,18.053,0.0
Locomotion_1,X11,18.186,0.0
Locomotion_1,X11,18.319,0.0
Locomotion_1,X11,18.451,0.0
Locomotion_1,X11,18.584,0.0
Locomotion_1,X11,18.717,0.0
Locomotion_1,X11,18.85,0.0
Locomotion_1,X11,18.982,0.0
Locomotion_1,X11,19.115,0.0
Locomotion_1,X11,19.248,0.0
Locomotion_1,X11,19.381,0.0
Locomotion_1,X11,19.513,0.0
Locomotion_1,X11,19.646,0.0
Locomotion_1,X11,19.779,0.0
Locomotion_1,X11,19.912,0.0
Locomotion_1,X11,20.044,0.0
Locomotion_1,X11,20.177,0.0
Locomotion_1,X11,20.31,0.0
Locomotion_1,X11,20.442,0.0
Locomotion_1,X11,20.575,0.0
Locomotion_1,X11,20.708,0.0
Locomotion_1,X11,20.841,0.0
Locomotion_1,X11,20.973,0.0
Locomotion_1,X11,21.106,0.0
Locomotion_1,X11,21.239,0.0
Locomotion_1,X11,21.372,0.0
Locomotion_1,X11,21.504,0.0
Locomotion_1,X11,21.637,0.0
Locomotion_1,X11,21.77,0.0
Locomotion_1,X11,21.903,0.0
Locomotion_1,X11,22.035,0.0
Locomotion_1,X11,22.168,0.0
Locomotion_1,X11,22.301,0.0
Locomotion_1,X11,22.434,0.0
Locomotion_1,X11,22.566,0.0
Locomotion_1,X11,22.699,0.0
Locomotion_1,X11,22.832,0.0
Locomotion_1,X11,22.965,0.0
Locomotion_1,X11,23.097,0.0
Locomotion_1,X11,23.23,0.0
Locomotion_1,X11,23.363,0.0
Locomotion_1,X11,23.496,0.0
Locomotion_1,X11,23.628,0.0
Locomotion_1,X11,23.761,0.0
Locomotion_1,X11,23.894,0.0
Locomotion_1,X11,24.027,0.0
Locomotion_1,X11,24.159,0.0
Locomotion_1,X11,24.292,0.0
Locomotion_1,X11,24.425,0.0
Locomotion_1,X11,24.558,0.0
Locomotion_1,X11,24.69,0.0
Locomotion_1,X11,24.823,0.0
Locomotion_1,X11,24.956,0.0
Locomotion_1,X11,25.088,0.0
Locomotion_1,X11,25.221,0.0
Locomotion_1,X11,25.354,0.0
Locomotion_1,X11,25.487,0.0
Locomotion_1,X11,25.619,0.0
Locomotion_1,X11,25.752,0.0
Locomotion_1,X11,25.885,0.0
Locomotion_1,X11,26.018,0.0
Locomotion_1,X11,26.15,0.0
Locomotion_1,X11,26.283,0.0
Locomotion_1,X11,26.416,0.0
Locomotion_1,X11,26.549,0.0
Locomotion_1,X11,26.681,0.0
Locomotion_1,X11,26.814,0.0
Locomotion_1,X11,26.947,0.0
Locomotion_1,X11,27.08,0.0
Locomotion_1,X11,27.212,0.0
Locomotion_1,X11,27.345,0.0
Locomotion_1,X11,27.478,0.0
Locomotion_1,X11,27.611,0.0
Locomotion_1,X11,27.743,0.0
Locomotion_1,X11,27.876,0.0
Locomotion_1,X11,28.009,0.0
Locomotion_1,X11,28.142,0.0
Locomotion_1,X11,28.274,0.0
Locomotion_1,X11,28.407,0.0
Locomotion_1,X11,28.54,0.0
Locomotion_1,X11,28.673,0.0
Locomotion_1,X11,28.805,0.0
Locomotion_1,X11,28.938,0.0
Locomotion_1,X11,29.071,0.0
Locomotion_1,X11,29.204,0.0
Locomotion_1,X11,29.336,0.0
Locomotion_1,X11,29.469,0.0
Locomotion_1,X11,29.602,0.0
Locomotion_1,X11,29.735,0.0
Locomotion_1,X11,29.867,0.0
Locomotion_1,X11,30.0,0.0
Locomotion_1,X11,30.133,0.0
Locomotion_1,X11,30.265,0.0
Locomotion_1,X11,30.398,0.0
Locomotion_1,X11,30.531,0.0
Locomotion_1,X11,30.664,0.0
Locomotion_1,X11,30.796,0.0
Locomotion_1,X11,30.929,0.0
Locomotion_1,X11,31.062,0.0
Locomotion_1,X11,31.195,0.0
Locomotion_1,X11,31.327,0.0
Locomotion_1,X11,31.46,0.0
Locomotion_1,X11,31.593,0.0
Locomotion_1,X11,31.726,0.0
Locomotion_1,X11,31.858,0.0
Locomotion_1,X11,31.991,0.0
Locomotion_1,X11,32.124,0.0
Locomotion_1,X11,32.257,0.0
Locomotion_1,X11,32.389,0.0
Locomotion_1,X11,32.522,0.0
Locomotion_1,X11,32.655,0.0
Locomotion_1,X11,32.788,0.0
Locomotion_1,X11,32.92,0.0
Locomotion_1,X11,33.053,0.0
Locomotion_1,X11,33.186,0.0
Locomotion_1,X11,33.319,0.0
Locomotion_1,X11,33.451,0.0
Locomotion_1,X11,33.584,0.0
Locomotion_1,X11,33.717,0.0
Locomotion_1,X11,33.85,0.0
Locomotion_1,X11,33.982,0.0
Locomotion_1,X11,34.115,0.0
Locomotion_1,X11,34.248,0.0
Locomotion_1,X11,34.381,0.0
Locomotion_1,X11,34.513,0.0
Locomotion_1,X11,34.646,0.0
Locomotion_1,X11,34.779,0.0
Locomotion_1,X11,34.912,0.0
Locomotion_1,X11,35.044,0.0
Locomotion_1,X11,35.177,0.0
Locomotion_1,X11,35.31,0.0
Locomotion_1,X11,35.442,0.0
Locomotion_1,X11,35.575,0.0
Locomotion_1,X11,35.708,0.0
Locomotion_1,X11,35.841,0.0
Locomotion_1,X11,35.973,0.0
Locomotion_1,X11,36.106,0.0
Locomotion_1,X11,36.239,0.0
Locomotion_1,X11,36.372,0.0
Locomotion_1,X11,36.504,0.0
Locomotion_1,X11,36.637,0.0
Locomotion_1,X11,36.77,0.0
Locomotion_1,X11,36.903,0.0
Locomotion_1,X11,37.035,0.0
Locomotion_1,X11,37.168,0.0
Locomotion_1,X11,37.301,0.0
Locomotion_1,X11,37.434,0.0
Locomotion_1,X11,37.566,0.0
Locomotion_1,X11,37.699,0.0
Locomotion_1,X11,37.832,0.0
Locomotion_1,X11,37.965,0.0
Locomotion_1,X11,38.097,0.0
Locomotion_1,X11,38.23,0.0
Locomotion_1,X11,38.363,0.0
Locomotion_1,X11,38.496,0.0
Locomotion_1,X11,38.628,0.0
Locomotion_1,X11,38.761,0.0
Locomotion_1,X11,38.894,0.0
Locomotion_1,X11,39.027,0.0
Locomotion_1,X11,39.159,0.0
Locomotion_1,X11,39.292,0.0
Locomotion_1,X11,39.425,0.0
Locomotion_1,X11,39.558,0.0
Locomotion_1,X11,39.69,0.0
Locomotion_1,X11,39.823,0.0
Locomotion_1,X11,39.956,0.0
Locomotion_1,X11,40.088,0.0
Locomotion_1,X11,40.221,0.0
Locomotion_1,X11,40.354,0.0
Locomotion_1,X11,40.487,0.0
Locomotion_1,X11,40.619,0.0
Locomotion_1,X11,40.752,0.0
Locomotion_1,X11,40.885,0.0
Locomotion_1,X11,41.018,0.0
Locomotion_1,X11,41.15,0.0
Locomotion_1,X11,41.283,0.0
Locomotion_1,X11,41.416,0.0
Locomotion_1,X11,41.549,0.0
Locomotion_1,X11,41.681,0.0
Locomotion_1,X11,41.814,0.0
Locomotion_1,X11,41.947,0.0
Locomotion_1,X11,42.08,0.0
Locomotion_1,X11,42.212,0.0
Locomotion_1,X11,42.345,0.0
Locomotion_1,X11,42.478,0.0
Locomotion_1,X11,42.611,0.0
Locomotion_1,X11,42.743,0.0
Locomotion_1,X11,42.876,0.0
Locomotion_1,X11,43.009,0.0
Locomotion_1,X11,43.142,0.0
Locomotion_1,X11,43.274,0.0
Locomotion_1,X11,43.407,0.0
Locomotion_1,X11,43.54,0.0
Locomotion_1,X11,43.673,0.0
Locomotion_1,X11,43.805,0.0
Locomotion_1,X11,43.938,0.0
Locomotion_1,X11,44.071,0.0
Locomotion_1,X11,44.204,0.0
Locomotion_1,X11,44.336,0.0
Locomotion_1,X11,44.469,0.0
Locomotion_1,X11,44.602,0.0
Locomotion_1,X11,44.735,0.0
Locomotion_1,X11,44.867,0.0
Locomotion_1,X11,45.0,0.0
Locomotion_1,X11,45.133,0.0
Locomotion_1,X11,45.265,0.0
Locomotion_1,X11,45.398,0.0
Locomotion_1,X11,45.531,0.0
Locomotion_1,X11,45.664,0.0
Locomotion_1,X11,45.796,0.0
Locomotion_1,X11,45.929,0.0
Locomotion_1,X11,46.062,0.0
Locomotion_1,X11,46.195,0.0
Locomotion_1,X11,46.327,0.0
Locomotion_1,X11,46.46,0.0
Locomotion_1,X11,46.593,0.0
Locomotion_1,X11,46.726,0.0
Locomotion_1,X11,46.858,0.0
Locomotion_1,X11,46.991,0.0
Locomotion_1,X11,47.124,0.0
Locomotion_1,X11,47.257,0.0
Locomotion_1,X11,47.389,0.0
Locomotion_1,X11,47.522,0.0
Locomotion_1,X11,47.655,0.0
Locomotion_1,X11,47.788,0.0
Locomotion_1,X11,47.92,0.0
Locomotion_1,X11,48.053,0.0
Locomotion_1,X11,48.186,0.0
Locomotion_1,X11,48.319,0.0
Locomotion_1,X11,48.451,0.0
Locomotion_1,X11,48.584,0.0
Locomotion_1,X11,48.717,0.0
Locomotion_1,X11,48.85,0.0
Locomotion_1,X11,48.982,0.0
Locomotion_1,X11,49.115,0.0
Locomotion_1,X11,49.248,0.0
Locomotion_1,X11,49.381,0.0
Locomotion_1,X11,49.513,0.0
Locomotion_1,X11,49.646,0.0
Locomotion_1,X11,49.779,0.0
Locomotion_1,X11,49.912,0.0
Locomotion_1,X11,50.044,0.0
Locomotion_1,X11,50.177,0.0
Locomotion_1,X11,50.31,0.0
Locomotion_1,X11,50.442,0.0
Locomotion_1,X11,50.575,0.0
Locomotion_1,X11,50.708,0.0
Locomotion_1,X11,50.841,0.0
Locomotion_1,X11,50.973,0.0
Locomotion_1,X11,51.106,0.0
Locomotion_1,X11,51.239,0.0
Locomotion_1,X11,51.372,0.0
Locomotion_1,X11,51.504,0.0
Locomotion_1,X11,51.637,0.0
Locomotion_1,X11,51.77,0.0
Locomotion_1,X11,51.903,0.0
Locomotion_1,X11,52.035,0.0
Locomotion_1,X11,52.168,0.0
Locomotion_1,X11,52.301,0.0
Locomotion_1,X11,52.434,0.0
Locomotion_1,X11,52.566,0.0
Locomotion_1,X11,52.699,0.0
Locomotion_1,X11,52.832,0.0
Locomotion_1,X11,52.965,0.0
Locomotion_1,X11,53.097,0.0
Locomotion_1,X11,53.23,0.0
Locomotion_1,X11,53.363,0.0
Locomotion_1,X11,53.496,0.0
Locomotion_1,X11,53.628,0.0
Locomotion_1,X11,53.761,0.0
Locomotion_1,X11,53.894,0.0
Locomotion_1,X11,54.027,0.0
Locomotion_1,X11,54.159,0.0
Locomotion_1,X11,54.292,0.0
Locomotion_1,X11,54.425,0.0
Locomotion_1,X11,54.558,0.0
Locomotion_1,X11,54.69,0.0
Locomotion_1,X11,54.823,0.0
Locomotion_1,X11,54.956,0.0
Locomotion_1,X11,55.088,0.0
Locomotion_1,X11,55.221,0.0
Locomotion_1,X11,55.354,0.0
Locomotion_1,X11,55.487,0.0
Locomotion_1,X11,55.619,0.0
Locomotion_1,X11,55.752,0.0
Locomotion_1,X11,55.885,0.0
Locomotion_1,X11,56.018,0.0
Locomotion_1,X11,56.15,0.0
Locomotion_1,X11,56.283,0.0
Locomotion_1,X11,56.416,0.0
Locomotion_1,X11,56.549,0.0
Locomotion_1,X11,56.681,0.0
Locomotion_1,X11,56.814,0.0
Locomotion_1,X11,56.947,0.0
Locomotion_1,X11,57.08,0.0
Locomotion_1,X11,57.212,0.0
Locomotion_1,X11,57.345,0.0
Locomotion_1,X11,57.478,0.0
Locomotion_1,X11,57.611,0.0
Locomotion_1,X11,57.743,0.0
Locomotion_1,X11,57.876,0.0
Locomotion_1,X11,58.009,0.0
Locomotion_1,X11,58.142,0.0
Locomotion_1,X11,58.274,0.0
Locomotion_1,X11,58.407,0.0
Locomotion_1,X11,58.54,0.0
Locomotion_1,X11,58.673,0.0
Locomotion_1,X11,58.805,0.0
Locomotion_1,X11,58.938,0.0
Locomotion_1,X11,59.071,0.0
Locomotion_1,X11,59.204,0.0
Locomotion_1,X11,59.336,0.0
Locomotion_1,X11,59.469,0.0
Locomotion_1,X11,59.602,0.0
Locomotion_1,X11,59.735,0.0
Locomotion_1,X11,59.867,0.0
Locomotion_1,X11,60.0,0.0
Locomotion_1,X11,60.133,0.0
Locomotion_1,X11,60.265,0.0
Locomotion_1,X11,60.398,0.0
Locomotion_1,X11,60.531,0.0
Locomotion_1,X11,60.664,0.0
Locomotion_1,X11,60.796,0.0
Locomotion_1,X11,60.929,0.0
Locomotion_1,X11,61.062,0.0
Locomotion_1,X11,61.195,0.0
Locomotion_1,X11,61.327,0.0
Locomotion_1,X11,61.46,0.0
Locomotion_1,X11,61.593,0.0
Locomotion_1,X11,61.726,0.0
Locomotion_1,X11,61.858,0.0
Locomotion_1,X11,61.991,0.0
Locomotion_1,X11,62.124,0.0
Locomotion_1,X11,62.257,0.0
Locomotion_1,X11,62.389,0.0
Locomotion_1,X11,62.522,0.0
Locomotion_1,X11,62.655,0.0
Locomotion_1,X11,62.788,0.0
Locomotion_1,X11,62.92,0.0
Locomotion_1,X11,63.053,0.0
Locomotion_1,X11,63.186,0.0
Locomotion_1,X11,63.319,0.0
Locomotion_1,X11,63.451,0.0
Locomotion_1,X11,63.584,0.0
Locomotion_1,X11,63.717,0.0
Locomotion_1,X11,63.85,0.0
Locomotion_1,X11,63.982,0.0
Locomotion_1,X11,64.115,0.0
Locomotion_1,X11,64.248,0.0
Locomotion_1,X11,64.381,0.0
Locomotion_1,X11,64.513,0.0
Locomotion_1,X11,64.646,0.0
Locomotion_1,X11,64.779,0.0
Locomotion_1,X11,64.912,0.0
Locomotion_1,X11,65.044,0.0
Locomotion_1,X11,65.177,0.0
Locomotion_1,X11,65.31,0.0
Locomotion_1,X11,65.442,0.0
Locomotion_1,X11,65.575,0.0
Locomotion_1,X11,65.708,0.0
Locomotion_1,X11,65.841,0.0
Locomotion_1,X11,65.973,0.0
Locomotion_1,X11,66.106,0.0
Locomotion_1,X11,66.239,0.0
Locomotion_1,X11,66.372,0.0
Locomotion_1,X11,66.504,0.0
Locomotion_1,X11,66.637,0.0
Locomotion_1,X11,66.77,0.0
Locomotion_1,X11,66.903,0.0
Locomotion_1,X11,67.035,0.0
Locomotion_1,X11,67.168,0.0
Locomotion_1,X11,67.301,0.0
Locomotion_1,X11,67.434,0.0
Locomotion_1,X11,67.566,0.0
Locomotion_1,X11,67.699,0.0
Locomotion_1,X11,67.832,0.0
Locomotion_1,X11,67.965,0.0
Locomotion_1,X11,68.097,0.0
Locomotion_1,X11,68.23,0.0
Locomotion_1,X11,68.363,0.0
Locomotion_1,X11,68.496,0.0
Locomotion_1,X11,68.628,0.0
Locomotion_1,X11,68.761,0.0
Locomotion_1,X11,68.894,0.0
Locomotion_1,X11,69.027,0.0
Locomotion_1,X11,69.159,0.0
Locomotion_1,X11,69.292,0.0
Locomotion_1,X11,69.425,0.0
Locomotion_1,X11,69.558,0.0
Locomotion_1,X11,69.69,0.0
Locomotion_1,X11,69.823,0.0
Locomotion_1,X11,69.956,0.0
Locomotion_1,X11,70.088,0.0
Locomotion_1,X11,70.221,0.0
Locomotion_1,X11,70.354,0.0
Locomotion_1,X11,70.487,0.0
Locomotion_1,X11,70.619,0.0
Locomotion_1,X11,70.752,0.0
Locomotion_1,X11,70.885,0.0
Locomotion_1,X11,71.018,0.0
Locomotion_1,X11,71.15,0.0
Locomotion_1,X11,71.283,0.0
Locomotion_1,X11,71.416,0.0
Locomotion_1,X11,71.549,0.0
Locomotion_1,X11,71.681,0.0
Locomotion_1,X11,71.814,0.0
Locomotion_1,X11,71.947,0.0
Locomotion_1,X11,72.08,0.0
Locomotion_1,X11,72.212,0.0
Locomotion_1,X11,72.345,0.0
Locomotion_1,X11,72.478,0.0
Locomotion_1,X11,72.611,0.0
Locomotion_1,X11,72.743,0.0
Locomotion_1,X11,72.876,0.0
Locomotion_1,X11,73.009,0.0
Locomotion_1,X11,73.142,0.0
Locomotion_1,X11,73.274,0.0
Locomotion_1,X11,73.407,0.0
Locomotion_1,X11,73.54,0.0
Locomotion_1,X11,73.673,0.0
Locomotion_1,X11,73.805,0.0
Locomotion_1,X11,73.938,0.0
Locomotion_1,X11,74.071,0.0
Locomotion_1,X11,74.204,0.0
Locomotion_1,X11,74.336,0.0
Locomotion_1,X11,74.469,0.0
Locomotion_1,X11,74.602,0.0
Locomotion_1,X11,74.735,0.0
Locomotion_1,X11,74.867,0.0
Locomotion_1,X11,75.0,0.0
Locomotion_1,X11,75.133,0.0
Locomotion_1,X11,75.265,0.0
Locomotion_1,X11,75.398,0.0
Locomotion_1,X11,75.531,0.0
Locomotion_1,X11,75.664,0.0
Locomotion_1,X11,75.796,0.0
Locomotion_1,X11,75.929,0.0
Locomotion_1,X11,76.062,0.0
Locomotion_1,X11,76.195,0.0
Locomotion_1,X11,76.327,0.0
Locomotion_1,X11,76.46,0.0
Locomotion_1,X11,76.593,0.0
Locomotion_1,X11,76.726,0.0
Locomotion_1,X11,76.858,0.0
Locomotion_1,X11,76.991,0.0
Locomotion_1,X11,77.124,0.0
Locomotion_1,X11,77.257,0.0
Locomotion_1,X11,77.389,0.0
Locomotion_1,X11,77.522,0.0
Locomotion_1,X11,77.655,0.0
Locomotion_1,X11,77.788,0.0
Locomotion_1,X11,77.92,0.0
Locomotion_1,X11,78.053,0.0
Locomotion_1,X11,78.186,0.0
Locomotion_1,X11,78.319,0.0
Locomotion_1,X11,78.451,0.0
Locomotion_1,X11,78.584,0.0
Locomotion_1,X11,78.717,0.0
Locomotion_1,X11,78.85,0.0
Locomotion_1,X11,78.982,0.0
Locomotion_1,X11,79.115,0.0
Locomotion_1,X11,79.248,0.0
Locomotion_1,X11,79.381,0.0
Locomotion_1,X11,79.513,0.0
Locomotion_1,X11,79.646,0.0
Locomotion_1,X11,79.779,0.0
Locomotion_1,X11,79.912,0.0
Locomotion_1,X11,80.044,0.0
Locomotion_1,X11,80.177,0.0
Locomotion_1,X11,80.31,0.0
Locomotion_1,X11,80.442,0.0
Locomotion_1,X11,80.575,0.0
Locomotion_1,X11,80.708,0.0
Locomotion_1,X11,80.841,0.0
Locomotion_1,X11,80.973,0.0
Locomotion_1,X11,81.106,0.0
Locomotion_1,X11,81.239,0.0
Locomotion_1,X11,81.372,0.0
Locomotion_1,X11,81.504,0.0
Locomotion_1,X11,81.637,0.0
Locomotion_1,X11,81.77,0.0
Locomotion_1,X11,81.903,0.0
Locomotion_1,X11,82.035,0.0
Locomotion_1,X11,82.168,0.0
Locomotion_1,X11,82.301,0.0
Locomotion_1,X11,82.434,0.0
Locomotion_1,X11,82.566,0.0
Locomotion_1,X11,82.699,0.0
Locomotion_1,X11,82.832,0.0
Locomotion_1,X11,82.965,0.0
Locomotion_1,X11,83.097,0.0
Locomotion_1,X11,83.23,0.0
Locomotion_1,X11,83.363,0.0
Locomotion_1,X11,83.496,0.0
Locomotion_1,X11,83.628,0.0
Locomotion_1,X11,83.761,0.0
Locomotion_1,X11,83.894,0.0
Locomotion_1,X11,84.027,0.0
Locomotion_1,X11,84.159,0.0
Locomotion_1,X11,84.292,0.0
Locomotion_1,X11,84.425,0.0
Locomotion_1,X11,84.558,0.0
Locomotion_1,X11,84.69,0.0
Locomotion_1,X11,84.823,0.0
Locomotion_1,X11,84.956,0.0
Locomotion_1,X11,85.088,0.0
Locomotion_1,X11,85.221,0.0
Locomotion_1,X11,85.354,0.0
Locomotion_1,X11,85.487,0.0
Locomotion_1,X11,85.619,0.0
Locomotion_1,X11,85.752,0.0
Locomotion_1,X11,85.885,0.0
Locomotion_1,X11,86.018,0.0
Locomotion_1,X11,86.15,0.0
Locomotion_1,X11,86.283,0.0
Locomotion_1,X11,86.416,0.0
Locomotion_1,X11,86.549,0.0
Locomotion_1,X11,86.681,0.0
Locomotion_1,X11,86.814,0.0
Locomotion_1,X11,86.947,0.0
Locomotion_1,X11,87.08,0.0
Locomotion_1,X11,87.212,0.0
Locomotion_1,X11,87.345,0.0
Locomotion_1,X11,87.478,0.0
Locomotion_1,X11,87.611,0.0
Locomotion_1,X11,87.743,0.0
Locomotion_1,X11,87.876,0.0
Locomotion_1,X11,88.009,0.0
Locomotion_1,X11,88.142,0.0
Locomotion_1,X11,88.274,0.0
Locomotion_1,X11,88.407,0.0
Locomotion_1,X11,88.54,0.0
Locomotion_1,X11,88.673,0.0
Locomotion_1,X11,88.805,0.0
Locomotion_1,X11,88.938,0.0
Locomotion_1,X11,89.071,0.0
Locomotion_1,X11,89.204,0.0
Locomotion_1,X11,89.336,0.0
Locomotion_1,X11,89.469,0.0
Locomotion_1,X11,89.602,0.0
Locomotion_1,X11,89.735,0.0
Locomotion_1,X11,89.867,0.0
Locomotion_1,X11,90.0,0.0
Locomotion_1,X11,90.133,0.0
Locomotion_1,X11,90.265,0.0
Locomotion_1,X11,90.398,0.0
Locomotion_1,X11,90.531,0.0
Locomotion_1,X11,90.664,0.0
Locomotion_1,X11,90.796,0.0
Locomotion_1,X11,90.929,0.0
Locomotion_1,X11,91.062,0.0
Locomotion_1,X11,91.195,0.0
Locomotion_1,X11,91.327,0.0
Locomotion_1,X11,91.46,0.0
Locomotion_1,X11,91.593,0.0
Locomotion_1,X11,91.726,0.0
Locomotion_1,X11,91.858,0.0
Locomotion_1,X11,91.991,0.0
Locomotion_1,X11,92.124,0.0
Locomotion_1,X11,92.257,0.0
Locomotion_1,X11,92.389,0.0
Locomotion_1,X11,92.522,0.0
Locomotion_1,X11,92.655,0.0
Locomotion_1,X11,92.788,0.0
Locomotion_1,X11,92.92,0.0
Locomotion_1,X11,93.053,0.0
Locomotion_1,X11,93.186,0.0
Locomotion_1,X11,93.319,0.0
Locomotion_1,X11,93.451,0.0
Locomotion_1,X11,93.584,0.0
Locomotion_1,X11,93.717,0.0
Locomotion_1,X11,93.85,0.0
Locomotion_1,X11,93.982,0.0
Locomotion_1,X11,94.115,0.0
Locomotion_1,X11,94.248,0.0
Locomotion_1,X11,94.381,0.0
Locomotion_1,X11,94.513,0.0
Locomotion_1,X11,94.646,0.0
Locomotion_1,X11,94.779,0.0
Locomotion_1,X11,94.912,0.0
Locomotion_1,X11,95.044,0.0
Locomotion_1,X11,95.177,0.0
Locomotion_1,X11,95.31,0.0
Locomotion_1,X11,95.442,0.0
Locomotion_1,X11,95.575,0.0
Locomotion_1,X11,95.708,0.0
Locomotion_1,X11,95.841,0.0
Locomotion_1,X11,95.973,0.0
Locomotion_1,X11,96.106,0.0
Locomotion_1,X11,96.239,0.0
Locomotion_1,X11,96.372,0.0
Locomotion_1,X11,96.504,0.0
Locomotion_1,X11,96.637,0.0
Locomotion_1,X11,96.77,0.0549
Locomotion_1,X11,96.903,1.0
Locomotion_1,X12,0.0,1.0
Locomotion_1,X12,0.133,0.0549
Locomotion_1,X12,0.265,0.0
Locomotion_1,X12,0.398,0.0
Locomotion_1,X12,0.531,0.0
Locomotion_1,X12,0.664,0.0
Locomotion_1,X12,0.796,0.0
Locomotion_1,X12,0.929,0.0
Locomotion_1,X12,1.062,0.0
Locomotion_1,X12,1.195,0.0
Locomotion_1,X12,1.327,0.0
Locomotion_1,X12,1.46,0.0
Locomotion_1,X12,1.593,0.0
Locomotion_1,X12,1.726,0.0
Locomotion_1,X12,1.858,0.0
Locomotion_1,X12,1.991,0.0
Locomotion_1,X12,2.124,0.0
Locomotion_1,X12,2.257,0.0
Locomotion_1,X12,2.389,0.0
Locomotion_1,X12,2.522,0.0
Locomotion_1,X12,2.655,0.0
Locomotion_1,X12,2.788,0.0
Locomotion_1,X12,2.92,0.0
Locomotion_1,X12,3.053,0.0
Locomotion_1,X12,3.186,0.0
Locomotion_1,X12,3.319,0.0
Locomotion_1,X12,3.451,0.0
Locomotion_1,X12,3.584,0.0
Locomotion_1,X12,3.717,0.0
Locomotion_1,X12,3.85,0.0
Locomotion_1,X12,3.982,0.0
Locomotion_1,X12,4.115,0.0
Locomotion_1,X12,4.248,0.0
Locomotion_1,X12,4.381,0.0
Locomotion_1,X12,4.513,0.0
Locomotion_1,X12,4.646,0.0
Locomotion_1,X12,4.779,0.0
Locomotion_1,X12,4.912,0.0
Locomotion_1,X12,5.044,0.0
Locomotion_1,X12,5.177,0.0
Locomotion_1,X12,5.31,0.0
Locomotion_1,X12,5.442,0.0
Locomotion_1,X12,5.575,0.0
Locomotion_1,X12,5.708,0.0
Locomotion_1,X12,5.841,0.0
Locomotion_1,X12,5.973,0.0
Locomotion_1,X12,6.106,0.0
Locomotion_1,X12,6.239,0.0
Locomotion_1,X12,6.372,0.0
Locomotion_1,X12,6.504,0.0
Locomotion_1,X12,6.637,0.0
Locomotion_1,X12,6.77,0.0
Locomotion_1,X12,6.903,0.0
Locomotion_1,X12,7.035,0.0
Locomotion_1,X12,7.168,0.0
Locomotion_1,X12,7.301,0.0
Locomotion_1,X12,7.434,0.0
Locomotion_1,X12,7.566,0.0
Locomotion_1,X12,7.699,0.0
Locomotion_1,X12,7.832,0.0
Locomotion_1,X12,7.965,0.0
Locomotion_1,X12,8.097,0.0
Locomotion_1,X12,8.23,0.0
Locomotion_1,X12,8.363,0.0
Locomotion_1,X12,8.496,0.0
Locomotion_1,X12,8.628,0.0
Locomotion_1,X12,8.761,0.0
Locomotion_1,X12,8.894,0.0
Locomotion_1,X12,9.027,0.0
Locomotion_1,X12,9.159,0.0
Locomotion_1,X12,9.292,0.0
Locomotion_1,X12,9.425,0.0
Locomotion_1,X12,9.558,0.0
Locomotion_1,X12,9.69,0.0
Locomotion_1,X12,9.823,0.0
Locomotion_1,X12,9.956,0.0
Locomotion_1,X12,10.088,0.0
Locomotion_1,X12,10.221,0.0
Locomotion_1,X12,10.354,0.0
Locomotion_1,X12,10.487,0.0
Locomotion_1,X12,10.619,0.0
Locomotion_1,X12,10.752,0.0
Locomotion_1,X12,10.885,0.0
Locomotion_1,X12,11.018,0.0
Locomotion_1,X12,11.15,0.0
Locomotion_1,X12,11.283,0.0
Locomotion_1,X12,11.416,0.0
Locomotion_1,X12,11.549,0.0
Locomotion_1,X12,11.681,0.0
Locomotion_1,X12,11.814,0.0
Locomotion_1,X12,11.947,0.0
Locomotion_1,X12,12.08,0.0
Locomotion_1,X12,12.212,0.0
Locomotion_1,X12,12.345,0.0
Locomotion_1,X12,12.478,0.0
Locomotion_1,X12,12.611,0.0
Locomotion_1,X12,12.743,0.0
Locomotion_1,X12,12.876,0.0
Locomotion_1,X12,13.009,0.0
Locomotion_1,X12,13.142,0.0
Locomotion_1,X12,13.274,0.0
Locomotion_1,X12,13.407,0.0
Locomotion_1,X12,13.54,0.0
Locomotion_1,X12,13.673,0.0
Locomotion_1,X12,13.805,0.0
Locomotion_1,X12,13.938,0.0
Locomotion_1,X12,14.071,0.0
Locomotion_1,X12,14.204,0.0
Locomotion_1,X12,14.336,0.0
Locomotion_1,X12,14.469,0.0
Locomotion_1,X12,14.602,0.0
Locomotion_1,X12,14.735,0.0
Locomotion_1,X12,14.867,0.0
Locomotion_1,X12,15.0,0.0
Locomotion_1,X12,15.133,0.0
Locomotion_1,X12,15.265,0.0
Locomotion_1,X12,15.398,0.0
Locomotion_1,X12,15.531,0.0
Locomotion_1,X12,15.664,0.0
Locomotion_1,X12,15.796,0.0
Locomotion_1,X12,15.929,0.0
Locomotion_1,X12,16.062,0.0
Locomotion_1,X12,16.195,0.0
Locomotion_1,X12,16.327,0.0
Locomotion_1,X12,16.46,0.0
Locomotion_1,X12,16.593,0.0
Locomotion_1,X12,16.726,0.0
Locomotion_1,X12,16.858,0.0
Locomotion_1,X12,16.991,0.0
Locomotion_1,X12,17.124,0.0
Locomotion_1,X12,17.257,0.0
Locomotion_1,X12,17.389,0.0
Locomotion_1,X12,17.522,0.0
Locomotion_1,X12,17.655,0.0
Locomotion_1,X12,17.788,0.0
Locomotion_1,X12,17.92,0.0
Locomotion_1,X12,18.053,0.0
Locomotion_1,X12,18.186,0.0
Locomotion_1,X12,18.319,0.0
Locomotion_1,X12,18.451,0.0
Locomotion_1,X12,18.584,0.0
Locomotion_1,X12,18.717,0.0
Locomotion_1,X12,18.85,0.0
Locomotion_1,X12,18.982,0.0
Locomotion_1,X12,19.115,0.0
Locomotion_1,X12,19.248,0.0
Locomotion_1,X12,19.381,0.0
Locomotion_1,X12,19.513,0.0
Locomotion_1,X12,19.646,0.0
Locomotion_1,X12,19.779,0.0
Locomotion_1,X12,19.912,0.0
Locomotion_1,X12,20.044,0.0
Locomotion_1,X12,20.177,0.0
Locomotion_1,X12,20.31,0.0
Locomotion_1,X12,20.442,0.0
Locomotion_1,X12,20.575,0.0
Locomotion_1,X12,20.708,0.0
Locomotion_1,X12,20.841,0.0
Locomotion_1,X12,20.973,0.0
Locomotion_1,X12,21.106,0.0
Locomotion_1,X12,21.239,0.0
Locomotion_1,X12,21.372,0.0
Locomotion_1,X12,21.504,0.0
Locomotion_1,X12,21.637,0.0
Locomotion_1,X12,21.77,0.0
Locomotion_1,X12,21.903,0.0
Locomotion_1,X12,22.035,0.0
Locomotion_1,X12,22.168,0.0
Locomotion_1,X12,22.301,0.0
Locomotion_1,X12,22.434,0.0
Locomotion_1,X12,22.566,0.0
Locomotion_1,X12,22.699,0.0
Locomotion_1,X12,22.832,0.0
Locomotion_1,X12,22.965,0.0
Locomotion_1,X12,23.097,0.0
Locomotion_1,X12,23.23,0.0
Locomotion_1,X12,23.363,0.0
Locomotion_1,X12,23.496,0.0
Locomotion_1,X12,23.628,0.0
Locomotion_1,X12,23.761,0.0
Locomotion_1,X12,23.894,0.0
Locomotion_1,X12,24.027,0.0
Locomotion_1,X12,24.159,0.0
Locomotion_1,X12,24.292,0.0
Locomotion_1,X12,24.425,0.0
Locomotion_1,X12,24.558,0.0
Locomotion_1,X12,24.69,0.0
Locomotion_1,X12,24.823,0.0
Locomotion_1,X12,24.956,0.0
Locomotion_1,X12,25.088,0.0
Locomotion_1,X12,25.221,0.0
Locomotion_1,X12,25.354,0.0
Locomotion_1,X12,25.487,0.0
Locomotion_1,X12,25.619,0.0
Locomotion_1,X12,25.752,0.0
Locomotion_1,X12,25.885,0.0
Locomotion_1,X12,26.018,0.0
Locomotion_1,X12,26.15,0.0
Locomotion_1,X12,26.283,0.0
Locomotion_1,X12,26.416,0.0
Locomotion_1,X12,26.549,0.0
Locomotion_1,X12,26.681,0.0
Locomotion_1,X12,26.814,0.0
Locomotion_1,X12,26.947,0.0
Locomotion_1,X12,27.08,0.0
Locomotion_1,X12,27.212,0.0
Locomotion_1,X12,27.345,0.0
Locomotion_1,X12,27.478,0.0
Locomotion_1,X12,27.611,0.0
Locomotion_1,X12,27.743,0.0
Locomotion_1,X12,27.876,0.0
Locomotion_1,X12,28.009,0.0
Locomotion_1,X12,28.142,0.0
Locomotion_1,X12,28.274,0.0
Locomotion_1,X12,28.407,0.0
Locomotion_1,X12,28.54,0.0
Locomotion_1,X12,28.673,0.0
Locomotion_1,X12,28.805,0.0
Locomotion_1,X12,28.938,0.0
Locomotion_1,X12,29.071,0.0
Locomotion_1,X12,29.204,0.0
Locomotion_1,X12,29.336,0.0
Locomotion_1,X12,29.469,0.0
Locomotion_1,X12,29.602,0.0
Locomotion_1,X12,29.735,0.0
Locomotion_1,X12,29.867,0.0
Locomotion_1,X12,30.0,0.0
Locomotion_1,X12,30.133,0.0
Locomotion_1,X12,30.265,0.0
Locomotion_1,X12,30.398,0.0
Locomotion_1,X12,30.531,0.0
Locomotion_1,X12,30.664,0.0
Locomotion_1,X12,30.796,0.0
Locomotion_1,X12,30.929,0.0
Locomotion_1,X12,31.062,0.0
Locomotion_1,X12,31.195,0.0
Locomotion_1,X12,31.327,0.0
Locomotion_1,X12,31.46,0.0
Locomotion_1,X12,31.593,0.0
Locomotion_1,X12,31.726,0.0
Locomotion_1,X12,31.858,0.0
Locomotion_1,X12,31.991,0.0
Locomotion_1,X12,32.124,0.0
Locomotion_1,X12,32.257,0.0
Locomotion_1,X12,32.389,0.0
Locomotion_1,X12,32.522,0.0
Locomotion_1,X12,32.655,0.0
Locomotion_1,X12,32.788,0.0
Locomotion_1,X12,32.92,0.0
Locomotion_1,X12,33.053,0.0
Locomotion_1,X12,33.186,0.0
Locomotion_1,X12,33.319,0.0
Locomotion_1,X12,33.451,0.0
Locomotion_1,X12,33.584,0.0
Locomotion_1,X12,33.717,0.0
Locomotion_1,X12,33.85,0.0
Locomotion_1,X12,33.982,0.0
Locomotion_1,X12,34.115,0.0
Locomotion_1,X12,34.248,0.0
Locomotion_1,X12,34.381,0.0
Locomotion_1,X12,34.513,0.0
Locomotion_1,X12,34.646,0.0
Locomotion_1,X12,34.779,0.0
Locomotion_1,X12,34.912,0.0
Locomotion_1,X12,35.044,0.0
Locomotion_1,X12,35.177,0.0
Locomotion_1,X12,35.31,0.0
Locomotion_1,X12,35.442,0.0
Locomotion_1,X12,35.575,0.0
Locomotion_1,X12,35.708,0.0
Locomotion_1,X12,35.841,0.0
Locomotion_1,X12,35.973,0.0
Locomotion_1,X12,36.106,0.0
Locomotion_1,X12,36.239,0.0
Locomotion_1,X12,36.372,0.0
Locomotion_1,X12,36.504,0.0
Locomotion_1,X12,36.637,0.0
Locomotion_1,X12,36.77,0.0
Locomotion_1,X12,36.903,0.0
Locomotion_1,X12,37.035,0.0
Locomotion_1,X12,37.168,0.0
Locomotion_1,X12,37.301,0.0
Locomotion_1,X12,37.434,0.0
Locomotion_1,X12,37.566,0.0
Locomotion_1,X12,37.699,0.0
Locomotion_1,X12,37.832,0.0
Locomotion_1,X12,37.965,0.0
Locomotion_1,X12,38.097,0.0
Locomotion_1,X12,38.23,0.0
Locomotion_1,X12,38.363,0.0
Locomotion_1,X12,38.496,0.0
Locomotion_1,X12,38.628,0.0
Locomotion_1,X12,38.761,0.0
Locomotion_1,X12,38.894,0.0
Locomotion_1,X12,39.027,0.0
Locomotion_1,X12,39.159,0.0
Locomotion_1,X12,39.292,0.0
Locomotion_1,X12,39.425,0.0
Locomotion_1,X12,39.558,0.0
Locomotion_1,X12,39.69,0.0
Locomotion_1,X12,39.823,0.0
Locomotion_1,X12,39.956,0.0
Locomotion_1,X12,40.088,0.0
Locomotion_1,X12,40.221,0.0
Locomotion_1,X12,40.354,0.0
Locomotion_1,X12,40.487,0.0
Locomotion_1,X12,40.619,0.0
Locomotion_1,X12,40.752,0.0
Locomotion_1,X12,40.885,0.0
Locomotion_1,X12,41.018,0.0
Locomotion_1,X12,41.15,0.0
Locomotion_1,X12,41.283,0.0
Locomotion_1,X12,41.416,0.0
Locomotion_1,X12,41.549,0.0
Locomotion_1,X12,41.681,0.0
Locomotion_1,X12,41.814,0.0
Locomotion_1,X12,41.947,0.0
Locomotion_1,X12,42.08,0.0
Locomotion_1,X12,42.212,0.0
Locomotion_1,X12,42.345,0.0
Locomotion_1,X12,42.478,0.0
Locomotion_1,X12,42.611,0.0
Locomotion_1,X12,42.743,0.0
Locomotion_1,X12,42.876,0.0
Locomotion_1,X12,43.009,0.0
Locomotion_1,X12,43.142,0.0
Locomotion_1,X12,43.274,0.0
Locomotion_1,X12,43.407,0.0
Locomotion_1,X12,43.54,0.0
Locomotion_1,X12,43.673,0.0
Locomotion_1,X12,43.805,0.0
Locomotion_1,X12,43.938,0.0
Locomotion_1,X12,44.071,0.0
Locomotion_1,X12,44.204,0.0
Locomotion_1,X12,44.336,0.0
Locomotion_1,X12,44.469,0.0
Locomotion_1,X12,44.602,0.0
Locomotion_1,X12,44.735,0.0
Locomotion_1,X12,44.867,0.0
Locomotion_1,X12,45.0,0.0
Locomotion_1,X12,45.133,0.0
Locomotion_1,X12,45.265,0.0
Locomotion_1,X12,45.398,0.0
Locomotion_1,X12,45.531,0.0
Locomotion_1,X12,45.664,0.0
Locomotion_1,X12,45.796,0.0
Locomotion_1,X12,45.929,0.0
Locomotion_1,X12,46.062,0.0
Locomotion_1,X12,46.195,0.0
Locomotion_1,X12,46.327,0.0
Locomotion_1,X12,46.46,0.0
Locomotion_1,X12,46.593,0.0
Locomotion_1,X12,46.726,0.0
Locomotion_1,X12,46.858,0.0
Locomotion_1,X12,46.991,0.0
Locomotion_1,X12,47.124,0.0
Locomotion_1,X12,47.257,0.0
Locomotion_1,X12,47.389,0.0
Locomotion_1,X12,47.522,0.0
Locomotion_1,X12,47.655,0.0
Locomotion_1,X12,47.788,0.0
Locomotion_1,X12,47.92,0.0
Locomotion_1,X12,48.053,0.0
Locomotion_1,X12,48.186,0.0
Locomotion_1,X12,48.319,0.0
Locomotion_1,X12,48.451,0.0
Locomotion_1,X12,48.584,0.0
Locomotion_1,X12,48.717,0.0
Locomotion_1,X12,48.85,0.0
Locomotion_1,X12,48.982,0.0
Locomotion_1,X12,49.115,0.0
Locomotion_1,X12,49.248,0.0
Locomotion_1,X12,49.381,0.0
Locomotion_1,X12,49.513,0.0
Locomotion_1,X12,49.646,0.0
Locomotion_1,X12,49.779,0.0
Locomotion_1,X12,49.912,0.0
Locomotion_1,X12,50.044,0.0
Locomotion_1,X12,50.177,0.0
Locomotion_1,X12,50.31,0.0
Locomotion_1,X12,50.442,0.0
Locomotion_1,X12,50.575,0.0
Locomotion_1,X12,50.708,0.0
Locomotion_1,X12,50.841,0.0
Locomotion_1,X12,50.973,0.0
Locomotion_1,X12,51.106,0.0
Locomotion_1,X12,51.239,0.0
Locomotion_1,X12,51.372,0.0
Locomotion_1,X12,51.504,0.0
Locomotion_1,X12,51.637,0.0
Locomotion_1,X12,51.77,0.0
Locomotion_1,X12,51.903,0.0
Locomotion_1,X12,52.035,0.0
Locomotion_1,X12,52.168,0.0
Locomotion_1,X12,52.301,0.0
Locomotion_1,X12,52.434,0.0
Locomotion_1,X12,52.566,0.0
Locomotion_1,X12,52.699,0.0
Locomotion_1,X12,52.832,0.0
Locomotion_1,X12,52.965,0.0
Locomotion_1,X12,53.097,0.0
Locomotion_1,X12,53.23,0.0
Locomotion_1,X12,53.363,0.0
Locomotion_1,X12,53.496,0.0
Locomotion_1,X12,53.628,0.0
Locomotion_1,X12,53.761,0.0
Locomotion_1,X12,53.894,0.0
Locomotion_1,X12,54.027,0.0
Locomotion_1,X12,54.159,0.0
Locomotion_1,X12,54.292,0.0
Locomotion_1,X12,54.425,0.0
Locomotion_1,X12,54.558,0.0
Locomotion_1,X12,54.69,0.0
Locomotion_1,X12,54.823,0.0
Locomotion_1,X12,54.956,0.0
Locomotion_1,X12,55.088,0.0
Locomotion_1,X12,55.221,0.0
Locomotion_1,X12,55.354,0.0
Locomotion_1,X12,55.487,0.0
Locomotion_1,X12,55.619,0.0
Locomotion_1,X12,55.752,0.0
Locomotion_1,X12,55.885,0.0
Locomotion_1,X12,56.018,0.0
Locomotion_1,X12,56.15,0.0
Locomotion_1,X12,56.283,0.0
Locomotion_1,X12,56.416,0.0
Locomotion_1,X12,56.549,0.0
Locomotion_1,X12,56.681,0.0
Locomotion_1,X12,56.814,0.0
Locomotion_1,X12,56.947,0.0
Locomotion_1,X12,57.08,0.0
Locomotion_1,X12,57.212,0.0
Locomotion_1,X12,57.345,0.0
Locomotion_1,X12,57.478,0.0
Locomotion_1,X12,57.611,0.0
Locomotion_1,X12,57.743,0.0
Locomotion_1,X12,57.876,0.0
Locomotion_1,X12,58.009,0.0
Locomotion_1,X12,58.142,0.0
Locomotion_1,X12,58.274,0.0
Locomotion_1,X12,58.407,0.0
Locomotion_1,X12,58.54,0.0
Locomotion_1,X12,58.673,0.0
Locomotion_1,X12,58.805,0.0
Locomotion_1,X12,58.938,0.0
Locomotion_1,X12,59.071,0.0
Locomotion_1,X12,59.204,0.0
Locomotion_1,X12,59.336,0.0
Locomotion_1,X12,59.469,0.0
Locomotion_1,X12,59.602,0.0
Locomotion_1,X12,59.735,0.0
Locomotion_1,X12,59.867,0.0
Locomotion_1,X12,60.0,0.0
Locomotion_1,X12,60.133,0.0
Locomotion_1,X12,60.265,0.0
Locomotion_1,X12,60.398,0.0
Locomotion_1,X12,60.531,0.0
Locomotion_1,X12,60.664,0.0
Locomotion_1,X12,60.796,0.0
Locomotion_1,X12,60.929,0.0
Locomotion_1,X12,61.062,0.0
Locomotion_1,X12,61.195,0.0
Locomotion_1,X12,61.327,0.0
Locomotion_1,X12,61.46,0.0
Locomotion_1,X12,61.593,0.0
Locomotion_1,X12,61.726,0.0
Locomotion_1,X12,61.858,0.0
Locomotion_1,X12,61.991,0.0
Locomotion_1,X12,62.124,0.0
Locomotion_1,X12,62.257,0.0
Locomotion_1,X12,62.389,0.0
Locomotion_1,X12,62.522,0.0
Locomotion_1,X12,62.655,0.0
Locomotion_1,X12,62.788,0.0
Locomotion_1,X12,62.92,0.0
Locomotion_1,X12,63.053,0.0
Locomotion_1,X12,63.186,0.0
Locomotion_1,X12,63.319,0.0
Locomotion_1,X12,63.451,0.0
Locomotion_1,X12,63.584,0.0
Locomotion_1,X12,63.717,0.0
Locomotion_1,X12,63.85,0.0
Locomotion_1,X12,63.982,0.0
Locomotion_1,X12,64.115,0.0
Locomotion_1,X12,64.248,0.0
Locomotion_1,X12,64.381,0.0
Locomotion_1,X12,64.513,0.0
Locomotion_1,X12,64.646,0.0
Locomotion_1,X12,64.779,0.0
Locomotion_1,X12,64.912,0.0
Locomotion_1,X12,65.044,0.0
Locomotion_1,X12,65.177,0.0
Locomotion_1,X12,65.31,0.0
Locomotion_1,X12,65.442,0.0
Locomotion_1,X12,65.575,0.0
Locomotion_1,X12,65.708,0.0
Locomotion_1,X12,65.841,0.0
Locomotion_1,X12,65.973,0.0
Locomotion_1,X12,66.106,0.0
Locomotion_1,X12,66.239,0.0
Locomotion_1,X12,66.372,0.0
Locomotion_1,X12,66.504,0.0
Locomotion_1,X12,66.637,0.0
Locomotion_1,X12,66.77,0.0
Locomotion_1,X12,66.903,0.0
Locomotion_1,X12,67.035,0.0
Locomotion_1,X12,67.168,0.0
Locomotion_1,X12,67.301,0.0
Locomotion_1,X12,67.434,0.0
Locomotion_1,X12,67.566,0.0
Locomotion_1,X12,67.699,0.0
Locomotion_1,X12,67.832,0.0
Locomotion_1,X12,67.965,0.0
Locomotion_1,X12,68.097,0.0
Locomotion_1,X12,68.23,0.0
Locomotion_1,X12,68.363,0.0
Locomotion_1,X12,68.496,0.0
Locomotion_1,X12,68.628,0.0
Locomotion_1,X12,68.761,0.0
Locomotion_1,X12,68.894,0.0
Locomotion_1,X12,69.027,0.0
Locomotion_1,X12,69.159,0.0
Locomotion_1,X12,69.292,0.0
Locomotion_1,X12,69.425,0.0
Locomotion_1,X12,69.558,0.0
Locomotion_1,X12,69.69,0.0
Locomotion_1,X12,69.823,0.0
Locomotion_1,X12,69.956,0.0
Locomotion_1,X12,70.088,0.0
Locomotion_1,X12,70.221,0.0
Locomotion_1,X12,70.354,0.0
Locomotion_1,X12,70.487,0.0
Locomotion_1,X12,70.619,0.0
Locomotion_1,X12,70.752,0.0
Locomotion_1,X12,70.885,0.0
Locomotion_1,X12,71.018,0.0
Locomotion_1,X12,71.15,0.0
Locomotion_1,X12,71.283,0.0
Locomotion_1,X12,71.416,0.0
Locomotion_1,X12,71.549,0.0
Locomotion_1,X12,71.681,0.0
Locomotion_1,X12,71.814,0.0
Locomotion_1,X12,71.947,0.0
Locomotion_1,X12,72.08,0.0
Locomotion_1,X12,72.212,0.0
Locomotion_1,X12,72.345,0.0
Locomotion_1,X12,72.478,0.0
Locomotion_1,X12,72.611,0.0
Locomotion_1,X12,72.743,0.0
Locomotion_1,X12,72.876,0.0
Locomotion_1,X12,73.009,0.0
Locomotion_1,X12,73.142,0.0
Locomotion_1,X12,73.274,0.0
Locomotion_1,X12,73.407,0.0
Locomotion_1,X12,73.54,0.0
Locomotion_1,X12,73.673,0.0
Locomotion_1,X12,73.805,0.0
Locomotion_1,X12,73.938,0.0
Locomotion_1,X12,74.071,0.0
Locomotion_1,X12,74.204,0.0
Locomotion_1,X12,74.336,0.0
Locomotion_1,X12,74.469,0.0
Locomotion_1,X12,74.602,0.0
Locomotion_1,X12,74.735,0.0
Locomotion_1,X12,74.867,0.0
Locomotion_1,X12,75.0,0.0
Locomotion_1,X12,75.133,0.0
Locomotion_1,X12,75.265,0.0
Locomotion_1,X12,75.398,0.0
Locomotion_1,X12,75.531,0.0
Locomotion_1,X12,75.664,0.0
Locomotion_1,X12,75.796,0.0
Locomotion_1,X12,75.929,0.0
Locomotion_1,X12,76.062,0.0
Locomotion_1,X12,76.195,0.0
Locomotion_1,X12,76.327,0.0
Locomotion_1,X12,76.46,0.0
Locomotion_1,X12,76.593,0.0
Locomotion_1,X12,76.726,0.0
Locomotion_1,X12,76.858,0.0
Locomotion_1,X12,76.991,0.0
Locomotion_1,X12,77.124,0.0
Locomotion_1,X12,77.257,0.0
Locomotion_1,X12,77.389,0.0
Locomotion_1,X12,77.522,0.0
Locomotion_1,X12,77.655,0.0
Locomotion_1,X12,77.788,0.0
Locomotion_1,X12,77.92,0.0
Locomotion_1,X12,78.053,0.0
Locomotion_1,X12,78.186,0.0
Locomotion_1,X12,78.319,0.0
Locomotion_1,X12,78.451,0.0
Locomotion_1,X12,78.584,0.0
Locomotion_1,X12,78.717,0.0
Locomotion_1,X12,78.85,0.0
Locomotion_1,X12,78.982,0.0
Locomotion_1,X12,79.115,0.0
Locomotion_1,X12,79.248,0.0
Locomotion_1,X12,79.381,0.0
Locomotion_1,X12,79.513,0.0
Locomotion_1,X12,79.646,0.0
Locomotion_1,X12,79.779,0.0
Locomotion_1,X12,79.912,0.0
Locomotion_1,X12,80.044,0.0
Locomotion_1,X12,80.177,0.0
Locomotion_1,X12,80.31,0.0
Locomotion_1,X12,80.442,0.0
Locomotion_1,X12,80.575,0.0
Locomotion_1,X12,80.708,0.0
Locomotion_1,X12,80.841,0.0
Locomotion_1,X12,80.973,0.0
Locomotion_1,X12,81.106,0.0
Locomotion_1,X12,81.239,0.0
Locomotion_1,X12,81.372,0.0
Locomotion_1,X12,81.504,0.0
Locomotion_1,X12,81.637,0.0
Locomotion_1,X12,81.77,0.0
Locomotion_1,X12,81.903,0.0
Locomotion_1,X12,82.035,0.0
Locomotion_1,X12,82.168,0.0
Locomotion_1,X12,82.301,0.0
Locomotion_1,X12,82.434,0.0
Locomotion_1,X12,82.566,0.0
Locomotion_1,X12,82.699,0.0
Locomotion_1,X12,82.832,0.0
Locomotion_1,X12,82.965,0.0
Locomotion_1,X12,83.097,0.0
Locomotion_1,X12,83.23,0.0
Locomotion_1,X12,83.363,0.0
Locomotion_1,X12,83.496,0.0
Locomotion_1,X12,83.628,0.0
Locomotion_1,X12,83.761,0.0
Locomotion_1,X12,83.894,0.0
Locomotion_1,X12,84.027,0.0
Locomotion_1,X12,84.159,0.0
Locomotion_1,X12,84.292,0.0
Locomotion_1,X12,84.425,0.0
Locomotion_1,X12,84.558,0.0
Locomotion_1,X12,84.69,0.0
Locomotion_1,X12,84.823,0.0
Locomotion_1,X12,84.956,0.0
Locomotion_1,X12,85.088,0.0
Locomotion_1,X12,85.221,0.0
Locomotion_1,X12,85.354,0.0
Locomotion_1,X12,85.487,0.0
Locomotion_1,X12,85.619,0.0
Locomotion_1,X12,85.752,0.0
Locomotion_1,X12,85.885,0.0
Locomotion_1,X12,86.018,0.0
Locomotion_1,X12,86.15,0.0
Locomotion_1,X12,86.283,0.0
Locomotion_1,X12,86.416,0.0
Locomotion_1,X12,86.549,0.0
Locomotion_1,X12,86.681,0.0
Locomotion_1,X12,86.814,0.0
Locomotion_1,X12,86.947,0.0
Locomotion_1,X12,87.08,0.0
Locomotion_1,X12,87.212,0.0
Locomotion_1,X12,87.345,0.0
Locomotion_1,X12,87.478,0.0
Locomotion_1,X12,87.611,0.0
Locomotion_1,X12,87.743,0.0
Locomotion_1,X12,87.876,0.0
Locomotion_1,X12,88.009,0.0
Locomotion_1,X12,88.142,0.0
Locomotion_1,X12,88.274,0.0
Locomotion_1,X12,88.407,0.0
Locomotion_1,X12,88.54,0.0
Locomotion_1,X12,88.673,0.0
Locomotion_1,X12,88.805,0.0
Locomotion_1,X12,88.938,0.0
Locomotion_1,X12,89.071,0.0
Locomotion_1,X12,89.204,0.0
Locomotion_1,X12,89.336,0.0
Locomotion_1,X12,89.469,0.0
Locomotion_1,X12,89.602,0.0
Locomotion_1,X12,89.735,0.0
Locomotion_1,X12,89.867,0.0
Locomotion_1,X12,90.0,0.0
Locomotion_1,X12,90.133,0.0
Locomotion_1,X12,90.265,0.0
Locomotion_1,X12,90.398,0.0
Locomotion_1,X12,90.531,0.0
Locomotion_1,X12,90.664,0.0
Locomotion_1,X12,90.796,0.0
Locomotion_1,X12,90.929,0.0
Locomotion_1,X12,91.062,0.0
Locomotion_1,X12,91.195,0.0
Locomotion_1,X12,91.327,0.0
Locomotion_1,X12,91.46,0.0
Locomotion_1,X12,91.593,0.0
Locomotion_1,X12,91.726,0.0
Locomotion_1,X12,91.858,0.0
Locomotion_1,X12,91.991,0.0
Locomotion_1,X12,92.124,0.0
Locomotion_1,X12,92.257,0.0
Locomotion_1,X12,92.389,0.0
Locomotion_1,X12,92.522,0.0
Locomotion_1,X12,92.655,0.0
Locomotion_1,X12,92.788,0.0
Locomotion_1,X12,92.92,0.0
Locomotion_1,X12,93.053,0.0
Locomotion_1,X12,93.186,0.0
Locomotion_1,X12,93.319,0.0
Locomotion_1,X12,93.451,0.0
Locomotion_1,X12,93.584,0.0
Locomotion_1,X12,93.717,0.0
Locomotion_1,X12,93.85,0.0
Locomotion_1,X12,93.982,0.0
Locomotion_1,X12,94.115,0.0
Locomotion_1,X12,94.248,0.0
Locomotion_1,X12,94.381,0.0
Locomotion_1,X12,94.513,0.0
Locomotion_1,X12,94.646,0.0
Locomotion_1,X12,94.779,0.0
Locomotion_1,X12,94.912,0.0
Locomotion_1,X12,95.044,0.0
Locomotion_1,X12,95.177,0.0
Locomotion_1,X12,95.31,0.0
Locomotion_1,X12,95.442,0.0
Locomotion_1,X12,95.575,0.0
Locomotion_1,X12,95.708,0.0
Locomotion_1,X12,95.841,0.0
Locomotion_1,X12,95.973,0.0
Locomotion_1,X12,96.106,0.0
Locomotion_1,X12,96.239,0.0
Locomotion_1,X12,96.372,0.0
Locomotion_1,X12,96.504,0.0
Locomotion_1,X12,96.637,0.0
Locomotion_1,X12,96.77,0.0549
Locomotion_1,X12,96.903,1.0
Locomotion_1,X13,0.0,1.0
Locomotion_1,X13,0.133,1.0
Locomotion_1,X13,0.265,1.0
Locomotion_1,X13,0.398,1.0
Locomotion_1,X13,0.531,1.0
Locomotion_1,X13,0.664,1.0
Locomotion_1,X13,0.796,1.0
Locomotion_1,X13,0.929,1.0
Locomotion_1,X13,1.062,1.0
Locomotion_1,X13,1.195,1.0
Locomotion_1,X13,1.327,1.0
Locomotion_1,X13,1.46,1.0
Locomotion_1,X13,1.593,1.0
Locomotion_1,X13,1.726,1.0
Locomotion_1,X13,1.858,1.0
Locomotion_1,X13,1.991,1.0
Locomotion_1,X13,2.124,1.0
Locomotion_1,X13,2.257,1.0
Locomotion_1,X13,2.389,1.0
Locomotion_1,X13,2.522,1.0
Locomotion_1,X13,2.655,1.0
Locomotion_1,X13,2.788,1.0
Locomotion_1,X13,2.92,1.0
Locomotion_1,X13,3.053,1.0
Locomotion_1,X13,3.186,1.0
Locomotion_1,X13,3.319,1.0
Locomotion_1,X13,3.451,1.0
Locomotion_1,X13,3.584,1.0
Locomotion_1,X13,3.717,1.0
Locomotion_1,X13,3.85,1.0
Locomotion_1,X13,3.982,1.0
Locomotion_1,X13,4.115,1.0
Locomotion_1,X13,4.248,1.0
Locomotion_1,X13,4.381,1.0
Locomotion_1,X13,4.513,1.0
Locomotion_1,X13,4.646,1.0
Locomotion_1,X13,4.779,1.0
Locomotion_1,X13,4.912,1.0
Locomotion_1,X13,5.044,1.0
Locomotion_1,X13,5.177,1.0
Locomotion_1,X13,5.31,1.0
Locomotion_1,X13,5.442,1.0
Locomotion_1,X13,5.575,1.0
Locomotion_1,X13,5.708,1.0
Locomotion_1,X13,5.841,1.0
Locomotion_1,X13,5.973,1.0
Locomotion_1,X13,6.106,1.0
Locomotion_1,X13,6.239,1.0
Locomotion_1,X13,6.372,1.0
Locomotion_1,X13,6.504,1.0
Locomotion_1,X13,6.637,1.0
Locomotion_1,X13,6.77,1.0
Locomotion_1,X13,6.903,1.0
Locomotion_1,X13,7.035,1.0
Locomotion_1,X13,7.168,1.0
Locomotion_1,X13,7.301,1.0
Locomotion_1,X13,7.434,1.0
Locomotion_1,X13,7.566,1.0
Locomotion_1,X13,7.699,1.0
Locomotion_1,X13,7.832,1.0
Locomotion_1,X13,7.965,1.0
Locomotion_1,X13,8.097,1.0
Locomotion_1,X13,8.23,1.0
Locomotion_1,X13,8.363,1.0
Locomotion_1,X13,8.496,1.0
Locomotion_1,X13,8.628,1.0
Locomotion_1,X13,8.761,1.0
Locomotion_1,X13,8.894,1.0
Locomotion_1,X13,9.027,1.0
Locomotion_1,X13,9.159,1.0
Locomotion_1,X13,9.292,1.0
Locomotion_1,X13,9.425,1.0
Locomotion_1,X13,9.558,1.0
Locomotion_1,X13,9.69,1.0
Locomotion_1,X13,9.823,1.0
Locomotion_1,X13,9.956,1.0
Locomotion_1,X13,10.088,1.0
Locomotion_1,X13,10.221,1.0
Locomotion_1,X13,10.354,1.0
Locomotion_1,X13,10.487,1.0
Locomotion_1,X13,10.619,1.0
Locomotion_1,X13,10.752,1.0
Locomotion_1,X13,10.885,1.0
Locomotion_1,X13,11.018,1.0
Locomotion_1,X13,11.15,1.0
Locomotion_1,X13,11.283,1.0
Locomotion_1,X13,11.416,1.0
Locomotion_1,X13,11.549,1.0
Locomotion_1,X13,11.681,1.0
Locomotion_1,X13,11.814,1.0
Locomotion_1,X13,11.947,1.0
Locomotion_1,X13,12.08,1.0
Locomotion_1,X13,12.212,1.0
Locomotion_1,X13,12.345,1.0
Locomotion_1,X13,12.478,1.0
Locomotion_1,X13,12.611,1.0
Locomotion_1,X13,12.743,1.0
Locomotion_1,X13,12.876,1.0
Locomotion_1,X13,13.009,1.0
Locomotion_1,X13,13.142,1.0
Locomotion_1,X13,13.274,1.0
Locomotion_1,X13,13.407,1.0
Locomotion_1,X13,13.54,1.0
Locomotion_1,X13,13.673,1.0
Locomotion_1,X13,13.805,1.0
Locomotion_1,X13,13.938,1.0
Locomotion_1,X13,14.071,1.0
Locomotion_1,X13,14.204,1.0
Locomotion_1,X13,14.336,1.0
Locomotion_1,X13,14.469,1.0
Locomotion_1,X13,14.602,1.0
Locomotion_1,X13,14.735,1.0
Locomotion_1,X13,14.867,1.0
Locomotion_1,X13,15.0,1.0
Locomotion_1,X13,15.133,1.0
Locomotion_1,X13,15.265,1.0
Locomotion_1,X13,15.398,1.0
Locomotion_1,X13,15.531,1.0
Locomotion_1,X13,15.664,1.0
Locomotion_1,X13,15.796,1.0
Locomotion_1,X13,15.929,1.0
Locomotion_1,X13,16.062,1.0
Locomotion_1,X13,16.195,1.0
Locomotion_1,X13,16.327,1.0
Locomotion_1,X13,16.46,1.0
Locomotion_1,X13,16.593,1.0
Locomotion_1,X13,16.726,1.0
Locomotion_1,X13,16.858,1.0
Locomotion_1,X13,16.991,1.0
Locomotion_1,X13,17.124,1.0
Locomotion_1,X13,17.257,1.0
Locomotion_1,X13,17.389,1.0
Locomotion_1,X13,17.522,1.0
Locomotion_1,X13,17.655,1.0
Locomotion_1,X13,17.788,1.0
Locomotion_1,X13,17.92,1.0
Locomotion_1,X13,18.053,1.0
Locomotion_1,X13,18.186,1.0
Locomotion_1,X13,18.319,1.0
Locomotion_1,X13,18.451,1.0
Locomotion_1,X13,18.584,1.0
Locomotion_1,X13,18.717,1.0
Locomotion_1,X13,18.85,1.0
Locomotion_1,X13,18.982,1.0
Locomotion_1,X13,19.115,1.0
Locomotion_1,X13,19.248,1.0
Locomotion_1,X13,19.381,1.0
Locomotion_1,X13,19.513,1.0
Locomotion_1,X13,19.646,1.0
Locomotion_1,X13,19.779,1.0
Locomotion_1,X13,19.912,1.0
Locomotion_1,X13,20.044,1.0
Locomotion_1,X13,20.177,1.0
Locomotion_1,X13,20.31,1.0
Locomotion_1,X13,20.442,1.0
Locomotion_1,X13,20.575,1.0
Locomotion_1,X13,20.708,1.0
Locomotion_1,X13,20.841,1.0
Locomotion_1,X13,20.973,1.0
Locomotion_1,X13,21.106,1.0
Locomotion_1,X13,21.239,1.0
Locomotion_1,X13,21.372,1.0
Locomotion_1,X13,21.504,1.0
Locomotion_1,X13,21.637,1.0
Locomotion_1,X13,21.77,1.0
Locomotion_1,X13,21.903,1.0
Locomotion_1,X13,22.035,1.0
Locomotion_1,X13,22.168,1.0
Locomotion_1,X13,22.301,1.0
Locomotion_1,X13,22.434,1.0
Locomotion_1,X13,22.566,1.0
Locomotion_1,X13,22.699,1.0
Locomotion_1,X13,22.832,1.0
Locomotion_1,X13,22.965,1.0
Locomotion_1,X13,23.097,1.0
Locomotion_1,X13,23.23,1.0
Locomotion_1,X13,23.363,1.0
Locomotion_1,X13,23.496,1.0
Locomotion_1,X13,23.628,1.0
Locomotion_1,X13,23.761,1.0
Locomotion_1,X13,23.894,1.0
Locomotion_1,X13,24.027,1.0
Locomotion_1,X13,24.159,1.0
Locomotion_1,X13,24.292,1.0
Locomotion_1,X13,24.425,1.0
Locomotion_1,X13,24.558,1.0
Locomotion_1,X13,24.69,1.0
Locomotion_1,X13,24.823,1.0
Locomotion_1,X13,24.956,1.0
Locomotion_1,X13,25.088,1.0
Locomotion_1,X13,25.221,1.0
Locomotion_1,X13,25.354,1.0
Locomotion_1,X13,25.487,1.0
Locomotion_1,X13,25.619,1.0
Locomotion_1,X13,25.752,1.0
Locomotion_1,X13,25.885,1.0
Locomotion_1,X13,26.018,1.0
Locomotion_1,X13,26.15,1.0
Locomotion_1,X13,26.283,1.0
Locomotion_1,X13,26.416,1.0
Locomotion_1,X13,26.549,1.0
Locomotion_1,X13,26.681,1.0
Locomotion_1,X13,26.814,1.0
Locomotion_1,X13,26.947,1.0
Locomotion_1,X13,27.08,1.0
Locomotion_1,X13,27.212,1.0
Locomotion_1,X13,27.345,1.0
Locomotion_1,X13,27.478,1.0
Locomotion_1,X13,27.611,1.0
Locomotion_1,X13,27.743,1.0
Locomotion_1,X13,27.876,1.0
Locomotion_1,X13,28.009,1.0
Locomotion_1,X13,28.142,1.0
Locomotion_1,X13,28.274,1.0
Locomotion_1,X13,28.407,1.0
Locomotion_1,X13,28.54,1.0
Locomotion_1,X13,28.673,1.0
Locomotion_1,X13,28.805,1.0
Locomotion_1,X13,28.938,1.0
Locomotion_1,X13,29.071,1.0
Locomotion_1,X13,29.204,1.0
Locomotion_1,X13,29.336,1.0
Locomotion_1,X13,29.469,1.0
Locomotion_1,X13,29.602,1.0
Locomotion_1,X13,29.735,1.0
Locomotion_1,X13,29.867,1.0
Locomotion_1,X13,30.0,1.0
Locomotion_1,X13,30.133,1.0
Locomotion_1,X13,30.265,1.0
Locomotion_1,X13,30.398,1.0
Locomotion_1,X13,30.531,1.0
Locomotion_1,X13,30.664,1.0
Locomotion_1,X13,30.796,1.0
Locomotion_1,X13,30.929,1.0
Locomotion_1,X13,31.062,1.0
Locomotion_1,X13,31.195,1.0
Locomotion_1,X13,31.327,1.0
Locomotion_1,X13,31.46,1.0
Locomotion_1,X13,31.593,1.0
Locomotion_1,X13,31.726,1.0
Locomotion_1,X13,31.858,1.0
Locomotion_1,X13,31.991,1.0
Locomotion_1,X13,32.124,1.0
Locomotion_1,X13,32.257,1.0
Locomotion_1,X13,32.389,1.0
Locomotion_1,X13,32.522,1.0
Locomotion_1,X13,32.655,1.0
Locomotion_1,X13,32.788,1.0
Locomotion_1,X13,32.92,1.0
Locomotion_1,X13,33.053,1.0
Locomotion_1,X13,33.186,1.0
Locomotion_1,X13,33.319,1.0
Locomotion_1,X13,33.451,1.0
Locomotion_1,X13,33.584,1.0
Locomotion_1,X13,33.717,1.0
Locomotion_1,X13,33.85,1.0
Locomotion_1,X13,33.982,1.0
Locomotion_1,X13,34.115,1.0
Locomotion_1,X13,34.248,1.0
Locomotion_1,X13,34.381,1.0
Locomotion_1,X13,34.513,1.0
Locomotion_1,X13,34.646,1.0
Locomotion_1,X13,34.779,1.0
Locomotion_1,X13,34.912,1.0
Locomotion_1,X13,35.044,1.0
Locomotion_1,X13,35.177,1.0
Locomotion_1,X13,35.31,1.0
Locomotion_1,X13,35.442,1.0
Locomotion_1,X13,35.575,1.0
Locomotion_1,X13,35.708,1.0
Locomotion_1,X13,35.841,1.0
Locomotion_1,X13,35.973,1.0
Locomotion_1,X13,36.106,1.0
Locomotion_1,X13,36.239,1.0
Locomotion_1,X13,36.372,1.0
Locomotion_1,X13,36.504,1.0
Locomotion_1,X13,36.637,1.0
Locomotion_1,X13,36.77,1.0
Locomotion_1,X13,36.903,1.0
Locomotion_1,X13,37.035,1.0
Locomotion_1,X13,37.168,1.0
Locomotion_1,X13,37.301,1.0
Locomotion_1,X13,37.434,1.0
Locomotion_1,X13,37.566,1.0
Locomotion_1,X13,37.699,1.0
Locomotion_1,X13,37.832,1.0
Locomotion_1,X13,37.965,1.0
Locomotion_1,X13,38.097,1.0
Locomotion_1,X13,38.23,1.0
Locomotion_1,X13,38.363,1.0
Locomotion_1,X13,38.496,1.0
Locomotion_1,X13,38.628,1.0
Locomotion_1,X13,38.761,1.0
Locomotion_1,X13,38.894,1.0
Locomotion_1,X13,39.027,1.0
Locomotion_1,X13,39.159,1.0
Locomotion_1,X13,39.292,1.0
Locomotion_1,X13,39.425,1.0
Locomotion_1,X13,39.558,1.0
Locomotion_1,X13,39.69,1.0
Locomotion_1,X13,39.823,1.0
Locomotion_1,X13,39.956,1.0
Locomotion_1,X13,40.088,1.0
Locomotion_1,X13,40.221,1.0
Locomotion_1,X13,40.354,1.0
Locomotion_1,X13,40.487,1.0
Locomotion_1,X13,40.619,1.0
Locomotion_1,X13,40.752,1.0
Locomotion_1,X13,40.885,1.0
Locomotion_1,X13,41.018,1.0
Locomotion_1,X13,41.15,1.0
Locomotion_1,X13,41.283,1.0
Locomotion_1,X13,41.416,1.0
Locomotion_1,X13,41.549,1.0
Locomotion_1,X13,41.681,1.0
Locomotion_1,X13,41.814,1.0
Locomotion_1,X13,41.947,1.0
Locomotion_1,X13,42.08,1.0
Locomotion_1,X13,42.212,1.0
Locomotion_1,X13,42.345,1.0
Locomotion_1,X13,42.478,1.0
Locomotion_1,X13,42.611,1.0
Locomotion_1,X13,42.743,1.0
Locomotion_1,X13,42.876,1.0
Locomotion_1,X13,43.009,1.0
Locomotion_1,X13,43.142,1.0
Locomotion_1,X13,43.274,1.0
Locomotion_1,X13,43.407,1.0
Locomotion_1,X13,43.54,1.0
Locomotion_1,X13,43.673,1.0
Locomotion_1,X13,43.805,1.0
Locomotion_1,X13,43.938,1.0
Locomotion_1,X13,44.071,1.0
Locomotion_1,X13,44.204,1.0
Locomotion_1,X13,44.336,1.0
Locomotion_1,X13,44.469,1.0
Locomotion_1,X13,44.602,1.0
Locomotion_1,X13,44.735,1.0
Locomotion_1,X13,44.867,1.0
Locomotion_1,X13,45.0,1.0
Locomotion_1,X13,45.133,1.0
Locomotion_1,X13,45.265,1.0
Locomotion_1,X13,45.398,1.0
Locomotion_1,X13,45.531,1.0
Locomotion_1,X13,45.664,1.0
Locomotion_1,X13,45.796,1.0
Locomotion_1,X13,45.929,1.0
Locomotion_1,X13,46.062,1.0
Locomotion_1,X13,46.195,1.0
Locomotion_1,X13,46.327,1.0
Locomotion_1,X13,46.46,1.0
Locomotion_1,X13,46.593,1.0
Locomotion_1,X13,46.726,1.0
Locomotion_1,X13,46.858,1.0
Locomotion_1,X13,46.991,1.0
Locomotion_1,X13,47.124,1.0
Locomotion_1,X13,47.257,1.0
Locomotion_1,X13,47.389,1.0
Locomotion_1,X13,47.522,1.0
Locomotion_1,X13,47.655,1.0
Locomotion_1,X13,47.788,1.0
Locomotion_1,X13,47.92,1.0
Locomotion_1,X13,48.053,1.0
Locomotion_1,X13,48.186,1.0
Locomotion_1,X13,48.319,1.0
Locomotion_1,X13,48.451,1.0
Locomotion_1,X13,48.584,1.0
Locomotion_1,X13,48.717,1.0
Locomotion_1,X13,48.85,1.0
Locomotion_1,X13,48.982,1.0
Locomotion_1,X13,49.115,1.0
Locomotion_1,X13,49.248,1.0
Locomotion_1,X13,49.381,1.0
Locomotion_1,X13,49.513,1.0
Locomotion_1,X13,49.646,1.0
Locomotion_1,X13,49.779,1.0
Locomotion_1,X13,49.912,1.0
Locomotion_1,X13,50.044,1.0
Locomotion_1,X13,50.177,1.0
Locomotion_1,X13,50.31,1.0
Locomotion_1,X13,50.442,1.0
Locomotion_1,X13,50.575,1.0
Locomotion_1,X13,50.708,1.0
Locomotion_1,X13,50.841,1.0
Locomotion_1,X13,50.973,1.0
Locomotion_1,X13,51.106,1.0
Locomotion_1,X13,51.239,1.0
Locomotion_1,X13,51.372,1.0
Locomotion_1,X13,51.504,1.0
Locomotion_1,X13,51.637,1.0
Locomotion_1,X13,51.77,1.0
Locomotion_1,X13,51.903,1.0
Locomotion_1,X13,52.035,1.0
Locomotion_1,X13,52.168,1.0
Locomotion_1,X13,52.301,1.0
Locomotion_1,X13,52.434,1.0
Locomotion_1,X13,52.566,1.0
Locomotion_1,X13,52.699,1.0
Locomotion_1,X13,52.832,1.0
Locomotion_1,X13,52.965,1.0
Locomotion_1,X13,53.097,1.0
Locomotion_1,X13,53.23,1.0
Locomotion_1,X13,53.363,1.0
Locomotion_1,X13,53.496,1.0
Locomotion_1,X13,53.628,1.0
Locomotion_1,X13,53.761,1.0
Locomotion_1,X13,53.894,1.0
Locomotion_1,X13,54.027,1.0
Locomotion_1,X13,54.159,1.0
Locomotion_1,X13,54.292,1.0
Locomotion_1,X13,54.425,1.0
Locomotion_1,X13,54.558,1.0
Locomotion_1,X13,54.69,1.0
Locomotion_1,X13,54.823,1.0
Locomotion_1,X13,54.956,1.0
Locomotion_1,X13,55.088,1.0
Locomotion_1,X13,55.221,1.0
Locomotion_1,X13,55.354,1.0
Locomotion_1,X13,55.487,1.0
Locomotion_1,X13,55.619,1.0
Locomotion_1,X13,55.752,1.0
Locomotion_1,X13,55.885,1.0
Locomotion_1,X13,56.018,1.0
Locomotion_1,X13,56.15,1.0
Locomotion_1,X13,56.283,1.0
Locomotion_1,X13,56.416,1.0
Locomotion_1,X13,56.549,1.0
Locomotion_1,X13,56.681,1.0
Locomotion_1,X13,56.814,1.0
Locomotion_1,X13,56.947,1.0
Locomotion_1,X13,57.08,1.0
Locomotion_1,X13,57.212,1.0
Locomotion_1,X13,57.345,1.0
Locomotion_1,X13,57.478,1.0
Locomotion_1,X13,57.611,1.0
Locomotion_1,X13,57.743,1.0
Locomotion_1,X13,57.876,1.0
Locomotion_1,X13,58.009,1.0
Locomotion_1,X13,58.142,1.0
Locomotion_1,X13,58.274,1.0
Locomotion_1,X13,58.407,1.0
Locomotion_1,X13,58.54,1.0
Locomotion_1,X13,58.673,1.0
Locomotion_1,X13,58.805,1.0
Locomotion_1,X13,58.938,1.0
Locomotion_1,X13,59.071,1.0
Locomotion_1,X13,59.204,1.0
Locomotion_1,X13,59.336,1.0
Locomotion_1,X13,59.469,1.0
Locomotion_1,X13,59.602,1.0
Locomotion_1,X13,59.735,1.0
Locomotion_1,X13,59.867,1.0
Locomotion_1,X13,60.0,1.0
Locomotion_1,X13,60.133,1.0
Locomotion_1,X13,60.265,1.0
Locomotion_1,X13,60.398,1.0
Locomotion_1,X13,60.531,1.0
Locomotion_1,X13,60.664,1.0
Locomotion_1,X13,60.796,1.0
Locomotion_1,X13,60.929,1.0
Locomotion_1,X13,61.062,1.0
Locomotion_1,X13,61.195,1.0
Locomotion_1,X13,61.327,1.0
Locomotion_1,X13,61.46,1.0
Locomotion_1,X13,61.593,1.0
Locomotion_1,X13,61.726,1.0
Locomotion_1,X13,61.858,1.0
Locomotion_1,X13,61.991,1.0
Locomotion_1,X13,62.124,1.0
Locomotion_1,X13,62.257,1.0
Locomotion_1,X13,62.389,1.0
Locomotion_1,X13,62.522,1.0
Locomotion_1,X13,62.655,1.0
Locomotion_1,X13,62.788,1.0
Locomotion_1,X13,62.92,1.0
Locomotion_1,X13,63.053,1.0
Locomotion_1,X13,63.186,1.0
Locomotion_1,X13,63.319,1.0
Locomotion_1,X13,63.451,1.0
Locomotion_1,X13,63.584,1.0
Locomotion_1,X13,63.717,1.0
Locomotion_1,X13,63.85,1.0
Locomotion_1,X13,63.982,1.0
Locomotion_1,X13,64.115,1.0
Locomotion_1,X13,64.248,1.0
Locomotion_1,X13,64.381,1.0
Locomotion_1,X13,64.513,1.0
Locomotion_1,X13,64.646,1.0
Locomotion_1,X13,64.779,1.0
Locomotion_1,X13,64.912,1.0
Locomotion_1,X13,65.044,1.0
Locomotion_1,X13,65.177,1.0
Locomotion_1,X13,65.31,1.0
Locomotion_1,X13,65.442,1.0
Locomotion_1,X13,65.575,1.0
Locomotion_1,X13,65.708,1.0
Locomotion_1,X13,65.841,1.0
Locomotion_1,X13,65.973,1.0
Locomotion_1,X13,66.106,1.0
Locomotion_1,X13,66.239,1.0
Locomotion_1,X13,66.372,1.0
Locomotion_1,X13,66.504,1.0
Locomotion_1,X13,66.637,1.0
Locomotion_1,X13,66.77,1.0
Locomotion_1,X13,66.903,1.0
Locomotion_1,X13,67.035,1.0
Locomotion_1,X13,67.168,1.0
Locomotion_1,X13,67.301,1.0
Locomotion_1,X13,67.434,1.0
Locomotion_1,X13,67.566,1.0
Locomotion_1,X13,67.699,1.0
Locomotion_1,X13,67.832,1.0
Locomotion_1,X13,67.965,1.0
Locomotion_1,X13,68.097,1.0
Locomotion_1,X13,68.23,1.0
Locomotion_1,X13,68.363,1.0
Locomotion_1,X13,68.496,1.0
Locomotion_1,X13,68.628,1.0
Locomotion_1,X13,68.761,1.0
Locomotion_1,X13,68.894,1.0
Locomotion_1,X13,69.027,1.0
Locomotion_1,X13,69.159,1.0
Locomotion_1,X13,69.292,1.0
Locomotion_1,X13,69.425,1.0
Locomotion_1,X13,69.558,1.0
Locomotion_1,X13,69.69,1.0
Locomotion_1,X13,69.823,1.0
Locomotion_1,X13,69.956,1.0
Locomotion_1,X13,70.088,1.0
Locomotion_1,X13,70.221,1.0
Locomotion_1,X13,70.354,1.0
Locomotion_1,X13,70.487,1.0
Locomotion_1,X13,70.619,1.0
Locomotion_1,X13,70.752,1.0
Locomotion_1,X13,70.885,1.0
Locomotion_1,X13,71.018,1.0
Locomotion_1,X13,71.15,1.0
Locomotion_1,X13,71.283,1.0
Locomotion_1,X13,71.416,1.0
Locomotion_1,X13,71.549,1.0
Locomotion_1,X13,71.681,1.0
Locomotion_1,X13,71.814,1.0
Locomotion_1,X13,71.947,1.0
Locomotion_1,X13,72.08,1.0
Locomotion_1,X13,72.212,1.0
Locomotion_1,X13,72.345,1.0
Locomotion_1,X13,72.478,1.0
Locomotion_1,X13,72.611,1.0
Locomotion_1,X13,72.743,1.0
Locomotion_1,X13,72.876,1.0
Locomotion_1,X13,73.009,1.0
Locomotion_1,X13,73.142,1.0
Locomotion_1,X13,73.274,1.0
Locomotion_1,X13,73.407,1.0
Locomotion_1,X13,73.54,1.0
Locomotion_1,X13,73.673,1.0
Locomotion_1,X13,73.805,1.0
Locomotion_1,X13,73.938,1.0
Locomotion_1,X13,74.071,1.0
Locomotion_1,X13,74.204,1.0
Locomotion_1,X13,74.336,1.0
Locomotion_1,X13,74.469,1.0
Locomotion_1,X13,74.602,1.0
Locomotion_1,X13,74.735,1.0
Locomotion_1,X13,74.867,1.0
Locomotion_1,X13,75.0,1.0
Locomotion_1,X13,75.133,1.0
Locomotion_1,X13,75.265,1.0
Locomotion_1,X13,75.398,1.0
Locomotion_1,X13,75.531,1.0
Locomotion_1,X13,75.664,1.0
Locomotion_1,X13,75.796,1.0
Locomotion_1,X13,75.929,1.0
Locomotion_1,X13,76.062,1.0
Locomotion_1,X13,76.195,1.0
Locomotion_1,X13,76.327,1.0
Locomotion_1,X13,76.46,1.0
Locomotion_1,X13,76.593,1.0
Locomotion_1,X13,76.726,1.0
Locomotion_1,X13,76.858,1.0
Locomotion_1,X13,76.991,1.0
Locomotion_1,X13,77.124,1.0
Locomotion_1,X13,77.257,1.0
Locomotion_1,X13,77.389,1.0
Locomotion_1,X13,77.522,1.0
Locomotion_1,X13,77.655,1.0
Locomotion_1,X13,77.788,1.0
Locomotion_1,X13,77.92,1.0
Locomotion_1,X13,78.053,1.0
Locomotion_1,X13,78.186,1.0
Locomotion_1,X13,78.319,1.0
Locomotion_1,X13,78.451,1.0
Locomotion_1,X13,78.584,1.0
Locomotion_1,X13,78.717,1.0
Locomotion_1,X13,78.85,1.0
Locomotion_1,X13,78.982,1.0
Locomotion_1,X13,79.115,1.0
Locomotion_1,X13,79.248,1.0
Locomotion_1,X13,79.381,1.0
Locomotion_1,X13,79.513,1.0
Locomotion_1,X13,79.646,1.0
Locomotion_1,X13,79.779,1.0
Locomotion_1,X13,79.912,1.0
Locomotion_1,X13,80.044,1.0
Locomotion_1,X13,80.177,1.0
Locomotion_1,X13,80.31,1.0
Locomotion_1,X13,80.442,1.0
Locomotion_1,X13,80.575,1.0
Locomotion_1,X13,80.708,1.0
Locomotion_1,X13,80.841,1.0
Locomotion_1,X13,80.973,1.0
Locomotion_1,X13,81.106,1.0
Locomotion_1,X13,81.239,1.0
Locomotion_1,X13,81.372,1.0
Locomotion_1,X13,81.504,1.0
Locomotion_1,X13,81.637,1.0
Locomotion_1,X13,81.77,1.0
Locomotion_1,X13,81.903,1.0
Locomotion_1,X13,82.035,1.0
Locomotion_1,X13,82.168,1.0
Locomotion_1,X13,82.301,1.0
Locomotion_1,X13,82.434,1.0
Locomotion_1,X13,82.566,1.0
Locomotion_1,X13,82.699,1.0
Locomotion_1,X13,82.832,1.0
Locomotion_1,X13,82.965,1.0
Locomotion_1,X13,83.097,1.0
Locomotion_1,X13,83.23,1.0
Locomotion_1,X13,83.363,1.0
Locomotion_1,X13,83.496,1.0
Locomotion_1,X13,83.628,1.0
Locomotion_1,X13,83.761,1.0
Locomotion_1,X13,83.894,1.0
Locomotion_1,X13,84.027,1.0
Locomotion_1,X13,84.159,1.0
Locomotion_1,X13,84.292,1.0
Locomotion_1,X13,84.425,1.0
Locomotion_1,X13,84.558,1.0
Locomotion_1,X13,84.69,1.0
Locomotion_1,X13,84.823,1.0
Locomotion_1,X13,84.956,1.0
Locomotion_1,X13,85.088,1.0
Locomotion_1,X13,85.221,1.0
Locomotion_1,X13,85.354,1.0
Locomotion_1,X13,85.487,1.0
Locomotion_1,X13,85.619,1.0
Locomotion_1,X13,85.752,1.0
Locomotion_1,X13,85.885,1.0
Locomotion_1,X13,86.018,1.0
Locomotion_1,X13,86.15,1.0
Locomotion_1,X13,86.283,1.0
Locomotion_1,X13,86.416,1.0
Locomotion_1,X13,86.549,1.0
Locomotion_1,X13,86.681,1.0
Locomotion_1,X13,86.814,1.0
Locomotion_1,X13,86.947,1.0
Locomotion_1,X13,87.08,1.0
Locomotion_1,X13,87.212,1.0
Locomotion_1,X13,87.345,1.0
Locomotion_1,X13,87.478,1.0
Locomotion_1,X13,87.611,1.0
Locomotion_1,X13,87.743,1.0
Locomotion_1,X13,87.876,1.0
Locomotion_1,X13,88.009,1.0
Locomotion_1,X13,88.142,1.0
Locomotion_1,X13,88.274,1.0
Locomotion_1,X13,88.407,1.0
Locomotion_1,X13,88.54,1.0
Locomotion_1,X13,88.673,1.0
Locomotion_1,X13,88.805,1.0
Locomotion_1,X13,88.938,1.0
Locomotion_1,X13,89.071,1.0
Locomotion_1,X13,89.204,1.0
Locomotion_1,X13,89.336,1.0
Locomotion_1,X13,89.469,1.0
Locomotion_1,X13,89.602,1.0
Locomotion_1,X13,89.735,1.0
Locomotion_1,X13,89.867,1.0
Locomotion_1,X13,90.0,1.0
Locomotion_1,X13,90.133,1.0
Locomotion_1,X13,90.265,1.0
Locomotion_1,X13,90.398,1.0
Locomotion_1,X13,90.531,1.0
Locomotion_1,X13,90.664,1.0
Locomotion_1,X13,90.796,1.0
Locomotion_1,X13,90.929,1.0
Locomotion_1,X13,91.062,1.0
Locomotion_1,X13,91.195,1.0
Locomotion_1,X13,91.327,1.0
Locomotion_1,X13,91.46,1.0
Locomotion_1,X13,91.593,1.0
Locomotion_1,X13,91.726,1.0
Locomotion_1,X13,91.858,1.0
Locomotion_1,X13,91.991,1.0
Locomotion_1,X13,92.124,1.0
Locomotion_1,X13,92.257,1.0
Locomotion_1,X13,92.389,1.0
Locomotion_1,X13,92.522,1.0
Locomotion_1,X13,92.655,1.0
Locomotion_1,X13,92.788,1.0
Locomotion_1,X13,92.92,1.0
Locomotion_1,X13,93.053,1.0
Locomotion_1,X13,93.186,1.0
Locomotion_1,X13,93.319,1.0
Locomotion_1,X13,93.451,1.0
Locomotion_1,X13,93.584,1.0
Locomotion_1,X13,93.717,1.0
Locomotion_1,X13,93.85,1.0
Locomotion_1,X13,93.982,1.0
Locomotion_1,X13,94.115,1.0
Locomotion_1,X13,94.248,1.0
Locomotion_1,X13,94.381,1.0
Locomotion_1,X13,94.513,1.0
Locomotion_1,X13,94.646,1.0
Locomotion_1,X13,94.779,1.0
Locomotion_1,X13,94.912,1.0
Locomotion_1,X13,95.044,1.0
Locomotion_1,X13,95.177,1.0
Locomotion_1,X13,95.31,1.0
Locomotion_1,X13,95.442,1.0
Locomotion_1,X13,95.575,1.0
Locomotion_1,X13,95.708,1.0
Locomotion_1,X13,95.841,1.0
Locomotion_1,X13,95.973,1.0
Locomotion_1,X13,96.106,1.0
Locomotion_1,X13,96.239,1.0
Locomotion_1,X13,96.372,1.0
Locomotion_1,X13,96.504,1.0
Locomotion_1,X13,96.637,1.0
Locomotion_1,X13,96.77,1.0
Locomotion_1,X13,96.903,1.0
Locomotion_2,X17,0.0,1.0
Locomotion_2,X17,0.133,0.5294
Locomotion_2,X17,0.265,0.502
Locomotion_2,X17,0.398,0.502
Locomotion_2,X17,0.531,0.502
Locomotion_2,X17,0.664,0.502
Locomotion_2,X17,0.796,0.502
Locomotion_2,X17,0.929,0.502
Locomotion_2,X17,1.062,0.502
Locomotion_2,X17,1.195,0.502
Locomotion_2,X17,1.327,0.502
Locomotion_2,X17,1.46,0.502
Locomotion_2,X17,1.593,0.502
Locomotion_2,X17,1.726,0.502
Locomotion_2,X17,1.858,0.502
Locomotion_2,X17,1.991,0.502
Locomotion_2,X17,2.124,0.502
Locomotion_2,X17,2.257,0.502
Locomotion_2,X17,2.389,0.502
Locomotion_2,X17,2.522,0.502
Locomotion_2,X17,2.655,0.502
Locomotion_2,X17,2.788,0.502
Locomotion_2,X17,2.92,0.502
Locomotion_2,X17,3.053,0.502
Locomotion_2,X17,3.186,0.502
Locomotion_2,X17,3.319,0.502
Locomotion_2,X17,3.451,0.502
Locomotion_2,X17,3.584,0.502
Locomotion_2,X17,3.717,0.502
Locomotion_2,X17,3.85,0.502
Locomotion_2,X17,3.982,0.502
Locomotion_2,X17,4.115,0.502
Locomotion_2,X17,4.248,0.502
Locomotion_2,X17,4.381,0.502
Locomotion_2,X17,4.513,0.502
Locomotion_2,X17,4.646,0.502
Locomotion_2,X17,4.779,0.502
Locomotion_2,X17,4.912,0.502
Locomotion_2,X17,5.044,0.502
Locomotion_2,X17,5.177,0.502
Locomotion_2,X17,5.31,0.502
Locomotion_2,X17,5.442,0.502
Locomotion_2,X17,5.575,0.502
Locomotion_2,X17,5.708,0.502
Locomotion_2,X17,5.841,0.502
Locomotion_2,X17,5.973,0.502
Locomotion_2,X17,6.106,0.502
Locomotion_2,X17,6.239,0.502
Locomotion_2,X17,6.372,0.502
Locomotion_2,X17,6.504,0.502
Locomotion_2,X17,6.637,0.502
Locomotion_2,X17,6.77,0.502
Locomotion_2,X17,6.903,0.502
Locomotion_2,X17,7.035,0.502
Locomotion_2,X17,7.168,0.502
Locomotion_2,X17,7.301,0.502
Locomotion_2,X17,7.434,0.502
Locomotion_2,X17,7.566,0.502
Locomotion_2,X17,7.699,0.502
Locomotion_2,X17,7.832,0.502
Locomotion_2,X17,7.965,0.502
Locomotion_2,X17,8.097,0.502
Locomotion_2,X17,8.23,0.502
Locomotion_2,X17,8.363,0.502
Locomotion_2,X17,8.496,0.502
Locomotion_2,X17,8.628,0.502
Locomotion_2,X17,8.761,0.502
Locomotion_2,X17,8.894,0.502
Locomotion_2,X17,9.027,0.502
Locomotion_2,X17,9.159,0.502
Locomotion_2,X17,9.292,0.502
Locomotion_2,X17,9.425,0.502
Locomotion_2,X17,9.558,0.502
Locomotion_2,X17,9.69,0.502
Locomotion_2,X17,9.823,0.502
Locomotion_2,X17,9.956,0.502
Locomotion_2,X17,10.088,0.502
Locomotion_2,X17,10.221,0.502
Locomotion_2,X17,10.354,0.502
Locomotion_2,X17,10.487,0.502
Locomotion_2,X17,10.619,0.502
Locomotion_2,X17,10.752,0.502
Locomotion_2,X17,10.885,0.502
Locomotion_2,X17,11.018,0.502
Locomotion_2,X17,11.15,0.502
Locomotion_2,X17,11.283,0.502
Locomotion_2,X17,11.416,0.502
Locomotion_2,X17,11.549,0.502
Locomotion_2,X17,11.681,0.502
Locomotion_2,X17,11.814,0.502
Locomotion_2,X17,11.947,0.502
Locomotion_2,X17,12.08,0.502
Locomotion_2,X17,12.212,0.502
Locomotion_2,X17,12.345,0.502
Locomotion_2,X17,12.478,0.502
Locomotion_2,X17,12.611,0.502
Locomotion_2,X17,12.743,0.502
Locomotion_2,X17,12.876,0.502
Locomotion_2,X17,13.009,0.502
Locomotion_2,X17,13.142,0.502
Locomotion_2,X17,13.274,0.502
Locomotion_2,X17,13.407,0.502
Locomotion_2,X17,13.54,0.502
Locomotion_2,X17,13.673,0.502
Locomotion_2,X17,13.805,0.502
Locomotion_2,X17,13.938,0.502
Locomotion_2,X17,14.071,0.502
Locomotion_2,X17,14.204,0.502
Locomotion_2,X17,14.336,0.502
Locomotion_2,X17,14.469,0.502
Locomotion_2,X17,14.602,0.502
Locomotion_2,X17,14.735,0.502
Locomotion_2,X17,14.867,0.502
Locomotion_2,X17,15.0,0.502
Locomotion_2,X17,15.133,0.502
Locomotion_2,X17,15.265,0.502
Locomotion_2,X17,15.398,0.502
Locomotion_2,X17,15.531,0.502
Locomotion_2,X17,15.664,0.502
Locomotion_2,X17,15.796,0.502
Locomotion_2,X17,15.929,0.502
Locomotion_2,X17,16.062,0.502
Locomotion_2,X17,16.195,0.502
Locomotion_2,X17,16.327,0.502
Locomotion_2,X17,16.46,0.502
Locomotion_2,X17,16.593,0.502
Locomotion_2,X17,16.726,0.502
Locomotion_2,X17,16.858,0.502
Locomotion_2,X17,16.991,0.502
Locomotion_2,X17,17.124,0.502
Locomotion_2,X17,17.257,0.502
Locomotion_2,X17,17.389,0.502
Locomotion_2,X17,17.522,0.502
Locomotion_2,X17,17.655,0.502
Locomotion_2,X17,17.788,0.502
Locomotion_2,X17,17.92,0.502
Locomotion_2,X17,18.053,0.502
Locomotion_2,X17,18.186,0.502
Locomotion_2,X17,18.319,0.502
Locomotion_2,X17,18.451,0.502
Locomotion_2,X17,18.584,0.502
Locomotion_2,X17,18.717,0.502
Locomotion_2,X17,18.85,0.502
Locomotion_2,X17,18.982,0.502
Locomotion_2,X17,19.115,0.502
Locomotion_2,X17,19.248,0.502
Locomotion_2,X17,19.381,0.502
Locomotion_2,X17,19.513,0.502
Locomotion_2,X17,19.646,0.502
Locomotion_2,X17,19.779,0.502
Locomotion_2,X17,19.912,0.502
Locomotion_2,X17,20.044,0.502
Locomotion_2,X17,20.177,0.502
Locomotion_2,X17,20.31,0.502
Locomotion_2,X17,20.442,0.502
Locomotion_2,X17,20.575,0.502
Locomotion_2,X17,20.708,0.502
Locomotion_2,X17,20.841,0.502
Locomotion_2,X17,20.973,0.502
Locomotion_2,X17,21.106,0.502
Locomotion_2,X17,21.239,0.502
Locomotion_2,X17,21.372,0.502
Locomotion_2,X17,21.504,0.502
Locomotion_2,X17,21.637,0.502
Locomotion_2,X17,21.77,0.502
Locomotion_2,X17,21.903,0.502
Locomotion_2,X17,22.035,0.502
Locomotion_2,X17,22.168,0.502
Locomotion_2,X17,22.301,0.502
Locomotion_2,X17,22.434,0.502
Locomotion_2,X17,22.566,0.502
Locomotion_2,X17,22.699,0.502
Locomotion_2,X17,22.832,0.502
Locomotion_2,X17,22.965,0.502
Locomotion_2,X17,23.097,0.502
Locomotion_2,X17,23.23,0.502
Locomotion_2,X17,23.363,0.502
Locomotion_2,X17,23.496,0.502
Locomotion_2,X17,23.628,0.502
Locomotion_2,X17,23.761,0.502
Locomotion_2,X17,23.894,0.502
Locomotion_2,X17,24.027,0.502
Locomotion_2,X17,24.159,0.502
Locomotion_2,X17,24.292,0.502
Locomotion_2,X17,24.425,0.502
Locomotion_2,X17,24.558,0.502
Locomotion_2,X17,24.69,0.502
Locomotion_2,X17,24.823,0.502
Locomotion_2,X17,24.956,0.502
Locomotion_2,X17,25.088,0.502
Locomotion_2,X17,25.221,0.502
Locomotion_2,X17,25.354,0.502
Locomotion_2,X17,25.487,0.502
Locomotion_2,X17,25.619,0.502
Locomotion_2,X17,25.752,0.502
Locomotion_2,X17,25.885,0.502
Locomotion_2,X17,26.018,0.502
Locomotion_2,X17,26.15,0.502
Locomotion_2,X17,26.283,0.502
Locomotion_2,X17,26.416,0.502
Locomotion_2,X17,26.549,0.502
Locomotion_2,X17,26.681,0.502
Locomotion_2,X17,26.814,0.502
Locomotion_2,X17,26.947,0.502
Locomotion_2,X17,27.08,0.502
Locomotion_2,X17,27.212,0.502
Locomotion_2,X17,27.345,0.502
Locomotion_2,X17,27.478,0.502
Locomotion_2,X17,27.611,0.502
Locomotion_2,X17,27.743,0.502
Locomotion_2,X17,27.876,0.502
Locomotion_2,X17,28.009,0.502
Locomotion_2,X17,28.142,0.502
Locomotion_2,X17,28.274,0.502
Locomotion_2,X17,28.407,0.502
Locomotion_2,X17,28.54,0.502
Locomotion_2,X17,28.673,0.502
Locomotion_2,X17,28.805,0.502
Locomotion_2,X17,28.938,0.502
Locomotion_2,X17,29.071,0.502
Locomotion_2,X17,29.204,0.502
Locomotion_2,X17,29.336,0.502
Locomotion_2,X17,29.469,0.502
Locomotion_2,X17,29.602,0.502
Locomotion_2,X17,29.735,0.502
Locomotion_2,X17,29.867,0.502
Locomotion_2,X17,30.0,0.502
Locomotion_2,X17,30.133,0.502
Locomotion_2,X17,30.265,0.502
Locomotion_2,X17,30.398,0.502
Locomotion_2,X17,30.531,0.502
Locomotion_2,X17,30.664,0.502
Locomotion_2,X17,30.796,0.502
Locomotion_2,X17,30.929,0.502
Locomotion_2,X17,31.062,0.502
Locomotion_2,X17,31.195,0.502
Locomotion_2,X17,31.327,0.502
Locomotion_2,X17,31.46,0.502
Locomotion_2,X17,31.593,0.502
Locomotion_2,X17,31.726,0.502
Locomotion_2,X17,31.858,0.502
Locomotion_2,X17,31.991,0.502
Locomotion_2,X17,32.124,0.502
Locomotion_2,X17,32.257,0.502
Locomotion_2,X17,32.389,0.502
Locomotion_2,X17,32.522,0.502
Locomotion_2,X17,32.655,0.502
Locomotion_2,X17,32.788,0.502
Locomotion_2,X17,32.92,0.502
Locomotion_2,X17,33.053,0.502
Locomotion_2,X17,33.186,0.502
Locomotion_2,X17,33.319,0.502
Locomotion_2,X17,33.451,0.502
Locomotion_2,X17,33.584,0.502
Locomotion_2,X17,33.717,0.502
Locomotion_2,X17,33.85,0.502
Locomotion_2,X17,33.982,0.502
Locomotion_2,X17,34.115,0.502
Locomotion_2,X17,34.248,0.502
Locomotion_2,X17,34.381,0.502
Locomotion_2,X17,34.513,0.502
Locomotion_2,X17,34.646,0.502
Locomotion_2,X17,34.779,0.502
Locomotion_2,X17,34.912,0.502
Locomotion_2,X17,35.044,0.502
Locomotion_2,X17,35.177,0.502
Locomotion_2,X17,35.31,0.502
Locomotion_2,X17,35.442,0.502
Locomotion_2,X17,35.575,0.502
Locomotion_2,X17,35.708,0.502
Locomotion_2,X17,35.841,0.502
Locomotion_2,X17,35.973,0.502
Locomotion_2,X17,36.106,0.502
Locomotion_2,X17,36.239,0.502
Locomotion_2,X17,36.372,0.502
Locomotion_2,X17,36.504,0.502
Locomotion_2,X17,36.637,0.502
Locomotion_2,X17,36.77,0.502
Locomotion_2,X17,36.903,0.502
Locomotion_2,X17,37.035,0.502
Locomotion_2,X17,37.168,0.502
Locomotion_2,X17,37.301,0.502
Locomotion_2,X17,37.434,0.502
Locomotion_2,X17,37.566,0.502
Locomotion_2,X17,37.699,0.502
Locomotion_2,X17,37.832,0.502
Locomotion_2,X17,37.965,0.502
Locomotion_2,X17,38.097,0.502
Locomotion_2,X17,38.23,0.502
Locomotion_2,X17,38.363,0.502
Locomotion_2,X17,38.496,0.502
Locomotion_2,X17,38.628,0.502
Locomotion_2,X17,38.761,0.502
Locomotion_2,X17,38.894,0.502
Locomotion_2,X17,39.027,0.502
Locomotion_2,X17,39.159,0.502
Locomotion_2,X17,39.292,0.502
Locomotion_2,X17,39.425,0.502
Locomotion_2,X17,39.558,0.502
Locomotion_2,X17,39.69,0.502
Locomotion_2,X17,39.823,0.502
Locomotion_2,X17,39.956,0.502
Locomotion_2,X17,40.088,0.502
Locomotion_2,X17,40.221,0.502
Locomotion_2,X17,40.354,0.502
Locomotion_2,X17,40.487,0.502
Locomotion_2,X17,40.619,0.502
Locomotion_2,X17,40.752,0.502
Locomotion_2,X17,40.885,0.502
Locomotion_2,X17,41.018,0.502
Locomotion_2,X17,41.15,0.502
Locomotion_2,X17,41.283,0.502
Locomotion_2,X17,41.416,0.502
Locomotion_2,X17,41.549,0.502
Locomotion_2,X17,41.681,0.502
Locomotion_2,X17,41.814,0.502
Locomotion_2,X17,41.947,0.502
Locomotion_2,X17,42.08,0.502
Locomotion_2,X17,42.212,0.502
Locomotion_2,X17,42.345,0.502
Locomotion_2,X17,42.478,0.502
Locomotion_2,X17,42.611,0.502
Locomotion_2,X17,42.743,0.502
Locomotion_2,X17,42.876,0.502
Locomotion_2,X17,43.009,0.502
Locomotion_2,X17,43.142,0.502
Locomotion_2,X17,43.274,0.502
Locomotion_2,X17,43.407,0.502
Locomotion_2,X17,43.54,0.502
Locomotion_2,X17,43.673,0.502
Locomotion_2,X17,43.805,0.502
Locomotion_2,X17,43.938,0.502
Locomotion_2,X17,44.071,0.502
Locomotion_2,X17,44.204,0.502
Locomotion_2,X17,44.336,0.502
Locomotion_2,X17,44.469,0.502
Locomotion_2,X17,44.602,0.502
Locomotion_2,X17,44.735,0.502
Locomotion_2,X17,44.867,0.502
Locomotion_2,X17,45.0,0.502
Locomotion_2,X17,45.133,0.502
Locomotion_2,X17,45.265,0.502
Locomotion_2,X17,45.398,0.502
Locomotion_2,X17,45.531,0.502
Locomotion_2,X17,45.664,0.502
Locomotion_2,X17,45.796,0.502
Locomotion_2,X17,45.929,0.502
Locomotion_2,X17,46.062,0.502
Locomotion_2,X17,46.195,0.502
Locomotion_2,X17,46.327,0.502
Locomotion_2,X17,46.46,0.502
Locomotion_2,X17,46.593,0.502
Locomotion_2,X17,46.726,0.502
Locomotion_2,X17,46.858,0.502
Locomotion_2,X17,46.991,0.502
Locomotion_2,X17,47.124,0.502
Locomotion_2,X17,47.257,0.502
Locomotion_2,X17,47.389,0.502
Locomotion_2,X17,47.522,0.502
Locomotion_2,X17,47.655,0.502
Locomotion_2,X17,47.788,0.502
Locomotion_2,X17,47.92,0.502
Locomotion_2,X17,48.053,0.502
Locomotion_2,X17,48.186,0.502
Locomotion_2,X17,48.319,0.502
Locomotion_2,X17,48.451,0.502
Locomotion_2,X17,48.584,0.502
Locomotion_2,X17,48.717,0.502
Locomotion_2,X17,48.85,0.502
Locomotion_2,X17,48.982,0.502
Locomotion_2,X17,49.115,0.502
Locomotion_2,X17,49.248,0.502
Locomotion_2,X17,49.381,0.502
Locomotion_2,X17,49.513,0.502
Locomotion_2,X17,49.646,0.502
Locomotion_2,X17,49.779,0.502
Locomotion_2,X17,49.912,0.502
Locomotion_2,X17,50.044,0.502
Locomotion_2,X17,50.177,0.502
Locomotion_2,X17,50.31,0.502
Locomotion_2,X17,50.442,0.502
Locomotion_2,X17,50.575,0.502
Locomotion_2,X17,50.708,0.502
Locomotion_2,X17,50.841,0.502
Locomotion_2,X17,50.973,0.502
Locomotion_2,X17,51.106,0.502
Locomotion_2,X17,51.239,0.502
Locomotion_2,X17,51.372,0.502
Locomotion_2,X17,51.504,0.502
Locomotion_2,X17,51.637,0.502
Locomotion_2,X17,51.77,0.502
Locomotion_2,X17,51.903,0.502
Locomotion_2,X17,52.035,0.502
Locomotion_2,X17,52.168,0.502
Locomotion_2,X17,52.301,0.502
Locomotion_2,X17,52.434,0.502
Locomotion_2,X17,52.566,0.502
Locomotion_2,X17,52.699,0.502
Locomotion_2,X17,52.832,0.502
Locomotion_2,X17,52.965,0.502
Locomotion_2,X17,53.097,0.502
Locomotion_2,X17,53.23,0.502
Locomotion_2,X17,53.363,0.502
Locomotion_2,X17,53.496,0.502
Locomotion_2,X17,53.628,0.502
Locomotion_2,X17,53.761,0.502
Locomotion_2,X17,53.894,0.502
Locomotion_2,X17,54.027,0.502
Locomotion_2,X17,54.159,0.502
Locomotion_2,X17,54.292,0.502
Locomotion_2,X17,54.425,0.502
Locomotion_2,X17,54.558,0.502
Locomotion_2,X17,54.69,0.502
Locomotion_2,X17,54.823,0.502
Locomotion_2,X17,54.956,0.502
Locomotion_2,X17,55.088,0.502
Locomotion_2,X17,55.221,0.502
Locomotion_2,X17,55.354,0.502
Locomotion_2,X17,55.487,0.502
Locomotion_2,X17,55.619,0.502
Locomotion_2,X17,55.752,0.502
Locomotion_2,X17,55.885,0.502
Locomotion_2,X17,56.018,0.502
Locomotion_2,X17,56.15,0.502
Locomotion_2,X17,56.283,0.502
Locomotion_2,X17,56.416,0.502
Locomotion_2,X17,56.549,0.502
Locomotion_2,X17,56.681,0.502
Locomotion_2,X17,56.814,0.502
Locomotion_2,X17,56.947,0.502
Locomotion_2,X17,57.08,0.502
Locomotion_2,X17,57.212,0.502
Locomotion_2,X17,57.345,0.502
Locomotion_2,X17,57.478,0.502
Locomotion_2,X17,57.611,0.502
Locomotion_2,X17,57.743,0.502
Locomotion_2,X17,57.876,0.502
Locomotion_2,X17,58.009,0.502
Locomotion_2,X17,58.142,0.502
Locomotion_2,X17,58.274,0.502
Locomotion_2,X17,58.407,0.502
Locomotion_2,X17,58.54,0.502
Locomotion_2,X17,58.673,0.502
Locomotion_2,X17,58.805,0.502
Locomotion_2,X17,58.938,0.502
Locomotion_2,X17,59.071,0.502
Locomotion_2,X17,59.204,0.502
Locomotion_2,X17,59.336,0.502
Locomotion_2,X17,59.469,0.502
Locomotion_2,X17,59.602,0.502
Locomotion_2,X17,59.735,0.502
Locomotion_2,X17,59.867,0.502
Locomotion_2,X17,60.0,0.502
Locomotion_2,X17,60.133,0.502
Locomotion_2,X17,60.265,0.502
Locomotion_2,X17,60.398,0.502
Locomotion_2,X17,60.531,0.502
Locomotion_2,X17,60.664,0.502
Locomotion_2,X17,60.796,0.502
Locomotion_2,X17,60.929,0.502
Locomotion_2,X17,61.062,0.502
Locomotion_2,X17,61.195,0.502
Locomotion_2,X17,61.327,0.502
Locomotion_2,X17,61.46,0.502
Locomotion_2,X17,61.593,0.502
Locomotion_2,X17,61.726,0.502
Locomotion_2,X17,61.858,0.502
Locomotion_2,X17,61.991,0.502
Locomotion_2,X17,62.124,0.502
Locomotion_2,X17,62.257,0.502
Locomotion_2,X17,62.389,0.502
Locomotion_2,X17,62.522,0.502
Locomotion_2,X17,62.655,0.502
Locomotion_2,X17,62.788,0.502
Locomotion_2,X17,62.92,0.502
Locomotion_2,X17,63.053,0.502
Locomotion_2,X17,63.186,0.502
Locomotion_2,X17,63.319,0.502
Locomotion_2,X17,63.451,0.502
Locomotion_2,X17,63.584,0.502
Locomotion_2,X17,63.717,0.502
Locomotion_2,X17,63.85,0.502
Locomotion_2,X17,63.982,0.502
Locomotion_2,X17,64.115,0.502
Locomotion_2,X17,64.248,0.502
Locomotion_2,X17,64.381,0.502
Locomotion_2,X17,64.513,0.502
Locomotion_2,X17,64.646,0.502
Locomotion_2,X17,64.779,0.502
Locomotion_2,X17,64.912,0.502
Locomotion_2,X17,65.044,0.502
Locomotion_2,X17,65.177,0.502
Locomotion_2,X17,65.31,0.502
Locomotion_2,X17,65.442,0.502
Locomotion_2,X17,65.575,0.502
Locomotion_2,X17,65.708,0.502
Locomotion_2,X17,65.841,0.502
Locomotion_2,X17,65.973,0.502
Locomotion_2,X17,66.106,0.502
Locomotion_2,X17,66.239,0.502
Locomotion_2,X17,66.372,0.502
Locomotion_2,X17,66.504,0.502
Locomotion_2,X17,66.637,0.502
Locomotion_2,X17,66.77,0.502
Locomotion_2,X17,66.903,0.502
Locomotion_2,X17,67.035,0.502
Locomotion_2,X17,67.168,0.502
Locomotion_2,X17,67.301,0.502
Locomotion_2,X17,67.434,0.502
Locomotion_2,X17,67.566,0.502
Locomotion_2,X17,67.699,0.502
Locomotion_2,X17,67.832,0.502
Locomotion_2,X17,67.965,0.502
Locomotion_2,X17,68.097,0.502
Locomotion_2,X17,68.23,0.502
Locomotion_2,X17,68.363,0.502
Locomotion_2,X17,68.496,0.502
Locomotion_2,X17,68.628,0.502
Locomotion_2,X17,68.761,0.502
Locomotion_2,X17,68.894,0.502
Locomotion_2,X17,69.027,0.502
Locomotion_2,X17,69.159,0.502
Locomotion_2,X17,69.292,0.502
Locomotion_2,X17,69.425,0.502
Locomotion_2,X17,69.558,0.502
Locomotion_2,X17,69.69,0.502
Locomotion_2,X17,69.823,0.502
Locomotion_2,X17,69.956,0.502
Locomotion_2,X17,70.088,0.502
Locomotion_2,X17,70.221,0.502
Locomotion_2,X17,70.354,0.502
Locomotion_2,X17,70.487,0.502
Locomotion_2,X17,70.619,0.502
Locomotion_2,X17,70.752,0.502
Locomotion_2,X17,70.885,0.502
Locomotion_2,X17,71.018,0.502
Locomotion_2,X17,71.15,0.502
Locomotion_2,X17,71.283,0.502
Locomotion_2,X17,71.416,0.502
Locomotion_2,X17,71.549,0.502
Locomotion_2,X17,71.681,0.502
Locomotion_2,X17,71.814,0.502
Locomotion_2,X17,71.947,0.502
Locomotion_2,X17,72.08,0.502
Locomotion_2,X17,72.212,0.502
Locomotion_2,X17,72.345,0.502
Locomotion_2,X17,72.478,0.502
Locomotion_2,X17,72.611,0.502
Locomotion_2,X17,72.743,0.502
Locomotion_2,X17,72.876,0.502
Locomotion_2,X17,73.009,0.502
Locomotion_2,X17,73.142,0.502
Locomotion_2,X17,73.274,0.502
Locomotion_2,X17,73.407,0.502
Locomotion_2,X17,73.54,0.502
Locomotion_2,X17,73.673,0.502
Locomotion_2,X17,73.805,0.502
Locomotion_2,X17,73.938,0.502
Locomotion_2,X17,74.071,0.502
Locomotion_2,X17,74.204,0.502
Locomotion_2,X17,74.336,0.502
Locomotion_2,X17,74.469,0.502
Locomotion_2,X17,74.602,0.502
Locomotion_2,X17,74.735,0.502
Locomotion_2,X17,74.867,0.502
Locomotion_2,X17,75.0,0.502
Locomotion_2,X17,75.133,0.502
Locomotion_2,X17,75.265,0.502
Locomotion_2,X17,75.398,0.502
Locomotion_2,X17,75.531,0.502
Locomotion_2,X17,75.664,0.502
Locomotion_2,X17,75.796,0.502
Locomotion_2,X17,75.929,0.502
Locomotion_2,X17,76.062,0.502
Locomotion_2,X17,76.195,0.502
Locomotion_2,X17,76.327,0.502
Locomotion_2,X17,76.46,0.502
Locomotion_2,X17,76.593,0.502
Locomotion_2,X17,76.726,0.502
Locomotion_2,X17,76.858,0.502
Locomotion_2,X17,76.991,0.502
Locomotion_2,X17,77.124,0.502
Locomotion_2,X17,77.257,0.502
Locomotion_2,X17,77.389,0.502
Locomotion_2,X17,77.522,0.502
Locomotion_2,X17,77.655,0.502
Locomotion_2,X17,77.788,0.502
Locomotion_2,X17,77.92,0.502
Locomotion_2,X17,78.053,0.502
Locomotion_2,X17,78.186,0.502
Locomotion_2,X17,78.319,0.502
Locomotion_2,X17,78.451,0.502
Locomotion_2,X17,78.584,0.502
Locomotion_2,X17,78.717,0.502
Locomotion_2,X17,78.85,0.502
Locomotion_2,X17,78.982,0.502
Locomotion_2,X17,79.115,0.502
Locomotion_2,X17,79.248,0.502
Locomotion_2,X17,79.381,0.502
Locomotion_2,X17,79.513,0.502
Locomotion_2,X17,79.646,0.502
Locomotion_2,X17,79.779,0.502
Locomotion_2,X17,79.912,0.502
Locomotion_2,X17,80.044,0.502
Locomotion_2,X17,80.177,0.502
Locomotion_2,X17,80.31,0.502
Locomotion_2,X17,80.442,0.502
Locomotion_2,X17,80.575,0.502
Locomotion_2,X17,80.708,0.502
Locomotion_2,X17,80.841,0.502
Locomotion_2,X17,80.973,0.502
Locomotion_2,X17,81.106,0.502
Locomotion_2,X17,81.239,0.502
Locomotion_2,X17,81.372,0.502
Locomotion_2,X17,81.504,0.502
Locomotion_2,X17,81.637,0.502
Locomotion_2,X17,81.77,0.502
Locomotion_2,X17,81.903,0.502
Locomotion_2,X17,82.035,0.502
Locomotion_2,X17,82.168,0.502
Locomotion_2,X17,82.301,0.502
Locomotion_2,X17,82.434,0.502
Locomotion_2,X17,82.566,0.502
Locomotion_2,X17,82.699,0.502
Locomotion_2,X17,82.832,0.502
Locomotion_2,X17,82.965,0.502
Locomotion_2,X17,83.097,0.502
Locomotion_2,X17,83.23,0.502
Locomotion_2,X17,83.363,0.502
Locomotion_2,X17,83.496,0.502
Locomotion_2,X17,83.628,0.502
Locomotion_2,X17,83.761,0.502
Locomotion_2,X17,83.894,0.502
Locomotion_2,X17,84.027,0.502
Locomotion_2,X17,84.159,0.502
Locomotion_2,X17,84.292,0.502
Locomotion_2,X17,84.425,0.502
Locomotion_2,X17,84.558,0.502
Locomotion_2,X17,84.69,0.502
Locomotion_2,X17,84.823,0.502
Locomotion_2,X17,84.956,0.502
Locomotion_2,X17,85.088,0.502
Locomotion_2,X17,85.221,0.502
Locomotion_2,X17,85.354,0.502
Locomotion_2,X17,85.487,0.502
Locomotion_2,X17,85.619,0.502
Locomotion_2,X17,85.752,0.502
Locomotion_2,X17,85.885,0.502
Locomotion_2,X17,86.018,0.502
Locomotion_2,X17,86.15,0.502
Locomotion_2,X17,86.283,0.502
Locomotion_2,X17,86.416,0.502
Locomotion_2,X17,86.549,0.502
Locomotion_2,X17,86.681,0.502
Locomotion_2,X17,86.814,0.502
Locomotion_2,X17,86.947,0.502
Locomotion_2,X17,87.08,0.502
Locomotion_2,X17,87.212,0.502
Locomotion_2,X17,87.345,0.502
Locomotion_2,X17,87.478,0.502
Locomotion_2,X17,87.611,0.502
Locomotion_2,X17,87.743,0.502
Locomotion_2,X17,87.876,0.502
Locomotion_2,X17,88.009,0.502
Locomotion_2,X17,88.142,0.502
Locomotion_2,X17,88.274,0.502
Locomotion_2,X17,88.407,0.502
Locomotion_2,X17,88.54,0.502
Locomotion_2,X17,88.673,0.502
Locomotion_2,X17,88.805,0.502
Locomotion_2,X17,88.938,0.502
Locomotion_2,X17,89.071,0.502
Locomotion_2,X17,89.204,0.502
Locomotion_2,X17,89.336,0.502
Locomotion_2,X17,89.469,0.502
Locomotion_2,X17,89.602,0.502
Locomotion_2,X17,89.735,0.502
Locomotion_2,X17,89.867,0.502
Locomotion_2,X17,90.0,0.502
Locomotion_2,X17,90.133,0.502
Locomotion_2,X17,90.265,0.502
Locomotion_2,X17,90.398,0.502
Locomotion_2,X17,90.531,0.502
Locomotion_2,X17,90.664,0.502
Locomotion_2,X17,90.796,0.502
Locomotion_2,X17,90.929,0.502
Locomotion_2,X17,91.062,0.502
Locomotion_2,X17,91.195,0.502
Locomotion_2,X17,91.327,0.502
Locomotion_2,X17,91.46,0.502
Locomotion_2,X17,91.593,0.502
Locomotion_2,X17,91.726,0.502
Locomotion_2,X17,91.858,0.502
Locomotion_2,X17,91.991,0.502
Locomotion_2,X17,92.124,0.502
Locomotion_2,X17,92.257,0.502
Locomotion_2,X17,92.389,0.502
Locomotion_2,X17,92.522,0.502
Locomotion_2,X17,92.655,0.502
Locomotion_2,X17,92.788,0.502
Locomotion_2,X17,92.92,0.502
Locomotion_2,X17,93.053,0.502
Locomotion_2,X17,93.186,0.502
Locomotion_2,X17,93.319,0.502
Locomotion_2,X17,93.451,0.502
Locomotion_2,X17,93.584,0.502
Locomotion_2,X17,93.717,0.502
Locomotion_2,X17,93.85,0.502
Locomotion_2,X17,93.982,0.502
Locomotion_2,X17,94.115,0.502
Locomotion_2,X17,94.248,0.502
Locomotion_2,X17,94.381,0.502
Locomotion_2,X17,94.513,0.502
Locomotion_2,X17,94.646,0.502
Locomotion_2,X17,94.779,0.502
Locomotion_2,X17,94.912,0.502
Locomotion_2,X17,95.044,0.502
Locomotion_2,X17,95.177,0.502
Locomotion_2,X17,95.31,0.502
Locomotion_2,X17,95.442,0.502
Locomotion_2,X17,95.575,0.502
Locomotion_2,X17,95.708,0.502
Locomotion_2,X17,95.841,0.502
Locomotion_2,X17,95.973,0.502
Locomotion_2,X17,96.106,0.502
Locomotion_2,X17,96.239,0.502
Locomotion_2,X17,96.372,0.502
Locomotion_2,X17,96.504,0.502
Locomotion_2,X17,96.637,0.502
Locomotion_2,X17,96.77,0.5294
Locomotion_2,X17,96.903,1.0
Decision_1,X0,0.0,1.0
Decision_1,X0,0.133,0.0549
Decision_1,X0,0.265,0.0
Decision_1,X0,0.398,0.0
Decision_1,X0,0.531,0.0
Decision_1,X0,0.664,0.0
Decision_1,X0,0.796,0.0
Decision_1,X0,0.929,0.0
Decision_1,X0,1.062,0.0
Decision_1,X0,1.195,0.0
Decision_1,X0,1.327,0.0
Decision_1,X0,1.46,0.0
Decision_1,X0,1.593,0.0
Decision_1,X0,1.726,0.0
Decision_1,X0,1.858,0.0
Decision_1,X0,1.991,0.0
Decision_1,X0,2.124,0.0
Decision_1,X0,2.257,0.0
Decision_1,X0,2.389,0.0
Decision_1,X0,2.522,0.0
Decision_1,X0,2.655,0.0
Decision_1,X0,2.788,0.0
Decision_1,X0,2.92,0.0
Decision_1,X0,3.053,0.0
Decision_1,X0,3.186,0.0
Decision_1,X0,3.319,0.0
Decision_1,X0,3.451,0.0
Decision_1,X0,3.584,0.0
Decision_1,X0,3.717,0.0
Decision_1,X0,3.85,0.0
Decision_1,X0,3.982,0.0
Decision_1,X0,4.115,0.0
Decision_1,X0,4.248,0.0
Decision_1,X0,4.381,0.0
Decision_1,X0,4.513,0.0
Decision_1,X0,4.646,0.0
Decision_1,X0,4.779,0.0
Decision_1,X0,4.912,0.0
Decision_1,X0,5.044,0.0
Decision_1,X0,5.177,0.0
Decision_1,X0,5.31,0.0
Decision_1,X0,5.442,0.0
Decision_1,X0,5.575,0.0
Decision_1,X0,5.708,0.0
Decision_1,X0,5.841,0.0
Decision_1,X0,5.973,0.0
Decision_1,X0,6.106,0.0
Decision_1,X0,6.239,0.0
Decision_1,X0,6.372,0.0
Decision_1,X0,6.504,0.0
Decision_1,X0,6.637,0.0
Decision_1,X0,6.77,0.0
Decision_1,X0,6.903,0.0
Decision_1,X0,7.035,0.0
Decision_1,X0,7.168,0.0
Decision_1,X0,7.301,0.0
Decision_1,X0,7.434,0.0
Decision_1,X0,7.566,0.0
Decision_1,X0,7.699,0.0
Decision_1,X0,7.832,0.0
Decision_1,X0,7.965,0.0
Decision_1,X0,8.097,0.0
Decision_1,X0,8.23,0.0
Decision_1,X0,8.363,0.0
Decision_1,X0,8.496,0.0
Decision_1,X0,8.628,0.0
Decision_1,X0,8.761,0.0
Decision_1,X0,8.894,0.0
Decision_1,X0,9.027,0.0
Decision_1,X0,9.159,0.0
Decision_1,X0,9.292,0.0
Decision_1,X0,9.425,0.0
Decision_1,X0,9.558,0.0
Decision_1,X0,9.69,0.0
Decision_1,X0,9.823,0.0
Decision_1,X0,9.956,0.0
Decision_1,X0,10.088,0.0
Decision_1,X0,10.221,0.0
Decision_1,X0,10.354,0.0
Decision_1,X0,10.487,0.0
Decision_1,X0,10.619,0.0
Decision_1,X0,10.752,0.0
Decision_1,X0,10.885,0.0
Decision_1,X0,11.018,0.0
Decision_1,X0,11.15,0.0
Decision_1,X0,11.283,0.0
Decision_1,X0,11.416,0.0
Decision_1,X0,11.549,0.0
Decision_1,X0,11.681,0.0
Decision_1,X0,11.814,0.0
Decision_1,X0,11.947,0.0
Decision_1,X0,12.08,0.0
Decision_1,X0,12.212,0.0
Decision_1,X0,12.345,0.0
Decision_1,X0,12.478,0.0
Decision_1,X0,12.611,0.0
Decision_1,X0,12.743,0.0
Decision_1,X0,12.876,0.0
Decision_1,X0,13.009,0.0
Decision_1,X0,13.142,0.0
Decision_1,X0,13.274,0.0
Decision_1,X0,13.407,0.0
Decision_1,X0,13.54,0.0
Decision_1,X0,13.673,0.0
Decision_1,X0,13.805,0.0
Decision_1,X0,13.938,0.0863
Decision_1,X0,14.071,0.0
Decision_1,X0,14.204,0.0902
Decision_1,X0,14.336,1.0
Decision_1,X0,14.469,0.0902
Decision_1,X0,14.602,0.9843
Decision_1,X0,14.735,0.0
Decision_1,X0,14.867,0.9922
Decision_1,X0,15.0,0.0
Decision_1,X0,15.133,0.0902
Decision_1,X0,15.265,0.0
Decision_1,X0,15.398,0.0902
Decision_1,X0,15.531,0.9922
Decision_1,X0,15.664,0.0902
Decision_1,X0,15.796,0.9922
Decision_1,X0,15.929,0.0
Decision_1,X0,16.062,0.9922
Decision_1,X0,16.195,0.0
Decision_1,X0,16.327,0.0902
Decision_1,X0,16.46,0.0
Decision_1,X0,16.593,0.0902
Decision_1,X0,16.726,0.9922
Decision_1,X0,16.858,0.0902
Decision_1,X0,16.991,0.9922
Decision_1,X0,17.124,0.0
Decision_1,X0,17.257,0.0902
Decision_1,X0,17.389,0.0
Decision_1,X0,17.522,0.0902
Decision_1,X0,17.655,0.9922
Decision_1,X0,17.788,0.0902
Decision_1,X0,17.92,0.9922
Decision_1,X0,18.053,0.0
Decision_1,X0,18.186,0.9922
Decision_1,X0,18.319,0.0
Decision_1,X0,18.451,0.0902
Decision_1,X0,18.584,0.0
Decision_1,X0,18.717,0.0902
Decision_1,X0,18.85,0.9922
Decision_1,X0,18.982,0.0902
Decision_1,X0,19.115,0.9922
Decision_1,X0,19.248,0.0
Decision_1,X0,19.381,0.9922
Decision_1,X0,19.513,0.0
Decision_1,X0,19.646,0.0902
Decision_1,X0,19.779,0.0
Decision_1,X0,19.912,0.0902
Decision_1,X0,20.044,0.9922
Decision_1,X0,20.177,0.0902
Decision_1,X0,20.31,0.9922
Decision_1,X0,20.442,0.0
Decision_1,X0,20.575,0.9922
Decision_1,X0,20.708,0.0
Decision_1,X0,20.841,0.0902
Decision_1,X0,20.973,0.0
Decision_1,X0,21.106,0.0902
Decision_1,X0,21.239,0.9922
Decision_1,X0,21.372,0.0902
Decision_1,X0,21.504,0.9922
Decision_1,X0,21.637,0.0
Decision_1,X0,21.77,0.9922
Decision_1,X0,21.903,0.0
Decision_1,X0,22.035,0.0
Decision_1,X0,22.168,0.0863
Decision_1,X0,22.301,0.9137
Decision_1,X0,22.434,0.0
Decision_1,X0,22.566,1.0
Decision_1,X0,22.699,0.0
Decision_1,X0,22.832,0.0902
Decision_1,X0,22.965,0.9843
Decision_1,X0,23.097,0.0902
Decision_1,X0,23.23,0.9922
Decision_1,X0,23.363,0.0
Decision_1,X0,23.496,0.9922
Decision_1,X0,23.628,0.0
Decision_1,X0,23.761,0.0902
Decision_1,X0,23.894,0.0
Decision_1,X0,24.027,0.0902
Decision_1,X0,24.159,0.9922
Decision_1,X0,24.292,0.0902
Decision_1,X0,24.425,0.9922
Decision_1,X0,24.558,0.0
Decision_1,X0,24.69,0.9922
Decision_1,X0,24.823,0.0
Decision_1,X0,24.956,0.0902
Decision_1,X0,25.088,0.0
Decision_1,X0,25.221,0.0902
Decision_1,X0,25.354,0.9922
Decision_1,X0,25.487,0.0902
Decision_1,X0,25.619,0.9922
Decision_1,X0,25.752,0.0
Decision_1,X0,25.885,0.9922
Decision_1,X0,26.018,0.0
Decision_1,X0,26.15,0.0902
Decision_1,X0,26.283,0.0
Decision_1,X0,26.416,0.0902
Decision_1,X0,26.549,0.9922
Decision_1,X0,26.681,0.0902
Decision_1,X0,26.814,0.9922
Decision_1,X0,26.947,0.0
Decision_1,X0,27.08,0.9922
Decision_1,X0,27.212,0.0
Decision_1,X0,27.345,0.0902
Decision_1,X0,27.478,0.0
Decision_1,X0,27.611,0.0902
Decision_1,X0,27.743,0.9922
Decision_1,X0,27.876,0.0902
Decision_1,X0,28.009,0.9922
Decision_1,X0,28.142,0.0
Decision_1,X0,28.274,0.9922
Decision_1,X0,28.407,0.0
Decision_1,X0,28.54,0.0902
Decision_1,X0,28.673,0.9922
Decision_1,X0,28.805,0.0902
Decision_1,X0,28.938,0.9922
Decision_1,X0,29.071,0.0
Decision_1,X0,29.204,0.9922
Decision_1,X0,29.336,0.0
Decision_1,X0,29.469,0.0902
Decision_1,X0,29.602,0.0
Decision_1,X0,29.735,0.0902
Decision_1,X0,29.867,0.9922
Decision_1,X0,30.0,0.0902
Decision_1,X0,30.133,0.9922
Decision_1,X0,30.265,0.0
Decision_1,X0,30.398,0.0863
Decision_1,X0,30.531,0.9137
Decision_1,X0,30.664,0.0
Decision_1,X0,30.796,1.0
Decision_1,X0,30.929,0.0
Decision_1,X0,31.062,0.0902
Decision_1,X0,31.195,0.0
Decision_1,X0,31.327,0.0902
Decision_1,X0,31.46,0.9922
Decision_1,X0,31.593,0.0902
Decision_1,X0,31.726,0.9922
Decision_1,X0,31.858,0.0
Decision_1,X0,31.991,0.9922
Decision_1,X0,32.124,0.0
Decision_1,X0,32.257,0.0902
Decision_1,X0,32.389,0.0
Decision_1,X0,32.522,0.0902
Decision_1,X0,32.655,0.9922
Decision_1,X0,32.788,0.0902
Decision_1,X0,32.92,0.9922
Decision_1,X0,33.053,0.0
Decision_1,X0,33.186,0.9922
Decision_1,X0,33.319,0.0
Decision_1,X0,33.451,0.0902
Decision_1,X0,33.584,0.0
Decision_1,X0,33.717,0.0902
Decision_1,X0,33.85,0.9922
Decision_1,X0,33.982,0.0902
Decision_1,X0,34.115,0.9922
Decision_1,X0,34.248,0.0
Decision_1,X0,34.381,0.0902
Decision_1,X0,34.513,0.0
Decision_1,X0,34.646,0.0902
Decision_1,X0,34.779,0.9922
Decision_1,X0,34.912,0.0902
Decision_1,X0,35.044,0.9922
Decision_1,X0,35.177,0.0
Decision_1,X0,35.31,0.9922
Decision_1,X0,35.442,0.0
Decision_1,X0,35.575,0.0902
Decision_1,X0,35.708,0.0
Decision_1,X0,35.841,0.0902
Decision_1,X0,35.973,0.9922
Decision_1,X0,36.106,0.0902
Decision_1,X0,36.239,0.9922
Decision_1,X0,36.372,0.0
Decision_1,X0,36.504,0.9922
Decision_1,X0,36.637,0.0
Decision_1,X0,36.77,0.0902
Decision_1,X0,36.903,0.0
Decision_1,X0,37.035,0.0902
Decision_1,X0,37.168,0.9922
Decision_1,X0,37.301,0.0902
Decision_1,X0,37.434,0.9922
Decision_1,X0,37.566,0.0
Decision_1,X0,37.699,0.9922
Decision_1,X0,37.832,0.0
Decision_1,X0,37.965,0.0902
Decision_1,X0,38.097,0.0
Decision_1,X0,38.23,0.0902
Decision_1,X0,38.363,0.9922
Decision_1,X0,38.496,0.0
Decision_1,X0,38.628,0.0863
Decision_1,X0,38.761,0.9137
Decision_1,X0,38.894,0.0902
Decision_1,X0,39.027,1.0
Decision_1,X0,39.159,0.0
Decision_1,X0,39.292,0.9843
Decision_1,X0,39.425,0.0
Decision_1,X0,39.558,0.0902
Decision_1,X0,39.69,0.0
Decision_1,X0,39.823,0.0902
Decision_1,X0,39.956,0.9922
Decision_1,X0,40.088,0.0
Decision_1,X0,40.221,0.9922
Decision_1,X0,40.354,0.0
Decision_1,X0,40.487,0.0902
Decision_1,X0,40.619,0.0
Decision_1,X0,40.752,0.0902
Decision_1,X0,40.885,0.9922
Decision_1,X0,41.018,0.0902
Decision_1,X0,41.15,0.9922
Decision_1,X0,41.283,0.0
Decision_1,X0,41.416,0.9922
Decision_1,X0,41.549,0.0
Decision_1,X0,41.681,0.0902
Decision_1,X0,41.814,0.0
Decision_1,X0,41.947,0.0902
Decision_1,X0,42.08,0.9922
Decision_1,X0,42.212,0.0902
Decision_1,X0,42.345,0.9922
Decision_1,X0,42.478,0.0
Decision_1,X0,42.611,0.9922
Decision_1,X0,42.743,0.0
Decision_1,X0,42.876,0.0902
Decision_1,X0,43.009,0.0
Decision_1,X0,43.142,0.0902
Decision_1,X0,43.274,0.9922
Decision_1,X0,43.407,0.0902
Decision_1,X0,43.54,0.9922
Decision_1,X0,43.673,0.0
Decision_1,X0,43.805,0.9922
Decision_1,X0,43.938,0.0
Decision_1,X0,44.071,0.0902
Decision_1,X0,44.204,0.0
Decision_1,X0,44.336,0.0902
Decision_1,X0,44.469,0.9922
Decision_1,X0,44.602,0.0902
Decision_1,X0,44.735,0.9922
Decision_1,X0,44.867,0.0
Decision_1,X0,45.0,0.9922
Decision_1,X0,45.133,0.0
Decision_1,X0,45.265,0.0902
Decision_1,X0,45.398,0.0
Decision_1,X0,45.531,0.0902
Decision_1,X0,45.664,0.9922
Decision_1,X0,45.796,0.0
Decision_1,X0,45.929,0.9922
Decision_1,X0,46.062,0.0
Decision_1,X0,46.195,0.0902
Decision_1,X0,46.327,0.0
Decision_1,X0,46.46,0.0902
Decision_1,X0,46.593,0.9922
Decision_1,X0,46.726,0.0
Decision_1,X0,46.858,0.0863
Decision_1,X0,46.991,0.9137
Decision_1,X0,47.124,0.0902
Decision_1,X0,47.257,1.0
Decision_1,X0,47.389,0.0
Decision_1,X0,47.522,0.9843
Decision_1,X0,47.655,0.0
Decision_1,X0,47.788,0.0902
Decision_1,X0,47.92,0.0
Decision_1,X0,48.053,0.0902
Decision_1,X0,48.186,0.9922
Decision_1,X0,48.319,0.0902
Decision_1,X0,48.451,0.9922
Decision_1,X0,48.584,0.0
Decision_1,X0,48.717,0.9922
Decision_1,X0,48.85,0.0
Decision_1,X0,48.982,0.0902
Decision_1,X0,49.115,0.0
Decision_1,X0,49.248,0.0902
Decision_1,X0,49.381,0.9922
Decision_1,X0,49.513,0.0902
Decision_1,X0,49.646,0.9922
Decision_1,X0,49.779,0.0
Decision_1,X0,49.912,0.9922
Decision_1,X0,50.044,0.0
Decision_1,X0,50.177,0.0902
Decision_1,X0,50.31,0.0
Decision_1,X0,50.442,0.0902
Decision_1,X0,50.575,0.9922
Decision_1,X0,50.708,0.0902
Decision_1,X0,50.841,0.9922
Decision_1,X0,50.973,0.0
Decision_1,X0,51.106,0.9922
Decision_1,X0,51.239,0.0
Decision_1,X0,51.372,0.0902
Decision_1,X0,51.504,0.9922
Decision_1,X0,51.637,0.0902
Decision_1,X0,51.77,0.9922
Decision_1,X0,51.903,0.0
Decision_1,X0,52.035,0.9922
Decision_1,X0,52.168,0.0
Decision_1,X0,52.301,0.0902
Decision_1,X0,52.434,0.0
Decision_1,X0,52.566,0.0902
Decision_1,X0,52.699,0.9922
Decision_1,X0,52.832,0.0902
Decision_1,X0,52.965,0.9922
Decision_1,X0,53.097,0.0
Decision_1,X0,53.23,0.9922
Decision_1,X0,53.363,0.0
Decision_1,X0,53.496,0.0902
Decision_1,X0,53.628,0.0
Decision_1,X0,53.761,0.0902
Decision_1,X0,53.894,0.9922
Decision_1,X0,54.027,0.0902
Decision_1,X0,54.159,0.9922
Decision_1,X0,54.292,0.0
Decision_1,X0,54.425,0.9922
Decision_1,X0,54.558,0.0
Decision_1,X0,54.69,0.0902
Decision_1,X0,54.823,0.0
Decision_1,X0,54.956,0.0863
Decision_1,X0,55.088,0.9137
Decision_1,X0,55.221,0.0902
Decision_1,X0,55.354,1.0
Decision_1,X0,55.487,0.0
Decision_1,X0,55.619,0.9843
Decision_1,X0,55.752,0.0
Decision_1,X0,55.885,0.0902
Decision_1,X0,56.018,0.0
Decision_1,X0,56.15,0.0902
Decision_1,X0,56.283,0.9922
Decision_1,X0,56.416,0.0902
Decision_1,X0,56.549,0.9922
Decision_1,X0,56.681,0.0
Decision_1,X0,56.814,0.9922
Decision_1,X0,56.947,0.0
Decision_1,X0,57.08,0.0902
Decision_1,X0,57.212,0.9922
Decision_1,X0,57.345,0.0902
Decision_1,X0,57.478,0.9922
Decision_1,X0,57.611,0.0
Decision_1,X0,57.743,0.9922
Decision_1,X0,57.876,0.0
Decision_1,X0,58.009,0.0902
Decision_1,X0,58.142,0.0
Decision_1,X0,58.274,0.0902
Decision_1,X0,58.407,0.9922
Decision_1,X0,58.54,0.0902
Decision_1,X0,58.673,0.9922
Decision_1,X0,58.805,0.0
Decision_1,X0,58.938,0.9922
Decision_1,X0,59.071,0.0
Decision_1,X0,59.204,0.0902
Decision_1,X0,59.336,0.0
Decision_1,X0,59.469,0.0902
Decision_1,X0,59.602,0.9922
Decision_1,X0,59.735,0.0902
Decision_1,X0,59.867,0.9922
Decision_1,X0,60.0,0.0
Decision_1,X0,60.133,0.9922
Decision_1,X0,60.265,0.0
Decision_1,X0,60.398,0.0902
Decision_1,X0,60.531,0.0
Decision_1,X0,60.664,0.0902
Decision_1,X0,60.796,0.9922
Decision_1,X0,60.929,0.0902
Decision_1,X0,61.062,0.9922
Decision_1,X0,61.195,0.0
Decision_1,X0,61.327,0.9922
Decision_1,X0,61.46,0.0
Decision_1,X0,61.593,0.0902
Decision_1,X0,61.726,0.0
Decision_1,X0,61.858,0.0902
Decision_1,X0,61.991,0.9922
Decision_1,X0,62.124,0.0902
Decision_1,X0,62.257,0.9922
Decision_1,X0,62.389,0.0
Decision_1,X0,62.522,0.9922
Decision_1,X0,62.655,0.0
Decision_1,X0,62.788,0.0902
Decision_1,X0,62.92,0.9922
Decision_1,X0,63.053,0.0
Decision_1,X0,63.186,0.0
Decision_1,X0,63.319,0.0
Decision_1,X0,63.451,0.0
Decision_1,X0,63.584,0.0
Decision_1,X0,63.717,0.0
Decision_1,X0,63.85,0.0
Decision_1,X0,63.982,0.0
Decision_1,X0,64.115,0.0
Decision_1,X0,64.248,0.0
Decision_1,X0,64.381,0.0
Decision_1,X0,64.513,0.0
Decision_1,X0,64.646,0.0
Decision_1,X0,64.779,0.0
Decision_1,X0,64.912,0.0
Decision_1,X0,65.044,0.0
Decision_1,X0,65.177,0.0
Decision_1,X0,65.31,0.0
Decision_1,X0,65.442,0.0
Decision_1,X0,65.575,0.0
Decision_1,X0,65.708,0.0
Decision_1,X0,65.841,0.0
Decision_1,X0,65.973,0.0
Decision_1,X0,66.106,0.0
Decision_1,X0,66.239,0.0
Decision_1,X0,66.372,0.0
Decision_1,X0,66.504,0.0
Decision_1,X0,66.637,0.0
Decision_1,X0,66.77,0.0
Decision_1,X0,66.903,0.0
Decision_1,X0,67.035,0.0
Decision_1,X0,67.168,0.0
Decision_1,X0,67.301,0.0
Decision_1,X0,67.434,0.0
Decision_1,X0,67.566,0.0
Decision_1,X0,67.699,0.0
Decision_1,X0,67.832,0.0
Decision_1,X0,67.965,0.0
Decision_1,X0,68.097,0.0
Decision_1,X0,68.23,0.0
Decision_1,X0,68.363,0.0
Decision_1,X0,68.496,0.0
Decision_1,X0,68.628,0.0
Decision_1,X0,68.761,0.0
Decision_1,X0,68.894,0.0
Decision_1,X0,69.027,0.0
Decision_1,X0,69.159,0.0
Decision_1,X0,69.292,0.0
Decision_1,X0,69.425,0.0
Decision_1,X0,69.558,0.0
Decision_1,X0,69.69,0.0
Decision_1,X0,69.823,0.0
Decision_1,X0,69.956,0.0
Decision_1,X0,70.088,0.0
Decision_1,X0,70.221,0.0
Decision_1,X0,70.354,0.0
Decision_1,X0,70.487,0.0
Decision_1,X0,70.619,0.0
Decision_1,X0,70.752,0.0
Decision_1,X0,70.885,0.0
Decision_1,X0,71.018,0.0
Decision_1,X0,71.15,0.0
Decision_1,X0,71.283,0.0
Decision_1,X0,71.416,0.0
Decision_1,X0,71.549,0.0
Decision_1,X0,71.681,0.0
Decision_1,X0,71.814,0.0
Decision_1,X0,71.947,0.0
Decision_1,X0,72.08,0.0
Decision_1,X0,72.212,0.0
Decision_1,X0,72.345,0.0
Decision_1,X0,72.478,0.0
Decision_1,X0,72.611,0.0
Decision_1,X0,72.743,0.0
Decision_1,X0,72.876,0.0
Decision_1,X0,73.009,0.0
Decision_1,X0,73.142,0.0
Decision_1,X0,73.274,0.0
Decision_1,X0,73.407,0.0
Decision_1,X0,73.54,0.0
Decision_1,X0,73.673,0.0
Decision_1,X0,73.805,0.0
Decision_1,X0,73.938,0.0
Decision_1,X0,74.071,0.0
Decision_1,X0,74.204,0.0
Decision_1,X0,74.336,0.0
Decision_1,X0,74.469,0.0
Decision_1,X0,74.602,0.0
Decision_1,X0,74.735,0.0
Decision_1,X0,74.867,0.0
Decision_1,X0,75.0,0.0
Decision_1,X0,75.133,0.0
Decision_1,X0,75.265,0.0
Decision_1,X0,75.398,0.0
Decision_1,X0,75.531,0.0
Decision_1,X0,75.664,0.0
Decision_1,X0,75.796,0.0
Decision_1,X0,75.929,0.0
Decision_1,X0,76.062,0.0
Decision_1,X0,76.195,0.0
Decision_1,X0,76.327,0.0
Decision_1,X0,76.46,0.0
Decision_1,X0,76.593,0.0
Decision_1,X0,76.726,0.0
Decision_1,X0,76.858,0.0
Decision_1,X0,76.991,0.0
Decision_1,X0,77.124,0.0
Decision_1,X0,77.257,0.0
Decision_1,X0,77.389,0.0
Decision_1,X0,77.522,0.0
Decision_1,X0,77.655,0.0
Decision_1,X0,77.788,0.0
Decision_1,X0,77.92,0.0
Decision_1,X0,78.053,0.0
Decision_1,X0,78.186,0.0
Decision_1,X0,78.319,0.0
Decision_1,X0,78.451,0.0
Decision_1,X0,78.584,0.0
Decision_1,X0,78.717,0.0
Decision_1,X0,78.85,0.0
Decision_1,X0,78.982,0.0
Decision_1,X0,79.115,0.0
Decision_1,X0,79.248,0.0
Decision_1,X0,79.381,0.0
Decision_1,X0,79.513,0.0
Decision_1,X0,79.646,0.0
Decision_1,X0,79.779,0.0
Decision_1,X0,79.912,0.0
Decision_1,X0,80.044,0.0
Decision_1,X0,80.177,0.0
Decision_1,X0,80.31,0.0
Decision_1,X0,80.442,0.0
Decision_1,X0,80.575,0.0
Decision_1,X0,80.708,0.0
Decision_1,X0,80.841,0.0
Decision_1,X0,80.973,0.0
Decision_1,X0,81.106,0.0
Decision_1,X0,81.239,0.0
Decision_1,X0,81.372,0.0
Decision_1,X0,81.504,0.0
Decision_1,X0,81.637,0.0
Decision_1,X0,81.77,0.0
Decision_1,X0,81.903,0.0
Decision_1,X0,82.035,0.0
Decision_1,X0,82.168,0.0
Decision_1,X0,82.301,0.0
Decision_1,X0,82.434,0.0
Decision_1,X0,82.566,0.0
Decision_1,X0,82.699,0.0
Decision_1,X0,82.832,0.0
Decision_1,X0,82.965,0.0
Decision_1,X0,83.097,0.0
Decision_1,X0,83.23,0.0
Decision_1,X0,83.363,0.0
Decision_1,X0,83.496,0.0
Decision_1,X0,83.628,0.0
Decision_1,X0,83.761,0.0
Decision_1,X0,83.894,0.0
Decision_1,X0,84.027,0.0
Decision_1,X0,84.159,0.0
Decision_1,X0,84.292,0.0
Decision_1,X0,84.425,0.0
Decision_1,X0,84.558,0.0
Decision_1,X0,84.69,0.0
Decision_1,X0,84.823,0.0
Decision_1,X0,84.956,0.0
Decision_1,X0,85.088,0.0
Decision_1,X0,85.221,0.0
Decision_1,X0,85.354,0.0
Decision_1,X0,85.487,0.0
Decision_1,X0,85.619,0.0
Decision_1,X0,85.752,0.0
Decision_1,X0,85.885,0.0
Decision_1,X0,86.018,0.0
Decision_1,X0,86.15,0.0
Decision_1,X0,86.283,0.0
Decision_1,X0,86.416,0.0
Decision_1,X0,86.549,0.0
Decision_1,X0,86.681,0.0
Decision_1,X0,86.814,0.0
Decision_1,X0,86.947,0.0
Decision_1,X0,87.08,0.0
Decision_1,X0,87.212,0.0
Decision_1,X0,87.345,0.0
Decision_1,X0,87.478,0.0
Decision_1,X0,87.611,0.0
Decision_1,X0,87.743,0.0
Decision_1,X0,87.876,0.0
Decision_1,X0,88.009,0.0
Decision_1,X0,88.142,0.0
Decision_1,X0,88.274,0.0
Decision_1,X0,88.407,0.0
Decision_1,X0,88.54,0.0
Decision_1,X0,88.673,0.0
Decision_1,X0,88.805,0.0
Decision_1,X0,88.938,0.0
Decision_1,X0,89.071,0.0
Decision_1,X0,89.204,0.0
Decision_1,X0,89.336,0.0
Decision_1,X0,89.469,0.0
Decision_1,X0,89.602,0.0
Decision_1,X0,89.735,0.0
Decision_1,X0,89.867,0.0
Decision_1,X0,90.0,0.0
Decision_1,X0,90.133,0.0
Decision_1,X0,90.265,0.0
Decision_1,X0,90.398,0.0
Decision_1,X0,90.531,0.0
Decision_1,X0,90.664,0.0
Decision_1,X0,90.796,0.0
Decision_1,X0,90.929,0.0
Decision_1,X0,91.062,0.0
Decision_1,X0,91.195,0.0
Decision_1,X0,91.327,0.0
Decision_1,X0,91.46,0.0
Decision_1,X0,91.593,0.0
Decision_1,X0,91.726,0.0
Decision_1,X0,91.858,0.0
Decision_1,X0,91.991,0.0
Decision_1,X0,92.124,0.0
Decision_1,X0,92.257,0.0
Decision_1,X0,92.389,0.0
Decision_1,X0,92.522,0.0
Decision_1,X0,92.655,0.0
Decision_1,X0,92.788,0.0
Decision_1,X0,92.92,0.0
Decision_1,X0,93.053,0.0
Decision_1,X0,93.186,0.0
Decision_1,X0,93.319,0.0
Decision_1,X0,93.451,0.0
Decision_1,X0,93.584,0.0
Decision_1,X0,93.717,0.0
Decision_1,X0,93.85,0.0
Decision_1,X0,93.982,0.0
Decision_1,X0,94.115,0.0
Decision_1,X0,94.248,0.0
Decision_1,X0,94.381,0.0
Decision_1,X0,94.513,0.0
Decision_1,X0,94.646,0.0
Decision_1,X0,94.779,0.0
Decision_1,X0,94.912,0.0
Decision_1,X0,95.044,0.0
Decision_1,X0,95.177,0.0
Decision_1,X0,95.31,0.0
Decision_1,X0,95.442,0.0
Decision_1,X0,95.575,0.0
Decision_1,X0,95.708,0.0
Decision_1,X0,95.841,0.0
Decision_1,X0,95.973,0.0
Decision_1,X0,96.106,0.0
Decision_1,X0,96.239,0.0
Decision_1,X0,96.372,0.0
Decision_1,X0,96.504,0.0
Decision_1,X0,96.637,0.0
Decision_1,X0,96.77,0.1373
Decision_1,X0,96.903,1.0
Decision_1,X1,0.0,1.0
Decision_1,X1,0.133,0.0549
Decision_1,X1,0.265,0.0
Decision_1,X1,0.398,0.0
Decision_1,X1,0.531,0.0
Decision_1,X1,0.664,0.0
Decision_1,X1,0.796,0.0
Decision_1,X1,0.929,0.0
Decision_1,X1,1.062,0.0
Decision_1,X1,1.195,0.0
Decision_1,X1,1.327,0.0
Decision_1,X1,1.46,0.0
Decision_1,X1,1.593,0.0
Decision_1,X1,1.726,0.0
Decision_1,X1,1.858,0.0
Decision_1,X1,1.991,0.0
Decision_1,X1,2.124,0.0
Decision_1,X1,2.257,0.0
Decision_1,X1,2.389,0.0
Decision_1,X1,2.522,0.0
Decision_1,X1,2.655,0.0
Decision_1,X1,2.788,0.0
Decision_1,X1,2.92,0.0
Decision_1,X1,3.053,0.0
Decision_1,X1,3.186,0.0
Decision_1,X1,3.319,0.0
Decision_1,X1,3.451,0.0
Decision_1,X1,3.584,0.0
Decision_1,X1,3.717,0.0
Decision_1,X1,3.85,0.0
Decision_1,X1,3.982,0.0
Decision_1,X1,4.115,0.0
Decision_1,X1,4.248,0.0
Decision_1,X1,4.381,0.0
Decision_1,X1,4.513,0.0
Decision_1,X1,4.646,0.0
Decision_1,X1,4.779,0.0
Decision_1,X1,4.912,0.0
Decision_1,X1,5.044,0.0
Decision_1,X1,5.177,0.0
Decision_1,X1,5.31,0.0
Decision_1,X1,5.442,0.0
Decision_1,X1,5.575,0.0
Decision_1,X1,5.708,0.0
Decision_1,X1,5.841,0.0
Decision_1,X1,5.973,0.0
Decision_1,X1,6.106,0.0
Decision_1,X1,6.239,0.0
Decision_1,X1,6.372,0.0
Decision_1,X1,6.504,0.0
Decision_1,X1,6.637,0.0
Decision_1,X1,6.77,0.0
Decision_1,X1,6.903,0.0
Decision_1,X1,7.035,0.0
Decision_1,X1,7.168,0.0
Decision_1,X1,7.301,0.0
Decision_1,X1,7.434,0.0
Decision_1,X1,7.566,0.0
Decision_1,X1,7.699,0.0
Decision_1,X1,7.832,0.0
Decision_1,X1,7.965,0.0
Decision_1,X1,8.097,0.0
Decision_1,X1,8.23,0.0
Decision_1,X1,8.363,0.0
Decision_1,X1,8.496,0.0
Decision_1,X1,8.628,0.0
Decision_1,X1,8.761,0.0
Decision_1,X1,8.894,0.0
Decision_1,X1,9.027,0.0
Decision_1,X1,9.159,0.0
Decision_1,X1,9.292,0.0
Decision_1,X1,9.425,0.0
Decision_1,X1,9.558,0.0
Decision_1,X1,9.69,0.0
Decision_1,X1,9.823,0.0
Decision_1,X1,9.956,0.0
Decision_1,X1,10.088,0.0
Decision_1,X1,10.221,0.0
Decision_1,X1,10.354,0.0
Decision_1,X1,10.487,0.0
Decision_1,X1,10.619,0.0
Decision_1,X1,10.752,0.0
Decision_1,X1,10.885,0.0
Decision_1,X1,11.018,0.0
Decision_1,X1,11.15,0.0
Decision_1,X1,11.283,0.0
Decision_1,X1,11.416,0.0
Decision_1,X1,11.549,0.0
Decision_1,X1,11.681,0.0
Decision_1,X1,11.814,0.0
Decision_1,X1,11.947,0.0
Decision_1,X1,12.08,0.0
Decision_1,X1,12.212,0.0
Decision_1,X1,12.345,0.0
Decision_1,X1,12.478,0.0
Decision_1,X1,12.611,0.0
Decision_1,X1,12.743,0.0
Decision_1,X1,12.876,0.0
Decision_1,X1,13.009,0.0
Decision_1,X1,13.142,0.0
Decision_1,X1,13.274,0.0
Decision_1,X1,13.407,0.0
Decision_1,X1,13.54,0.0
Decision_1,X1,13.673,0.0
Decision_1,X1,13.805,0.0
Decision_1,X1,13.938,0.0
Decision_1,X1,14.071,0.0
Decision_1,X1,14.204,0.0
Decision_1,X1,14.336,0.0
Decision_1,X1,14.469,0.0
Decision_1,X1,14.602,0.0
Decision_1,X1,14.735,0.0
Decision_1,X1,14.867,0.0
Decision_1,X1,15.0,0.0
Decision_1,X1,15.133,0.0
Decision_1,X1,15.265,0.0
Decision_1,X1,15.398,0.0
Decision_1,X1,15.531,0.0
Decision_1,X1,15.664,0.0
Decision_1,X1,15.796,0.0
Decision_1,X1,15.929,0.0
Decision_1,X1,16.062,0.0
Decision_1,X1,16.195,0.0
Decision_1,X1,16.327,0.0
Decision_1,X1,16.46,0.0
Decision_1,X1,16.593,0.0
Decision_1,X1,16.726,0.0
Decision_1,X1,16.858,0.0
Decision_1,X1,16.991,0.0
Decision_1,X1,17.124,0.0
Decision_1,X1,17.257,0.0
Decision_1,X1,17.389,0.0
Decision_1,X1,17.522,0.0
Decision_1,X1,17.655,0.0
Decision_1,X1,17.788,0.0
Decision_1,X1,17.92,0.0
Decision_1,X1,18.053,0.0
Decision_1,X1,18.186,0.0
Decision_1,X1,18.319,0.0
Decision_1,X1,18.451,0.0
Decision_1,X1,18.584,0.0
Decision_1,X1,18.717,0.0
Decision_1,X1,18.85,0.0
Decision_1,X1,18.982,0.0
Decision_1,X1,19.115,0.0
Decision_1,X1,19.248,0.0
Decision_1,X1,19.381,0.0
Decision_1,X1,19.513,0.0
Decision_1,X1,19.646,0.0
Decision_1,X1,19.779,0.0
Decision_1,X1,19.912,0.0
Decision_1,X1,20.044,0.0
Decision_1,X1,20.177,0.0
Decision_1,X1,20.31,0.0
Decision_1,X1,20.442,0.0
Decision_1,X1,20.575,0.0
Decision_1,X1,20.708,0.0
Decision_1,X1,20.841,0.0
Decision_1,X1,20.973,0.0
Decision_1,X1,21.106,0.0
Decision_1,X1,21.239,0.0
Decision_1,X1,21.372,0.0
Decision_1,X1,21.504,0.0
Decision_1,X1,21.637,0.0
Decision_1,X1,21.77,0.0
Decision_1,X1,21.903,0.0
Decision_1,X1,22.035,0.0
Decision_1,X1,22.168,0.0
Decision_1,X1,22.301,0.0
Decision_1,X1,22.434,0.0
Decision_1,X1,22.566,0.0
Decision_1,X1,22.699,0.0
Decision_1,X1,22.832,0.0
Decision_1,X1,22.965,0.0
Decision_1,X1,23.097,0.0
Decision_1,X1,23.23,0.0
Decision_1,X1,23.363,0.0
Decision_1,X1,23.496,0.0
Decision_1,X1,23.628,0.0
Decision_1,X1,23.761,0.0
Decision_1,X1,23.894,0.0
Decision_1,X1,24.027,0.0
Decision_1,X1,24.159,0.0
Decision_1,X1,24.292,0.0
Decision_1,X1,24.425,0.0
Decision_1,X1,24.558,0.0
Decision_1,X1,24.69,0.0
Decision_1,X1,24.823,0.0
Decision_1,X1,24.956,0.0
Decision_1,X1,25.088,0.0
Decision_1,X1,25.221,0.0
Decision_1,X1,25.354,0.0
Decision_1,X1,25.487,0.0
Decision_1,X1,25.619,0.0
Decision_1,X1,25.752,0.0
Decision_1,X1,25.885,0.0
Decision_1,X1,26.018,0.0
Decision_1,X1,26.15,0.0
Decision_1,X1,26.283,0.0
Decision_1,X1,26.416,0.0
Decision_1,X1,26.549,0.0
Decision_1,X1,26.681,0.0
Decision_1,X1,26.814,0.0
Decision_1,X1,26.947,0.0
Decision_1,X1,27.08,0.0
Decision_1,X1,27.212,0.0
Decision_1,X1,27.345,0.0
Decision_1,X1,27.478,0.0
Decision_1,X1,27.611,0.0
Decision_1,X1,27.743,0.0
Decision_1,X1,27.876,0.0
Decision_1,X1,28.009,0.0
Decision_1,X1,28.142,0.0
Decision_1,X1,28.274,0.0
Decision_1,X1,28.407,0.0
Decision_1,X1,28.54,0.0
Decision_1,X1,28.673,0.0
Decision_1,X1,28.805,0.0
Decision_1,X1,28.938,0.0
Decision_1,X1,29.071,0.0
Decision_1,X1,29.204,0.0
Decision_1,X1,29.336,0.0
Decision_1,X1,29.469,0.0
Decision_1,X1,29.602,0.0
Decision_1,X1,29.735,0.0
Decision_1,X1,29.867,0.0
Decision_1,X1,30.0,0.0
Decision_1,X1,30.133,0.0
Decision_1,X1,30.265,0.0
Decision_1,X1,30.398,0.0
Decision_1,X1,30.531,0.0
Decision_1,X1,30.664,0.0
Decision_1,X1,30.796,0.0
Decision_1,X1,30.929,0.0
Decision_1,X1,31.062,0.0
Decision_1,X1,31.195,0.0
Decision_1,X1,31.327,0.0
Decision_1,X1,31.46,0.0
Decision_1,X1,31.593,0.0
Decision_1,X1,31.726,0.0
Decision_1,X1,31.858,0.0
Decision_1,X1,31.991,0.0
Decision_1,X1,32.124,0.0
Decision_1,X1,32.257,0.0
Decision_1,X1,32.389,0.0
Decision_1,X1,32.522,0.0
Decision_1,X1,32.655,0.0
Decision_1,X1,32.788,0.0
Decision_1,X1,32.92,0.0
Decision_1,X1,33.053,0.0
Decision_1,X1,33.186,0.0
Decision_1,X1,33.319,0.0
Decision_1,X1,33.451,0.0
Decision_1,X1,33.584,0.0
Decision_1,X1,33.717,0.0
Decision_1,X1,33.85,0.0
Decision_1,X1,33.982,0.0
Decision_1,X1,34.115,0.0
Decision_1,X1,34.248,0.0
Decision_1,X1,34.381,0.0
Decision_1,X1,34.513,0.0
Decision_1,X1,34.646,0.0
Decision_1,X1,34.779,0.0
Decision_1,X1,34.912,0.0
Decision_1,X1,35.044,0.0
Decision_1,X1,35.177,0.0
Decision_1,X1,35.31,0.0
Decision_1,X1,35.442,0.0
Decision_1,X1,35.575,0.0
Decision_1,X1,35.708,0.0
Decision_1,X1,35.841,0.0
Decision_1,X1,35.973,0.0
Decision_1,X1,36.106,0.0
Decision_1,X1,36.239,0.0
Decision_1,X1,36.372,0.0
Decision_1,X1,36.504,0.0
Decision_1,X1,36.637,0.0
Decision_1,X1,36.77,0.0
Decision_1,X1,36.903,0.0
Decision_1,X1,37.035,0.0
Decision_1,X1,37.168,0.0
Decision_1,X1,37.301,0.0
Decision_1,X1,37.434,0.0
Decision_1,X1,37.566,0.0
Decision_1,X1,37.699,0.0
Decision_1,X1,37.832,0.0
Decision_1,X1,37.965,0.0
Decision_1,X1,38.097,0.0
Decision_1,X1,38.23,0.0
Decision_1,X1,38.363,0.0
Decision_1,X1,38.496,0.0
Decision_1,X1,38.628,0.0
Decision_1,X1,38.761,0.0
Decision_1,X1,38.894,0.0
Decision_1,X1,39.027,0.0
Decision_1,X1,39.159,0.0
Decision_1,X1,39.292,0.0
Decision_1,X1,39.425,0.0
Decision_1,X1,39.558,0.0
Decision_1,X1,39.69,0.0
Decision_1,X1,39.823,0.0
Decision_1,X1,39.956,0.0
Decision_1,X1,40.088,0.0
Decision_1,X1,40.221,0.0
Decision_1,X1,40.354,0.0
Decision_1,X1,40.487,0.0
Decision_1,X1,40.619,0.0
Decision_1,X1,40.752,0.0
Decision_1,X1,40.885,0.0
Decision_1,X1,41.018,0.0
Decision_1,X1,41.15,0.0
Decision_1,X1,41.283,0.0
Decision_1,X1,41.416,0.0
Decision_1,X1,41.549,0.0
Decision_1,X1,41.681,0.0
Decision_1,X1,41.814,0.0
Decision_1,X1,41.947,0.0
Decision_1,X1,42.08,0.0
Decision_1,X1,42.212,0.0
Decision_1,X1,42.345,0.0
Decision_1,X1,42.478,0.0
Decision_1,X1,42.611,0.0
Decision_1,X1,42.743,0.0
Decision_1,X1,42.876,0.0
Decision_1,X1,43.009,0.0
Decision_1,X1,43.142,0.0
Decision_1,X1,43.274,0.0
Decision_1,X1,43.407,0.0
Decision_1,X1,43.54,0.0
Decision_1,X1,43.673,0.0
Decision_1,X1,43.805,0.0
Decision_1,X1,43.938,0.0
Decision_1,X1,44.071,0.0
Decision_1,X1,44.204,0.0
Decision_1,X1,44.336,0.0
Decision_1,X1,44.469,0.0
Decision_1,X1,44.602,0.0
Decision_1,X1,44.735,0.0
Decision_1,X1,44.867,0.0
Decision_1,X1,45.0,0.0
Decision_1,X1,45.133,0.0
Decision_1,X1,45.265,0.0
Decision_1,X1,45.398,0.0
Decision_1,X1,45.531,0.0
Decision_1,X1,45.664,0.0
Decision_1,X1,45.796,0.0
Decision_1,X1,45.929,0.0
Decision_1,X1,46.062,0.0
Decision_1,X1,46.195,0.0
Decision_1,X1,46.327,0.0
Decision_1,X1,46.46,0.0
Decision_1,X1,46.593,0.0
Decision_1,X1,46.726,0.0
Decision_1,X1,46.858,0.0
Decision_1,X1,46.991,0.0
Decision_1,X1,47.124,0.0
Decision_1,X1,47.257,0.0
Decision_1,X1,47.389,0.0
Decision_1,X1,47.522,0.0
Decision_1,X1,47.655,0.0
Decision_1,X1,47.788,0.0
Decision_1,X1,47.92,0.0
Decision_1,X1,48.053,0.0
Decision_1,X1,48.186,0.0
Decision_1,X1,48.319,0.0
Decision_1,X1,48.451,0.0
Decision_1,X1,48.584,0.0
Decision_1,X1,48.717,0.0
Decision_1,X1,48.85,0.0
Decision_1,X1,48.982,0.0
Decision_1,X1,49.115,0.0
Decision_1,X1,49.248,0.0
Decision_1,X1,49.381,0.0
Decision_1,X1,49.513,0.0
Decision_1,X1,49.646,0.0
Decision_1,X1,49.779,0.0
Decision_1,X1,49.912,0.0
Decision_1,X1,50.044,0.0
Decision_1,X1,50.177,0.0
Decision_1,X1,50.31,0.0
Decision_1,X1,50.442,0.0
Decision_1,X1,50.575,0.0
Decision_1,X1,50.708,0.0
Decision_1,X1,50.841,0.0
Decision_1,X1,50.973,0.0
Decision_1,X1,51.106,0.0
Decision_1,X1,51.239,0.0
Decision_1,X1,51.372,0.0
Decision_1,X1,51.504,0.0
Decision_1,X1,51.637,0.0
Decision_1,X1,51.77,0.0
Decision_1,X1,51.903,0.0
Decision_1,X1,52.035,0.0
Decision_1,X1,52.168,0.0
Decision_1,X1,52.301,0.0
Decision_1,X1,52.434,0.0
Decision_1,X1,52.566,0.0
Decision_1,X1,52.699,0.0
Decision_1,X1,52.832,0.0
Decision_1,X1,52.965,0.0
Decision_1,X1,53.097,0.0
Decision_1,X1,53.23,0.0
Decision_1,X1,53.363,0.0
Decision_1,X1,53.496,0.0
Decision_1,X1,53.628,0.0
Decision_1,X1,53.761,0.0
Decision_1,X1,53.894,0.0
Decision_1,X1,54.027,0.0
Decision_1,X1,54.159,0.0
Decision_1,X1,54.292,0.0
Decision_1,X1,54.425,0.0
Decision_1,X1,54.558,0.0
Decision_1,X1,54.69,0.0
Decision_1,X1,54.823,0.0
Decision_1,X1,54.956,0.0
Decision_1,X1,55.088,0.0
Decision_1,X1,55.221,0.0
Decision_1,X1,55.354,0.0
Decision_1,X1,55.487,0.0
Decision_1,X1,55.619,0.0
Decision_1,X1,55.752,0.0
Decision_1,X1,55.885,0.0
Decision_1,X1,56.018,0.0
Decision_1,X1,56.15,0.0
Decision_1,X1,56.283,0.0
Decision_1,X1,56.416,0.0
Decision_1,X1,56.549,0.0
Decision_1,X1,56.681,0.0
Decision_1,X1,56.814,0.0
Decision_1,X1,56.947,0.0
Decision_1,X1,57.08,0.0
Decision_1,X1,57.212,0.0
Decision_1,X1,57.345,0.0
Decision_1,X1,57.478,0.0
Decision_1,X1,57.611,0.0
Decision_1,X1,57.743,0.0
Decision_1,X1,57.876,0.0
Decision_1,X1,58.009,0.0
Decision_1,X1,58.142,0.0
Decision_1,X1,58.274,0.0
Decision_1,X1,58.407,0.0
Decision_1,X1,58.54,0.0
Decision_1,X1,58.673,0.0
Decision_1,X1,58.805,0.0
Decision_1,X1,58.938,0.0
Decision_1,X1,59.071,0.0
Decision_1,X1,59.204,0.0
Decision_1,X1,59.336,0.0
Decision_1,X1,59.469,0.0
Decision_1,X1,59.602,0.0
Decision_1,X1,59.735,0.0
Decision_1,X1,59.867,0.0
Decision_1,X1,60.0,0.0
Decision_1,X1,60.133,0.0
Decision_1,X1,60.265,0.0
Decision_1,X1,60.398,0.0
Decision_1,X1,60.531,0.0
Decision_1,X1,60.664,0.0
Decision_1,X1,60.796,0.0
Decision_1,X1,60.929,0.0
Decision_1,X1,61.062,0.0
Decision_1,X1,61.195,0.0
Decision_1,X1,61.327,0.0
Decision_1,X1,61.46,0.0
Decision_1,X1,61.593,0.0
Decision_1,X1,61.726,0.0
Decision_1,X1,61.858,0.0
Decision_1,X1,61.991,0.0
Decision_1,X1,62.124,0.0
Decision_1,X1,62.257,0.0
Decision_1,X1,62.389,0.0
Decision_1,X1,62.522,0.0
Decision_1,X1,62.655,0.0
Decision_1,X1,62.788,0.0
Decision_1,X1,62.92,0.0
Decision_1,X1,63.053,0.0
Decision_1,X1,63.186,0.0
Decision_1,X1,63.319,0.0
Decision_1,X1,63.451,0.0
Decision_1,X1,63.584,0.0
Decision_1,X1,63.717,0.0
Decision_1,X1,63.85,0.0
Decision_1,X1,63.982,0.0
Decision_1,X1,64.115,0.0
Decision_1,X1,64.248,0.0
Decision_1,X1,64.381,0.0
Decision_1,X1,64.513,0.0
Decision_1,X1,64.646,0.0
Decision_1,X1,64.779,0.0
Decision_1,X1,64.912,0.0
Decision_1,X1,65.044,0.0
Decision_1,X1,65.177,0.0
Decision_1,X1,65.31,0.0
Decision_1,X1,65.442,0.0
Decision_1,X1,65.575,0.0
Decision_1,X1,65.708,0.0
Decision_1,X1,65.841,0.0
Decision_1,X1,65.973,0.0
Decision_1,X1,66.106,0.0
Decision_1,X1,66.239,0.0
Decision_1,X1,66.372,0.0
Decision_1,X1,66.504,0.0
Decision_1,X1,66.637,0.0
Decision_1,X1,66.77,0.0
Decision_1,X1,66.903,0.0
Decision_1,X1,67.035,0.0
Decision_1,X1,67.168,0.0
Decision_1,X1,67.301,0.0
Decision_1,X1,67.434,0.0
Decision_1,X1,67.566,0.0
Decision_1,X1,67.699,0.0
Decision_1,X1,67.832,0.0
Decision_1,X1,67.965,0.0
Decision_1,X1,68.097,0.0
Decision_1,X1,68.23,0.0
Decision_1,X1,68.363,0.0
Decision_1,X1,68.496,0.0
Decision_1,X1,68.628,0.0
Decision_1,X1,68.761,0.0
Decision_1,X1,68.894,0.0
Decision_1,X1,69.027,0.0
Decision_1,X1,69.159,0.0
Decision_1,X1,69.292,0.0
Decision_1,X1,69.425,0.0
Decision_1,X1,69.558,0.0
Decision_1,X1,69.69,0.0
Decision_1,X1,69.823,0.0
Decision_1,X1,69.956,0.0
Decision_1,X1,70.088,0.0
Decision_1,X1,70.221,0.0
Decision_1,X1,70.354,0.0
Decision_1,X1,70.487,0.0
Decision_1,X1,70.619,0.0
Decision_1,X1,70.752,0.0
Decision_1,X1,70.885,0.0
Decision_1,X1,71.018,0.0
Decision_1,X1,71.15,0.0
Decision_1,X1,71.283,0.0
Decision_1,X1,71.416,0.0
Decision_1,X1,71.549,0.0
Decision_1,X1,71.681,0.0
Decision_1,X1,71.814,0.0
Decision_1,X1,71.947,0.0
Decision_1,X1,72.08,0.0
Decision_1,X1,72.212,0.0
Decision_1,X1,72.345,0.0
Decision_1,X1,72.478,0.0
Decision_1,X1,72.611,0.0
Decision_1,X1,72.743,0.0
Decision_1,X1,72.876,0.0
Decision_1,X1,73.009,0.0
Decision_1,X1,73.142,0.0
Decision_1,X1,73.274,0.0
Decision_1,X1,73.407,0.0
Decision_1,X1,73.54,0.0
Decision_1,X1,73.673,0.0
Decision_1,X1,73.805,0.0
Decision_1,X1,73.938,0.0
Decision_1,X1,74.071,0.0
Decision_1,X1,74.204,0.0
Decision_1,X1,74.336,0.0
Decision_1,X1,74.469,0.0
Decision_1,X1,74.602,0.0
Decision_1,X1,74.735,0.0
Decision_1,X1,74.867,0.0
Decision_1,X1,75.0,0.0
Decision_1,X1,75.133,0.0
Decision_1,X1,75.265,0.0
Decision_1,X1,75.398,0.0
Decision_1,X1,75.531,0.0
Decision_1,X1,75.664,0.0
Decision_1,X1,75.796,0.0
Decision_1,X1,75.929,0.0
Decision_1,X1,76.062,0.0
Decision_1,X1,76.195,0.0
Decision_1,X1,76.327,0.0
Decision_1,X1,76.46,0.0
Decision_1,X1,76.593,0.0
Decision_1,X1,76.726,0.0
Decision_1,X1,76.858,0.0
Decision_1,X1,76.991,0.0
Decision_1,X1,77.124,0.0
Decision_1,X1,77.257,0.0
Decision_1,X1,77.389,0.0
Decision_1,X1,77.522,0.0
Decision_1,X1,77.655,0.0
Decision_1,X1,77.788,0.0
Decision_1,X1,77.92,0.0
Decision_1,X1,78.053,0.0
Decision_1,X1,78.186,0.0
Decision_1,X1,78.319,0.0
Decision_1,X1,78.451,0.0
Decision_1,X1,78.584,0.0
Decision_1,X1,78.717,0.0
Decision_1,X1,78.85,0.0
Decision_1,X1,78.982,0.0
Decision_1,X1,79.115,0.0
Decision_1,X1,79.248,0.0
Decision_1,X1,79.381,0.0
Decision_1,X1,79.513,0.0
Decision_1,X1,79.646,0.0
Decision_1,X1,79.779,0.0
Decision_1,X1,79.912,0.0
Decision_1,X1,80.044,0.0
Decision_1,X1,80.177,0.0
Decision_1,X1,80.31,0.0
Decision_1,X1,80.442,0.0
Decision_1,X1,80.575,0.0
Decision_1,X1,80.708,0.0
Decision_1,X1,80.841,0.0
Decision_1,X1,80.973,0.0
Decision_1,X1,81.106,0.0
Decision_1,X1,81.239,0.0
Decision_1,X1,81.372,0.0
Decision_1,X1,81.504,0.0
Decision_1,X1,81.637,0.0
Decision_1,X1,81.77,0.0
Decision_1,X1,81.903,0.0
Decision_1,X1,82.035,0.0
Decision_1,X1,82.168,0.0
Decision_1,X1,82.301,0.0
Decision_1,X1,82.434,0.0
Decision_1,X1,82.566,0.0
Decision_1,X1,82.699,0.0
Decision_1,X1,82.832,0.0
Decision_1,X1,82.965,0.0
Decision_1,X1,83.097,0.0
Decision_1,X1,83.23,0.0
Decision_1,X1,83.363,0.0
Decision_1,X1,83.496,0.0
Decision_1,X1,83.628,0.0
Decision_1,X1,83.761,0.0
Decision_1,X1,83.894,0.0
Decision_1,X1,84.027,0.0
Decision_1,X1,84.159,0.0
Decision_1,X1,84.292,0.0
Decision_1,X1,84.425,0.0
Decision_1,X1,84.558,0.0
Decision_1,X1,84.69,0.0
Decision_1,X1,84.823,0.0
Decision_1,X1,84.956,0.0
Decision_1,X1,85.088,0.0
Decision_1,X1,85.221,0.0
Decision_1,X1,85.354,0.0
Decision_1,X1,85.487,0.0
Decision_1,X1,85.619,0.0
Decision_1,X1,85.752,0.0
Decision_1,X1,85.885,0.0
Decision_1,X1,86.018,0.0
Decision_1,X1,86.15,0.0
Decision_1,X1,86.283,0.0
Decision_1,X1,86.416,0.0
Decision_1,X1,86.549,0.0
Decision_1,X1,86.681,0.0
Decision_1,X1,86.814,0.0
Decision_1,X1,86.947,0.0
Decision_1,X1,87.08,0.0
Decision_1,X1,87.212,0.0
Decision_1,X1,87.345,0.0
Decision_1,X1,87.478,0.0
Decision_1,X1,87.611,0.0
Decision_1,X1,87.743,0.0
Decision_1,X1,87.876,0.0
Decision_1,X1,88.009,0.0
Decision_1,X1,88.142,0.0
Decision_1,X1,88.274,0.0
Decision_1,X1,88.407,0.0
Decision_1,X1,88.54,0.0
Decision_1,X1,88.673,0.0
Decision_1,X1,88.805,0.0
Decision_1,X1,88.938,0.0
Decision_1,X1,89.071,0.0
Decision_1,X1,89.204,0.0
Decision_1,X1,89.336,0.0
Decision_1,X1,89.469,0.0
Decision_1,X1,89.602,0.0
Decision_1,X1,89.735,0.0
Decision_1,X1,89.867,0.0
Decision_1,X1,90.0,0.0
Decision_1,X1,90.133,0.0
Decision_1,X1,90.265,0.0
Decision_1,X1,90.398,0.0
Decision_1,X1,90.531,0.0
Decision_1,X1,90.664,0.0
Decision_1,X1,90.796,0.0
Decision_1,X1,90.929,0.0
Decision_1,X1,91.062,0.0
Decision_1,X1,91.195,0.0
Decision_1,X1,91.327,0.0
Decision_1,X1,91.46,0.0
Decision_1,X1,91.593,0.0
Decision_1,X1,91.726,0.0
Decision_1,X1,91.858,0.0
Decision_1,X1,91.991,0.0
Decision_1,X1,92.124,0.0
Decision_1,X1,92.257,0.0
Decision_1,X1,92.389,0.0
Decision_1,X1,92.522,0.0
Decision_1,X1,92.655,0.0
Decision_1,X1,92.788,0.0
Decision_1,X1,92.92,0.0
Decision_1,X1,93.053,0.0
Decision_1,X1,93.186,0.0
Decision_1,X1,93.319,0.0
Decision_1,X1,93.451,0.0
Decision_1,X1,93.584,0.0
Decision_1,X1,93.717,0.0
Decision_1,X1,93.85,0.0
Decision_1,X1,93.982,0.0
Decision_1,X1,94.115,0.0
Decision_1,X1,94.248,0.0
Decision_1,X1,94.381,0.0
Decision_1,X1,94.513,0.0
Decision_1,X1,94.646,0.0
Decision_1,X1,94.779,0.0
Decision_1,X1,94.912,0.0
Decision_1,X1,95.044,0.0
Decision_1,X1,95.177,0.0
Decision_1,X1,95.31,0.0
Decision_1,X1,95.442,0.0
Decision_1,X1,95.575,0.0
Decision_1,X1,95.708,0.0
Decision_1,X1,95.841,0.0
Decision_1,X1,95.973,0.0
Decision_1,X1,96.106,0.0
Decision_1,X1,96.239,0.0
Decision_1,X1,96.372,0.0
Decision_1,X1,96.504,0.0
Decision_1,X1,96.637,0.0
Decision_1,X1,96.77,0.0549
Decision_1,X1,96.903,1.0
Decision_1,X2,0.0,1.0
Decision_1,X2,0.133,0.0549
Decision_1,X2,0.265,0.0
Decision_1,X2,0.398,0.0
Decision_1,X2,0.531,0.0
Decision_1,X2,0.664,0.0
Decision_1,X2,0.796,0.0
Decision_1,X2,0.929,0.0
Decision_1,X2,1.062,0.0
Decision_1,X2,1.195,0.0
Decision_1,X2,1.327,0.0
Decision_1,X2,1.46,0.0
Decision_1,X2,1.593,0.0
Decision_1,X2,1.726,0.0
Decision_1,X2,1.858,0.0
Decision_1,X2,1.991,0.0
Decision_1,X2,2.124,0.0
Decision_1,X2,2.257,0.0
Decision_1,X2,2.389,0.0
Decision_1,X2,2.522,0.0
Decision_1,X2,2.655,0.0
Decision_1,X2,2.788,0.0
Decision_1,X2,2.92,0.0
Decision_1,X2,3.053,0.0
Decision_1,X2,3.186,0.0
Decision_1,X2,3.319,0.0
Decision_1,X2,3.451,0.0
Decision_1,X2,3.584,0.0
Decision_1,X2,3.717,0.0
Decision_1,X2,3.85,0.0
Decision_1,X2,3.982,0.0
Decision_1,X2,4.115,0.0
Decision_1,X2,4.248,0.0
Decision_1,X2,4.381,0.0
Decision_1,X2,4.513,0.0
Decision_1,X2,4.646,0.0
Decision_1,X2,4.779,0.0
Decision_1,X2,4.912,0.0
Decision_1,X2,5.044,0.0
Decision_1,X2,5.177,0.0
Decision_1,X2,5.31,0.0
Decision_1,X2,5.442,0.0
Decision_1,X2,5.575,0.0
Decision_1,X2,5.708,0.0
Decision_1,X2,5.841,0.0
Decision_1,X2,5.973,0.0
Decision_1,X2,6.106,0.0
Decision_1,X2,6.239,0.0
Decision_1,X2,6.372,0.0
Decision_1,X2,6.504,0.0
Decision_1,X2,6.637,0.0
Decision_1,X2,6.77,0.0
Decision_1,X2,6.903,0.0
Decision_1,X2,7.035,0.0
Decision_1,X2,7.168,0.0
Decision_1,X2,7.301,0.0
Decision_1,X2,7.434,0.0
Decision_1,X2,7.566,0.0
Decision_1,X2,7.699,0.0
Decision_1,X2,7.832,0.0
Decision_1,X2,7.965,0.0
Decision_1,X2,8.097,0.0
Decision_1,X2,8.23,0.0
Decision_1,X2,8.363,0.0
Decision_1,X2,8.496,0.0
Decision_1,X2,8.628,0.0
Decision_1,X2,8.761,0.0
Decision_1,X2,8.894,0.0
Decision_1,X2,9.027,0.0
Decision_1,X2,9.159,0.0
Decision_1,X2,9.292,0.0
Decision_1,X2,9.425,0.0
Decision_1,X2,9.558,0.0
Decision_1,X2,9.69,0.0
Decision_1,X2,9.823,0.0
Decision_1,X2,9.956,0.0
Decision_1,X2,10.088,0.0
Decision_1,X2,10.221,0.0
Decision_1,X2,10.354,0.0
Decision_1,X2,10.487,0.0
Decision_1,X2,10.619,0.0
Decision_1,X2,10.752,0.0
Decision_1,X2,10.885,0.0
Decision_1,X2,11.018,0.0
Decision_1,X2,11.15,0.0
Decision_1,X2,11.283,0.0
Decision_1,X2,11.416,0.0
Decision_1,X2,11.549,0.0
Decision_1,X2,11.681,0.0
Decision_1,X2,11.814,0.0
Decision_1,X2,11.947,0.0
Decision_1,X2,12.08,0.0
Decision_1,X2,12.212,0.0
Decision_1,X2,12.345,0.0
Decision_1,X2,12.478,0.0
Decision_1,X2,12.611,0.0
Decision_1,X2,12.743,0.0
Decision_1,X2,12.876,0.0
Decision_1,X2,13.009,0.0
Decision_1,X2,13.142,0.0
Decision_1,X2,13.274,0.0
Decision_1,X2,13.407,0.0
Decision_1,X2,13.54,0.0
Decision_1,X2,13.673,0.0
Decision_1,X2,13.805,0.0
Decision_1,X2,13.938,0.0
Decision_1,X2,14.071,0.0
Decision_1,X2,14.204,0.0
Decision_1,X2,14.336,0.0
Decision_1,X2,14.469,0.0
Decision_1,X2,14.602,0.0
Decision_1,X2,14.735,0.0
Decision_1,X2,14.867,0.0
Decision_1,X2,15.0,0.0
Decision_1,X2,15.133,0.0
Decision_1,X2,15.265,0.0
Decision_1,X2,15.398,0.0
Decision_1,X2,15.531,0.0
Decision_1,X2,15.664,0.0
Decision_1,X2,15.796,0.0
Decision_1,X2,15.929,0.0
Decision_1,X2,16.062,0.0
Decision_1,X2,16.195,0.0
Decision_1,X2,16.327,0.0
Decision_1,X2,16.46,0.0
Decision_1,X2,16.593,0.0
Decision_1,X2,16.726,0.0
Decision_1,X2,16.858,0.0
Decision_1,X2,16.991,0.0
Decision_1,X2,17.124,0.0
Decision_1,X2,17.257,0.0
Decision_1,X2,17.389,0.0
Decision_1,X2,17.522,0.0
Decision_1,X2,17.655,0.0
Decision_1,X2,17.788,0.0
Decision_1,X2,17.92,0.0
Decision_1,X2,18.053,0.0
Decision_1,X2,18.186,0.0
Decision_1,X2,18.319,0.0
Decision_1,X2,18.451,0.0
Decision_1,X2,18.584,0.0
Decision_1,X2,18.717,0.0
Decision_1,X2,18.85,0.0
Decision_1,X2,18.982,0.0
Decision_1,X2,19.115,0.0
Decision_1,X2,19.248,0.0
Decision_1,X2,19.381,0.0
Decision_1,X2,19.513,0.0
Decision_1,X2,19.646,0.0
Decision_1,X2,19.779,0.0
Decision_1,X2,19.912,0.0
Decision_1,X2,20.044,0.0
Decision_1,X2,20.177,0.0
Decision_1,X2,20.31,0.0
Decision_1,X2,20.442,0.0
Decision_1,X2,20.575,0.0
Decision_1,X2,20.708,0.0
Decision_1,X2,20.841,0.0
Decision_1,X2,20.973,0.0
Decision_1,X2,21.106,0.0
Decision_1,X2,21.239,0.0
Decision_1,X2,21.372,0.0
Decision_1,X2,21.504,0.0
Decision_1,X2,21.637,0.0
Decision_1,X2,21.77,0.0
Decision_1,X2,21.903,0.0
Decision_1,X2,22.035,0.0
Decision_1,X2,22.168,0.0
Decision_1,X2,22.301,0.0
Decision_1,X2,22.434,0.0
Decision_1,X2,22.566,0.0
Decision_1,X2,22.699,0.0
Decision_1,X2,22.832,0.0
Decision_1,X2,22.965,0.0
Decision_1,X2,23.097,0.0
Decision_1,X2,23.23,0.0
Decision_1,X2,23.363,0.0
Decision_1,X2,23.496,0.0
Decision_1,X2,23.628,0.0
Decision_1,X2,23.761,0.0
Decision_1,X2,23.894,0.0
Decision_1,X2,24.027,0.0
Decision_1,X2,24.159,0.0
Decision_1,X2,24.292,0.0
Decision_1,X2,24.425,0.0
Decision_1,X2,24.558,0.0
Decision_1,X2,24.69,0.0
Decision_1,X2,24.823,0.0
Decision_1,X2,24.956,0.0
Decision_1,X2,25.088,0.0
Decision_1,X2,25.221,0.0
Decision_1,X2,25.354,0.0
Decision_1,X2,25.487,0.0
Decision_1,X2,25.619,0.0
Decision_1,X2,25.752,0.0
Decision_1,X2,25.885,0.0
Decision_1,X2,26.018,0.0
Decision_1,X2,26.15,0.0
Decision_1,X2,26.283,0.0
Decision_1,X2,26.416,0.0
Decision_1,X2,26.549,0.0
Decision_1,X2,26.681,0.0
Decision_1,X2,26.814,0.0
Decision_1,X2,26.947,0.0
Decision_1,X2,27.08,0.0
Decision_1,X2,27.212,0.0
Decision_1,X2,27.345,0.0
Decision_1,X2,27.478,0.0
Decision_1,X2,27.611,0.0
Decision_1,X2,27.743,0.0
Decision_1,X2,27.876,0.0
Decision_1,X2,28.009,0.0
Decision_1,X2,28.142,0.0
Decision_1,X2,28.274,0.0
Decision_1,X2,28.407,0.0
Decision_1,X2,28.54,0.0
Decision_1,X2,28.673,0.0
Decision_1,X2,28.805,0.0
Decision_1,X2,28.938,0.0
Decision_1,X2,29.071,0.0
Decision_1,X2,29.204,0.0
Decision_1,X2,29.336,0.0
Decision_1,X2,29.469,0.0
Decision_1,X2,29.602,0.0
Decision_1,X2,29.735,0.0
Decision_1,X2,29.867,0.0
Decision_1,X2,30.0,0.0
Decision_1,X2,30.133,0.0
Decision_1,X2,30.265,0.0
Decision_1,X2,30.398,0.0
Decision_1,X2,30.531,0.0
Decision_1,X2,30.664,0.0
Decision_1,X2,30.796,0.0
Decision_1,X2,30.929,0.0
Decision_1,X2,31.062,0.0
Decision_1,X2,31.195,0.0
Decision_1,X2,31.327,0.0
Decision_1,X2,31.46,0.0
Decision_1,X2,31.593,0.0
Decision_1,X2,31.726,0.0
Decision_1,X2,31.858,0.0
Decision_1,X2,31.991,0.0
Decision_1,X2,32.124,0.0
Decision_1,X2,32.257,0.0
Decision_1,X2,32.389,0.0
Decision_1,X2,32.522,0.0
Decision_1,X2,32.655,0.0
Decision_1,X2,32.788,0.0
Decision_1,X2,32.92,0.0
Decision_1,X2,33.053,0.0
Decision_1,X2,33.186,0.0
Decision_1,X2,33.319,0.0
Decision_1,X2,33.451,0.0
Decision_1,X2,33.584,0.0
Decision_1,X2,33.717,0.0
Decision_1,X2,33.85,0.0
Decision_1,X2,33.982,0.0
Decision_1,X2,34.115,0.0
Decision_1,X2,34.248,0.0
Decision_1,X2,34.381,0.0
Decision_1,X2,34.513,0.0
Decision_1,X2,34.646,0.0
Decision_1,X2,34.779,0.0
Decision_1,X2,34.912,0.0
Decision_1,X2,35.044,0.0
Decision_1,X2,35.177,0.0
Decision_1,X2,35.31,0.0
Decision_1,X2,35.442,0.0
Decision_1,X2,35.575,0.0
Decision_1,X2,35.708,0.0
Decision_1,X2,35.841,0.0
Decision_1,X2,35.973,0.0
Decision_1,X2,36.106,0.0
Decision_1,X2,36.239,0.0
Decision_1,X2,36.372,0.0
Decision_1,X2,36.504,0.0
Decision_1,X2,36.637,0.0
Decision_1,X2,36.77,0.0
Decision_1,X2,36.903,0.0
Decision_1,X2,37.035,0.0
Decision_1,X2,37.168,0.0
Decision_1,X2,37.301,0.0
Decision_1,X2,37.434,0.0
Decision_1,X2,37.566,0.0
Decision_1,X2,37.699,0.0
Decision_1,X2,37.832,0.0
Decision_1,X2,37.965,0.0
Decision_1,X2,38.097,0.0
Decision_1,X2,38.23,0.0
Decision_1,X2,38.363,0.0
Decision_1,X2,38.496,0.0
Decision_1,X2,38.628,0.0
Decision_1,X2,38.761,0.0
Decision_1,X2,38.894,0.0
Decision_1,X2,39.027,0.0
Decision_1,X2,39.159,0.0
Decision_1,X2,39.292,0.0
Decision_1,X2,39.425,0.0
Decision_1,X2,39.558,0.0
Decision_1,X2,39.69,0.0
Decision_1,X2,39.823,0.0
Decision_1,X2,39.956,0.0
Decision_1,X2,40.088,0.0
Decision_1,X2,40.221,0.0
Decision_1,X2,40.354,0.0
Decision_1,X2,40.487,0.0
Decision_1,X2,40.619,0.0
Decision_1,X2,40.752,0.0
Decision_1,X2,40.885,0.0
Decision_1,X2,41.018,0.0
Decision_1,X2,41.15,0.0
Decision_1,X2,41.283,0.0
Decision_1,X2,41.416,0.0
Decision_1,X2,41.549,0.0
Decision_1,X2,41.681,0.0
Decision_1,X2,41.814,0.0
Decision_1,X2,41.947,0.0
Decision_1,X2,42.08,0.0
Decision_1,X2,42.212,0.0
Decision_1,X2,42.345,0.0
Decision_1,X2,42.478,0.0
Decision_1,X2,42.611,0.0
Decision_1,X2,42.743,0.0
Decision_1,X2,42.876,0.0
Decision_1,X2,43.009,0.0
Decision_1,X2,43.142,0.0
Decision_1,X2,43.274,0.0
Decision_1,X2,43.407,0.0
Decision_1,X2,43.54,0.0
Decision_1,X2,43.673,0.0
Decision_1,X2,43.805,0.0
Decision_1,X2,43.938,0.0
Decision_1,X2,44.071,0.0
Decision_1,X2,44.204,0.0
Decision_1,X2,44.336,0.0
Decision_1,X2,44.469,0.0
Decision_1,X2,44.602,0.0
Decision_1,X2,44.735,0.0
Decision_1,X2,44.867,0.0
Decision_1,X2,45.0,0.0
Decision_1,X2,45.133,0.0
Decision_1,X2,45.265,0.0
Decision_1,X2,45.398,0.0
Decision_1,X2,45.531,0.0
Decision_1,X2,45.664,0.0
Decision_1,X2,45.796,0.0
Decision_1,X2,45.929,0.0
Decision_1,X2,46.062,0.0
Decision_1,X2,46.195,0.0
Decision_1,X2,46.327,0.0
Decision_1,X2,46.46,0.0
Decision_1,X2,46.593,0.0
Decision_1,X2,46.726,0.0
Decision_1,X2,46.858,0.0
Decision_1,X2,46.991,0.0
Decision_1,X2,47.124,0.0
Decision_1,X2,47.257,0.0
Decision_1,X2,47.389,0.0
Decision_1,X2,47.522,0.0
Decision_1,X2,47.655,0.0
Decision_1,X2,47.788,0.0
Decision_1,X2,47.92,0.0
Decision_1,X2,48.053,0.0
Decision_1,X2,48.186,0.0
Decision_1,X2,48.319,0.0
Decision_1,X2,48.451,0.0
Decision_1,X2,48.584,0.0
Decision_1,X2,48.717,0.0
Decision_1,X2,48.85,0.0
Decision_1,X2,48.982,0.0
Decision_1,X2,49.115,0.0
Decision_1,X2,49.248,0.0
Decision_1,X2,49.381,0.0
Decision_1,X2,49.513,0.0
Decision_1,X2,49.646,0.0
Decision_1,X2,49.779,0.0
Decision_1,X2,49.912,0.0
Decision_1,X2,50.044,0.0
Decision_1,X2,50.177,0.0
Decision_1,X2,50.31,0.0
Decision_1,X2,50.442,0.0
Decision_1,X2,50.575,0.0
Decision_1,X2,50.708,0.0
Decision_1,X2,50.841,0.0
Decision_1,X2,50.973,0.0
Decision_1,X2,51.106,0.0
Decision_1,X2,51.239,0.0
Decision_1,X2,51.372,0.0
Decision_1,X2,51.504,0.0
Decision_1,X2,51.637,0.0
Decision_1,X2,51.77,0.0
Decision_1,X2,51.903,0.0
Decision_1,X2,52.035,0.0
Decision_1,X2,52.168,0.0
Decision_1,X2,52.301,0.0
Decision_1,X2,52.434,0.0
Decision_1,X2,52.566,0.0
Decision_1,X2,52.699,0.0
Decision_1,X2,52.832,0.0
Decision_1,X2,52.965,0.0
Decision_1,X2,53.097,0.0
Decision_1,X2,53.23,0.0
Decision_1,X2,53.363,0.0
Decision_1,X2,53.496,0.0
Decision_1,X2,53.628,0.0
Decision_1,X2,53.761,0.0
Decision_1,X2,53.894,0.0
Decision_1,X2,54.027,0.0
Decision_1,X2,54.159,0.0
Decision_1,X2,54.292,0.0
Decision_1,X2,54.425,0.0
Decision_1,X2,54.558,0.0
Decision_1,X2,54.69,0.0
Decision_1,X2,54.823,0.0
Decision_1,X2,54.956,0.0
Decision_1,X2,55.088,0.0
Decision_1,X2,55.221,0.0
Decision_1,X2,55.354,0.0
Decision_1,X2,55.487,0.0
Decision_1,X2,55.619,0.0
Decision_1,X2,55.752,0.0
Decision_1,X2,55.885,0.0
Decision_1,X2,56.018,0.0
Decision_1,X2,56.15,0.0
Decision_1,X2,56.283,0.0
Decision_1,X2,56.416,0.0
Decision_1,X2,56.549,0.0
Decision_1,X2,56.681,0.0
Decision_1,X2,56.814,0.0
Decision_1,X2,56.947,0.0
Decision_1,X2,57.08,0.0
Decision_1,X2,57.212,0.0
Decision_1,X2,57.345,0.0
Decision_1,X2,57.478,0.0
Decision_1,X2,57.611,0.0
Decision_1,X2,57.743,0.0
Decision_1,X2,57.876,0.0
Decision_1,X2,58.009,0.0
Decision_1,X2,58.142,0.0
Decision_1,X2,58.274,0.0
Decision_1,X2,58.407,0.0
Decision_1,X2,58.54,0.0
Decision_1,X2,58.673,0.0
Decision_1,X2,58.805,0.0
Decision_1,X2,58.938,0.0
Decision_1,X2,59.071,0.0
Decision_1,X2,59.204,0.0
Decision_1,X2,59.336,0.0
Decision_1,X2,59.469,0.0
Decision_1,X2,59.602,0.0
Decision_1,X2,59.735,0.0
Decision_1,X2,59.867,0.0
Decision_1,X2,60.0,0.0
Decision_1,X2,60.133,0.0
Decision_1,X2,60.265,0.0
Decision_1,X2,60.398,0.0
Decision_1,X2,60.531,0.0
Decision_1,X2,60.664,0.0
Decision_1,X2,60.796,0.0
Decision_1,X2,60.929,0.0
Decision_1,X2,61.062,0.0
Decision_1,X2,61.195,0.0
Decision_1,X2,61.327,0.0
Decision_1,X2,61.46,0.0
Decision_1,X2,61.593,0.0
Decision_1,X2,61.726,0.0
Decision_1,X2,61.858,0.0
Decision_1,X2,61.991,0.0
Decision_1,X2,62.124,0.0
Decision_1,X2,62.257,0.0
Decision_1,X2,62.389,0.0
Decision_1,X2,62.522,0.0
Decision_1,X2,62.655,0.0
Decision_1,X2,62.788,0.0
Decision_1,X2,62.92,0.0
Decision_1,X2,63.053,0.0
Decision_1,X2,63.186,0.0
Decision_1,X2,63.319,0.0
Decision_1,X2,63.451,0.0
Decision_1,X2,63.584,0.0
Decision_1,X2,63.717,0.0
Decision_1,X2,63.85,0.0
Decision_1,X2,63.982,0.0
Decision_1,X2,64.115,0.0
Decision_1,X2,64.248,0.0
Decision_1,X2,64.381,0.0
Decision_1,X2,64.513,0.0
Decision_1,X2,64.646,0.0
Decision_1,X2,64.779,0.0
Decision_1,X2,64.912,0.0
Decision_1,X2,65.044,0.0
Decision_1,X2,65.177,0.0
Decision_1,X2,65.31,0.0
Decision_1,X2,65.442,0.0
Decision_1,X2,65.575,0.0
Decision_1,X2,65.708,0.0
Decision_1,X2,65.841,0.0
Decision_1,X2,65.973,0.0
Decision_1,X2,66.106,0.0
Decision_1,X2,66.239,0.0
Decision_1,X2,66.372,0.0
Decision_1,X2,66.504,0.0
Decision_1,X2,66.637,0.0
Decision_1,X2,66.77,0.0
Decision_1,X2,66.903,0.0
Decision_1,X2,67.035,0.0
Decision_1,X2,67.168,0.0
Decision_1,X2,67.301,0.0
Decision_1,X2,67.434,0.0
Decision_1,X2,67.566,0.0
Decision_1,X2,67.699,0.0
Decision_1,X2,67.832,0.0
Decision_1,X2,67.965,0.0
Decision_1,X2,68.097,0.0
Decision_1,X2,68.23,0.0
Decision_1,X2,68.363,0.0
Decision_1,X2,68.496,0.0
Decision_1,X2,68.628,0.0
Decision_1,X2,68.761,0.0
Decision_1,X2,68.894,0.0
Decision_1,X2,69.027,0.0
Decision_1,X2,69.159,0.0
Decision_1,X2,69.292,0.0
Decision_1,X2,69.425,0.0
Decision_1,X2,69.558,0.0
Decision_1,X2,69.69,0.0
Decision_1,X2,69.823,0.0
Decision_1,X2,69.956,0.0
Decision_1,X2,70.088,0.0
Decision_1,X2,70.221,0.0
Decision_1,X2,70.354,0.0
Decision_1,X2,70.487,0.0
Decision_1,X2,70.619,0.0
Decision_1,X2,70.752,0.0
Decision_1,X2,70.885,0.0
Decision_1,X2,71.018,0.0
Decision_1,X2,71.15,0.0
Decision_1,X2,71.283,0.0
Decision_1,X2,71.416,0.0
Decision_1,X2,71.549,0.0
Decision_1,X2,71.681,0.0
Decision_1,X2,71.814,0.0
Decision_1,X2,71.947,0.0
Decision_1,X2,72.08,0.0
Decision_1,X2,72.212,0.0
Decision_1,X2,72.345,0.0
Decision_1,X2,72.478,0.0
Decision_1,X2,72.611,0.0
Decision_1,X2,72.743,0.0
Decision_1,X2,72.876,0.0
Decision_1,X2,73.009,0.0
Decision_1,X2,73.142,0.0
Decision_1,X2,73.274,0.0
Decision_1,X2,73.407,0.0
Decision_1,X2,73.54,0.0
Decision_1,X2,73.673,0.0
Decision_1,X2,73.805,0.0
Decision_1,X2,73.938,0.0
Decision_1,X2,74.071,0.0
Decision_1,X2,74.204,0.0
Decision_1,X2,74.336,0.0
Decision_1,X2,74.469,0.0
Decision_1,X2,74.602,0.0
Decision_1,X2,74.735,0.0
Decision_1,X2,74.867,0.0
Decision_1,X2,75.0,0.0
Decision_1,X2,75.133,0.0
Decision_1,X2,75.265,0.0
Decision_1,X2,75.398,0.0
Decision_1,X2,75.531,0.0
Decision_1,X2,75.664,0.0
Decision_1,X2,75.796,0.0
Decision_1,X2,75.929,0.0
Decision_1,X2,76.062,0.0
Decision_1,X2,76.195,0.0
Decision_1,X2,76.327,0.0
Decision_1,X2,76.46,0.0
Decision_1,X2,76.593,0.0
Decision_1,X2,76.726,0.0
Decision_1,X2,76.858,0.0
Decision_1,X2,76.991,0.0
Decision_1,X2,77.124,0.0
Decision_1,X2,77.257,0.0
Decision_1,X2,77.389,0.0
Decision_1,X2,77.522,0.0
Decision_1,X2,77.655,0.0
Decision_1,X2,77.788,0.0
Decision_1,X2,77.92,0.0
Decision_1,X2,78.053,0.0
Decision_1,X2,78.186,0.0
Decision_1,X2,78.319,0.0
Decision_1,X2,78.451,0.0
Decision_1,X2,78.584,0.0
Decision_1,X2,78.717,0.0
Decision_1,X2,78.85,0.0
Decision_1,X2,78.982,0.0
Decision_1,X2,79.115,0.0
Decision_1,X2,79.248,0.0
Decision_1,X2,79.381,0.0
Decision_1,X2,79.513,0.0
Decision_1,X2,79.646,0.0
Decision_1,X2,79.779,0.0
Decision_1,X2,79.912,0.0
Decision_1,X2,80.044,0.0
Decision_1,X2,80.177,0.0
Decision_1,X2,80.31,0.0
Decision_1,X2,80.442,0.0
Decision_1,X2,80.575,0.0
Decision_1,X2,80.708,0.0
Decision_1,X2,80.841,0.0
Decision_1,X2,80.973,0.0
Decision_1,X2,81.106,0.0
Decision_1,X2,81.239,0.0
Decision_1,X2,81.372,0.0
Decision_1,X2,81.504,0.0
Decision_1,X2,81.637,0.0
Decision_1,X2,81.77,0.0
Decision_1,X2,81.903,0.0
Decision_1,X2,82.035,0.0
Decision_1,X2,82.168,0.0
Decision_1,X2,82.301,0.0
Decision_1,X2,82.434,0.0
Decision_1,X2,82.566,0.0
Decision_1,X2,82.699,0.0
Decision_1,X2,82.832,0.0
Decision_1,X2,82.965,0.0
Decision_1,X2,83.097,0.0
Decision_1,X2,83.23,0.0
Decision_1,X2,83.363,0.0
Decision_1,X2,83.496,0.0
Decision_1,X2,83.628,0.0
Decision_1,X2,83.761,0.0
Decision_1,X2,83.894,0.0
Decision_1,X2,84.027,0.0
Decision_1,X2,84.159,0.0
Decision_1,X2,84.292,0.0
Decision_1,X2,84.425,0.0
Decision_1,X2,84.558,0.0
Decision_1,X2,84.69,0.0
Decision_1,X2,84.823,0.0
Decision_1,X2,84.956,0.0
Decision_1,X2,85.088,0.0
Decision_1,X2,85.221,0.0
Decision_1,X2,85.354,0.0
Decision_1,X2,85.487,0.0
Decision_1,X2,85.619,0.0
Decision_1,X2,85.752,0.0
Decision_1,X2,85.885,0.0
Decision_1,X2,86.018,0.0
Decision_1,X2,86.15,0.0
Decision_1,X2,86.283,0.0
Decision_1,X2,86.416,0.0
Decision_1,X2,86.549,0.0
Decision_1,X2,86.681,0.0
Decision_1,X2,86.814,0.0
Decision_1,X2,86.947,0.0
Decision_1,X2,87.08,0.0
Decision_1,X2,87.212,0.0
Decision_1,X2,87.345,0.0
Decision_1,X2,87.478,0.0
Decision_1,X2,87.611,0.0
Decision_1,X2,87.743,0.0
Decision_1,X2,87.876,0.0
Decision_1,X2,88.009,0.0
Decision_1,X2,88.142,0.0
Decision_1,X2,88.274,0.0
Decision_1,X2,88.407,0.0
Decision_1,X2,88.54,0.0
Decision_1,X2,88.673,0.0
Decision_1,X2,88.805,0.0
Decision_1,X2,88.938,0.0
Decision_1,X2,89.071,0.0
Decision_1,X2,89.204,0.0
Decision_1,X2,89.336,0.0
Decision_1,X2,89.469,0.0
Decision_1,X2,89.602,0.0
Decision_1,X2,89.735,0.0
Decision_1,X2,89.867,0.0
Decision_1,X2,90.0,0.0
Decision_1,X2,90.133,0.0
Decision_1,X2,90.265,0.0
Decision_1,X2,90.398,0.0
Decision_1,X2,90.531,0.0
Decision_1,X2,90.664,0.0
Decision_1,X2,90.796,0.0
Decision_1,X2,90.929,0.0
Decision_1,X2,91.062,0.0
Decision_1,X2,91.195,0.0
Decision_1,X2,91.327,0.0
Decision_1,X2,91.46,0.0
Decision_1,X2,91.593,0.0
Decision_1,X2,91.726,0.0
Decision_1,X2,91.858,0.0
Decision_1,X2,91.991,0.0
Decision_1,X2,92.124,0.0
Decision_1,X2,92.257,0.0
Decision_1,X2,92.389,0.0
Decision_1,X2,92.522,0.0
Decision_1,X2,92.655,0.0
Decision_1,X2,92.788,0.0
Decision_1,X2,92.92,0.0
Decision_1,X2,93.053,0.0
Decision_1,X2,93.186,0.0
Decision_1,X2,93.319,0.0
Decision_1,X2,93.451,0.0
Decision_1,X2,93.584,0.0
Decision_1,X2,93.717,0.0
Decision_1,X2,93.85,0.0
Decision_1,X2,93.982,0.0
Decision_1,X2,94.115,0.0
Decision_1,X2,94.248,0.0
Decision_1,X2,94.381,0.0
Decision_1,X2,94.513,0.0
Decision_1,X2,94.646,0.0
Decision_1,X2,94.779,0.0
Decision_1,X2,94.912,0.0
Decision_1,X2,95.044,0.0
Decision_1,X2,95.177,0.0
Decision_1,X2,95.31,0.0
Decision_1,X2,95.442,0.0
Decision_1,X2,95.575,0.0
Decision_1,X2,95.708,0.0
Decision_1,X2,95.841,0.0
Decision_1,X2,95.973,0.0
Decision_1,X2,96.106,0.0
Decision_1,X2,96.239,0.0
Decision_1,X2,96.372,0.0
Decision_1,X2,96.504,0.0
Decision_1,X2,96.637,0.0
Decision_1,X2,96.77,0.0549
Decision_1,X2,96.903,1.0
Decision_1,X3,0.0,1.0
Decision_1,X3,0.133,0.0549
Decision_1,X3,0.265,0.0
Decision_1,X3,0.398,0.0
Decision_1,X3,0.531,0.0
Decision_1,X3,0.664,0.0
Decision_1,X3,0.796,0.0
Decision_1,X3,0.929,0.0
Decision_1,X3,1.062,0.0
Decision_1,X3,1.195,0.0
Decision_1,X3,1.327,0.0
Decision_1,X3,1.46,0.0
Decision_1,X3,1.593,0.0
Decision_1,X3,1.726,0.0
Decision_1,X3,1.858,0.0
Decision_1,X3,1.991,0.0
Decision_1,X3,2.124,0.0
Decision_1,X3,2.257,0.0
Decision_1,X3,2.389,0.0
Decision_1,X3,2.522,0.0
Decision_1,X3,2.655,0.0
Decision_1,X3,2.788,0.0
Decision_1,X3,2.92,0.0
Decision_1,X3,3.053,0.0
Decision_1,X3,3.186,0.0
Decision_1,X3,3.319,0.0
Decision_1,X3,3.451,0.0
Decision_1,X3,3.584,0.0
Decision_1,X3,3.717,0.0
Decision_1,X3,3.85,0.0
Decision_1,X3,3.982,0.0
Decision_1,X3,4.115,0.0
Decision_1,X3,4.248,0.0
Decision_1,X3,4.381,0.0
Decision_1,X3,4.513,0.0
Decision_1,X3,4.646,0.0
Decision_1,X3,4.779,0.0
Decision_1,X3,4.912,0.0
Decision_1,X3,5.044,0.0
Decision_1,X3,5.177,0.0
Decision_1,X3,5.31,0.0
Decision_1,X3,5.442,0.0
Decision_1,X3,5.575,0.0
Decision_1,X3,5.708,0.0
Decision_1,X3,5.841,0.0
Decision_1,X3,5.973,0.0
Decision_1,X3,6.106,0.0
Decision_1,X3,6.239,0.0
Decision_1,X3,6.372,0.0
Decision_1,X3,6.504,0.0
Decision_1,X3,6.637,0.0
Decision_1,X3,6.77,0.0
Decision_1,X3,6.903,0.0
Decision_1,X3,7.035,0.0
Decision_1,X3,7.168,0.0
Decision_1,X3,7.301,0.0
Decision_1,X3,7.434,0.0
Decision_1,X3,7.566,0.0
Decision_1,X3,7.699,0.0
Decision_1,X3,7.832,0.0
Decision_1,X3,7.965,0.0
Decision_1,X3,8.097,0.0
Decision_1,X3,8.23,0.0
Decision_1,X3,8.363,0.0
Decision_1,X3,8.496,0.0
Decision_1,X3,8.628,0.0
Decision_1,X3,8.761,0.0
Decision_1,X3,8.894,0.0
Decision_1,X3,9.027,0.0
Decision_1,X3,9.159,0.0
Decision_1,X3,9.292,0.0
Decision_1,X3,9.425,0.0
Decision_1,X3,9.558,0.0
Decision_1,X3,9.69,0.0
Decision_1,X3,9.823,0.0
Decision_1,X3,9.956,0.0
Decision_1,X3,10.088,0.0
Decision_1,X3,10.221,0.0
Decision_1,X3,10.354,0.0
Decision_1,X3,10.487,0.0
Decision_1,X3,10.619,0.0
Decision_1,X3,10.752,0.0
Decision_1,X3,10.885,0.0
Decision_1,X3,11.018,0.0
Decision_1,X3,11.15,0.0
Decision_1,X3,11.283,0.0
Decision_1,X3,11.416,0.0
Decision_1,X3,11.549,0.0
Decision_1,X3,11.681,0.0
Decision_1,X3,11.814,0.0
Decision_1,X3,11.947,0.0
Decision_1,X3,12.08,0.0
Decision_1,X3,12.212,0.0
Decision_1,X3,12.345,0.0
Decision_1,X3,12.478,0.0
Decision_1,X3,12.611,0.0
Decision_1,X3,12.743,0.0
Decision_1,X3,12.876,0.0
Decision_1,X3,13.009,0.0
Decision_1,X3,13.142,0.0
Decision_1,X3,13.274,0.0
Decision_1,X3,13.407,0.0
Decision_1,X3,13.54,0.0
Decision_1,X3,13.673,0.0
Decision_1,X3,13.805,0.0
Decision_1,X3,13.938,0.0
Decision_1,X3,14.071,0.0
Decision_1,X3,14.204,0.0
Decision_1,X3,14.336,0.0
Decision_1,X3,14.469,0.0
Decision_1,X3,14.602,0.0
Decision_1,X3,14.735,0.0
Decision_1,X3,14.867,0.0
Decision_1,X3,15.0,0.0
Decision_1,X3,15.133,0.0
Decision_1,X3,15.265,0.0
Decision_1,X3,15.398,0.0
Decision_1,X3,15.531,0.0
Decision_1,X3,15.664,0.0
Decision_1,X3,15.796,0.0
Decision_1,X3,15.929,0.0
Decision_1,X3,16.062,0.0
Decision_1,X3,16.195,0.0
Decision_1,X3,16.327,0.0
Decision_1,X3,16.46,0.0
Decision_1,X3,16.593,0.0
Decision_1,X3,16.726,0.0
Decision_1,X3,16.858,0.0
Decision_1,X3,16.991,0.0
Decision_1,X3,17.124,0.0
Decision_1,X3,17.257,0.0
Decision_1,X3,17.389,0.0
Decision_1,X3,17.522,0.0
Decision_1,X3,17.655,0.0
Decision_1,X3,17.788,0.0
Decision_1,X3,17.92,0.0
Decision_1,X3,18.053,0.0
Decision_1,X3,18.186,0.0
Decision_1,X3,18.319,0.0
Decision_1,X3,18.451,0.0
Decision_1,X3,18.584,0.0
Decision_1,X3,18.717,0.0
Decision_1,X3,18.85,0.0
Decision_1,X3,18.982,0.0
Decision_1,X3,19.115,0.0
Decision_1,X3,19.248,0.0
Decision_1,X3,19.381,0.0
Decision_1,X3,19.513,0.0
Decision_1,X3,19.646,0.0
Decision_1,X3,19.779,0.0
Decision_1,X3,19.912,0.0
Decision_1,X3,20.044,0.0
Decision_1,X3,20.177,0.0
Decision_1,X3,20.31,0.0
Decision_1,X3,20.442,0.0
Decision_1,X3,20.575,0.0
Decision_1,X3,20.708,0.0
Decision_1,X3,20.841,0.0
Decision_1,X3,20.973,0.0
Decision_1,X3,21.106,0.0
Decision_1,X3,21.239,0.0
Decision_1,X3,21.372,0.0
Decision_1,X3,21.504,0.0
Decision_1,X3,21.637,0.0
Decision_1,X3,21.77,0.0
Decision_1,X3,21.903,0.0
Decision_1,X3,22.035,0.0
Decision_1,X3,22.168,0.0
Decision_1,X3,22.301,0.0
Decision_1,X3,22.434,0.0
Decision_1,X3,22.566,0.0
Decision_1,X3,22.699,0.0
Decision_1,X3,22.832,0.0
Decision_1,X3,22.965,0.0
Decision_1,X3,23.097,0.0
Decision_1,X3,23.23,0.0
Decision_1,X3,23.363,0.0
Decision_1,X3,23.496,0.0
Decision_1,X3,23.628,0.0
Decision_1,X3,23.761,0.0
Decision_1,X3,23.894,0.0
Decision_1,X3,24.027,0.0
Decision_1,X3,24.159,0.0
Decision_1,X3,24.292,0.0
Decision_1,X3,24.425,0.0
Decision_1,X3,24.558,0.0
Decision_1,X3,24.69,0.0
Decision_1,X3,24.823,0.0
Decision_1,X3,24.956,0.0
Decision_1,X3,25.088,0.0
Decision_1,X3,25.221,0.0
Decision_1,X3,25.354,0.0
Decision_1,X3,25.487,0.0
Decision_1,X3,25.619,0.0
Decision_1,X3,25.752,0.0
Decision_1,X3,25.885,0.0
Decision_1,X3,26.018,0.0
Decision_1,X3,26.15,0.0
Decision_1,X3,26.283,0.0
Decision_1,X3,26.416,0.0
Decision_1,X3,26.549,0.0
Decision_1,X3,26.681,0.0
Decision_1,X3,26.814,0.0
Decision_1,X3,26.947,0.0
Decision_1,X3,27.08,0.0
Decision_1,X3,27.212,0.0
Decision_1,X3,27.345,0.0
Decision_1,X3,27.478,0.0
Decision_1,X3,27.611,0.0
Decision_1,X3,27.743,0.0
Decision_1,X3,27.876,0.0
Decision_1,X3,28.009,0.0
Decision_1,X3,28.142,0.0
Decision_1,X3,28.274,0.0
Decision_1,X3,28.407,0.0
Decision_1,X3,28.54,0.0
Decision_1,X3,28.673,0.0
Decision_1,X3,28.805,0.0
Decision_1,X3,28.938,0.0
Decision_1,X3,29.071,0.0
Decision_1,X3,29.204,0.0
Decision_1,X3,29.336,0.0
Decision_1,X3,29.469,0.0
Decision_1,X3,29.602,0.0
Decision_1,X3,29.735,0.0
Decision_1,X3,29.867,0.0
Decision_1,X3,30.0,0.0
Decision_1,X3,30.133,0.0
Decision_1,X3,30.265,0.0
Decision_1,X3,30.398,0.0
Decision_1,X3,30.531,0.0
Decision_1,X3,30.664,0.0
Decision_1,X3,30.796,0.0
Decision_1,X3,30.929,0.0
Decision_1,X3,31.062,0.0
Decision_1,X3,31.195,0.0
Decision_1,X3,31.327,0.0
Decision_1,X3,31.46,0.0
Decision_1,X3,31.593,0.0
Decision_1,X3,31.726,0.0
Decision_1,X3,31.858,0.0
Decision_1,X3,31.991,0.0
Decision_1,X3,32.124,0.0
Decision_1,X3,32.257,0.0
Decision_1,X3,32.389,0.0
Decision_1,X3,32.522,0.0
Decision_1,X3,32.655,0.0
Decision_1,X3,32.788,0.0
Decision_1,X3,32.92,0.0
Decision_1,X3,33.053,0.0
Decision_1,X3,33.186,0.0
Decision_1,X3,33.319,0.0
Decision_1,X3,33.451,0.0
Decision_1,X3,33.584,0.0
Decision_1,X3,33.717,0.0
Decision_1,X3,33.85,0.0
Decision_1,X3,33.982,0.0
Decision_1,X3,34.115,0.0
Decision_1,X3,34.248,0.0
Decision_1,X3,34.381,0.0
Decision_1,X3,34.513,0.0
Decision_1,X3,34.646,0.0
Decision_1,X3,34.779,0.0
Decision_1,X3,34.912,0.0
Decision_1,X3,35.044,0.0
Decision_1,X3,35.177,0.0
Decision_1,X3,35.31,0.0
Decision_1,X3,35.442,0.0
Decision_1,X3,35.575,0.0
Decision_1,X3,35.708,0.0
Decision_1,X3,35.841,0.0
Decision_1,X3,35.973,0.0
Decision_1,X3,36.106,0.0
Decision_1,X3,36.239,0.0
Decision_1,X3,36.372,0.0
Decision_1,X3,36.504,0.0
Decision_1,X3,36.637,0.0
Decision_1,X3,36.77,0.0
Decision_1,X3,36.903,0.0
Decision_1,X3,37.035,0.0
Decision_1,X3,37.168,0.0
Decision_1,X3,37.301,0.0
Decision_1,X3,37.434,0.0
Decision_1,X3,37.566,0.0
Decision_1,X3,37.699,0.0
Decision_1,X3,37.832,0.0
Decision_1,X3,37.965,0.0
Decision_1,X3,38.097,0.0
Decision_1,X3,38.23,0.0
Decision_1,X3,38.363,0.0
Decision_1,X3,38.496,0.0
Decision_1,X3,38.628,0.0
Decision_1,X3,38.761,0.0
Decision_1,X3,38.894,0.0
Decision_1,X3,39.027,0.0
Decision_1,X3,39.159,0.0
Decision_1,X3,39.292,0.0
Decision_1,X3,39.425,0.0
Decision_1,X3,39.558,0.0
Decision_1,X3,39.69,0.0
Decision_1,X3,39.823,0.0
Decision_1,X3,39.956,0.0
Decision_1,X3,40.088,0.0
Decision_1,X3,40.221,0.0
Decision_1,X3,40.354,0.0
Decision_1,X3,40.487,0.0
Decision_1,X3,40.619,0.0
Decision_1,X3,40.752,0.0
Decision_1,X3,40.885,0.0
Decision_1,X3,41.018,0.0
Decision_1,X3,41.15,0.0
Decision_1,X3,41.283,0.0
Decision_1,X3,41.416,0.0
Decision_1,X3,41.549,0.0
Decision_1,X3,41.681,0.0
Decision_1,X3,41.814,0.0
Decision_1,X3,41.947,0.0
Decision_1,X3,42.08,0.0
Decision_1,X3,42.212,0.0
Decision_1,X3,42.345,0.0
Decision_1,X3,42.478,0.0
Decision_1,X3,42.611,0.0
Decision_1,X3,42.743,0.0
Decision_1,X3,42.876,0.0
Decision_1,X3,43.009,0.0
Decision_1,X3,43.142,0.0
Decision_1,X3,43.274,0.0
Decision_1,X3,43.407,0.0
Decision_1,X3,43.54,0.0
Decision_1,X3,43.673,0.0
Decision_1,X3,43.805,0.0
Decision_1,X3,43.938,0.0
Decision_1,X3,44.071,0.0
Decision_1,X3,44.204,0.0
Decision_1,X3,44.336,0.0
Decision_1,X3,44.469,0.0
Decision_1,X3,44.602,0.0
Decision_1,X3,44.735,0.0
Decision_1,X3,44.867,0.0
Decision_1,X3,45.0,0.0
Decision_1,X3,45.133,0.0
Decision_1,X3,45.265,0.0
Decision_1,X3,45.398,0.0
Decision_1,X3,45.531,0.0
Decision_1,X3,45.664,0.0
Decision_1,X3,45.796,0.0
Decision_1,X3,45.929,0.0
Decision_1,X3,46.062,0.0
Decision_1,X3,46.195,0.0
Decision_1,X3,46.327,0.0
Decision_1,X3,46.46,0.0
Decision_1,X3,46.593,0.0
Decision_1,X3,46.726,0.0
Decision_1,X3,46.858,0.0
Decision_1,X3,46.991,0.0
Decision_1,X3,47.124,0.0
Decision_1,X3,47.257,0.0
Decision_1,X3,47.389,0.0
Decision_1,X3,47.522,0.0
Decision_1,X3,47.655,0.0
Decision_1,X3,47.788,0.0
Decision_1,X3,47.92,0.0
Decision_1,X3,48.053,0.0
Decision_1,X3,48.186,0.0
Decision_1,X3,48.319,0.0
Decision_1,X3,48.451,0.0
Decision_1,X3,48.584,0.0
Decision_1,X3,48.717,0.0
Decision_1,X3,48.85,0.0
Decision_1,X3,48.982,0.0
Decision_1,X3,49.115,0.0
Decision_1,X3,49.248,0.0
Decision_1,X3,49.381,0.0
Decision_1,X3,49.513,0.0
Decision_1,X3,49.646,0.0
Decision_1,X3,49.779,0.0
Decision_1,X3,49.912,0.0
Decision_1,X3,50.044,0.0
Decision_1,X3,50.177,0.0
Decision_1,X3,50.31,0.0
Decision_1,X3,50.442,0.0
Decision_1,X3,50.575,0.0
Decision_1,X3,50.708,0.0
Decision_1,X3,50.841,0.0
Decision_1,X3,50.973,0.0
Decision_1,X3,51.106,0.0
Decision_1,X3,51.239,0.0
Decision_1,X3,51.372,0.0
Decision_1,X3,51.504,0.0
Decision_1,X3,51.637,0.0
Decision_1,X3,51.77,0.0
Decision_1,X3,51.903,0.0
Decision_1,X3,52.035,0.0
Decision_1,X3,52.168,0.0
Decision_1,X3,52.301,0.0
Decision_1,X3,52.434,0.0
Decision_1,X3,52.566,0.0
Decision_1,X3,52.699,0.0
Decision_1,X3,52.832,0.0
Decision_1,X3,52.965,0.0
Decision_1,X3,53.097,0.0
Decision_1,X3,53.23,0.0
Decision_1,X3,53.363,0.0
Decision_1,X3,53.496,0.0
Decision_1,X3,53.628,0.0
Decision_1,X3,53.761,0.0
Decision_1,X3,53.894,0.0
Decision_1,X3,54.027,0.0
Decision_1,X3,54.159,0.0
Decision_1,X3,54.292,0.0
Decision_1,X3,54.425,0.0
Decision_1,X3,54.558,0.0
Decision_1,X3,54.69,0.0
Decision_1,X3,54.823,0.0
Decision_1,X3,54.956,0.0
Decision_1,X3,55.088,0.0
Decision_1,X3,55.221,0.0
Decision_1,X3,55.354,0.0
Decision_1,X3,55.487,0.0
Decision_1,X3,55.619,0.0
Decision_1,X3,55.752,0.0
Decision_1,X3,55.885,0.0
Decision_1,X3,56.018,0.0
Decision_1,X3,56.15,0.0
Decision_1,X3,56.283,0.0
Decision_1,X3,56.416,0.0
Decision_1,X3,56.549,0.0
Decision_1,X3,56.681,0.0
Decision_1,X3,56.814,0.0
Decision_1,X3,56.947,0.0
Decision_1,X3,57.08,0.0
Decision_1,X3,57.212,0.0
Decision_1,X3,57.345,0.0
Decision_1,X3,57.478,0.0
Decision_1,X3,57.611,0.0
Decision_1,X3,57.743,0.0
Decision_1,X3,57.876,0.0
Decision_1,X3,58.009,0.0
Decision_1,X3,58.142,0.0
Decision_1,X3,58.274,0.0
Decision_1,X3,58.407,0.0
Decision_1,X3,58.54,0.0
Decision_1,X3,58.673,0.0
Decision_1,X3,58.805,0.0
Decision_1,X3,58.938,0.0
Decision_1,X3,59.071,0.0
Decision_1,X3,59.204,0.0
Decision_1,X3,59.336,0.0
Decision_1,X3,59.469,0.0
Decision_1,X3,59.602,0.0
Decision_1,X3,59.735,0.0
Decision_1,X3,59.867,0.0
Decision_1,X3,60.0,0.0
Decision_1,X3,60.133,0.0
Decision_1,X3,60.265,0.0
Decision_1,X3,60.398,0.0
Decision_1,X3,60.531,0.0
Decision_1,X3,60.664,0.0
Decision_1,X3,60.796,0.0
Decision_1,X3,60.929,0.0
Decision_1,X3,61.062,0.0
Decision_1,X3,61.195,0.0
Decision_1,X3,61.327,0.0
Decision_1,X3,61.46,0.0
Decision_1,X3,61.593,0.0
Decision_1,X3,61.726,0.0
Decision_1,X3,61.858,0.0
Decision_1,X3,61.991,0.0
Decision_1,X3,62.124,0.0
Decision_1,X3,62.257,0.0
Decision_1,X3,62.389,0.0
Decision_1,X3,62.522,0.0
Decision_1,X3,62.655,0.0
Decision_1,X3,62.788,0.0
Decision_1,X3,62.92,0.0
Decision_1,X3,63.053,0.0
Decision_1,X3,63.186,0.0
Decision_1,X3,63.319,0.0
Decision_1,X3,63.451,0.0
Decision_1,X3,63.584,0.0
Decision_1,X3,63.717,0.0
Decision_1,X3,63.85,0.0
Decision_1,X3,63.982,0.0
Decision_1,X3,64.115,0.0
Decision_1,X3,64.248,0.0
Decision_1,X3,64.381,0.0
Decision_1,X3,64.513,0.0
Decision_1,X3,64.646,0.0
Decision_1,X3,64.779,0.0
Decision_1,X3,64.912,0.0
Decision_1,X3,65.044,0.0
Decision_1,X3,65.177,0.0
Decision_1,X3,65.31,0.0
Decision_1,X3,65.442,0.0
Decision_1,X3,65.575,0.0
Decision_1,X3,65.708,0.0
Decision_1,X3,65.841,0.0
Decision_1,X3,65.973,0.0
Decision_1,X3,66.106,0.0
Decision_1,X3,66.239,0.0
Decision_1,X3,66.372,0.0
Decision_1,X3,66.504,0.0
Decision_1,X3,66.637,0.0
Decision_1,X3,66.77,0.0
Decision_1,X3,66.903,0.0
Decision_1,X3,67.035,0.0
Decision_1,X3,67.168,0.0
Decision_1,X3,67.301,0.0
Decision_1,X3,67.434,0.0
Decision_1,X3,67.566,0.0
Decision_1,X3,67.699,0.0
Decision_1,X3,67.832,0.0
Decision_1,X3,67.965,0.0
Decision_1,X3,68.097,0.0
Decision_1,X3,68.23,0.0
Decision_1,X3,68.363,0.0
Decision_1,X3,68.496,0.0
Decision_1,X3,68.628,0.0
Decision_1,X3,68.761,0.0
Decision_1,X3,68.894,0.0
Decision_1,X3,69.027,0.0
Decision_1,X3,69.159,0.0
Decision_1,X3,69.292,0.0
Decision_1,X3,69.425,0.0
Decision_1,X3,69.558,0.0
Decision_1,X3,69.69,0.0
Decision_1,X3,69.823,0.0
Decision_1,X3,69.956,0.0
Decision_1,X3,70.088,0.0
Decision_1,X3,70.221,0.0
Decision_1,X3,70.354,0.0
Decision_1,X3,70.487,0.0
Decision_1,X3,70.619,0.0
Decision_1,X3,70.752,0.0
Decision_1,X3,70.885,0.0
Decision_1,X3,71.018,0.0
Decision_1,X3,71.15,0.0
Decision_1,X3,71.283,0.0
Decision_1,X3,71.416,0.0
Decision_1,X3,71.549,0.0
Decision_1,X3,71.681,0.0
Decision_1,X3,71.814,0.0
Decision_1,X3,71.947,0.0
Decision_1,X3,72.08,0.0
Decision_1,X3,72.212,0.0
Decision_1,X3,72.345,0.0
Decision_1,X3,72.478,0.0
Decision_1,X3,72.611,0.0
Decision_1,X3,72.743,0.0
Decision_1,X3,72.876,0.0
Decision_1,X3,73.009,0.0
Decision_1,X3,73.142,0.0
Decision_1,X3,73.274,0.0
Decision_1,X3,73.407,0.0
Decision_1,X3,73.54,0.0
Decision_1,X3,73.673,0.0
Decision_1,X3,73.805,0.0
Decision_1,X3,73.938,0.0
Decision_1,X3,74.071,0.0
Decision_1,X3,74.204,0.0
Decision_1,X3,74.336,0.0
Decision_1,X3,74.469,0.0
Decision_1,X3,74.602,0.0
Decision_1,X3,74.735,0.0
Decision_1,X3,74.867,0.0
Decision_1,X3,75.0,0.0
Decision_1,X3,75.133,0.0
Decision_1,X3,75.265,0.0
Decision_1,X3,75.398,0.0
Decision_1,X3,75.531,0.0
Decision_1,X3,75.664,0.0
Decision_1,X3,75.796,0.0
Decision_1,X3,75.929,0.0
Decision_1,X3,76.062,0.0
Decision_1,X3,76.195,0.0
Decision_1,X3,76.327,0.0
Decision_1,X3,76.46,0.0
Decision_1,X3,76.593,0.0
Decision_1,X3,76.726,0.0
Decision_1,X3,76.858,0.0
Decision_1,X3,76.991,0.0
Decision_1,X3,77.124,0.0
Decision_1,X3,77.257,0.0
Decision_1,X3,77.389,0.0
Decision_1,X3,77.522,0.0
Decision_1,X3,77.655,0.0
Decision_1,X3,77.788,0.0
Decision_1,X3,77.92,0.0
Decision_1,X3,78.053,0.0
Decision_1,X3,78.186,0.0
Decision_1,X3,78.319,0.0
Decision_1,X3,78.451,0.0
Decision_1,X3,78.584,0.0
Decision_1,X3,78.717,0.0
Decision_1,X3,78.85,0.0
Decision_1,X3,78.982,0.0
Decision_1,X3,79.115,0.0
Decision_1,X3,79.248,0.0
Decision_1,X3,79.381,0.0
Decision_1,X3,79.513,0.0
Decision_1,X3,79.646,0.0
Decision_1,X3,79.779,0.0
Decision_1,X3,79.912,0.0
Decision_1,X3,80.044,0.0
Decision_1,X3,80.177,0.0
Decision_1,X3,80.31,0.0
Decision_1,X3,80.442,0.0
Decision_1,X3,80.575,0.0
Decision_1,X3,80.708,0.0
Decision_1,X3,80.841,0.0
Decision_1,X3,80.973,0.0
Decision_1,X3,81.106,0.0
Decision_1,X3,81.239,0.0
Decision_1,X3,81.372,0.0
Decision_1,X3,81.504,0.0
Decision_1,X3,81.637,0.0
Decision_1,X3,81.77,0.0
Decision_1,X3,81.903,0.0
Decision_1,X3,82.035,0.0
Decision_1,X3,82.168,0.0
Decision_1,X3,82.301,0.0
Decision_1,X3,82.434,0.0
Decision_1,X3,82.566,0.0
Decision_1,X3,82.699,0.0
Decision_1,X3,82.832,0.0
Decision_1,X3,82.965,0.0
Decision_1,X3,83.097,0.0
Decision_1,X3,83.23,0.0
Decision_1,X3,83.363,0.0
Decision_1,X3,83.496,0.0
Decision_1,X3,83.628,0.0
Decision_1,X3,83.761,0.0
Decision_1,X3,83.894,0.0
Decision_1,X3,84.027,0.0
Decision_1,X3,84.159,0.0
Decision_1,X3,84.292,0.0
Decision_1,X3,84.425,0.0
Decision_1,X3,84.558,0.0
Decision_1,X3,84.69,0.0
Decision_1,X3,84.823,0.0
Decision_1,X3,84.956,0.0
Decision_1,X3,85.088,0.0
Decision_1,X3,85.221,0.0
Decision_1,X3,85.354,0.0
Decision_1,X3,85.487,0.0
Decision_1,X3,85.619,0.0
Decision_1,X3,85.752,0.0
Decision_1,X3,85.885,0.0
Decision_1,X3,86.018,0.0
Decision_1,X3,86.15,0.0
Decision_1,X3,86.283,0.0
Decision_1,X3,86.416,0.0
Decision_1,X3,86.549,0.0
Decision_1,X3,86.681,0.0
Decision_1,X3,86.814,0.0
Decision_1,X3,86.947,0.0
Decision_1,X3,87.08,0.0
Decision_1,X3,87.212,0.0
Decision_1,X3,87.345,0.0
Decision_1,X3,87.478,0.0
Decision_1,X3,87.611,0.0
Decision_1,X3,87.743,0.0
Decision_1,X3,87.876,0.0
Decision_1,X3,88.009,0.0
Decision_1,X3,88.142,0.0
Decision_1,X3,88.274,0.0
Decision_1,X3,88.407,0.0
Decision_1,X3,88.54,0.0
Decision_1,X3,88.673,0.0
Decision_1,X3,88.805,0.0
Decision_1,X3,88.938,0.0
Decision_1,X3,89.071,0.0
Decision_1,X3,89.204,0.0
Decision_1,X3,89.336,0.0
Decision_1,X3,89.469,0.0
Decision_1,X3,89.602,0.0
Decision_1,X3,89.735,0.0
Decision_1,X3,89.867,0.0
Decision_1,X3,90.0,0.0
Decision_1,X3,90.133,0.0
Decision_1,X3,90.265,0.0
Decision_1,X3,90.398,0.0
Decision_1,X3,90.531,0.0
Decision_1,X3,90.664,0.0
Decision_1,X3,90.796,0.0
Decision_1,X3,90.929,0.0
Decision_1,X3,91.062,0.0
Decision_1,X3,91.195,0.0
Decision_1,X3,91.327,0.0
Decision_1,X3,91.46,0.0
Decision_1,X3,91.593,0.0
Decision_1,X3,91.726,0.0
Decision_1,X3,91.858,0.0
Decision_1,X3,91.991,0.0
Decision_1,X3,92.124,0.0
Decision_1,X3,92.257,0.0
Decision_1,X3,92.389,0.0
Decision_1,X3,92.522,0.0
Decision_1,X3,92.655,0.0
Decision_1,X3,92.788,0.0
Decision_1,X3,92.92,0.0
Decision_1,X3,93.053,0.0
Decision_1,X3,93.186,0.0
Decision_1,X3,93.319,0.0
Decision_1,X3,93.451,0.0
Decision_1,X3,93.584,0.0
Decision_1,X3,93.717,0.0
Decision_1,X3,93.85,0.0
Decision_1,X3,93.982,0.0
Decision_1,X3,94.115,0.0
Decision_1,X3,94.248,0.0
Decision_1,X3,94.381,0.0
Decision_1,X3,94.513,0.0
Decision_1,X3,94.646,0.0
Decision_1,X3,94.779,0.0
Decision_1,X3,94.912,0.0
Decision_1,X3,95.044,0.0
Decision_1,X3,95.177,0.0
Decision_1,X3,95.31,0.0
Decision_1,X3,95.442,0.0
Decision_1,X3,95.575,0.0
Decision_1,X3,95.708,0.0
Decision_1,X3,95.841,0.0
Decision_1,X3,95.973,0.0
Decision_1,X3,96.106,0.0
Decision_1,X3,96.239,0.0
Decision_1,X3,96.372,0.0
Decision_1,X3,96.504,0.0
Decision_1,X3,96.637,0.0
Decision_1,X3,96.77,0.0549
Decision_1,X3,96.903,1.0
Decision_1,X4,0.0,1.0
Decision_1,X4,0.133,0.0549
Decision_1,X4,0.265,0.0
Decision_1,X4,0.398,0.0
Decision_1,X4,0.531,0.0
Decision_1,X4,0.664,0.0
Decision_1,X4,0.796,0.0
Decision_1,X4,0.929,0.0
Decision_1,X4,1.062,0.0
Decision_1,X4,1.195,0.0
Decision_1,X4,1.327,0.0
Decision_1,X4,1.46,0.0
Decision_1,X4,1.593,0.0
Decision_1,X4,1.726,0.0
Decision_1,X4,1.858,0.0
Decision_1,X4,1.991,0.0
Decision_1,X4,2.124,0.0
Decision_1,X4,2.257,0.0
Decision_1,X4,2.389,0.0
Decision_1,X4,2.522,0.0
Decision_1,X4,2.655,0.0
Decision_1,X4,2.788,0.0
Decision_1,X4,2.92,0.0
Decision_1,X4,3.053,0.0
Decision_1,X4,3.186,0.0
Decision_1,X4,3.319,0.0
Decision_1,X4,3.451,0.0
Decision_1,X4,3.584,0.0
Decision_1,X4,3.717,0.0
Decision_1,X4,3.85,0.0
Decision_1,X4,3.982,0.0
Decision_1,X4,4.115,0.0
Decision_1,X4,4.248,0.0
Decision_1,X4,4.381,0.0
Decision_1,X4,4.513,0.0
Decision_1,X4,4.646,0.0
Decision_1,X4,4.779,0.0
Decision_1,X4,4.912,0.0
Decision_1,X4,5.044,0.0
Decision_1,X4,5.177,0.0
Decision_1,X4,5.31,0.0
Decision_1,X4,5.442,0.0
Decision_1,X4,5.575,0.0
Decision_1,X4,5.708,0.0
Decision_1,X4,5.841,0.0
Decision_1,X4,5.973,0.0
Decision_1,X4,6.106,0.0
Decision_1,X4,6.239,0.0
Decision_1,X4,6.372,0.0
Decision_1,X4,6.504,0.0
Decision_1,X4,6.637,0.0
Decision_1,X4,6.77,0.0
Decision_1,X4,6.903,0.0
Decision_1,X4,7.035,0.0
Decision_1,X4,7.168,0.0
Decision_1,X4,7.301,0.0
Decision_1,X4,7.434,0.0
Decision_1,X4,7.566,0.0
Decision_1,X4,7.699,0.0
Decision_1,X4,7.832,0.0
Decision_1,X4,7.965,0.0
Decision_1,X4,8.097,0.0
Decision_1,X4,8.23,0.0
Decision_1,X4,8.363,0.0
Decision_1,X4,8.496,0.0
Decision_1,X4,8.628,0.0
Decision_1,X4,8.761,0.0
Decision_1,X4,8.894,0.0
Decision_1,X4,9.027,0.0
Decision_1,X4,9.159,0.0
Decision_1,X4,9.292,0.0
Decision_1,X4,9.425,0.0
Decision_1,X4,9.558,0.0
Decision_1,X4,9.69,0.0
Decision_1,X4,9.823,0.0
Decision_1,X4,9.956,0.0
Decision_1,X4,10.088,0.0
Decision_1,X4,10.221,0.0
Decision_1,X4,10.354,0.0
Decision_1,X4,10.487,0.0
Decision_1,X4,10.619,0.0
Decision_1,X4,10.752,0.0
Decision_1,X4,10.885,0.0
Decision_1,X4,11.018,0.0
Decision_1,X4,11.15,0.0
Decision_1,X4,11.283,0.0
Decision_1,X4,11.416,0.0
Decision_1,X4,11.549,0.0
Decision_1,X4,11.681,0.0
Decision_1,X4,11.814,0.0
Decision_1,X4,11.947,0.0
Decision_1,X4,12.08,0.0
Decision_1,X4,12.212,0.0
Decision_1,X4,12.345,0.0
Decision_1,X4,12.478,0.0
Decision_1,X4,12.611,0.0
Decision_1,X4,12.743,0.0
Decision_1,X4,12.876,0.0
Decision_1,X4,13.009,0.0
Decision_1,X4,13.142,0.0
Decision_1,X4,13.274,0.0
Decision_1,X4,13.407,0.0
Decision_1,X4,13.54,0.0
Decision_1,X4,13.673,0.0
Decision_1,X4,13.805,0.0
Decision_1,X4,13.938,0.0
Decision_1,X4,14.071,0.0
Decision_1,X4,14.204,0.0
Decision_1,X4,14.336,0.0
Decision_1,X4,14.469,0.0
Decision_1,X4,14.602,0.0
Decision_1,X4,14.735,0.0
Decision_1,X4,14.867,0.0
Decision_1,X4,15.0,0.0
Decision_1,X4,15.133,0.0
Decision_1,X4,15.265,0.0
Decision_1,X4,15.398,0.0
Decision_1,X4,15.531,0.0
Decision_1,X4,15.664,0.0
Decision_1,X4,15.796,0.0
Decision_1,X4,15.929,0.0
Decision_1,X4,16.062,0.0
Decision_1,X4,16.195,0.0
Decision_1,X4,16.327,0.0
Decision_1,X4,16.46,0.0
Decision_1,X4,16.593,0.0
Decision_1,X4,16.726,0.0
Decision_1,X4,16.858,0.0
Decision_1,X4,16.991,0.0
Decision_1,X4,17.124,0.0
Decision_1,X4,17.257,0.0
Decision_1,X4,17.389,0.0
Decision_1,X4,17.522,0.0
Decision_1,X4,17.655,0.0
Decision_1,X4,17.788,0.0
Decision_1,X4,17.92,0.0
Decision_1,X4,18.053,0.0
Decision_1,X4,18.186,0.0
Decision_1,X4,18.319,0.0
Decision_1,X4,18.451,0.0
Decision_1,X4,18.584,0.0
Decision_1,X4,18.717,0.0
Decision_1,X4,18.85,0.0
Decision_1,X4,18.982,0.0
Decision_1,X4,19.115,0.0
Decision_1,X4,19.248,0.0
Decision_1,X4,19.381,0.0
Decision_1,X4,19.513,0.0
Decision_1,X4,19.646,0.0
Decision_1,X4,19.779,0.0
Decision_1,X4,19.912,0.0
Decision_1,X4,20.044,0.0
Decision_1,X4,20.177,0.0
Decision_1,X4,20.31,0.0
Decision_1,X4,20.442,0.0
Decision_1,X4,20.575,0.0
Decision_1,X4,20.708,0.0
Decision_1,X4,20.841,0.0
Decision_1,X4,20.973,0.0
Decision_1,X4,21.106,0.0
Decision_1,X4,21.239,0.0
Decision_1,X4,21.372,0.0
Decision_1,X4,21.504,0.0
Decision_1,X4,21.637,0.0
Decision_1,X4,21.77,0.0
Decision_1,X4,21.903,0.0
Decision_1,X4,22.035,0.0
Decision_1,X4,22.168,0.0
Decision_1,X4,22.301,0.0
Decision_1,X4,22.434,0.0
Decision_1,X4,22.566,0.0
Decision_1,X4,22.699,0.0
Decision_1,X4,22.832,0.0
Decision_1,X4,22.965,0.0
Decision_1,X4,23.097,0.0
Decision_1,X4,23.23,0.0
Decision_1,X4,23.363,0.0
Decision_1,X4,23.496,0.0
Decision_1,X4,23.628,0.0
Decision_1,X4,23.761,0.0
Decision_1,X4,23.894,0.0
Decision_1,X4,24.027,0.0
Decision_1,X4,24.159,0.0
Decision_1,X4,24.292,0.0
Decision_1,X4,24.425,0.0
Decision_1,X4,24.558,0.0
Decision_1,X4,24.69,0.0
Decision_1,X4,24.823,0.0
Decision_1,X4,24.956,0.0
Decision_1,X4,25.088,0.0
Decision_1,X4,25.221,0.0
Decision_1,X4,25.354,0.0
Decision_1,X4,25.487,0.0
Decision_1,X4,25.619,0.0
Decision_1,X4,25.752,0.0
Decision_1,X4,25.885,0.0
Decision_1,X4,26.018,0.0
Decision_1,X4,26.15,0.0
Decision_1,X4,26.283,0.0
Decision_1,X4,26.416,0.0
Decision_1,X4,26.549,0.0
Decision_1,X4,26.681,0.0
Decision_1,X4,26.814,0.0
Decision_1,X4,26.947,0.0
Decision_1,X4,27.08,0.0
Decision_1,X4,27.212,0.0
Decision_1,X4,27.345,0.0
Decision_1,X4,27.478,0.0
Decision_1,X4,27.611,0.0
Decision_1,X4,27.743,0.0
Decision_1,X4,27.876,0.0
Decision_1,X4,28.009,0.0
Decision_1,X4,28.142,0.0
Decision_1,X4,28.274,0.0
Decision_1,X4,28.407,0.0
Decision_1,X4,28.54,0.0
Decision_1,X4,28.673,0.0
Decision_1,X4,28.805,0.0
Decision_1,X4,28.938,0.0
Decision_1,X4,29.071,0.0
Decision_1,X4,29.204,0.0
Decision_1,X4,29.336,0.0
Decision_1,X4,29.469,0.0
Decision_1,X4,29.602,0.0
Decision_1,X4,29.735,0.0
Decision_1,X4,29.867,0.0
Decision_1,X4,30.0,0.0
Decision_1,X4,30.133,0.0
Decision_1,X4,30.265,0.0
Decision_1,X4,30.398,0.0
Decision_1,X4,30.531,0.0
Decision_1,X4,30.664,0.0
Decision_1,X4,30.796,0.0
Decision_1,X4,30.929,0.0
Decision_1,X4,31.062,0.0
Decision_1,X4,31.195,0.0
Decision_1,X4,31.327,0.0
Decision_1,X4,31.46,0.0
Decision_1,X4,31.593,0.0
Decision_1,X4,31.726,0.0
Decision_1,X4,31.858,0.0
Decision_1,X4,31.991,0.0
Decision_1,X4,32.124,0.0
Decision_1,X4,32.257,0.0
Decision_1,X4,32.389,0.0
Decision_1,X4,32.522,0.0
Decision_1,X4,32.655,0.0
Decision_1,X4,32.788,0.0
Decision_1,X4,32.92,0.0
Decision_1,X4,33.053,0.0
Decision_1,X4,33.186,0.0
Decision_1,X4,33.319,0.0
Decision_1,X4,33.451,0.0
Decision_1,X4,33.584,0.0
Decision_1,X4,33.717,0.0
Decision_1,X4,33.85,0.0
Decision_1,X4,33.982,0.0
Decision_1,X4,34.115,0.0
Decision_1,X4,34.248,0.0
Decision_1,X4,34.381,0.0
Decision_1,X4,34.513,0.0
Decision_1,X4,34.646,0.0
Decision_1,X4,34.779,0.0
Decision_1,X4,34.912,0.0
Decision_1,X4,35.044,0.0
Decision_1,X4,35.177,0.0
Decision_1,X4,35.31,0.0
Decision_1,X4,35.442,0.0
Decision_1,X4,35.575,0.0
Decision_1,X4,35.708,0.0
Decision_1,X4,35.841,0.0
Decision_1,X4,35.973,0.0
Decision_1,X4,36.106,0.0
Decision_1,X4,36.239,0.0
Decision_1,X4,36.372,0.0
Decision_1,X4,36.504,0.0
Decision_1,X4,36.637,0.0
Decision_1,X4,36.77,0.0
Decision_1,X4,36.903,0.0
Decision_1,X4,37.035,0.0
Decision_1,X4,37.168,0.0
Decision_1,X4,37.301,0.0
Decision_1,X4,37.434,0.0
Decision_1,X4,37.566,0.0
Decision_1,X4,37.699,0.0
Decision_1,X4,37.832,0.0
Decision_1,X4,37.965,0.0
Decision_1,X4,38.097,0.0
Decision_1,X4,38.23,0.0
Decision_1,X4,38.363,0.0
Decision_1,X4,38.496,0.0
Decision_1,X4,38.628,0.0
Decision_1,X4,38.761,0.0
Decision_1,X4,38.894,0.0
Decision_1,X4,39.027,0.0
Decision_1,X4,39.159,0.0
Decision_1,X4,39.292,0.0
Decision_1,X4,39.425,0.0
Decision_1,X4,39.558,0.0
Decision_1,X4,39.69,0.0
Decision_1,X4,39.823,0.0
Decision_1,X4,39.956,0.0
Decision_1,X4,40.088,0.0
Decision_1,X4,40.221,0.0
Decision_1,X4,40.354,0.0
Decision_1,X4,40.487,0.0
Decision_1,X4,40.619,0.0
Decision_1,X4,40.752,0.0
Decision_1,X4,40.885,0.0
Decision_1,X4,41.018,0.0
Decision_1,X4,41.15,0.0
Decision_1,X4,41.283,0.0
Decision_1,X4,41.416,0.0
Decision_1,X4,41.549,0.0
Decision_1,X4,41.681,0.0
Decision_1,X4,41.814,0.0
Decision_1,X4,41.947,0.0
Decision_1,X4,42.08,0.0
Decision_1,X4,42.212,0.0
Decision_1,X4,42.345,0.0
Decision_1,X4,42.478,0.0
Decision_1,X4,42.611,0.0
Decision_1,X4,42.743,0.0
Decision_1,X4,42.876,0.0
Decision_1,X4,43.009,0.0
Decision_1,X4,43.142,0.0
Decision_1,X4,43.274,0.0
Decision_1,X4,43.407,0.0
Decision_1,X4,43.54,0.0
Decision_1,X4,43.673,0.0
Decision_1,X4,43.805,0.0
Decision_1,X4,43.938,0.0
Decision_1,X4,44.071,0.0
Decision_1,X4,44.204,0.0
Decision_1,X4,44.336,0.0
Decision_1,X4,44.469,0.0
Decision_1,X4,44.602,0.0
Decision_1,X4,44.735,0.0
Decision_1,X4,44.867,0.0
Decision_1,X4,45.0,0.0
Decision_1,X4,45.133,0.0
Decision_1,X4,45.265,0.0
Decision_1,X4,45.398,0.0
Decision_1,X4,45.531,0.0
Decision_1,X4,45.664,0.0
Decision_1,X4,45.796,0.0
Decision_1,X4,45.929,0.0
Decision_1,X4,46.062,0.0
Decision_1,X4,46.195,0.0
Decision_1,X4,46.327,0.0
Decision_1,X4,46.46,0.0
Decision_1,X4,46.593,0.0
Decision_1,X4,46.726,0.0
Decision_1,X4,46.858,0.0
Decision_1,X4,46.991,0.0
Decision_1,X4,47.124,0.0
Decision_1,X4,47.257,0.0
Decision_1,X4,47.389,0.0
Decision_1,X4,47.522,0.0
Decision_1,X4,47.655,0.0
Decision_1,X4,47.788,0.0
Decision_1,X4,47.92,0.0
Decision_1,X4,48.053,0.0
Decision_1,X4,48.186,0.0
Decision_1,X4,48.319,0.0
Decision_1,X4,48.451,0.0
Decision_1,X4,48.584,0.0
Decision_1,X4,48.717,0.0
Decision_1,X4,48.85,0.0
Decision_1,X4,48.982,0.0
Decision_1,X4,49.115,0.0
Decision_1,X4,49.248,0.0
Decision_1,X4,49.381,0.0
Decision_1,X4,49.513,0.0
Decision_1,X4,49.646,0.0
Decision_1,X4,49.779,0.0
Decision_1,X4,49.912,0.0
Decision_1,X4,50.044,0.0
Decision_1,X4,50.177,0.0
Decision_1,X4,50.31,0.0
Decision_1,X4,50.442,0.0
Decision_1,X4,50.575,0.0
Decision_1,X4,50.708,0.0
Decision_1,X4,50.841,0.0
Decision_1,X4,50.973,0.0
Decision_1,X4,51.106,0.0
Decision_1,X4,51.239,0.0
Decision_1,X4,51.372,0.0
Decision_1,X4,51.504,0.0
Decision_1,X4,51.637,0.0
Decision_1,X4,51.77,0.0
Decision_1,X4,51.903,0.0
Decision_1,X4,52.035,0.0
Decision_1,X4,52.168,0.0
Decision_1,X4,52.301,0.0
Decision_1,X4,52.434,0.0
Decision_1,X4,52.566,0.0
Decision_1,X4,52.699,0.0
Decision_1,X4,52.832,0.0
Decision_1,X4,52.965,0.0
Decision_1,X4,53.097,0.0
Decision_1,X4,53.23,0.0
Decision_1,X4,53.363,0.0
Decision_1,X4,53.496,0.0
Decision_1,X4,53.628,0.0
Decision_1,X4,53.761,0.0
Decision_1,X4,53.894,0.0
Decision_1,X4,54.027,0.0
Decision_1,X4,54.159,0.0
Decision_1,X4,54.292,0.0
Decision_1,X4,54.425,0.0
Decision_1,X4,54.558,0.0
Decision_1,X4,54.69,0.0
Decision_1,X4,54.823,0.0
Decision_1,X4,54.956,0.0
Decision_1,X4,55.088,0.0
Decision_1,X4,55.221,0.0
Decision_1,X4,55.354,0.0
Decision_1,X4,55.487,0.0
Decision_1,X4,55.619,0.0
Decision_1,X4,55.752,0.0
Decision_1,X4,55.885,0.0
Decision_1,X4,56.018,0.0
Decision_1,X4,56.15,0.0
Decision_1,X4,56.283,0.0
Decision_1,X4,56.416,0.0
Decision_1,X4,56.549,0.0
Decision_1,X4,56.681,0.0
Decision_1,X4,56.814,0.0
Decision_1,X4,56.947,0.0
Decision_1,X4,57.08,0.0
Decision_1,X4,57.212,0.0
Decision_1,X4,57.345,0.0
Decision_1,X4,57.478,0.0
Decision_1,X4,57.611,0.0
Decision_1,X4,57.743,0.0
Decision_1,X4,57.876,0.0
Decision_1,X4,58.009,0.0
Decision_1,X4,58.142,0.0
Decision_1,X4,58.274,0.0
Decision_1,X4,58.407,0.0
Decision_1,X4,58.54,0.0
Decision_1,X4,58.673,0.0
Decision_1,X4,58.805,0.0
Decision_1,X4,58.938,0.0
Decision_1,X4,59.071,0.0
Decision_1,X4,59.204,0.0
Decision_1,X4,59.336,0.0
Decision_1,X4,59.469,0.0
Decision_1,X4,59.602,0.0
Decision_1,X4,59.735,0.0
Decision_1,X4,59.867,0.0
Decision_1,X4,60.0,0.0
Decision_1,X4,60.133,0.0
Decision_1,X4,60.265,0.0
Decision_1,X4,60.398,0.0
Decision_1,X4,60.531,0.0
Decision_1,X4,60.664,0.0
Decision_1,X4,60.796,0.0
Decision_1,X4,60.929,0.0
Decision_1,X4,61.062,0.0
Decision_1,X4,61.195,0.0
Decision_1,X4,61.327,0.0
Decision_1,X4,61.46,0.0
Decision_1,X4,61.593,0.0
Decision_1,X4,61.726,0.0
Decision_1,X4,61.858,0.0
Decision_1,X4,61.991,0.0
Decision_1,X4,62.124,0.0
Decision_1,X4,62.257,0.0
Decision_1,X4,62.389,0.0
Decision_1,X4,62.522,0.0
Decision_1,X4,62.655,0.0
Decision_1,X4,62.788,0.0
Decision_1,X4,62.92,0.0
Decision_1,X4,63.053,0.0
Decision_1,X4,63.186,0.0
Decision_1,X4,63.319,0.0
Decision_1,X4,63.451,0.0
Decision_1,X4,63.584,0.0
Decision_1,X4,63.717,0.0
Decision_1,X4,63.85,0.0
Decision_1,X4,63.982,0.0
Decision_1,X4,64.115,0.0
Decision_1,X4,64.248,0.0
Decision_1,X4,64.381,0.0
Decision_1,X4,64.513,0.0
Decision_1,X4,64.646,0.0
Decision_1,X4,64.779,0.0
Decision_1,X4,64.912,0.0
Decision_1,X4,65.044,0.0
Decision_1,X4,65.177,0.0
Decision_1,X4,65.31,0.0
Decision_1,X4,65.442,0.0
Decision_1,X4,65.575,0.0
Decision_1,X4,65.708,0.0
Decision_1,X4,65.841,0.0
Decision_1,X4,65.973,0.0
Decision_1,X4,66.106,0.0
Decision_1,X4,66.239,0.0
Decision_1,X4,66.372,0.0
Decision_1,X4,66.504,0.0
Decision_1,X4,66.637,0.0
Decision_1,X4,66.77,0.0
Decision_1,X4,66.903,0.0
Decision_1,X4,67.035,0.0
Decision_1,X4,67.168,0.0
Decision_1,X4,67.301,0.0
Decision_1,X4,67.434,0.0
Decision_1,X4,67.566,0.0
Decision_1,X4,67.699,0.0
Decision_1,X4,67.832,0.0
Decision_1,X4,67.965,0.0
Decision_1,X4,68.097,0.0
Decision_1,X4,68.23,0.0
Decision_1,X4,68.363,0.0
Decision_1,X4,68.496,0.0
Decision_1,X4,68.628,0.0
Decision_1,X4,68.761,0.0
Decision_1,X4,68.894,0.0
Decision_1,X4,69.027,0.0
Decision_1,X4,69.159,0.0
Decision_1,X4,69.292,0.0
Decision_1,X4,69.425,0.0
Decision_1,X4,69.558,0.0
Decision_1,X4,69.69,0.0
Decision_1,X4,69.823,0.0
Decision_1,X4,69.956,0.0
Decision_1,X4,70.088,0.0
Decision_1,X4,70.221,0.0
Decision_1,X4,70.354,0.0
Decision_1,X4,70.487,0.0
Decision_1,X4,70.619,0.0
Decision_1,X4,70.752,0.0
Decision_1,X4,70.885,0.0
Decision_1,X4,71.018,0.0
Decision_1,X4,71.15,0.0
Decision_1,X4,71.283,0.0
Decision_1,X4,71.416,0.0
Decision_1,X4,71.549,0.0
Decision_1,X4,71.681,0.0
Decision_1,X4,71.814,0.0
Decision_1,X4,71.947,0.0
Decision_1,X4,72.08,0.0
Decision_1,X4,72.212,0.0
Decision_1,X4,72.345,0.0
Decision_1,X4,72.478,0.0
Decision_1,X4,72.611,0.0
Decision_1,X4,72.743,0.0
Decision_1,X4,72.876,0.0
Decision_1,X4,73.009,0.0
Decision_1,X4,73.142,0.0
Decision_1,X4,73.274,0.0
Decision_1,X4,73.407,0.0
Decision_1,X4,73.54,0.0
Decision_1,X4,73.673,0.0
Decision_1,X4,73.805,0.0
Decision_1,X4,73.938,0.0
Decision_1,X4,74.071,0.0
Decision_1,X4,74.204,0.0
Decision_1,X4,74.336,0.0
Decision_1,X4,74.469,0.0
Decision_1,X4,74.602,0.0
Decision_1,X4,74.735,0.0
Decision_1,X4,74.867,0.0
Decision_1,X4,75.0,0.0
Decision_1,X4,75.133,0.0
Decision_1,X4,75.265,0.0
Decision_1,X4,75.398,0.0
Decision_1,X4,75.531,0.0
Decision_1,X4,75.664,0.0
Decision_1,X4,75.796,0.0
Decision_1,X4,75.929,0.0
Decision_1,X4,76.062,0.0
Decision_1,X4,76.195,0.0
Decision_1,X4,76.327,0.0
Decision_1,X4,76.46,0.0
Decision_1,X4,76.593,0.0
Decision_1,X4,76.726,0.0
Decision_1,X4,76.858,0.0
Decision_1,X4,76.991,0.0
Decision_1,X4,77.124,0.0
Decision_1,X4,77.257,0.0
Decision_1,X4,77.389,0.0
Decision_1,X4,77.522,0.0
Decision_1,X4,77.655,0.0
Decision_1,X4,77.788,0.0
Decision_1,X4,77.92,0.0
Decision_1,X4,78.053,0.0
Decision_1,X4,78.186,0.0
Decision_1,X4,78.319,0.0
Decision_1,X4,78.451,0.0
Decision_1,X4,78.584,0.0
Decision_1,X4,78.717,0.0
Decision_1,X4,78.85,0.0
Decision_1,X4,78.982,0.0
Decision_1,X4,79.115,0.0
Decision_1,X4,79.248,0.0
Decision_1,X4,79.381,0.0
Decision_1,X4,79.513,0.0
Decision_1,X4,79.646,0.0
Decision_1,X4,79.779,0.0
Decision_1,X4,79.912,0.0
Decision_1,X4,80.044,0.0
Decision_1,X4,80.177,0.0
Decision_1,X4,80.31,0.0
Decision_1,X4,80.442,0.0
Decision_1,X4,80.575,0.0
Decision_1,X4,80.708,0.0
Decision_1,X4,80.841,0.0
Decision_1,X4,80.973,0.0
Decision_1,X4,81.106,0.0
Decision_1,X4,81.239,0.0
Decision_1,X4,81.372,0.0
Decision_1,X4,81.504,0.0
Decision_1,X4,81.637,0.0
Decision_1,X4,81.77,0.0
Decision_1,X4,81.903,0.0
Decision_1,X4,82.035,0.0
Decision_1,X4,82.168,0.0
Decision_1,X4,82.301,0.0
Decision_1,X4,82.434,0.0
Decision_1,X4,82.566,0.0
Decision_1,X4,82.699,0.0
Decision_1,X4,82.832,0.0
Decision_1,X4,82.965,0.0
Decision_1,X4,83.097,0.0
Decision_1,X4,83.23,0.0
Decision_1,X4,83.363,0.0
Decision_1,X4,83.496,0.0
Decision_1,X4,83.628,0.0
Decision_1,X4,83.761,0.0
Decision_1,X4,83.894,0.0
Decision_1,X4,84.027,0.0
Decision_1,X4,84.159,0.0
Decision_1,X4,84.292,0.0
Decision_1,X4,84.425,0.0
Decision_1,X4,84.558,0.0
Decision_1,X4,84.69,0.0
Decision_1,X4,84.823,0.0
Decision_1,X4,84.956,0.0
Decision_1,X4,85.088,0.0
Decision_1,X4,85.221,0.0
Decision_1,X4,85.354,0.0
Decision_1,X4,85.487,0.0
Decision_1,X4,85.619,0.0
Decision_1,X4,85.752,0.0
Decision_1,X4,85.885,0.0
Decision_1,X4,86.018,0.0
Decision_1,X4,86.15,0.0
Decision_1,X4,86.283,0.0
Decision_1,X4,86.416,0.0
Decision_1,X4,86.549,0.0
Decision_1,X4,86.681,0.0
Decision_1,X4,86.814,0.0
Decision_1,X4,86.947,0.0
Decision_1,X4,87.08,0.0
Decision_1,X4,87.212,0.0
Decision_1,X4,87.345,0.0
Decision_1,X4,87.478,0.0
Decision_1,X4,87.611,0.0
Decision_1,X4,87.743,0.0
Decision_1,X4,87.876,0.0
Decision_1,X4,88.009,0.0
Decision_1,X4,88.142,0.0
Decision_1,X4,88.274,0.0
Decision_1,X4,88.407,0.0
Decision_1,X4,88.54,0.0
Decision_1,X4,88.673,0.0
Decision_1,X4,88.805,0.0
Decision_1,X4,88.938,0.0
Decision_1,X4,89.071,0.0
Decision_1,X4,89.204,0.0
Decision_1,X4,89.336,0.0
Decision_1,X4,89.469,0.0
Decision_1,X4,89.602,0.0
Decision_1,X4,89.735,0.0
Decision_1,X4,89.867,0.0
Decision_1,X4,90.0,0.0
Decision_1,X4,90.133,0.0
Decision_1,X4,90.265,0.0
Decision_1,X4,90.398,0.0
Decision_1,X4,90.531,0.0
Decision_1,X4,90.664,0.0
Decision_1,X4,90.796,0.0
Decision_1,X4,90.929,0.0
Decision_1,X4,91.062,0.0
Decision_1,X4,91.195,0.0
Decision_1,X4,91.327,0.0
Decision_1,X4,91.46,0.0
Decision_1,X4,91.593,0.0
Decision_1,X4,91.726,0.0
Decision_1,X4,91.858,0.0
Decision_1,X4,91.991,0.0
Decision_1,X4,92.124,0.0
Decision_1,X4,92.257,0.0
Decision_1,X4,92.389,0.0
Decision_1,X4,92.522,0.0
Decision_1,X4,92.655,0.0
Decision_1,X4,92.788,0.0
Decision_1,X4,92.92,0.0
Decision_1,X4,93.053,0.0
Decision_1,X4,93.186,0.0
Decision_1,X4,93.319,0.0
Decision_1,X4,93.451,0.0
Decision_1,X4,93.584,0.0
Decision_1,X4,93.717,0.0
Decision_1,X4,93.85,0.0
Decision_1,X4,93.982,0.0
Decision_1,X4,94.115,0.0
Decision_1,X4,94.248,0.0
Decision_1,X4,94.381,0.0
Decision_1,X4,94.513,0.0
Decision_1,X4,94.646,0.0
Decision_1,X4,94.779,0.0
Decision_1,X4,94.912,0.0
Decision_1,X4,95.044,0.0
Decision_1,X4,95.177,0.0
Decision_1,X4,95.31,0.0
Decision_1,X4,95.442,0.0
Decision_1,X4,95.575,0.0
Decision_1,X4,95.708,0.0
Decision_1,X4,95.841,0.0
Decision_1,X4,95.973,0.0
Decision_1,X4,96.106,0.0
Decision_1,X4,96.239,0.0
Decision_1,X4,96.372,0.0
Decision_1,X4,96.504,0.0
Decision_1,X4,96.637,0.0
Decision_1,X4,96.77,0.0549
Decision_1,X4,96.903,1.0
Decision_2,X14,0.0,1.0
Decision_2,X14,0.133,0.0549
Decision_2,X14,0.265,0.0
Decision_2,X14,0.398,0.0
Decision_2,X14,0.531,0.0
Decision_2,X14,0.664,0.0
Decision_2,X14,0.796,0.0
Decision_2,X14,0.929,0.0
Decision_2,X14,1.062,0.0
Decision_2,X14,1.195,0.0
Decision_2,X14,1.327,0.0
Decision_2,X14,1.46,0.0
Decision_2,X14,1.593,0.0
Decision_2,X14,1.726,0.0
Decision_2,X14,1.858,0.0
Decision_2,X14,1.991,0.0
Decision_2,X14,2.124,0.0
Decision_2,X14,2.257,0.0
Decision_2,X14,2.389,0.0
Decision_2,X14,2.522,0.0
Decision_2,X14,2.655,0.0
Decision_2,X14,2.788,0.0
Decision_2,X14,2.92,0.0
Decision_2,X14,3.053,0.0
Decision_2,X14,3.186,0.0
Decision_2,X14,3.319,0.0
Decision_2,X14,3.451,0.0
Decision_2,X14,3.584,0.0
Decision_2,X14,3.717,0.0
Decision_2,X14,3.85,0.0
Decision_2,X14,3.982,0.0
Decision_2,X14,4.115,0.0
Decision_2,X14,4.248,0.0
Decision_2,X14,4.381,0.0
Decision_2,X14,4.513,0.0
Decision_2,X14,4.646,0.0
Decision_2,X14,4.779,0.0
Decision_2,X14,4.912,0.0
Decision_2,X14,5.044,0.0
Decision_2,X14,5.177,0.0
Decision_2,X14,5.31,0.0
Decision_2,X14,5.442,0.0
Decision_2,X14,5.575,0.0
Decision_2,X14,5.708,0.0
Decision_2,X14,5.841,0.0
Decision_2,X14,5.973,0.0
Decision_2,X14,6.106,0.0
Decision_2,X14,6.239,0.0
Decision_2,X14,6.372,0.0
Decision_2,X14,6.504,0.0
Decision_2,X14,6.637,0.0
Decision_2,X14,6.77,0.0
Decision_2,X14,6.903,0.0
Decision_2,X14,7.035,0.0
Decision_2,X14,7.168,0.0
Decision_2,X14,7.301,0.0
Decision_2,X14,7.434,0.0
Decision_2,X14,7.566,0.0
Decision_2,X14,7.699,0.0
Decision_2,X14,7.832,0.0
Decision_2,X14,7.965,0.0
Decision_2,X14,8.097,0.0
Decision_2,X14,8.23,0.0
Decision_2,X14,8.363,0.0
Decision_2,X14,8.496,0.0
Decision_2,X14,8.628,0.0
Decision_2,X14,8.761,0.0
Decision_2,X14,8.894,0.0
Decision_2,X14,9.027,0.0
Decision_2,X14,9.159,0.0
Decision_2,X14,9.292,0.0
Decision_2,X14,9.425,0.0
Decision_2,X14,9.558,0.0
Decision_2,X14,9.69,0.0
Decision_2,X14,9.823,0.0
Decision_2,X14,9.956,0.0
Decision_2,X14,10.088,0.0
Decision_2,X14,10.221,0.0
Decision_2,X14,10.354,0.0
Decision_2,X14,10.487,0.0
Decision_2,X14,10.619,0.0
Decision_2,X14,10.752,0.0
Decision_2,X14,10.885,0.0
Decision_2,X14,11.018,0.0
Decision_2,X14,11.15,0.0
Decision_2,X14,11.283,0.0
Decision_2,X14,11.416,0.0
Decision_2,X14,11.549,0.0
Decision_2,X14,11.681,0.0
Decision_2,X14,11.814,0.0
Decision_2,X14,11.947,0.0
Decision_2,X14,12.08,0.0
Decision_2,X14,12.212,0.0
Decision_2,X14,12.345,0.0
Decision_2,X14,12.478,0.0
Decision_2,X14,12.611,0.0
Decision_2,X14,12.743,0.0
Decision_2,X14,12.876,0.0
Decision_2,X14,13.009,0.0
Decision_2,X14,13.142,0.0
Decision_2,X14,13.274,0.0
Decision_2,X14,13.407,0.0
Decision_2,X14,13.54,0.0
Decision_2,X14,13.673,0.0
Decision_2,X14,13.805,0.0
Decision_2,X14,13.938,0.0
Decision_2,X14,14.071,0.0
Decision_2,X14,14.204,0.0
Decision_2,X14,14.336,0.0
Decision_2,X14,14.469,0.0
Decision_2,X14,14.602,0.0
Decision_2,X14,14.735,0.0
Decision_2,X14,14.867,0.0
Decision_2,X14,15.0,0.0
Decision_2,X14,15.133,0.0
Decision_2,X14,15.265,0.0
Decision_2,X14,15.398,0.0
Decision_2,X14,15.531,0.0
Decision_2,X14,15.664,0.0
Decision_2,X14,15.796,0.0
Decision_2,X14,15.929,0.0
Decision_2,X14,16.062,0.0
Decision_2,X14,16.195,0.0
Decision_2,X14,16.327,0.0
Decision_2,X14,16.46,0.0
Decision_2,X14,16.593,0.0
Decision_2,X14,16.726,0.0
Decision_2,X14,16.858,0.0
Decision_2,X14,16.991,0.0
Decision_2,X14,17.124,0.0
Decision_2,X14,17.257,0.0
Decision_2,X14,17.389,0.0
Decision_2,X14,17.522,0.0
Decision_2,X14,17.655,0.0
Decision_2,X14,17.788,0.0
Decision_2,X14,17.92,0.0
Decision_2,X14,18.053,0.0
Decision_2,X14,18.186,0.0
Decision_2,X14,18.319,0.0
Decision_2,X14,18.451,0.0
Decision_2,X14,18.584,0.0
Decision_2,X14,18.717,0.0
Decision_2,X14,18.85,0.0
Decision_2,X14,18.982,0.0
Decision_2,X14,19.115,0.0
Decision_2,X14,19.248,0.0
Decision_2,X14,19.381,0.0
Decision_2,X14,19.513,0.0
Decision_2,X14,19.646,0.0
Decision_2,X14,19.779,0.0
Decision_2,X14,19.912,0.0
Decision_2,X14,20.044,0.0
Decision_2,X14,20.177,0.0
Decision_2,X14,20.31,0.0
Decision_2,X14,20.442,0.0
Decision_2,X14,20.575,0.0
Decision_2,X14,20.708,0.0
Decision_2,X14,20.841,0.0
Decision_2,X14,20.973,0.0
Decision_2,X14,21.106,0.0
Decision_2,X14,21.239,0.0
Decision_2,X14,21.372,0.0
Decision_2,X14,21.504,0.0
Decision_2,X14,21.637,0.0
Decision_2,X14,21.77,0.0
Decision_2,X14,21.903,0.0
Decision_2,X14,22.035,0.0
Decision_2,X14,22.168,0.0
Decision_2,X14,22.301,0.0
Decision_2,X14,22.434,0.0
Decision_2,X14,22.566,0.0
Decision_2,X14,22.699,0.0
Decision_2,X14,22.832,0.0
Decision_2,X14,22.965,0.0
Decision_2,X14,23.097,0.0
Decision_2,X14,23.23,0.0
Decision_2,X14,23.363,0.0
Decision_2,X14,23.496,0.0
Decision_2,X14,23.628,0.0
Decision_2,X14,23.761,0.0
Decision_2,X14,23.894,0.0
Decision_2,X14,24.027,0.0
Decision_2,X14,24.159,0.0
Decision_2,X14,24.292,0.0
Decision_2,X14,24.425,0.0
Decision_2,X14,24.558,0.0
Decision_2,X14,24.69,0.0
Decision_2,X14,24.823,0.0
Decision_2,X14,24.956,0.0
Decision_2,X14,25.088,0.0
Decision_2,X14,25.221,0.0
Decision_2,X14,25.354,0.0
Decision_2,X14,25.487,0.0
Decision_2,X14,25.619,0.0
Decision_2,X14,25.752,0.0
Decision_2,X14,25.885,0.0
Decision_2,X14,26.018,0.0
Decision_2,X14,26.15,0.0
Decision_2,X14,26.283,0.0
Decision_2,X14,26.416,0.0
Decision_2,X14,26.549,0.0
Decision_2,X14,26.681,0.0
Decision_2,X14,26.814,0.0
Decision_2,X14,26.947,0.0
Decision_2,X14,27.08,0.0
Decision_2,X14,27.212,0.0
Decision_2,X14,27.345,0.0
Decision_2,X14,27.478,0.0
Decision_2,X14,27.611,0.0
Decision_2,X14,27.743,0.0
Decision_2,X14,27.876,0.0
Decision_2,X14,28.009,0.0
Decision_2,X14,28.142,0.0
Decision_2,X14,28.274,0.0
Decision_2,X14,28.407,0.0
Decision_2,X14,28.54,0.0
Decision_2,X14,28.673,0.0
Decision_2,X14,28.805,0.0
Decision_2,X14,28.938,0.0
Decision_2,X14,29.071,0.0
Decision_2,X14,29.204,0.0
Decision_2,X14,29.336,0.0
Decision_2,X14,29.469,0.0
Decision_2,X14,29.602,0.0
Decision_2,X14,29.735,0.0
Decision_2,X14,29.867,0.0
Decision_2,X14,30.0,0.0
Decision_2,X14,30.133,0.0
Decision_2,X14,30.265,0.0
Decision_2,X14,30.398,0.0
Decision_2,X14,30.531,0.0
Decision_2,X14,30.664,0.0
Decision_2,X14,30.796,0.0
Decision_2,X14,30.929,0.0
Decision_2,X14,31.062,0.0
Decision_2,X14,31.195,0.0
Decision_2,X14,31.327,0.0
Decision_2,X14,31.46,0.0
Decision_2,X14,31.593,0.0
Decision_2,X14,31.726,0.0
Decision_2,X14,31.858,0.0
Decision_2,X14,31.991,0.0
Decision_2,X14,32.124,0.0
Decision_2,X14,32.257,0.0
Decision_2,X14,32.389,0.0
Decision_2,X14,32.522,0.0
Decision_2,X14,32.655,0.0
Decision_2,X14,32.788,0.0
Decision_2,X14,32.92,0.0
Decision_2,X14,33.053,0.0
Decision_2,X14,33.186,0.0
Decision_2,X14,33.319,0.0
Decision_2,X14,33.451,0.0
Decision_2,X14,33.584,0.0
Decision_2,X14,33.717,0.0
Decision_2,X14,33.85,0.0
Decision_2,X14,33.982,0.0
Decision_2,X14,34.115,0.0
Decision_2,X14,34.248,0.0
Decision_2,X14,34.381,0.0
Decision_2,X14,34.513,0.0
Decision_2,X14,34.646,0.0
Decision_2,X14,34.779,0.0
Decision_2,X14,34.912,0.0
Decision_2,X14,35.044,0.0
Decision_2,X14,35.177,0.0
Decision_2,X14,35.31,0.0
Decision_2,X14,35.442,0.0
Decision_2,X14,35.575,0.0
Decision_2,X14,35.708,0.0
Decision_2,X14,35.841,0.0
Decision_2,X14,35.973,0.0
Decision_2,X14,36.106,0.0
Decision_2,X14,36.239,0.0
Decision_2,X14,36.372,0.0
Decision_2,X14,36.504,0.0
Decision_2,X14,36.637,0.0
Decision_2,X14,36.77,0.0
Decision_2,X14,36.903,0.0
Decision_2,X14,37.035,0.0
Decision_2,X14,37.168,0.0
Decision_2,X14,37.301,0.0
Decision_2,X14,37.434,0.0
Decision_2,X14,37.566,0.0
Decision_2,X14,37.699,0.0
Decision_2,X14,37.832,0.0
Decision_2,X14,37.965,0.0
Decision_2,X14,38.097,0.0
Decision_2,X14,38.23,0.0
Decision_2,X14,38.363,0.0
Decision_2,X14,38.496,0.0
Decision_2,X14,38.628,0.0
Decision_2,X14,38.761,0.0
Decision_2,X14,38.894,0.0
Decision_2,X14,39.027,0.0
Decision_2,X14,39.159,0.0
Decision_2,X14,39.292,0.0
Decision_2,X14,39.425,0.0
Decision_2,X14,39.558,0.0
Decision_2,X14,39.69,0.0
Decision_2,X14,39.823,0.0
Decision_2,X14,39.956,0.0
Decision_2,X14,40.088,0.0
Decision_2,X14,40.221,0.0
Decision_2,X14,40.354,0.0
Decision_2,X14,40.487,0.0
Decision_2,X14,40.619,0.0
Decision_2,X14,40.752,0.0
Decision_2,X14,40.885,0.0
Decision_2,X14,41.018,0.0
Decision_2,X14,41.15,0.0
Decision_2,X14,41.283,0.0
Decision_2,X14,41.416,0.0
Decision_2,X14,41.549,0.0
Decision_2,X14,41.681,0.0
Decision_2,X14,41.814,0.0
Decision_2,X14,41.947,0.0
Decision_2,X14,42.08,0.0
Decision_2,X14,42.212,0.0
Decision_2,X14,42.345,0.0
Decision_2,X14,42.478,0.0
Decision_2,X14,42.611,0.0
Decision_2,X14,42.743,0.0
Decision_2,X14,42.876,0.0
Decision_2,X14,43.009,0.0
Decision_2,X14,43.142,0.0
Decision_2,X14,43.274,0.0
Decision_2,X14,43.407,0.0
Decision_2,X14,43.54,0.0
Decision_2,X14,43.673,0.0
Decision_2,X14,43.805,0.0
Decision_2,X14,43.938,0.0
Decision_2,X14,44.071,0.0
Decision_2,X14,44.204,0.0
Decision_2,X14,44.336,0.0
Decision_2,X14,44.469,0.0
Decision_2,X14,44.602,0.0
Decision_2,X14,44.735,0.0
Decision_2,X14,44.867,0.0
Decision_2,X14,45.0,0.0
Decision_2,X14,45.133,0.0
Decision_2,X14,45.265,0.0
Decision_2,X14,45.398,0.0
Decision_2,X14,45.531,0.0
Decision_2,X14,45.664,0.0
Decision_2,X14,45.796,0.0
Decision_2,X14,45.929,0.0
Decision_2,X14,46.062,0.0
Decision_2,X14,46.195,0.0
Decision_2,X14,46.327,0.0
Decision_2,X14,46.46,0.0
Decision_2,X14,46.593,0.0
Decision_2,X14,46.726,0.0
Decision_2,X14,46.858,0.0
Decision_2,X14,46.991,0.0
Decision_2,X14,47.124,0.0
Decision_2,X14,47.257,0.0
Decision_2,X14,47.389,0.0
Decision_2,X14,47.522,0.0
Decision_2,X14,47.655,0.0
Decision_2,X14,47.788,0.0
Decision_2,X14,47.92,0.0
Decision_2,X14,48.053,0.0
Decision_2,X14,48.186,0.0
Decision_2,X14,48.319,0.0
Decision_2,X14,48.451,0.0
Decision_2,X14,48.584,0.0
Decision_2,X14,48.717,0.0
Decision_2,X14,48.85,0.0
Decision_2,X14,48.982,0.0
Decision_2,X14,49.115,0.0
Decision_2,X14,49.248,0.0
Decision_2,X14,49.381,0.0
Decision_2,X14,49.513,0.0
Decision_2,X14,49.646,0.0
Decision_2,X14,49.779,0.0
Decision_2,X14,49.912,0.0
Decision_2,X14,50.044,0.0
Decision_2,X14,50.177,0.0
Decision_2,X14,50.31,0.0
Decision_2,X14,50.442,0.0
Decision_2,X14,50.575,0.0
Decision_2,X14,50.708,0.0
Decision_2,X14,50.841,0.0
Decision_2,X14,50.973,0.0
Decision_2,X14,51.106,0.0
Decision_2,X14,51.239,0.0
Decision_2,X14,51.372,0.0
Decision_2,X14,51.504,0.0
Decision_2,X14,51.637,0.0
Decision_2,X14,51.77,0.0
Decision_2,X14,51.903,0.0
Decision_2,X14,52.035,0.0
Decision_2,X14,52.168,0.0
Decision_2,X14,52.301,0.0
Decision_2,X14,52.434,0.0
Decision_2,X14,52.566,0.0
Decision_2,X14,52.699,0.0
Decision_2,X14,52.832,0.0
Decision_2,X14,52.965,0.0
Decision_2,X14,53.097,0.0
Decision_2,X14,53.23,0.0
Decision_2,X14,53.363,0.0
Decision_2,X14,53.496,0.0
Decision_2,X14,53.628,0.0
Decision_2,X14,53.761,0.0
Decision_2,X14,53.894,0.0
Decision_2,X14,54.027,0.0
Decision_2,X14,54.159,0.0
Decision_2,X14,54.292,0.0
Decision_2,X14,54.425,0.0
Decision_2,X14,54.558,0.0
Decision_2,X14,54.69,0.0
Decision_2,X14,54.823,0.0
Decision_2,X14,54.956,0.0
Decision_2,X14,55.088,0.0
Decision_2,X14,55.221,0.0
Decision_2,X14,55.354,0.0
Decision_2,X14,55.487,0.0
Decision_2,X14,55.619,0.0
Decision_2,X14,55.752,0.0
Decision_2,X14,55.885,0.0
Decision_2,X14,56.018,0.0
Decision_2,X14,56.15,0.0
Decision_2,X14,56.283,0.0
Decision_2,X14,56.416,0.0
Decision_2,X14,56.549,0.0
Decision_2,X14,56.681,0.0
Decision_2,X14,56.814,0.0
Decision_2,X14,56.947,0.0
Decision_2,X14,57.08,0.0
Decision_2,X14,57.212,0.0
Decision_2,X14,57.345,0.0
Decision_2,X14,57.478,0.0
Decision_2,X14,57.611,0.0
Decision_2,X14,57.743,0.0
Decision_2,X14,57.876,0.0
Decision_2,X14,58.009,0.0
Decision_2,X14,58.142,0.0
Decision_2,X14,58.274,0.0
Decision_2,X14,58.407,0.0
Decision_2,X14,58.54,0.0
Decision_2,X14,58.673,0.0
Decision_2,X14,58.805,0.0
Decision_2,X14,58.938,0.0
Decision_2,X14,59.071,0.0
Decision_2,X14,59.204,0.0
Decision_2,X14,59.336,0.0
Decision_2,X14,59.469,0.0
Decision_2,X14,59.602,0.0
Decision_2,X14,59.735,0.0
Decision_2,X14,59.867,0.0
Decision_2,X14,60.0,0.0
Decision_2,X14,60.133,0.0
Decision_2,X14,60.265,0.0
Decision_2,X14,60.398,0.0
Decision_2,X14,60.531,0.0
Decision_2,X14,60.664,0.0
Decision_2,X14,60.796,0.0
Decision_2,X14,60.929,0.0
Decision_2,X14,61.062,0.0
Decision_2,X14,61.195,0.0
Decision_2,X14,61.327,0.0
Decision_2,X14,61.46,0.0
Decision_2,X14,61.593,0.0
Decision_2,X14,61.726,0.0
Decision_2,X14,61.858,0.0
Decision_2,X14,61.991,0.0
Decision_2,X14,62.124,0.0
Decision_2,X14,62.257,0.0
Decision_2,X14,62.389,0.0
Decision_2,X14,62.522,0.0
Decision_2,X14,62.655,0.0
Decision_2,X14,62.788,0.0
Decision_2,X14,62.92,0.0
Decision_2,X14,63.053,0.0
Decision_2,X14,63.186,0.0
Decision_2,X14,63.319,0.0
Decision_2,X14,63.451,0.0
Decision_2,X14,63.584,0.0
Decision_2,X14,63.717,0.0
Decision_2,X14,63.85,0.0
Decision_2,X14,63.982,0.0
Decision_2,X14,64.115,0.0
Decision_2,X14,64.248,0.0
Decision_2,X14,64.381,0.0
Decision_2,X14,64.513,0.0
Decision_2,X14,64.646,0.0
Decision_2,X14,64.779,0.0
Decision_2,X14,64.912,0.0
Decision_2,X14,65.044,0.0
Decision_2,X14,65.177,0.0
Decision_2,X14,65.31,0.0
Decision_2,X14,65.442,0.0
Decision_2,X14,65.575,0.0
Decision_2,X14,65.708,0.0
Decision_2,X14,65.841,0.0
Decision_2,X14,65.973,0.0
Decision_2,X14,66.106,0.0
Decision_2,X14,66.239,0.0
Decision_2,X14,66.372,0.0
Decision_2,X14,66.504,0.0
Decision_2,X14,66.637,0.0
Decision_2,X14,66.77,0.0
Decision_2,X14,66.903,0.0
Decision_2,X14,67.035,0.0
Decision_2,X14,67.168,0.0
Decision_2,X14,67.301,0.0
Decision_2,X14,67.434,0.0
Decision_2,X14,67.566,0.0
Decision_2,X14,67.699,0.0
Decision_2,X14,67.832,0.0
Decision_2,X14,67.965,0.0
Decision_2,X14,68.097,0.0
Decision_2,X14,68.23,0.0
Decision_2,X14,68.363,0.0
Decision_2,X14,68.496,0.0
Decision_2,X14,68.628,0.0
Decision_2,X14,68.761,0.0
Decision_2,X14,68.894,0.0
Decision_2,X14,69.027,0.0
Decision_2,X14,69.159,0.0
Decision_2,X14,69.292,0.0
Decision_2,X14,69.425,0.0
Decision_2,X14,69.558,0.0
Decision_2,X14,69.69,0.0
Decision_2,X14,69.823,0.0
Decision_2,X14,69.956,0.0
Decision_2,X14,70.088,0.0
Decision_2,X14,70.221,0.0
Decision_2,X14,70.354,0.0
Decision_2,X14,70.487,0.0
Decision_2,X14,70.619,0.0
Decision_2,X14,70.752,0.0
Decision_2,X14,70.885,0.0
Decision_2,X14,71.018,0.0
Decision_2,X14,71.15,0.0
Decision_2,X14,71.283,0.0
Decision_2,X14,71.416,0.0
Decision_2,X14,71.549,0.0
Decision_2,X14,71.681,0.0
Decision_2,X14,71.814,0.0
Decision_2,X14,71.947,0.0
Decision_2,X14,72.08,0.0
Decision_2,X14,72.212,0.0
Decision_2,X14,72.345,0.0
Decision_2,X14,72.478,0.0
Decision_2,X14,72.611,0.0
Decision_2,X14,72.743,0.0
Decision_2,X14,72.876,0.0
Decision_2,X14,73.009,0.0
Decision_2,X14,73.142,0.0
Decision_2,X14,73.274,0.0
Decision_2,X14,73.407,0.0
Decision_2,X14,73.54,0.0
Decision_2,X14,73.673,0.0
Decision_2,X14,73.805,0.0
Decision_2,X14,73.938,0.0
Decision_2,X14,74.071,0.0
Decision_2,X14,74.204,0.0
Decision_2,X14,74.336,0.0
Decision_2,X14,74.469,0.0
Decision_2,X14,74.602,0.0
Decision_2,X14,74.735,0.0
Decision_2,X14,74.867,0.0
Decision_2,X14,75.0,0.0
Decision_2,X14,75.133,0.0
Decision_2,X14,75.265,0.0
Decision_2,X14,75.398,0.0
Decision_2,X14,75.531,0.0
Decision_2,X14,75.664,0.0
Decision_2,X14,75.796,0.0
Decision_2,X14,75.929,0.0
Decision_2,X14,76.062,0.0
Decision_2,X14,76.195,0.0
Decision_2,X14,76.327,0.0
Decision_2,X14,76.46,0.0
Decision_2,X14,76.593,0.0
Decision_2,X14,76.726,0.0
Decision_2,X14,76.858,0.0
Decision_2,X14,76.991,0.0
Decision_2,X14,77.124,0.0
Decision_2,X14,77.257,0.0
Decision_2,X14,77.389,0.0
Decision_2,X14,77.522,0.0
Decision_2,X14,77.655,0.0
Decision_2,X14,77.788,0.0
Decision_2,X14,77.92,0.0
Decision_2,X14,78.053,0.0
Decision_2,X14,78.186,0.0
Decision_2,X14,78.319,0.0
Decision_2,X14,78.451,0.0
Decision_2,X14,78.584,0.0
Decision_2,X14,78.717,0.0
Decision_2,X14,78.85,0.0
Decision_2,X14,78.982,0.0
Decision_2,X14,79.115,0.0
Decision_2,X14,79.248,0.0
Decision_2,X14,79.381,0.0
Decision_2,X14,79.513,0.0
Decision_2,X14,79.646,0.0
Decision_2,X14,79.779,0.0
Decision_2,X14,79.912,0.0
Decision_2,X14,80.044,0.0
Decision_2,X14,80.177,0.0
Decision_2,X14,80.31,0.0
Decision_2,X14,80.442,0.0
Decision_2,X14,80.575,0.0
Decision_2,X14,80.708,0.0
Decision_2,X14,80.841,0.0
Decision_2,X14,80.973,0.0
Decision_2,X14,81.106,0.0
Decision_2,X14,81.239,0.0
Decision_2,X14,81.372,0.0
Decision_2,X14,81.504,0.0
Decision_2,X14,81.637,0.0
Decision_2,X14,81.77,0.0
Decision_2,X14,81.903,0.0
Decision_2,X14,82.035,0.0
Decision_2,X14,82.168,0.0
Decision_2,X14,82.301,0.0
Decision_2,X14,82.434,0.0
Decision_2,X14,82.566,0.0
Decision_2,X14,82.699,0.0
Decision_2,X14,82.832,0.0
Decision_2,X14,82.965,0.0
Decision_2,X14,83.097,0.0
Decision_2,X14,83.23,0.0
Decision_2,X14,83.363,0.0
Decision_2,X14,83.496,0.0
Decision_2,X14,83.628,0.0
Decision_2,X14,83.761,0.0
Decision_2,X14,83.894,0.0
Decision_2,X14,84.027,0.0
Decision_2,X14,84.159,0.0
Decision_2,X14,84.292,0.0
Decision_2,X14,84.425,0.0
Decision_2,X14,84.558,0.0
Decision_2,X14,84.69,0.0
Decision_2,X14,84.823,0.0
Decision_2,X14,84.956,0.0
Decision_2,X14,85.088,0.0
Decision_2,X14,85.221,0.0
Decision_2,X14,85.354,0.0
Decision_2,X14,85.487,0.0
Decision_2,X14,85.619,0.0
Decision_2,X14,85.752,0.0
Decision_2,X14,85.885,0.0
Decision_2,X14,86.018,0.0
Decision_2,X14,86.15,0.0
Decision_2,X14,86.283,0.0
Decision_2,X14,86.416,0.0
Decision_2,X14,86.549,0.0
Decision_2,X14,86.681,0.0
Decision_2,X14,86.814,0.0
Decision_2,X14,86.947,0.0
Decision_2,X14,87.08,0.0
Decision_2,X14,87.212,0.0
Decision_2,X14,87.345,0.0
Decision_2,X14,87.478,0.0
Decision_2,X14,87.611,0.0
Decision_2,X14,87.743,0.0
Decision_2,X14,87.876,0.0
Decision_2,X14,88.009,0.0
Decision_2,X14,88.142,0.0
Decision_2,X14,88.274,0.0
Decision_2,X14,88.407,0.0
Decision_2,X14,88.54,0.0
Decision_2,X14,88.673,0.0
Decision_2,X14,88.805,0.0
Decision_2,X14,88.938,0.0
Decision_2,X14,89.071,0.0
Decision_2,X14,89.204,0.0
Decision_2,X14,89.336,0.0
Decision_2,X14,89.469,0.0
Decision_2,X14,89.602,0.0
Decision_2,X14,89.735,0.0
Decision_2,X14,89.867,0.0
Decision_2,X14,90.0,0.0
Decision_2,X14,90.133,0.0
Decision_2,X14,90.265,0.0
Decision_2,X14,90.398,0.0
Decision_2,X14,90.531,0.0
Decision_2,X14,90.664,0.0
Decision_2,X14,90.796,0.0
Decision_2,X14,90.929,0.0
Decision_2,X14,91.062,0.0
Decision_2,X14,91.195,0.0
Decision_2,X14,91.327,0.0
Decision_2,X14,91.46,0.0
Decision_2,X14,91.593,0.0
Decision_2,X14,91.726,0.0
Decision_2,X14,91.858,0.0
Decision_2,X14,91.991,0.0
Decision_2,X14,92.124,0.0
Decision_2,X14,92.257,0.0
Decision_2,X14,92.389,0.0
Decision_2,X14,92.522,0.0
Decision_2,X14,92.655,0.0
Decision_2,X14,92.788,0.0
Decision_2,X14,92.92,0.0
Decision_2,X14,93.053,0.0
Decision_2,X14,93.186,0.0
Decision_2,X14,93.319,0.0
Decision_2,X14,93.451,0.0
Decision_2,X14,93.584,0.0
Decision_2,X14,93.717,0.0
Decision_2,X14,93.85,0.0
Decision_2,X14,93.982,0.0
Decision_2,X14,94.115,0.0
Decision_2,X14,94.248,0.0
Decision_2,X14,94.381,0.0
Decision_2,X14,94.513,0.0
Decision_2,X14,94.646,0.0
Decision_2,X14,94.779,0.0
Decision_2,X14,94.912,0.0
Decision_2,X14,95.044,0.0
Decision_2,X14,95.177,0.0
Decision_2,X14,95.31,0.0
Decision_2,X14,95.442,0.0
Decision_2,X14,95.575,0.0
Decision_2,X14,95.708,0.0
Decision_2,X14,95.841,0.0
Decision_2,X14,95.973,0.0
Decision_2,X14,96.106,0.0
Decision_2,X14,96.239,0.0
Decision_2,X14,96.372,0.0
Decision_2,X14,96.504,0.0
Decision_2,X14,96.637,0.0
Decision_2,X14,96.77,0.0549
Decision_2,X14,96.903,1.0
Decision_2,X15,0.0,1.0
Decision_2,X15,0.133,0.0549
Decision_2,X15,0.265,0.0
Decision_2,X15,0.398,0.0
Decision_2,X15,0.531,0.0
Decision_2,X15,0.664,0.0
Decision_2,X15,0.796,0.0
Decision_2,X15,0.929,0.0
Decision_2,X15,1.062,0.0
Decision_2,X15,1.195,0.0
Decision_2,X15,1.327,0.0
Decision_2,X15,1.46,0.0
Decision_2,X15,1.593,0.0
Decision_2,X15,1.726,0.0
Decision_2,X15,1.858,0.0
Decision_2,X15,1.991,0.0
Decision_2,X15,2.124,0.0
Decision_2,X15,2.257,0.0
Decision_2,X15,2.389,0.0
Decision_2,X15,2.522,0.0
Decision_2,X15,2.655,0.0
Decision_2,X15,2.788,0.0
Decision_2,X15,2.92,0.0
Decision_2,X15,3.053,0.0
Decision_2,X15,3.186,0.0
Decision_2,X15,3.319,0.0
Decision_2,X15,3.451,0.0
Decision_2,X15,3.584,0.0
Decision_2,X15,3.717,0.0
Decision_2,X15,3.85,0.0
Decision_2,X15,3.982,0.0
Decision_2,X15,4.115,0.0
Decision_2,X15,4.248,0.0
Decision_2,X15,4.381,0.0
Decision_2,X15,4.513,0.0
Decision_2,X15,4.646,0.0
Decision_2,X15,4.779,0.0
Decision_2,X15,4.912,0.0
Decision_2,X15,5.044,0.0
Decision_2,X15,5.177,0.0
Decision_2,X15,5.31,0.0
Decision_2,X15,5.442,0.0
Decision_2,X15,5.575,0.0
Decision_2,X15,5.708,0.0
Decision_2,X15,5.841,0.0
Decision_2,X15,5.973,0.0
Decision_2,X15,6.106,0.0
Decision_2,X15,6.239,0.0
Decision_2,X15,6.372,0.0
Decision_2,X15,6.504,0.0
Decision_2,X15,6.637,0.0
Decision_2,X15,6.77,0.0
Decision_2,X15,6.903,0.0
Decision_2,X15,7.035,0.0
Decision_2,X15,7.168,0.0
Decision_2,X15,7.301,0.0
Decision_2,X15,7.434,0.0
Decision_2,X15,7.566,0.0
Decision_2,X15,7.699,0.0
Decision_2,X15,7.832,0.0
Decision_2,X15,7.965,0.0
Decision_2,X15,8.097,0.0
Decision_2,X15,8.23,0.0
Decision_2,X15,8.363,0.0
Decision_2,X15,8.496,0.0
Decision_2,X15,8.628,0.0
Decision_2,X15,8.761,0.0
Decision_2,X15,8.894,0.0
Decision_2,X15,9.027,0.0
Decision_2,X15,9.159,0.0
Decision_2,X15,9.292,0.0
Decision_2,X15,9.425,0.0
Decision_2,X15,9.558,0.0
Decision_2,X15,9.69,0.0
Decision_2,X15,9.823,0.0
Decision_2,X15,9.956,0.0
Decision_2,X15,10.088,0.0
Decision_2,X15,10.221,0.0
Decision_2,X15,10.354,0.0
Decision_2,X15,10.487,0.0
Decision_2,X15,10.619,0.0
Decision_2,X15,10.752,0.0
Decision_2,X15,10.885,0.0
Decision_2,X15,11.018,0.0
Decision_2,X15,11.15,0.0
Decision_2,X15,11.283,0.0
Decision_2,X15,11.416,0.0
Decision_2,X15,11.549,0.0
Decision_2,X15,11.681,0.0
Decision_2,X15,11.814,0.0
Decision_2,X15,11.947,0.0
Decision_2,X15,12.08,0.0
Decision_2,X15,12.212,0.0
Decision_2,X15,12.345,0.0
Decision_2,X15,12.478,0.0
Decision_2,X15,12.611,0.0
Decision_2,X15,12.743,0.0
Decision_2,X15,12.876,0.0
Decision_2,X15,13.009,0.0
Decision_2,X15,13.142,0.0
Decision_2,X15,13.274,0.0
Decision_2,X15,13.407,0.0
Decision_2,X15,13.54,0.0
Decision_2,X15,13.673,0.0
Decision_2,X15,13.805,0.0
Decision_2,X15,13.938,0.0
Decision_2,X15,14.071,1.0
Decision_2,X15,14.204,0.0
Decision_2,X15,14.336,1.0
Decision_2,X15,14.469,0.0
Decision_2,X15,14.602,1.0
Decision_2,X15,14.735,1.0
Decision_2,X15,14.867,1.0
Decision_2,X15,15.0,1.0
Decision_2,X15,15.133,0.0
Decision_2,X15,15.265,1.0
Decision_2,X15,15.398,0.0
Decision_2,X15,15.531,1.0
Decision_2,X15,15.664,0.0
Decision_2,X15,15.796,1.0
Decision_2,X15,15.929,1.0
Decision_2,X15,16.062,1.0
Decision_2,X15,16.195,1.0
Decision_2,X15,16.327,0.0
Decision_2,X15,16.46,1.0
Decision_2,X15,16.593,0.0
Decision_2,X15,16.726,1.0
Decision_2,X15,16.858,0.0
Decision_2,X15,16.991,1.0
Decision_2,X15,17.124,1.0
Decision_2,X15,17.257,0.0
Decision_2,X15,17.389,1.0
Decision_2,X15,17.522,0.0
Decision_2,X15,17.655,1.0
Decision_2,X15,17.788,0.0
Decision_2,X15,17.92,1.0
Decision_2,X15,18.053,1.0
Decision_2,X15,18.186,1.0
Decision_2,X15,18.319,1.0
Decision_2,X15,18.451,0.0
Decision_2,X15,18.584,1.0
Decision_2,X15,18.717,0.0
Decision_2,X15,18.85,1.0
Decision_2,X15,18.982,0.0
Decision_2,X15,19.115,1.0
Decision_2,X15,19.248,1.0
Decision_2,X15,19.381,1.0
Decision_2,X15,19.513,1.0
Decision_2,X15,19.646,0.0
Decision_2,X15,19.779,1.0
Decision_2,X15,19.912,0.0
Decision_2,X15,20.044,1.0
Decision_2,X15,20.177,0.0
Decision_2,X15,20.31,1.0
Decision_2,X15,20.442,1.0
Decision_2,X15,20.575,1.0
Decision_2,X15,20.708,1.0
Decision_2,X15,20.841,0.0
Decision_2,X15,20.973,1.0
Decision_2,X15,21.106,0.0
Decision_2,X15,21.239,1.0
Decision_2,X15,21.372,0.0
Decision_2,X15,21.504,1.0
Decision_2,X15,21.637,1.0
Decision_2,X15,21.77,1.0
Decision_2,X15,21.903,1.0
Decision_2,X15,22.035,0.0
Decision_2,X15,22.168,0.0
Decision_2,X15,22.301,0.0
Decision_2,X15,22.434,1.0
Decision_2,X15,22.566,1.0
Decision_2,X15,22.699,1.0
Decision_2,X15,22.832,0.0
Decision_2,X15,22.965,1.0
Decision_2,X15,23.097,0.0
Decision_2,X15,23.23,1.0
Decision_2,X15,23.363,1.0
Decision_2,X15,23.496,1.0
Decision_2,X15,23.628,1.0
Decision_2,X15,23.761,0.0
Decision_2,X15,23.894,1.0
Decision_2,X15,24.027,0.0
Decision_2,X15,24.159,1.0
Decision_2,X15,24.292,0.0
Decision_2,X15,24.425,1.0
Decision_2,X15,24.558,1.0
Decision_2,X15,24.69,1.0
Decision_2,X15,24.823,1.0
Decision_2,X15,24.956,0.0
Decision_2,X15,25.088,1.0
Decision_2,X15,25.221,0.0
Decision_2,X15,25.354,1.0
Decision_2,X15,25.487,0.0
Decision_2,X15,25.619,1.0
Decision_2,X15,25.752,1.0
Decision_2,X15,25.885,1.0
Decision_2,X15,26.018,1.0
Decision_2,X15,26.15,0.0
Decision_2,X15,26.283,1.0
Decision_2,X15,26.416,0.0
Decision_2,X15,26.549,1.0
Decision_2,X15,26.681,0.0
Decision_2,X15,26.814,1.0
Decision_2,X15,26.947,1.0
Decision_2,X15,27.08,1.0
Decision_2,X15,27.212,1.0
Decision_2,X15,27.345,0.0
Decision_2,X15,27.478,1.0
Decision_2,X15,27.611,0.0
Decision_2,X15,27.743,1.0
Decision_2,X15,27.876,0.0
Decision_2,X15,28.009,1.0
Decision_2,X15,28.142,1.0
Decision_2,X15,28.274,1.0
Decision_2,X15,28.407,1.0
Decision_2,X15,28.54,0.0
Decision_2,X15,28.673,1.0
Decision_2,X15,28.805,0.0
Decision_2,X15,28.938,1.0
Decision_2,X15,29.071,1.0
Decision_2,X15,29.204,1.0
Decision_2,X15,29.336,1.0
Decision_2,X15,29.469,0.0
Decision_2,X15,29.602,1.0
Decision_2,X15,29.735,0.0
Decision_2,X15,29.867,1.0
Decision_2,X15,30.0,0.0
Decision_2,X15,30.133,1.0
Decision_2,X15,30.265,1.0
Decision_2,X15,30.398,0.0
Decision_2,X15,30.531,0.0
Decision_2,X15,30.664,1.0
Decision_2,X15,30.796,1.0
Decision_2,X15,30.929,1.0
Decision_2,X15,31.062,0.0
Decision_2,X15,31.195,1.0
Decision_2,X15,31.327,0.0
Decision_2,X15,31.46,1.0
Decision_2,X15,31.593,0.0
Decision_2,X15,31.726,1.0
Decision_2,X15,31.858,1.0
Decision_2,X15,31.991,1.0
Decision_2,X15,32.124,1.0
Decision_2,X15,32.257,0.0
Decision_2,X15,32.389,1.0
Decision_2,X15,32.522,0.0
Decision_2,X15,32.655,1.0
Decision_2,X15,32.788,0.0
Decision_2,X15,32.92,1.0
Decision_2,X15,33.053,1.0
Decision_2,X15,33.186,1.0
Decision_2,X15,33.319,1.0
Decision_2,X15,33.451,0.0
Decision_2,X15,33.584,1.0
Decision_2,X15,33.717,0.0
Decision_2,X15,33.85,1.0
Decision_2,X15,33.982,0.0
Decision_2,X15,34.115,1.0
Decision_2,X15,34.248,1.0
Decision_2,X15,34.381,0.0
Decision_2,X15,34.513,1.0
Decision_2,X15,34.646,0.0
Decision_2,X15,34.779,1.0
Decision_2,X15,34.912,0.0
Decision_2,X15,35.044,1.0
Decision_2,X15,35.177,1.0
Decision_2,X15,35.31,1.0
Decision_2,X15,35.442,1.0
Decision_2,X15,35.575,0.0
Decision_2,X15,35.708,1.0
Decision_2,X15,35.841,0.0
Decision_2,X15,35.973,1.0
Decision_2,X15,36.106,0.0
Decision_2,X15,36.239,1.0
Decision_2,X15,36.372,1.0
Decision_2,X15,36.504,1.0
Decision_2,X15,36.637,1.0
Decision_2,X15,36.77,0.0
Decision_2,X15,36.903,1.0
Decision_2,X15,37.035,0.0
Decision_2,X15,37.168,1.0
Decision_2,X15,37.301,0.0
Decision_2,X15,37.434,1.0
Decision_2,X15,37.566,1.0
Decision_2,X15,37.699,1.0
Decision_2,X15,37.832,1.0
Decision_2,X15,37.965,0.0
Decision_2,X15,38.097,1.0
Decision_2,X15,38.23,0.0
Decision_2,X15,38.363,1.0
Decision_2,X15,38.496,0.0
Decision_2,X15,38.628,0.0
Decision_2,X15,38.761,0.0
Decision_2,X15,38.894,0.0
Decision_2,X15,39.027,1.0
Decision_2,X15,39.159,1.0
Decision_2,X15,39.292,1.0
Decision_2,X15,39.425,1.0
Decision_2,X15,39.558,0.0
Decision_2,X15,39.69,1.0
Decision_2,X15,39.823,0.0
Decision_2,X15,39.956,1.0
Decision_2,X15,40.088,1.0
Decision_2,X15,40.221,1.0
Decision_2,X15,40.354,1.0
Decision_2,X15,40.487,0.0
Decision_2,X15,40.619,1.0
Decision_2,X15,40.752,0.0
Decision_2,X15,40.885,1.0
Decision_2,X15,41.018,0.0
Decision_2,X15,41.15,1.0
Decision_2,X15,41.283,1.0
Decision_2,X15,41.416,1.0
Decision_2,X15,41.549,1.0
Decision_2,X15,41.681,0.0
Decision_2,X15,41.814,1.0
Decision_2,X15,41.947,0.0
Decision_2,X15,42.08,1.0
Decision_2,X15,42.212,0.0
Decision_2,X15,42.345,1.0
Decision_2,X15,42.478,1.0
Decision_2,X15,42.611,1.0
Decision_2,X15,42.743,1.0
Decision_2,X15,42.876,0.0
Decision_2,X15,43.009,1.0
Decision_2,X15,43.142,0.0
Decision_2,X15,43.274,1.0
Decision_2,X15,43.407,0.0
Decision_2,X15,43.54,1.0
Decision_2,X15,43.673,1.0
Decision_2,X15,43.805,1.0
Decision_2,X15,43.938,1.0
Decision_2,X15,44.071,0.0
Decision_2,X15,44.204,1.0
Decision_2,X15,44.336,0.0
Decision_2,X15,44.469,1.0
Decision_2,X15,44.602,0.0
Decision_2,X15,44.735,1.0
Decision_2,X15,44.867,1.0
Decision_2,X15,45.0,1.0
Decision_2,X15,45.133,1.0
Decision_2,X15,45.265,0.0
Decision_2,X15,45.398,1.0
Decision_2,X15,45.531,0.0
Decision_2,X15,45.664,1.0
Decision_2,X15,45.796,1.0
Decision_2,X15,45.929,1.0
Decision_2,X15,46.062,1.0
Decision_2,X15,46.195,0.0
Decision_2,X15,46.327,1.0
Decision_2,X15,46.46,0.0
Decision_2,X15,46.593,1.0
Decision_2,X15,46.726,0.0
Decision_2,X15,46.858,0.0
Decision_2,X15,46.991,0.0
Decision_2,X15,47.124,0.0
Decision_2,X15,47.257,1.0
Decision_2,X15,47.389,1.0
Decision_2,X15,47.522,1.0
Decision_2,X15,47.655,1.0
Decision_2,X15,47.788,0.0
Decision_2,X15,47.92,1.0
Decision_2,X15,48.053,0.0
Decision_2,X15,48.186,1.0
Decision_2,X15,48.319,0.0
Decision_2,X15,48.451,1.0
Decision_2,X15,48.584,1.0
Decision_2,X15,48.717,1.0
Decision_2,X15,48.85,1.0
Decision_2,X15,48.982,0.0
Decision_2,X15,49.115,1.0
Decision_2,X15,49.248,0.0
Decision_2,X15,49.381,1.0
Decision_2,X15,49.513,0.0
Decision_2,X15,49.646,1.0
Decision_2,X15,49.779,1.0
Decision_2,X15,49.912,1.0
Decision_2,X15,50.044,1.0
Decision_2,X15,50.177,0.0
Decision_2,X15,50.31,1.0
Decision_2,X15,50.442,0.0
Decision_2,X15,50.575,1.0
Decision_2,X15,50.708,0.0
Decision_2,X15,50.841,1.0
Decision_2,X15,50.973,1.0
Decision_2,X15,51.106,1.0
Decision_2,X15,51.239,1.0
Decision_2,X15,51.372,0.0
Decision_2,X15,51.504,1.0
Decision_2,X15,51.637,0.0
Decision_2,X15,51.77,1.0
Decision_2,X15,51.903,1.0
Decision_2,X15,52.035,1.0
Decision_2,X15,52.168,1.0
Decision_2,X15,52.301,0.0
Decision_2,X15,52.434,1.0
Decision_2,X15,52.566,0.0
Decision_2,X15,52.699,1.0
Decision_2,X15,52.832,0.0
Decision_2,X15,52.965,1.0
Decision_2,X15,53.097,1.0
Decision_2,X15,53.23,1.0
Decision_2,X15,53.363,1.0
Decision_2,X15,53.496,0.0
Decision_2,X15,53.628,1.0
Decision_2,X15,53.761,0.0
Decision_2,X15,53.894,1.0
Decision_2,X15,54.027,0.0
Decision_2,X15,54.159,1.0
Decision_2,X15,54.292,1.0
Decision_2,X15,54.425,1.0
Decision_2,X15,54.558,1.0
Decision_2,X15,54.69,0.0
Decision_2,X15,54.823,1.0
Decision_2,X15,54.956,0.0
Decision_2,X15,55.088,1.0
Decision_2,X15,55.221,0.0
Decision_2,X15,55.354,1.0
Decision_2,X15,55.487,1.0
Decision_2,X15,55.619,1.0
Decision_2,X15,55.752,1.0
Decision_2,X15,55.885,0.0
Decision_2,X15,56.018,1.0
Decision_2,X15,56.15,0.0
Decision_2,X15,56.283,1.0
Decision_2,X15,56.416,0.0
Decision_2,X15,56.549,1.0
Decision_2,X15,56.681,1.0
Decision_2,X15,56.814,1.0
Decision_2,X15,56.947,1.0
Decision_2,X15,57.08,0.0
Decision_2,X15,57.212,1.0
Decision_2,X15,57.345,0.0
Decision_2,X15,57.478,1.0
Decision_2,X15,57.611,1.0
Decision_2,X15,57.743,1.0
Decision_2,X15,57.876,1.0
Decision_2,X15,58.009,0.0
Decision_2,X15,58.142,1.0
Decision_2,X15,58.274,0.0
Decision_2,X15,58.407,1.0
Decision_2,X15,58.54,0.0
Decision_2,X15,58.673,1.0
Decision_2,X15,58.805,1.0
Decision_2,X15,58.938,1.0
Decision_2,X15,59.071,1.0
Decision_2,X15,59.204,0.0
Decision_2,X15,59.336,1.0
Decision_2,X15,59.469,0.0
Decision_2,X15,59.602,1.0
Decision_2,X15,59.735,0.0
Decision_2,X15,59.867,1.0
Decision_2,X15,60.0,1.0
Decision_2,X15,60.133,1.0
Decision_2,X15,60.265,1.0
Decision_2,X15,60.398,0.0
Decision_2,X15,60.531,1.0
Decision_2,X15,60.664,0.0
Decision_2,X15,60.796,1.0
Decision_2,X15,60.929,0.0
Decision_2,X15,61.062,1.0
Decision_2,X15,61.195,1.0
Decision_2,X15,61.327,1.0
Decision_2,X15,61.46,1.0
Decision_2,X15,61.593,0.0
Decision_2,X15,61.726,1.0
Decision_2,X15,61.858,0.0
Decision_2,X15,61.991,1.0
Decision_2,X15,62.124,0.0
Decision_2,X15,62.257,1.0
Decision_2,X15,62.389,1.0
Decision_2,X15,62.522,1.0
Decision_2,X15,62.655,1.0
Decision_2,X15,62.788,0.0
Decision_2,X15,62.92,1.0
Decision_2,X15,63.053,0.0
Decision_2,X15,63.186,0.0
Decision_2,X15,63.319,0.0
Decision_2,X15,63.451,0.0
Decision_2,X15,63.584,0.0
Decision_2,X15,63.717,0.0
Decision_2,X15,63.85,0.0
Decision_2,X15,63.982,0.0
Decision_2,X15,64.115,0.0
Decision_2,X15,64.248,0.0
Decision_2,X15,64.381,0.0
Decision_2,X15,64.513,0.0
Decision_2,X15,64.646,0.0
Decision_2,X15,64.779,0.0
Decision_2,X15,64.912,0.0
Decision_2,X15,65.044,0.0
Decision_2,X15,65.177,0.0
Decision_2,X15,65.31,0.0
Decision_2,X15,65.442,0.0
Decision_2,X15,65.575,0.0
Decision_2,X15,65.708,0.0
Decision_2,X15,65.841,0.0
Decision_2,X15,65.973,0.0
Decision_2,X15,66.106,0.0
Decision_2,X15,66.239,0.0
Decision_2,X15,66.372,0.0
Decision_2,X15,66.504,0.0
Decision_2,X15,66.637,0.0
Decision_2,X15,66.77,0.0
Decision_2,X15,66.903,0.0
Decision_2,X15,67.035,0.0
Decision_2,X15,67.168,0.0
Decision_2,X15,67.301,0.0
Decision_2,X15,67.434,0.0
Decision_2,X15,67.566,0.0
Decision_2,X15,67.699,0.0
Decision_2,X15,67.832,0.0
Decision_2,X15,67.965,0.0
Decision_2,X15,68.097,0.0
Decision_2,X15,68.23,0.0
Decision_2,X15,68.363,0.0
Decision_2,X15,68.496,0.0
Decision_2,X15,68.628,0.0
Decision_2,X15,68.761,0.0
Decision_2,X15,68.894,0.0
Decision_2,X15,69.027,0.0
Decision_2,X15,69.159,0.0
Decision_2,X15,69.292,0.0
Decision_2,X15,69.425,0.0
Decision_2,X15,69.558,0.0
Decision_2,X15,69.69,0.0
Decision_2,X15,69.823,0.0
Decision_2,X15,69.956,0.0
Decision_2,X15,70.088,0.0
Decision_2,X15,70.221,0.0
Decision_2,X15,70.354,0.0
Decision_2,X15,70.487,0.0
Decision_2,X15,70.619,0.0
Decision_2,X15,70.752,0.0
Decision_2,X15,70.885,0.0
Decision_2,X15,71.018,0.0
Decision_2,X15,71.15,0.0
Decision_2,X15,71.283,0.0
Decision_2,X15,71.416,0.0
Decision_2,X15,71.549,0.0
Decision_2,X15,71.681,0.0
Decision_2,X15,71.814,0.0
Decision_2,X15,71.947,0.0
Decision_2,X15,72.08,0.0
Decision_2,X15,72.212,0.0
Decision_2,X15,72.345,0.0
Decision_2,X15,72.478,0.0
Decision_2,X15,72.611,0.0
Decision_2,X15,72.743,0.0
Decision_2,X15,72.876,0.0
Decision_2,X15,73.009,0.0
Decision_2,X15,73.142,0.0
Decision_2,X15,73.274,0.0
Decision_2,X15,73.407,0.0
Decision_2,X15,73.54,0.0
Decision_2,X15,73.673,0.0
Decision_2,X15,73.805,0.0
Decision_2,X15,73.938,0.0
Decision_2,X15,74.071,0.0
Decision_2,X15,74.204,0.0
Decision_2,X15,74.336,0.0
Decision_2,X15,74.469,0.0
Decision_2,X15,74.602,0.0
Decision_2,X15,74.735,0.0
Decision_2,X15,74.867,0.0
Decision_2,X15,75.0,0.0
Decision_2,X15,75.133,0.0
Decision_2,X15,75.265,0.0
Decision_2,X15,75.398,0.0
Decision_2,X15,75.531,0.0
Decision_2,X15,75.664,0.0
Decision_2,X15,75.796,0.0
Decision_2,X15,75.929,0.0
Decision_2,X15,76.062,0.0
Decision_2,X15,76.195,0.0
Decision_2,X15,76.327,0.0
Decision_2,X15,76.46,0.0
Decision_2,X15,76.593,0.0
Decision_2,X15,76.726,0.0
Decision_2,X15,76.858,0.0
Decision_2,X15,76.991,0.0
Decision_2,X15,77.124,0.0
Decision_2,X15,77.257,0.0
Decision_2,X15,77.389,0.0
Decision_2,X15,77.522,0.0
Decision_2,X15,77.655,0.0
Decision_2,X15,77.788,0.0
Decision_2,X15,77.92,0.0
Decision_2,X15,78.053,0.0
Decision_2,X15,78.186,0.0
Decision_2,X15,78.319,0.0
Decision_2,X15,78.451,0.0
Decision_2,X15,78.584,0.0
Decision_2,X15,78.717,0.0
Decision_2,X15,78.85,0.0
Decision_2,X15,78.982,0.0
Decision_2,X15,79.115,0.0
Decision_2,X15,79.248,0.0
Decision_2,X15,79.381,0.0
Decision_2,X15,79.513,0.0
Decision_2,X15,79.646,0.0
Decision_2,X15,79.779,0.0
Decision_2,X15,79.912,0.0
Decision_2,X15,80.044,0.0
Decision_2,X15,80.177,0.0
Decision_2,X15,80.31,0.0
Decision_2,X15,80.442,0.0
Decision_2,X15,80.575,0.0
Decision_2,X15,80.708,0.0
Decision_2,X15,80.841,0.0
Decision_2,X15,80.973,0.0
Decision_2,X15,81.106,0.0
Decision_2,X15,81.239,0.0
Decision_2,X15,81.372,0.0
Decision_2,X15,81.504,0.0
Decision_2,X15,81.637,0.0
Decision_2,X15,81.77,0.0
Decision_2,X15,81.903,0.0
Decision_2,X15,82.035,0.0
Decision_2,X15,82.168,0.0
Decision_2,X15,82.301,0.0
Decision_2,X15,82.434,0.0
Decision_2,X15,82.566,0.0
Decision_2,X15,82.699,0.0
Decision_2,X15,82.832,0.0
Decision_2,X15,82.965,0.0
Decision_2,X15,83.097,0.0
Decision_2,X15,83.23,0.0
Decision_2,X15,83.363,0.0
Decision_2,X15,83.496,0.0
Decision_2,X15,83.628,0.0
Decision_2,X15,83.761,0.0
Decision_2,X15,83.894,0.0
Decision_2,X15,84.027,0.0
Decision_2,X15,84.159,0.0
Decision_2,X15,84.292,0.0
Decision_2,X15,84.425,0.0
Decision_2,X15,84.558,0.0
Decision_2,X15,84.69,0.0
Decision_2,X15,84.823,0.0
Decision_2,X15,84.956,0.0
Decision_2,X15,85.088,0.0
Decision_2,X15,85.221,0.0
Decision_2,X15,85.354,0.0
Decision_2,X15,85.487,0.0
Decision_2,X15,85.619,0.0
Decision_2,X15,85.752,0.0
Decision_2,X15,85.885,0.0
Decision_2,X15,86.018,0.0
Decision_2,X15,86.15,0.0
Decision_2,X15,86.283,0.0
Decision_2,X15,86.416,0.0
Decision_2,X15,86.549,0.0
Decision_2,X15,86.681,0.0
Decision_2,X15,86.814,0.0
Decision_2,X15,86.947,0.0
Decision_2,X15,87.08,0.0
Decision_2,X15,87.212,0.0
Decision_2,X15,87.345,0.0
Decision_2,X15,87.478,0.0
Decision_2,X15,87.611,0.0
Decision_2,X15,87.743,0.0
Decision_2,X15,87.876,0.0
Decision_2,X15,88.009,0.0
Decision_2,X15,88.142,0.0
Decision_2,X15,88.274,0.0
Decision_2,X15,88.407,0.0
Decision_2,X15,88.54,0.0
Decision_2,X15,88.673,0.0
Decision_2,X15,88.805,0.0
Decision_2,X15,88.938,0.0
Decision_2,X15,89.071,0.0
Decision_2,X15,89.204,0.0
Decision_2,X15,89.336,0.0
Decision_2,X15,89.469,0.0
Decision_2,X15,89.602,0.0
Decision_2,X15,89.735,0.0
Decision_2,X15,89.867,0.0
Decision_2,X15,90.0,0.0
Decision_2,X15,90.133,0.0
Decision_2,X15,90.265,0.0
Decision_2,X15,90.398,0.0
Decision_2,X15,90.531,0.0
Decision_2,X15,90.664,0.0
Decision_2,X15,90.796,0.0
Decision_2,X15,90.929,0.0
Decision_2,X15,91.062,0.0
Decision_2,X15,91.195,0.0
Decision_2,X15,91.327,0.0
Decision_2,X15,91.46,0.0
Decision_2,X15,91.593,0.0
Decision_2,X15,91.726,0.0
Decision_2,X15,91.858,0.0
Decision_2,X15,91.991,0.0
Decision_2,X15,92.124,0.0
Decision_2,X15,92.257,0.0
Decision_2,X15,92.389,0.0
Decision_2,X15,92.522,0.0
Decision_2,X15,92.655,0.0
Decision_2,X15,92.788,0.0
Decision_2,X15,92.92,0.0
Decision_2,X15,93.053,0.0
Decision_2,X15,93.186,0.0
Decision_2,X15,93.319,0.0
Decision_2,X15,93.451,0.0
Decision_2,X15,93.584,0.0
Decision_2,X15,93.717,0.0
Decision_2,X15,93.85,0.0
Decision_2,X15,93.982,0.0
Decision_2,X15,94.115,0.0
Decision_2,X15,94.248,0.0
Decision_2,X15,94.381,0.0
Decision_2,X15,94.513,0.0
Decision_2,X15,94.646,0.0
Decision_2,X15,94.779,0.0
Decision_2,X15,94.912,0.0
Decision_2,X15,95.044,0.0
Decision_2,X15,95.177,0.0
Decision_2,X15,95.31,0.0
Decision_2,X15,95.442,0.0
Decision_2,X15,95.575,0.0
Decision_2,X15,95.708,0.0
Decision_2,X15,95.841,0.0
Decision_2,X15,95.973,0.0
Decision_2,X15,96.106,0.0
Decision_2,X15,96.239,0.0
Decision_2,X15,96.372,0.0
Decision_2,X15,96.504,0.0
Decision_2,X15,96.637,0.0
Decision_2,X15,96.77,0.0549
Decision_2,X15,96.903,1.0
Decision_2,X16,0.0,1.0
Decision_2,X16,0.133,1.0
Decision_2,X16,0.265,0.9961
Decision_2,X16,0.398,0.9961
Decision_2,X16,0.531,0.9961
Decision_2,X16,0.664,0.9961
Decision_2,X16,0.796,0.9961
Decision_2,X16,0.929,0.9961
Decision_2,X16,1.062,0.9961
Decision_2,X16,1.195,0.9961
Decision_2,X16,1.327,0.9961
Decision_2,X16,1.46,0.9961
Decision_2,X16,1.593,0.9961
Decision_2,X16,1.726,0.9961
Decision_2,X16,1.858,0.9961
Decision_2,X16,1.991,0.9961
Decision_2,X16,2.124,0.9961
Decision_2,X16,2.257,0.9961
Decision_2,X16,2.389,0.9961
Decision_2,X16,2.522,0.9961
Decision_2,X16,2.655,0.9961
Decision_2,X16,2.788,0.9961
Decision_2,X16,2.92,0.9961
Decision_2,X16,3.053,0.9961
Decision_2,X16,3.186,0.9961
Decision_2,X16,3.319,0.9961
Decision_2,X16,3.451,0.9961
Decision_2,X16,3.584,0.9961
Decision_2,X16,3.717,0.9961
Decision_2,X16,3.85,0.9961
Decision_2,X16,3.982,0.9961
Decision_2,X16,4.115,0.9961
Decision_2,X16,4.248,0.9961
Decision_2,X16,4.381,0.9961
Decision_2,X16,4.513,0.9961
Decision_2,X16,4.646,0.9961
Decision_2,X16,4.779,0.9961
Decision_2,X16,4.912,0.9961
Decision_2,X16,5.044,0.9961
Decision_2,X16,5.177,0.9961
Decision_2,X16,5.31,0.9961
Decision_2,X16,5.442,0.9961
Decision_2,X16,5.575,0.9961
Decision_2,X16,5.708,0.9961
Decision_2,X16,5.841,0.9961
Decision_2,X16,5.973,0.9961
Decision_2,X16,6.106,0.9961
Decision_2,X16,6.239,0.9961
Decision_2,X16,6.372,0.9961
Decision_2,X16,6.504,0.9961
Decision_2,X16,6.637,0.9961
Decision_2,X16,6.77,0.9961
Decision_2,X16,6.903,0.9961
Decision_2,X16,7.035,0.9961
Decision_2,X16,7.168,0.9961
Decision_2,X16,7.301,0.9961
Decision_2,X16,7.434,0.9961
Decision_2,X16,7.566,0.9961
Decision_2,X16,7.699,0.9961
Decision_2,X16,7.832,0.9961
Decision_2,X16,7.965,0.9961
Decision_2,X16,8.097,0.9961
Decision_2,X16,8.23,0.9961
Decision_2,X16,8.363,0.9961
Decision_2,X16,8.496,0.9961
Decision_2,X16,8.628,0.9961
Decision_2,X16,8.761,0.9961
Decision_2,X16,8.894,0.9961
Decision_2,X16,9.027,0.9961
Decision_2,X16,9.159,0.9961
Decision_2,X16,9.292,0.9961
Decision_2,X16,9.425,0.9961
Decision_2,X16,9.558,0.9961
Decision_2,X16,9.69,0.9961
Decision_2,X16,9.823,0.9961
Decision_2,X16,9.956,0.9961
Decision_2,X16,10.088,0.9961
Decision_2,X16,10.221,0.9961
Decision_2,X16,10.354,0.9961
Decision_2,X16,10.487,0.9961
Decision_2,X16,10.619,0.9961
Decision_2,X16,10.752,0.9961
Decision_2,X16,10.885,0.9961
Decision_2,X16,11.018,0.9961
Decision_2,X16,11.15,0.9961
Decision_2,X16,11.283,0.9961
Decision_2,X16,11.416,0.9961
Decision_2,X16,11.549,0.9961
Decision_2,X16,11.681,0.9961
Decision_2,X16,11.814,0.9961
Decision_2,X16,11.947,0.9961
Decision_2,X16,12.08,0.9961
Decision_2,X16,12.212,0.9961
Decision_2,X16,12.345,0.9961
Decision_2,X16,12.478,0.9961
Decision_2,X16,12.611,0.9961
Decision_2,X16,12.743,0.9961
Decision_2,X16,12.876,0.9961
Decision_2,X16,13.009,0.9961
Decision_2,X16,13.142,0.9961
Decision_2,X16,13.274,0.9961
Decision_2,X16,13.407,0.9961
Decision_2,X16,13.54,0.9961
Decision_2,X16,13.673,0.9961
Decision_2,X16,13.805,0.9961
Decision_2,X16,13.938,0.9961
Decision_2,X16,14.071,0.9961
Decision_2,X16,14.204,0.0
Decision_2,X16,14.336,0.9961
Decision_2,X16,14.469,0.0
Decision_2,X16,14.602,0.9961
Decision_2,X16,14.735,0.0
Decision_2,X16,14.867,0.9961
Decision_2,X16,15.0,0.0
Decision_2,X16,15.133,0.0
Decision_2,X16,15.265,0.0
Decision_2,X16,15.398,0.0
Decision_2,X16,15.531,0.9961
Decision_2,X16,15.664,0.0
Decision_2,X16,15.796,0.9961
Decision_2,X16,15.929,0.0
Decision_2,X16,16.062,0.9961
Decision_2,X16,16.195,0.0
Decision_2,X16,16.327,0.0
Decision_2,X16,16.46,0.0
Decision_2,X16,16.593,0.0
Decision_2,X16,16.726,0.9961
Decision_2,X16,16.858,0.0
Decision_2,X16,16.991,0.9961
Decision_2,X16,17.124,0.0
Decision_2,X16,17.257,0.0
Decision_2,X16,17.389,0.0
Decision_2,X16,17.522,0.0
Decision_2,X16,17.655,0.9961
Decision_2,X16,17.788,0.0
Decision_2,X16,17.92,0.9961
Decision_2,X16,18.053,0.0
Decision_2,X16,18.186,0.9961
Decision_2,X16,18.319,0.0
Decision_2,X16,18.451,0.0
Decision_2,X16,18.584,0.0
Decision_2,X16,18.717,0.0
Decision_2,X16,18.85,0.9961
Decision_2,X16,18.982,0.0
Decision_2,X16,19.115,0.9961
Decision_2,X16,19.248,0.0
Decision_2,X16,19.381,0.9961
Decision_2,X16,19.513,0.0
Decision_2,X16,19.646,0.0
Decision_2,X16,19.779,0.0
Decision_2,X16,19.912,0.0
Decision_2,X16,20.044,0.9961
Decision_2,X16,20.177,0.0
Decision_2,X16,20.31,0.9961
Decision_2,X16,20.442,0.0
Decision_2,X16,20.575,0.9961
Decision_2,X16,20.708,0.0
Decision_2,X16,20.841,0.0
Decision_2,X16,20.973,0.0
Decision_2,X16,21.106,0.0
Decision_2,X16,21.239,0.9961
Decision_2,X16,21.372,0.0
Decision_2,X16,21.504,0.9961
Decision_2,X16,21.637,0.0
Decision_2,X16,21.77,0.9961
Decision_2,X16,21.903,0.0
Decision_2,X16,22.035,0.0
Decision_2,X16,22.168,0.9961
Decision_2,X16,22.301,0.9961
Decision_2,X16,22.434,0.9961
Decision_2,X16,22.566,0.9961
Decision_2,X16,22.699,0.0
Decision_2,X16,22.832,0.0
Decision_2,X16,22.965,0.9961
Decision_2,X16,23.097,0.0
Decision_2,X16,23.23,0.9961
Decision_2,X16,23.363,0.0
Decision_2,X16,23.496,0.9961
Decision_2,X16,23.628,0.0
Decision_2,X16,23.761,0.0
Decision_2,X16,23.894,0.0
Decision_2,X16,24.027,0.0
Decision_2,X16,24.159,0.9961
Decision_2,X16,24.292,0.0
Decision_2,X16,24.425,0.9961
Decision_2,X16,24.558,0.0
Decision_2,X16,24.69,0.9961
Decision_2,X16,24.823,0.0
Decision_2,X16,24.956,0.0
Decision_2,X16,25.088,0.0
Decision_2,X16,25.221,0.0
Decision_2,X16,25.354,0.9961
Decision_2,X16,25.487,0.0
Decision_2,X16,25.619,0.9961
Decision_2,X16,25.752,0.0
Decision_2,X16,25.885,0.9961
Decision_2,X16,26.018,0.0
Decision_2,X16,26.15,0.0
Decision_2,X16,26.283,0.0
Decision_2,X16,26.416,0.0
Decision_2,X16,26.549,0.9961
Decision_2,X16,26.681,0.0
Decision_2,X16,26.814,0.9961
Decision_2,X16,26.947,0.0
Decision_2,X16,27.08,0.9961
Decision_2,X16,27.212,0.0
Decision_2,X16,27.345,0.0
Decision_2,X16,27.478,0.0
Decision_2,X16,27.611,0.0
Decision_2,X16,27.743,0.9961
Decision_2,X16,27.876,0.0
Decision_2,X16,28.009,0.9961
Decision_2,X16,28.142,0.0
Decision_2,X16,28.274,0.9961
Decision_2,X16,28.407,0.0
Decision_2,X16,28.54,0.0
Decision_2,X16,28.673,0.9961
Decision_2,X16,28.805,0.0
Decision_2,X16,28.938,0.9961
Decision_2,X16,29.071,0.0
Decision_2,X16,29.204,0.9961
Decision_2,X16,29.336,0.0
Decision_2,X16,29.469,0.0
Decision_2,X16,29.602,0.0
Decision_2,X16,29.735,0.0
Decision_2,X16,29.867,0.9961
Decision_2,X16,30.0,0.0
Decision_2,X16,30.133,0.9961
Decision_2,X16,30.265,0.0
Decision_2,X16,30.398,0.9961
Decision_2,X16,30.531,0.9961
Decision_2,X16,30.664,0.9961
Decision_2,X16,30.796,0.9961
Decision_2,X16,30.929,0.0
Decision_2,X16,31.062,0.0
Decision_2,X16,31.195,0.0
Decision_2,X16,31.327,0.0
Decision_2,X16,31.46,0.9961
Decision_2,X16,31.593,0.0
Decision_2,X16,31.726,0.9961
Decision_2,X16,31.858,0.0
Decision_2,X16,31.991,0.9961
Decision_2,X16,32.124,0.0
Decision_2,X16,32.257,0.0
Decision_2,X16,32.389,0.0
Decision_2,X16,32.522,0.0
Decision_2,X16,32.655,0.9961
Decision_2,X16,32.788,0.0
Decision_2,X16,32.92,0.9961
Decision_2,X16,33.053,0.0
Decision_2,X16,33.186,0.9961
Decision_2,X16,33.319,0.0
Decision_2,X16,33.451,0.0
Decision_2,X16,33.584,0.0
Decision_2,X16,33.717,0.0
Decision_2,X16,33.85,0.9961
Decision_2,X16,33.982,0.0
Decision_2,X16,34.115,0.9961
Decision_2,X16,34.248,0.0
Decision_2,X16,34.381,0.0
Decision_2,X16,34.513,0.0
Decision_2,X16,34.646,0.0
Decision_2,X16,34.779,0.9961
Decision_2,X16,34.912,0.0
Decision_2,X16,35.044,0.9961
Decision_2,X16,35.177,0.0
Decision_2,X16,35.31,0.9961
Decision_2,X16,35.442,0.0
Decision_2,X16,35.575,0.0
Decision_2,X16,35.708,0.0
Decision_2,X16,35.841,0.0
Decision_2,X16,35.973,0.9961
Decision_2,X16,36.106,0.0
Decision_2,X16,36.239,0.9961
Decision_2,X16,36.372,0.0
Decision_2,X16,36.504,0.9961
Decision_2,X16,36.637,0.0
Decision_2,X16,36.77,0.0
Decision_2,X16,36.903,0.0
Decision_2,X16,37.035,0.0
Decision_2,X16,37.168,0.9961
Decision_2,X16,37.301,0.0
Decision_2,X16,37.434,0.9961
Decision_2,X16,37.566,0.0
Decision_2,X16,37.699,0.9961
Decision_2,X16,37.832,0.0
Decision_2,X16,37.965,0.0
Decision_2,X16,38.097,0.0
Decision_2,X16,38.23,0.0
Decision_2,X16,38.363,0.9961
Decision_2,X16,38.496,0.0
Decision_2,X16,38.628,0.9961
Decision_2,X16,38.761,0.9961
Decision_2,X16,38.894,0.0
Decision_2,X16,39.027,0.9961
Decision_2,X16,39.159,0.0
Decision_2,X16,39.292,0.9961
Decision_2,X16,39.425,0.0
Decision_2,X16,39.558,0.0
Decision_2,X16,39.69,0.0
Decision_2,X16,39.823,0.0
Decision_2,X16,39.956,0.9961
Decision_2,X16,40.088,0.0
Decision_2,X16,40.221,0.9961
Decision_2,X16,40.354,0.0
Decision_2,X16,40.487,0.0
Decision_2,X16,40.619,0.0
Decision_2,X16,40.752,0.0
Decision_2,X16,40.885,0.9961
Decision_2,X16,41.018,0.0
Decision_2,X16,41.15,0.9961
Decision_2,X16,41.283,0.0
Decision_2,X16,41.416,0.9961
Decision_2,X16,41.549,0.0
Decision_2,X16,41.681,0.0
Decision_2,X16,41.814,0.0
Decision_2,X16,41.947,0.0
Decision_2,X16,42.08,0.9961
Decision_2,X16,42.212,0.0
Decision_2,X16,42.345,0.9961
Decision_2,X16,42.478,0.0
Decision_2,X16,42.611,0.9961
Decision_2,X16,42.743,0.0
Decision_2,X16,42.876,0.0
Decision_2,X16,43.009,0.0
Decision_2,X16,43.142,0.0
Decision_2,X16,43.274,0.9961
Decision_2,X16,43.407,0.0
Decision_2,X16,43.54,0.9961
Decision_2,X16,43.673,0.0
Decision_2,X16,43.805,0.9961
Decision_2,X16,43.938,0.0
Decision_2,X16,44.071,0.0
Decision_2,X16,44.204,0.0
Decision_2,X16,44.336,0.0
Decision_2,X16,44.469,0.9961
Decision_2,X16,44.602,0.0
Decision_2,X16,44.735,0.9961
Decision_2,X16,44.867,0.0
Decision_2,X16,45.0,0.9961
Decision_2,X16,45.133,0.0
Decision_2,X16,45.265,0.0
Decision_2,X16,45.398,0.0
Decision_2,X16,45.531,0.0
Decision_2,X16,45.664,0.9961
Decision_2,X16,45.796,0.0
Decision_2,X16,45.929,0.9961
Decision_2,X16,46.062,0.0
Decision_2,X16,46.195,0.0
Decision_2,X16,46.327,0.0
Decision_2,X16,46.46,0.0
Decision_2,X16,46.593,0.9961
Decision_2,X16,46.726,0.0
Decision_2,X16,46.858,0.9961
Decision_2,X16,46.991,0.9961
Decision_2,X16,47.124,0.0
Decision_2,X16,47.257,0.9961
Decision_2,X16,47.389,0.0
Decision_2,X16,47.522,0.9961
Decision_2,X16,47.655,0.0
Decision_2,X16,47.788,0.0
Decision_2,X16,47.92,0.0
Decision_2,X16,48.053,0.0
Decision_2,X16,48.186,0.9961
Decision_2,X16,48.319,0.0
Decision_2,X16,48.451,0.9961
Decision_2,X16,48.584,0.0
Decision_2,X16,48.717,0.9961
Decision_2,X16,48.85,0.0
Decision_2,X16,48.982,0.0
Decision_2,X16,49.115,0.0
Decision_2,X16,49.248,0.0
Decision_2,X16,49.381,0.9961
Decision_2,X16,49.513,0.0
Decision_2,X16,49.646,0.9961
Decision_2,X16,49.779,0.0
Decision_2,X16,49.912,0.9961
Decision_2,X16,50.044,0.0
Decision_2,X16,50.177,0.0
Decision_2,X16,50.31,0.0
Decision_2,X16,50.442,0.0
Decision_2,X16,50.575,0.9961
Decision_2,X16,50.708,0.0
Decision_2,X16,50.841,0.9961
Decision_2,X16,50.973,0.0
Decision_2,X16,51.106,0.9961
Decision_2,X16,51.239,0.0
Decision_2,X16,51.372,0.0
Decision_2,X16,51.504,0.9961
Decision_2,X16,51.637,0.0
Decision_2,X16,51.77,0.9961
Decision_2,X16,51.903,0.0
Decision_2,X16,52.035,0.9961
Decision_2,X16,52.168,0.0
Decision_2,X16,52.301,0.0
Decision_2,X16,52.434,0.0
Decision_2,X16,52.566,0.0
Decision_2,X16,52.699,0.9961
Decision_2,X16,52.832,0.0
Decision_2,X16,52.965,0.9961
Decision_2,X16,53.097,0.0
Decision_2,X16,53.23,0.9961
Decision_2,X16,53.363,0.0
Decision_2,X16,53.496,0.0
Decision_2,X16,53.628,0.0
Decision_2,X16,53.761,0.0
Decision_2,X16,53.894,0.9961
Decision_2,X16,54.027,0.0
Decision_2,X16,54.159,0.9961
Decision_2,X16,54.292,0.0
Decision_2,X16,54.425,0.9961
Decision_2,X16,54.558,0.0
Decision_2,X16,54.69,0.0
Decision_2,X16,54.823,0.0
Decision_2,X16,54.956,0.0
Decision_2,X16,55.088,0.9961
Decision_2,X16,55.221,0.0
Decision_2,X16,55.354,0.9961
Decision_2,X16,55.487,0.0
Decision_2,X16,55.619,0.9961
Decision_2,X16,55.752,0.0
Decision_2,X16,55.885,0.0
Decision_2,X16,56.018,0.0
Decision_2,X16,56.15,0.0
Decision_2,X16,56.283,0.9961
Decision_2,X16,56.416,0.0
Decision_2,X16,56.549,0.9961
Decision_2,X16,56.681,0.0
Decision_2,X16,56.814,0.9961
Decision_2,X16,56.947,0.0
Decision_2,X16,57.08,0.0
Decision_2,X16,57.212,0.9961
Decision_2,X16,57.345,0.0
Decision_2,X16,57.478,0.9961
Decision_2,X16,57.611,0.0
Decision_2,X16,57.743,0.9961
Decision_2,X16,57.876,0.0
Decision_2,X16,58.009,0.0
Decision_2,X16,58.142,0.0
Decision_2,X16,58.274,0.0
Decision_2,X16,58.407,0.9961
Decision_2,X16,58.54,0.0
Decision_2,X16,58.673,0.9961
Decision_2,X16,58.805,0.0
Decision_2,X16,58.938,0.9961
Decision_2,X16,59.071,0.0
Decision_2,X16,59.204,0.0
Decision_2,X16,59.336,0.0
Decision_2,X16,59.469,0.0
Decision_2,X16,59.602,0.9961
Decision_2,X16,59.735,0.0
Decision_2,X16,59.867,0.9961
Decision_2,X16,60.0,0.0
Decision_2,X16,60.133,0.9961
Decision_2,X16,60.265,0.0
Decision_2,X16,60.398,0.0
Decision_2,X16,60.531,0.0
Decision_2,X16,60.664,0.0
Decision_2,X16,60.796,0.9961
Decision_2,X16,60.929,0.0
Decision_2,X16,61.062,0.9961
Decision_2,X16,61.195,0.0
Decision_2,X16,61.327,0.9961
Decision_2,X16,61.46,0.0
Decision_2,X16,61.593,0.0
Decision_2,X16,61.726,0.0
Decision_2,X16,61.858,0.0
Decision_2,X16,61.991,0.9961
Decision_2,X16,62.124,0.0
Decision_2,X16,62.257,0.9961
Decision_2,X16,62.389,0.0
Decision_2,X16,62.522,0.9961
Decision_2,X16,62.655,0.0
Decision_2,X16,62.788,0.0
Decision_2,X16,62.92,0.9961
Decision_2,X16,63.053,0.0
Decision_2,X16,63.186,0.9961
Decision_2,X16,63.319,0.9961
Decision_2,X16,63.451,0.9961
Decision_2,X16,63.584,0.9961
Decision_2,X16,63.717,0.9961
Decision_2,X16,63.85,0.9961
Decision_2,X16,63.982,0.9961
Decision_2,X16,64.115,0.9961
Decision_2,X16,64.248,0.9961
Decision_2,X16,64.381,0.9961
Decision_2,X16,64.513,0.9961
Decision_2,X16,64.646,0.9961
Decision_2,X16,64.779,0.9961
Decision_2,X16,64.912,0.9961
Decision_2,X16,65.044,0.9961
Decision_2,X16,65.177,0.9961
Decision_2,X16,65.31,0.9961
Decision_2,X16,65.442,0.9961
Decision_2,X16,65.575,0.9961
Decision_2,X16,65.708,0.9961
Decision_2,X16,65.841,0.9961
Decision_2,X16,65.973,0.9961
Decision_2,X16,66.106,0.9961
Decision_2,X16,66.239,0.9961
Decision_2,X16,66.372,0.9961
Decision_2,X16,66.504,0.9961
Decision_2,X16,66.637,0.9961
Decision_2,X16,66.77,0.9961
Decision_2,X16,66.903,0.9961
Decision_2,X16,67.035,0.9961
Decision_2,X16,67.168,0.9961
Decision_2,X16,67.301,0.9961
Decision_2,X16,67.434,0.9961
Decision_2,X16,67.566,0.9961
Decision_2,X16,67.699,0.9961
Decision_2,X16,67.832,0.9961
Decision_2,X16,67.965,0.9961
Decision_2,X16,68.097,0.9961
Decision_2,X16,68.23,0.9961
Decision_2,X16,68.363,0.9961
Decision_2,X16,68.496,0.9961
Decision_2,X16,68.628,0.9961
Decision_2,X16,68.761,0.9961
Decision_2,X16,68.894,0.9961
Decision_2,X16,69.027,0.9961
Decision_2,X16,69.159,0.9961
Decision_2,X16,69.292,0.9961
Decision_2,X16,69.425,0.9961
Decision_2,X16,69.558,0.9961
Decision_2,X16,69.69,0.9961
Decision_2,X16,69.823,0.9961
Decision_2,X16,69.956,0.9961
Decision_2,X16,70.088,0.9961
Decision_2,X16,70.221,0.9961
Decision_2,X16,70.354,0.9961
Decision_2,X16,70.487,0.9961
Decision_2,X16,70.619,0.9961
Decision_2,X16,70.752,0.9961
Decision_2,X16,70.885,0.9961
Decision_2,X16,71.018,0.9961
Decision_2,X16,71.15,0.9961
Decision_2,X16,71.283,0.9961
Decision_2,X16,71.416,0.9961
Decision_2,X16,71.549,0.9961
Decision_2,X16,71.681,0.9961
Decision_2,X16,71.814,0.9961
Decision_2,X16,71.947,0.9961
Decision_2,X16,72.08,0.9961
Decision_2,X16,72.212,0.9961
Decision_2,X16,72.345,0.9961
Decision_2,X16,72.478,0.9961
Decision_2,X16,72.611,0.9961
Decision_2,X16,72.743,0.9961
Decision_2,X16,72.876,0.9961
Decision_2,X16,73.009,0.9961
Decision_2,X16,73.142,0.9961
Decision_2,X16,73.274,0.9961
Decision_2,X16,73.407,0.9961
Decision_2,X16,73.54,0.9961
Decision_2,X16,73.673,0.9961
Decision_2,X16,73.805,0.9961
Decision_2,X16,73.938,0.9961
Decision_2,X16,74.071,0.9961
Decision_2,X16,74.204,0.9961
Decision_2,X16,74.336,0.9961
Decision_2,X16,74.469,0.9961
Decision_2,X16,74.602,0.9961
Decision_2,X16,74.735,0.9961
Decision_2,X16,74.867,0.9961
Decision_2,X16,75.0,0.9961
Decision_2,X16,75.133,0.9961
Decision_2,X16,75.265,0.9961
Decision_2,X16,75.398,0.9961
Decision_2,X16,75.531,0.9961
Decision_2,X16,75.664,0.9961
Decision_2,X16,75.796,0.9961
Decision_2,X16,75.929,0.9961
Decision_2,X16,76.062,0.9961
Decision_2,X16,76.195,0.9961
Decision_2,X16,76.327,0.9961
Decision_2,X16,76.46,0.9961
Decision_2,X16,76.593,0.9961
Decision_2,X16,76.726,0.9961
Decision_2,X16,76.858,0.9961
Decision_2,X16,76.991,0.9961
Decision_2,X16,77.124,0.9961
Decision_2,X16,77.257,0.9961
Decision_2,X16,77.389,0.9961
Decision_2,X16,77.522,0.9961
Decision_2,X16,77.655,0.9961
Decision_2,X16,77.788,0.9961
Decision_2,X16,77.92,0.9961
Decision_2,X16,78.053,0.9961
Decision_2,X16,78.186,0.9961
Decision_2,X16,78.319,0.9961
Decision_2,X16,78.451,0.9961
Decision_2,X16,78.584,0.9961
Decision_2,X16,78.717,0.9961
Decision_2,X16,78.85,0.9961
Decision_2,X16,78.982,0.9961
Decision_2,X16,79.115,0.9961
Decision_2,X16,79.248,0.9961
Decision_2,X16,79.381,0.9961
Decision_2,X16,79.513,0.9961
Decision_2,X16,79.646,0.9961
Decision_2,X16,79.779,0.9961
Decision_2,X16,79.912,0.9961
Decision_2,X16,80.044,0.9961
Decision_2,X16,80.177,0.9961
Decision_2,X16,80.31,0.9961
Decision_2,X16,80.442,0.9961
Decision_2,X16,80.575,0.9961
Decision_2,X16,80.708,0.9961
Decision_2,X16,80.841,0.9961
Decision_2,X16,80.973,0.9961
Decision_2,X16,81.106,0.9961
Decision_2,X16,81.239,0.9961
Decision_2,X16,81.372,0.9961
Decision_2,X16,81.504,0.9961
Decision_2,X16,81.637,0.9961
Decision_2,X16,81.77,0.9961
Decision_2,X16,81.903,0.9961
Decision_2,X16,82.035,0.9961
Decision_2,X16,82.168,0.9961
Decision_2,X16,82.301,0.9961
Decision_2,X16,82.434,0.9961
Decision_2,X16,82.566,0.9961
Decision_2,X16,82.699,0.9961
Decision_2,X16,82.832,0.9961
Decision_2,X16,82.965,0.9961
Decision_2,X16,83.097,0.9961
Decision_2,X16,83.23,0.9961
Decision_2,X16,83.363,0.9961
Decision_2,X16,83.496,0.9961
Decision_2,X16,83.628,0.9961
Decision_2,X16,83.761,0.9961
Decision_2,X16,83.894,0.9961
Decision_2,X16,84.027,0.9961
Decision_2,X16,84.159,0.9961
Decision_2,X16,84.292,0.9961
Decision_2,X16,84.425,0.9961
Decision_2,X16,84.558,0.9961
Decision_2,X16,84.69,0.9961
Decision_2,X16,84.823,0.9961
Decision_2,X16,84.956,0.9961
Decision_2,X16,85.088,0.9961
Decision_2,X16,85.221,0.9961
Decision_2,X16,85.354,0.9961
Decision_2,X16,85.487,0.9961
Decision_2,X16,85.619,0.9961
Decision_2,X16,85.752,0.9961
Decision_2,X16,85.885,0.9961
Decision_2,X16,86.018,0.9961
Decision_2,X16,86.15,0.9961
Decision_2,X16,86.283,0.9961
Decision_2,X16,86.416,0.9961
Decision_2,X16,86.549,0.9961
Decision_2,X16,86.681,0.9961
Decision_2,X16,86.814,0.9961
Decision_2,X16,86.947,0.9961
Decision_2,X16,87.08,0.9961
Decision_2,X16,87.212,0.9961
Decision_2,X16,87.345,0.9961
Decision_2,X16,87.478,0.9961
Decision_2,X16,87.611,0.9961
Decision_2,X16,87.743,0.9961
Decision_2,X16,87.876,0.9961
Decision_2,X16,88.009,0.9961
Decision_2,X16,88.142,0.9961
Decision_2,X16,88.274,0.9961
Decision_2,X16,88.407,0.9961
Decision_2,X16,88.54,0.9961
Decision_2,X16,88.673,0.9961
Decision_2,X16,88.805,0.9961
Decision_2,X16,88.938,0.9961
Decision_2,X16,89.071,0.9961
Decision_2,X16,89.204,0.9961
Decision_2,X16,89.336,0.9961
Decision_2,X16,89.469,0.9961
Decision_2,X16,89.602,0.9961
Decision_2,X16,89.735,0.9961
Decision_2,X16,89.867,0.9961
Decision_2,X16,90.0,0.9961
Decision_2,X16,90.133,0.9961
Decision_2,X16,90.265,0.9961
Decision_2,X16,90.398,0.9961
Decision_2,X16,90.531,0.9961
Decision_2,X16,90.664,0.9961
Decision_2,X16,90.796,0.9961
Decision_2,X16,90.929,0.9961
Decision_2,X16,91.062,0.9961
Decision_2,X16,91.195,0.9961
Decision_2,X16,91.327,0.9961
Decision_2,X16,91.46,0.9961
Decision_2,X16,91.593,0.9961
Decision_2,X16,91.726,0.9961
Decision_2,X16,91.858,0.9961
Decision_2,X16,91.991,0.9961
Decision_2,X16,92.124,0.9961
Decision_2,X16,92.257,0.9961
Decision_2,X16,92.389,0.9961
Decision_2,X16,92.522,0.9961
Decision_2,X16,92.655,0.9961
Decision_2,X16,92.788,0.9961
Decision_2,X16,92.92,0.9961
Decision_2,X16,93.053,0.9961
Decision_2,X16,93.186,0.9961
Decision_2,X16,93.319,0.9961
Decision_2,X16,93.451,0.9961
Decision_2,X16,93.584,0.9961
Decision_2,X16,93.717,0.9961
Decision_2,X16,93.85,0.9961
Decision_2,X16,93.982,0.9961
Decision_2,X16,94.115,0.9961
Decision_2,X16,94.248,0.9961
Decision_2,X16,94.381,0.9961
Decision_2,X16,94.513,0.9961
Decision_2,X16,94.646,0.9961
Decision_2,X16,94.779,0.9961
Decision_2,X16,94.912,0.9961
Decision_2,X16,95.044,0.9961
Decision_2,X16,95.177,0.9961
Decision_2,X16,95.31,0.9961
Decision_2,X16,95.442,0.9961
Decision_2,X16,95.575,0.9961
Decision_2,X16,95.708,0.9961
Decision_2,X16,95.841,0.9961
Decision_2,X16,95.973,0.9961
Decision_2,X16,96.106,0.9961
Decision_2,X16,96.239,0.9961
Decision_2,X16,96.372,0.9961
Decision_2,X16,96.504,0.9961
Decision_2,X16,96.637,0.9961
Decision_2,X16,96.77,1.0
Decision_2,X16,96.903,1.0
